customer_id,customer_name,email,phone,city,state,pincode,signup_date,signup_channel,customer_segment,is_active
CST0001,Veda Ratta,shahvasana@example.org,+915715364107,Madanapalle,Tamil Nadu,128026,2024-04-03,email,Premium,True
CST0002,Onveer More,vwalla@example.org,0906699032,Bharatpur,Arunachal Pradesh,997695,2025-02-22,social,Premium,True
CST0003,Vedhika Goyal,christopheragate@example.org,01365957295,Kota,Himachal Pradesh,563270,2026-02-27,referral,Regular,True
CST0004,Owen Aurora,vivaansrinivasan@example.com,+912478471358,Kota,Goa,160147,2024-12-10,email,VIP,True
CST0005,Ekalinga Sarkar,banjeetrama@example.net,08367567096,Ambala,Nagaland,333674,2026-01-21,paid_search,Regular,True
CST0006,Yachana Choudhry,saumya43@example.com,+916958813887,Bhiwandi,Sikkim,184401,2025-11-15,email,Premium,True
CST0007,Ayaan Bose,urvashioak@example.net,06036415727,Vasai-Virar,Arunachal Pradesh,019030,2026-06-23,organic,Premium,True
CST0008,Urvi Ravi,hayeryash@example.org,1269280144,Purnia,Jharkhand,847193,2025-11-29,organic,VIP,True
CST0009,Baghyawati Wadhwa,fariq47@example.com,+917652821108,Berhampur,Kerala,916480,2025-09-06,organic,Regular,True
CST0010,Dayamai Bhat,jalsabhatia@example.com,7668993603,Danapur,Meghalaya,778427,2024-07-27,paid_search,VIP,True
CST0011,Bhavya Shetty,tlad@example.net,08003006521,Haldia,Mizoram,905287,2025-01-11,social,VIP,False
CST0012,Quincy Behl,veda68@example.com,+915663143105,Ongole,Haryana,511125,2024-02-12,email,Premium,True
CST0013,Advik Natt,sbajaj@example.net,2341090062,Vijayanagaram,Punjab,136653,2024-08-17,social,Regular,True
CST0014,Banjeet Vala,kashvi84@example.org,+916796640295,Davanagere,Gujarat,299421,2024-01-05,referral,Premium,True
CST0015,Warinder Ben,zbakshi@example.net,6939765263,Darbhanga,Arunachal Pradesh,461634,2024-09-07,organic,Regular,True
CST0016,Naveen Behl,rhayre@example.com,5196184842,Asansol,Madhya Pradesh,781393,2024-06-26,organic,VIP,True
CST0017,Farhan Suresh,gaurimital@example.com,+910643781552,Buxar,Goa,977402,2025-05-15,referral,Regular,False
CST0018,Tamanna Kari,ocherian@example.org,08603206135,Nagpur,Meghalaya,732160,2023-12-31,paid_search,Premium,True
CST0019,Anya Dewan,ubath@example.net,1486261017,Bhatpara,Tamil Nadu,794564,2024-09-15,social,VIP,True
CST0020,Praneel Vasa,lmallick@example.com,5080180039,Latur,Telangana,348094,2023-10-19,referral,VIP,False
CST0021,Balendra Batta,haldermanbir@example.net,09386263237,Haldia,Chhattisgarh,829846,2026-02-17,organic,Premium,True
CST0022,Siddharth Modi,gollanachiket@example.org,9210201611,Thanjavur,Uttar Pradesh,843131,2024-01-17,referral,VIP,True
CST0023,Finn Warrior,ebal@example.net,+912712843557,Tirupati,Jharkhand,350615,2025-09-16,referral,VIP,True
CST0024,Netra Bhargava,ishaan54@example.org,00579308324,Sangli-Miraj & Kupwad,Karnataka,636063,2025-12-26,paid_search,VIP,True
CST0025,Gaurika Vohra,jeevikaguha@example.net,0142894361,Gandhidham,Goa,047801,2024-09-26,social,Regular,False
CST0026,Nidra Kumar,bhasinyashasvi@example.org,01238349685,Kanpur,Gujarat,384163,2024-04-11,paid_search,VIP,True
CST0027,Abha Goel,ramavamakshi@example.com,01517454542,Sambalpur,Chhattisgarh,014243,2025-05-25,referral,Premium,True
CST0028,Chavvi Karnik,jaimuni@example.net,9321967065,Howrah,Kerala,177726,2025-06-02,referral,Premium,True
CST0029,Ishwar Mannan,gokhalesarthak@example.com,7061955086,Jaipur,Kerala,607996,2023-09-12,organic,Premium,True
CST0030,Reyansh Krishnan,bsoman@example.net,+917751865110,Guna,Andhra Pradesh,569696,2026-07-24,referral,VIP,False
CST0031,Ayushman Choudhary,bkhosla@example.com,01355898559,Karimnagar,Telangana,122878,2024-04-01,organic,VIP,False
CST0032,Ekaraj Sangha,qperi@example.net,8086540976,Amritsar,Arunachal Pradesh,477805,2023-12-30,paid_search,Premium,False
CST0033,Advika Magar,charvi34@example.net,1192239235,Gwalior,Tamil Nadu,591098,2024-08-31,paid_search,Regular,True
CST0034,Ryan Gulati,pushtisrinivasan@example.org,1220936913,Raichur,Chhattisgarh,804144,2024-10-16,referral,VIP,True
CST0035,Mitali Lalla,mandyachana@example.net,05587770276,Berhampur,Kerala,644992,2024-03-23,paid_search,VIP,True
CST0036,Chandresh Sachdeva,tanejajyoti@example.com,+915644299847,Bhopal,Mizoram,100201,2024-12-05,social,Regular,False
CST0037,Chameli Doctor,keyakrishnamurthy@example.net,9707894077,Bettiah,Meghalaya,026167,2024-08-25,email,Premium,True
CST0038,Edhitha Chaudhry,veer79@example.net,07779470631,Kumbakonam,Kerala,407956,2024-08-28,social,Premium,True
CST0039,Isaac Das,zachariahudant@example.com,00165570615,Gorakhpur,Tamil Nadu,385490,2025-03-05,paid_search,VIP,True
CST0040,Dayamai Kalla,radhakrishnanzashil@example.org,+910936985082,Chandigarh,Andhra Pradesh,041505,2025-01-01,referral,Premium,True
CST0041,Urishilla Doctor,dakshaanand@example.com,00172879374,Durg,Tamil Nadu,696887,2026-01-01,social,Premium,True
CST0042,Daniel Wali,anandaarush@example.net,+915234684839,New Delhi,Telangana,185265,2024-09-04,referral,Regular,True
CST0043,Tanay Saini,sbir@example.org,6873848250,Berhampur,Arunachal Pradesh,074503,2024-10-06,organic,VIP,False
CST0044,Tanmayi Chakrabarti,sachdevaharrison@example.net,6791646364,Dhule,Tripura,775828,2025-12-27,social,Regular,False
CST0045,Yashasvi Comar,sarthaksrinivasan@example.net,7586689010,Bellary,Gujarat,813054,2023-12-01,referral,Regular,True
CST0046,Rachit Pingle,anvihans@example.com,+915464976112,Morena,Goa,103519,2025-08-25,paid_search,Regular,True
CST0047,Saksham Patel,miteshshetty@example.org,07685490357,Nagpur,Manipur,996316,2024-11-06,email,Regular,False
CST0048,Owen Gala,bachittar23@example.net,04026152937,Sambhal,Haryana,356505,2026-03-07,paid_search,Premium,True
CST0049,Elijah Pai,onveer88@example.net,+912976055418,Vadodara,Goa,738733,2025-08-29,email,Regular,True
CST0050,Krisha Parmer,hemapradhan@example.com,04035944933,Gandhidham,Uttar Pradesh,039270,2026-04-09,referral,VIP,False
CST0051,Arin Jhaveri,yashoda72@example.com,8083442546,Eluru,Tripura,226529,2024-10-22,organic,Premium,True
CST0052,Mohammed Prakash,vasana59@example.org,04997263725,Mahbubnagar,Madhya Pradesh,385620,2024-08-08,organic,Premium,False
CST0053,Qarin Mangat,balakrishnanvamakshi@example.com,6349774090,Sangli-Miraj & Kupwad,Tripura,421226,2025-01-30,email,Regular,True
CST0054,Ekalinga Apte,utkarshwalla@example.org,+919206947710,Panipat,Telangana,878583,2026-08-06,organic,Premium,True
CST0055,Azaan Shroff,yashoda74@example.org,+914270185279,Satara,Goa,433383,2024-12-08,email,Premium,False
CST0056,Chanakya Sahota,nidramander@example.com,+913564110451,Srinagar,Mizoram,437291,2025-11-15,social,VIP,True
CST0057,Bhavini Sangha,nbalay@example.com,03875071335,Ambala,Andhra Pradesh,184567,2025-10-24,email,Premium,True
CST0058,Matthew Solanki,naraindayamai@example.org,+918416628105,Parbhani,Uttar Pradesh,486858,2024-02-10,social,Regular,True
CST0059,Vidhi Iyer,kbalan@example.com,00683814168,Raebareli,Gujarat,616435,2024-08-29,paid_search,VIP,True
CST0060,Krishna Oza,kritikaguha@example.net,08121530782,Deoghar,Meghalaya,760836,2026-02-14,referral,Premium,True
CST0061,Vamakshi Mistry,doshimohini@example.net,04114673971,Serampore,Sikkim,245173,2025-07-07,paid_search,Regular,True
CST0062,Kai Vig,nairunnati@example.net,+918901369864,Amritsar,Bihar,833265,2024-08-12,email,Regular,False
CST0063,Saksham Nadkarni,prisha62@example.net,02745033787,Kavali,Tamil Nadu,823373,2025-09-04,organic,VIP,True
CST0064,Charles Mitra,thomaszachariah@example.com,00949548284,Udaipur,Himachal Pradesh,231942,2025-05-15,email,VIP,True
CST0065,Yahvi Kumar,edhithamohan@example.net,1676283407,Bhopal,Chhattisgarh,598995,2025-04-16,organic,Premium,True
CST0066,Shravya Chaudhari,lavanya92@example.net,+911634415977,Mehsana,Mizoram,299094,2026-03-22,referral,Regular,True
CST0067,Raksha Aurora,samarth48@example.org,6908371731,Silchar,Mizoram,962504,2023-09-17,organic,Regular,False
CST0068,Yashawini Dara,timothynarang@example.com,04435431822,Khora ,Uttar Pradesh,667630,2025-05-10,email,Regular,True
CST0069,Nicholas Sankaran,pingleleela@example.net,8608620979,Kurnool,Tamil Nadu,153083,2025-01-24,paid_search,Premium,False
CST0070,Ojasvi Virk,zbiswas@example.com,01764255516,Rajkot,Karnataka,854624,2025-04-28,email,VIP,True
CST0071,Jai Kuruvilla,koshymahika@example.com,+916419501384,Visakhapatnam,Maharashtra,220777,2025-04-05,referral,VIP,True
CST0072,Maya Mitter,memonindrajit@example.com,6468879375,Ambattur,Jharkhand,638140,2024-03-16,referral,VIP,True
CST0073,Chavvi Dugar,jeet29@example.com,+913957651772,Avadi,Tripura,472212,2025-06-26,referral,Premium,True
CST0074,Krishna Shere,finnkothari@example.org,+911953474257,Tadepalligudem,Jharkhand,818890,2026-04-09,email,Regular,True
CST0075,Dalaja Naidu,leenadevan@example.com,07469850668,Jaunpur,Telangana,516976,2026-02-12,referral,Regular,True
CST0076,Vanya Sundaram,nazarethpatrick@example.com,04562481610,Tinsukia,Chhattisgarh,209827,2025-11-09,referral,Premium,True
CST0077,Rayaan Sami,harinakshi14@example.net,+916980989256,Raichur,Madhya Pradesh,977376,2023-10-30,referral,Premium,False
CST0078,Warjas Warrior,rlanka@example.org,03199554436,Warangal,Tamil Nadu,517839,2025-06-28,organic,VIP,True
CST0079,Kala Ramesh,faqid85@example.org,01897402475,Farrukhabad,Sikkim,746138,2026-05-20,paid_search,VIP,False
CST0080,Forum Hari,ushetty@example.org,8629456865,Mango,Mizoram,148326,2026-06-15,social,VIP,False
CST0081,Lipika Ravi,brindadugar@example.net,06415231069,Mumbai,Punjab,292726,2024-02-07,social,Regular,True
CST0082,Ayush Sen,xavier07@example.com,+919165893394,Sonipat,Punjab,124692,2024-04-30,social,Regular,False
CST0083,Vasatika Kadakia,enarayanan@example.com,8286693719,Navi Mumbai,Rajasthan,153685,2026-05-12,paid_search,VIP,True
CST0084,Lekha Lad,vohramitali@example.com,+918622594813,Anantapuram,Goa,791153,2025-07-15,paid_search,Premium,True
CST0085,Udyati Chadha,andrewagarwal@example.net,5739788031,Mangalore,Madhya Pradesh,125643,2026-06-10,organic,VIP,True
CST0086,Xavier Lall,vaishnavi17@example.net,+918026528634,Belgaum,Meghalaya,942762,2024-04-04,social,Premium,True
CST0087,Jeet Kashyap,omisha47@example.com,+916310626202,Ulhasnagar,Goa,366602,2025-03-26,referral,Premium,False
CST0088,Osha Behl,mitalfarhan@example.net,+910125690123,Visakhapatnam,Jharkhand,580882,2026-06-30,organic,VIP,True
CST0089,Lakshmi Shan,savantishaan@example.org,2582867208,Pallavaram,Rajasthan,443917,2026-05-03,social,Premium,True
CST0090,Orinder Chawla,perivyanjana@example.net,8405883431,Rourkela,Manipur,994878,2025-12-09,organic,Premium,True
CST0091,Dhriti Lall,sneharaghavan@example.net,+915511668086,Latur,Sikkim,753200,2026-07-07,social,Premium,True
CST0092,Ekavir Kari,ishitaranganathan@example.net,+919281603302,Tiruchirappalli,Nagaland,775972,2024-10-28,organic,VIP,True
CST0093,Vinaya Vyas,waida70@example.net,2966237463,Dewas,Uttarakhand,876870,2024-12-31,referral,VIP,False
CST0094,Vedant Balakrishnan,gmerchant@example.com,5302805369,Jaipur,Goa,602899,2026-05-07,organic,Regular,True
CST0095,Nirja Suresh,ramanathanrohan@example.com,05142106677,Gudivada,Telangana,240166,2026-02-14,social,Regular,True
CST0096,Isha Viswanathan,koshyarin@example.net,0335154527,Chapra,Nagaland,496057,2025-02-25,social,VIP,True
CST0097,Leena Behl,ochada@example.com,+915367178592,Rohtak,Andhra Pradesh,793820,2025-07-24,social,Regular,False
CST0098,Yadavi Sani,agrawaljagat@example.org,5949400519,Tiruchirappalli,Punjab,523557,2025-05-06,paid_search,Premium,True
CST0099,Mekhala Mangat,dakshatailor@example.org,+916764294379,Vijayawada,Tamil Nadu,569766,2025-01-20,organic,Premium,True
CST0100,Chatura Doctor,pallavi98@example.org,09345296875,Singrauli,Madhya Pradesh,698528,2025-01-22,email,Regular,True
CST0101,Wakeeta Char,madhavrattan@example.org,4241719893,Berhampur,Manipur,729158,2024-08-04,paid_search,Regular,True
CST0102,Arya Nayar,cben@example.net,07840284609,Bhilwara,Telangana,274787,2023-09-30,email,VIP,True
CST0103,Waida Balakrishnan,nirjabakshi@example.com,+910894712596,Maheshtala,Himachal Pradesh,457449,2025-07-20,email,VIP,True
CST0104,Yashvi Rastogi,mbabu@example.com,02992943591,Katni,Sikkim,642000,2026-06-22,social,Premium,True
CST0105,Brijesh Batta,rushilkrishna@example.org,01284512847,Kishanganj,Goa,545126,2025-08-23,referral,Regular,False
CST0106,Eta Balay,hmaster@example.org,+918935211941,Faridabad,Himachal Pradesh,016471,2026-05-16,referral,Regular,True
CST0107,Divya Lala,pmurty@example.org,5999944178,Delhi,Mizoram,039790,2025-09-05,referral,Regular,True
CST0108,Osha Thakkar,vivaan65@example.org,3224764781,Latur,Arunachal Pradesh,019710,2025-03-17,referral,VIP,False
CST0109,Geetika Bajaj,kbali@example.com,02507746333,Bharatpur,Uttar Pradesh,275519,2025-01-15,email,Premium,False
CST0110,Sneha Kakar,gchadha@example.org,+912188760640,Haldia,Mizoram,226196,2026-05-29,organic,Regular,True
CST0111,Manbir Kaul,yoshitanarang@example.com,+917996509763,Allahabad,Manipur,149120,2023-09-27,social,Regular,False
CST0112,Lila Deo,neelima03@example.net,4652415935,Ballia,Tamil Nadu,281353,2024-12-24,email,Regular,True
CST0113,Neel Bhatia,farasjoshi@example.com,07845976107,Silchar,Chhattisgarh,345045,2025-11-22,referral,VIP,True
CST0114,Yashasvi Pai,shivanshmutti@example.net,+915010218267,Tiruvottiyur,Andhra Pradesh,377927,2025-05-14,paid_search,VIP,False
CST0115,Wakeeta Mani,ijayasarma@example.org,0832419488,Bardhaman,Maharashtra,421496,2024-01-12,referral,Regular,True
CST0116,Raksha Palla,gavinupadhyay@example.org,+919712711519,Mau,Sikkim,856688,2024-05-15,social,Premium,True
CST0117,Amara Pandya,anjali31@example.net,+917269451997,Shahjahanpur,Odisha,825408,2024-01-12,email,VIP,True
CST0118,Oeshi Kashyap,chaudhurivanya@example.net,08231556502,Bijapur,Maharashtra,954022,2026-03-26,paid_search,Premium,True
CST0119,Yachana Choudhury,mkibe@example.com,03677774720,Kolhapur,Andhra Pradesh,428517,2025-04-01,referral,VIP,True
CST0120,Jasmit Shroff,ekiya21@example.com,05053551071,Alappuzha,Himachal Pradesh,469102,2024-10-21,email,Regular,True
CST0121,Indira Srinivas,ahujasaumya@example.com,4036878452,Tumkur,Bihar,040603,2026-03-05,email,VIP,False
CST0122,Jatin Chaudhari,hrana@example.com,+915898496860,Korba,Haryana,417729,2023-11-14,referral,Premium,False
CST0123,Ekalinga Som,samarthmahajan@example.org,06424500378,Mathura,Andhra Pradesh,639536,2023-10-22,referral,Regular,True
CST0124,Ganga Kalla,ramanathanneel@example.net,8542905586,Madhyamgram,Assam,506474,2024-08-07,email,Regular,True
CST0125,Damini Pillai,lohit92@example.net,5601918834,Gorakhpur,Tripura,812693,2024-05-20,referral,Regular,True
CST0126,Radha Pathak,nicholaszachariah@example.net,6215530842,Bhalswa Jahangir Pur,Madhya Pradesh,754047,2023-12-16,paid_search,Premium,True
CST0127,Balendra Acharya,sodhipallavi@example.net,3841176042,Bidar,Manipur,371103,2024-11-22,email,VIP,False
CST0128,Mekhala Bedi,johalabha@example.org,0805803708,Ambala,Meghalaya,998114,2025-04-02,social,Premium,True
CST0129,Yashvi Rao,abdullata@example.org,00639494440,Tenali,Assam,707143,2026-08-22,social,VIP,True
CST0130,Oscar Soman,nagarwal@example.org,06937991145,Ambala,Jharkhand,776225,2024-04-19,email,Premium,True
CST0131,Ranveer Dhawan,esachdev@example.org,+915711793918,Visakhapatnam,Mizoram,352335,2026-06-08,paid_search,Regular,True
CST0132,Nisha Majumdar,nidhi52@example.org,3092430046,Amravati,Telangana,264326,2024-08-25,referral,Regular,True
CST0133,Inaya Bajwa,jeremiahshetty@example.com,02795900086,Ahmednagar,Meghalaya,543715,2024-06-17,email,Premium,False
CST0134,Devansh Sibal,borayashoda@example.org,03640338111,Karaikudi,Mizoram,262480,2025-09-11,referral,Premium,False
CST0135,Oeshi Bhat,issacishita@example.net,+918849991077,Kulti,Sikkim,694223,2023-09-08,referral,Regular,False
CST0136,Dhriti Khatri,rajdhruv@example.com,5389716752,Gangtok,Haryana,559889,2024-02-24,paid_search,Regular,False
CST0137,Omisha Pandey,ojas91@example.net,+914797609693,Khandwa,Tamil Nadu,115003,2024-11-22,paid_search,VIP,False
CST0138,Balvan Balan,indrajitbansal@example.com,06523084407,Kanpur,Nagaland,715125,2025-12-11,paid_search,Premium,False
CST0139,Chanchal Bera,janinaveen@example.com,+917475315740,Varanasi,Himachal Pradesh,591909,2024-03-29,email,Regular,True
CST0140,Parth Edwin,maanasbaral@example.org,7497791024,Tirupati,Uttarakhand,358532,2026-07-09,email,Regular,True
CST0141,Rachit Barad,bhavyabera@example.net,3930178319,Varanasi,Himachal Pradesh,888816,2026-03-27,social,Premium,True
CST0142,Utkarsh Bobal,inatt@example.net,+919834190730,Bareilly,Bihar,020089,2025-12-09,referral,Premium,False
CST0143,Dhriti Lalla,pauirya@example.org,1091732858,Bhind,Odisha,470766,2024-08-26,social,Premium,True
CST0144,Advika Shankar,hparekh@example.net,8119331683,Aligarh,Andhra Pradesh,945237,2025-05-15,email,Premium,True
CST0145,Omya Babu,chowdhuryutkarsh@example.net,+912549153722,Ambattur,Tamil Nadu,323295,2026-03-02,social,Premium,False
CST0146,Onveer Amble,qkohli@example.net,+918488571930,Srinagar,Kerala,117619,2023-11-02,organic,VIP,True
CST0147,Gauri Borah,eratti@example.net,+912310536683,Chinsurah,Gujarat,676358,2024-02-03,email,Premium,True
CST0148,Harini Misra,chatterjeeadvaith@example.com,6681116441,Jabalpur,Telangana,654348,2025-09-01,referral,Premium,True
CST0149,Zehaan Bahl,krishnabrar@example.com,+918817470725,Narasaraopet,Assam,456516,2025-02-13,paid_search,Regular,False
CST0150,Chaaya Mani,faris54@example.org,+913329375426,Hospet,Uttarakhand,870569,2025-03-28,referral,Regular,True
CST0151,Yauvani Lad,nidra16@example.org,+914225133980,Hubli–Dharwad,Manipur,173039,2023-09-15,email,VIP,True
CST0152,Hemangini Mannan,dugalryan@example.org,6643779010,Kozhikode,Gujarat,660904,2025-10-19,paid_search,Regular,True
CST0153,Vyanjana Sachar,hbalakrishnan@example.org,+910717620405,Jabalpur,Mizoram,847636,2025-09-29,organic,Premium,True
CST0154,Vincent Mammen,borahamara@example.com,09169889410,Rampur,Karnataka,827725,2025-09-21,social,VIP,True
CST0155,Hema Barad,vgour@example.com,8734202217,Jamnagar,Tamil Nadu,441210,2025-11-20,paid_search,VIP,False
CST0156,Janani Batra,chakradharkannan@example.net,4975262297,Naihati,Telangana,483782,2024-06-06,referral,Regular,False
CST0157,Deepa Mahal,srivastavaanay@example.org,05684416286,Kurnool,Odisha,211604,2025-07-09,social,Regular,True
CST0158,Indira Nadkarni,ishwarmagar@example.net,+915419493815,Bhind,Punjab,325529,2025-05-20,paid_search,Premium,True
CST0159,Peter Thakkar,chokshioni@example.org,+914569596002,Bathinda,Chhattisgarh,893437,2023-08-31,referral,Premium,True
CST0160,Krisha Balasubramanian,nehasunder@example.net,+912285478258,Rohtak,Manipur,950370,2024-09-16,paid_search,Regular,False
CST0161,Aadhya Tiwari,itailor@example.net,08586988398,Bhiwandi,Jharkhand,258294,2025-02-17,social,VIP,True
CST0162,Tanish Wadhwa,dayitaprabhakar@example.com,0243030303,Delhi,Haryana,436466,2026-01-07,email,VIP,False
CST0163,Avni Sane,virajsidhu@example.com,8582905146,Patna,Odisha,609720,2024-03-04,paid_search,Premium,True
CST0164,Tamanna Virk,overma@example.com,+918754924390,Karnal,Kerala,974667,2025-03-08,organic,VIP,True
CST0165,Oviya Pau,pillaieta@example.com,07598435721,Sasaram,Arunachal Pradesh,161627,2025-01-29,paid_search,VIP,True
CST0166,Nimrat Desai,lankateerth@example.com,1590033238,Raiganj,Kerala,354762,2024-02-09,paid_search,VIP,False
CST0167,Ekbal Ahuja,kashyapwazir@example.org,+912241851826,Kishanganj,Arunachal Pradesh,090940,2024-01-05,referral,Regular,False
CST0168,Karan Zacharia,amander@example.org,01342916868,Erode,Nagaland,971624,2024-05-06,email,Premium,True
CST0169,Idika Chadha,chokshiethan@example.net,1102970260,Dindigul,Arunachal Pradesh,185264,2026-08-23,referral,Regular,True
CST0170,Nandini Loyal,balveerlalla@example.org,9769544973,Jaipur,Uttarakhand,094523,2024-08-12,paid_search,VIP,True
CST0171,Jeremiah Kala,bgaba@example.net,+914263236852,Kollam,Andhra Pradesh,300442,2026-02-21,email,Premium,True
CST0172,Devansh Bahri,kpanchal@example.com,+918353015983,Tenali,Tripura,641085,2025-11-04,social,VIP,True
CST0173,Leena Bhalla,subramaniamaarnav@example.com,01963107596,Kolhapur,Himachal Pradesh,242743,2024-04-18,paid_search,Premium,True
CST0174,Yagnesh Bawa,ldixit@example.net,4567204897,Karaikudi,West Bengal,046915,2025-03-08,social,VIP,True
CST0175,Jeet Puri,radhikahora@example.org,6048039198,Tiruchirappalli,Maharashtra,657070,2025-11-17,organic,Regular,True
CST0176,Hredhaan Joshi,kaulaadi@example.com,+910087030178,Mangalore,Tamil Nadu,741446,2025-11-19,referral,Premium,True
CST0177,Keya Atwal,zkrishna@example.net,+919197667729,Arrah,Haryana,212624,2024-02-27,referral,Premium,True
CST0178,Kabir Prasad,jayaramanzinal@example.net,8943671477,Jamalpur,Nagaland,356766,2025-07-30,paid_search,VIP,False
CST0179,Bhavini Vasa,mkumer@example.org,+918675732535,Varanasi,Kerala,538857,2025-12-19,email,Regular,True
CST0180,Ayush Wali,fdeshmukh@example.org,+912822580043,Udaipur,Goa,771834,2024-08-23,social,Premium,True
CST0181,Gautam Sethi,gtrivedi@example.net,06821890975,Barasat,Sikkim,441589,2024-06-16,organic,Regular,True
CST0182,Yashica Dora,brindapatla@example.com,+910373578233,Erode,Andhra Pradesh,648025,2024-03-04,referral,Premium,True
CST0183,Sanya Bath,ikbal13@example.com,3165201912,Hosur,Nagaland,904378,2023-12-29,paid_search,VIP,True
CST0184,Zayyan Raman,maanassrinivasan@example.org,+918622777683,Sikar,Punjab,255604,2026-01-31,email,Premium,True
CST0185,Bhavani Thakur,sanghaaarav@example.org,+919113180562,Sultan Pur Majra,Andhra Pradesh,598348,2023-11-17,social,Regular,True
CST0186,Jhalak Shetty,shivanshmadan@example.net,8212853145,Tezpur,Sikkim,994718,2024-04-05,social,VIP,False
CST0187,Dayita Saxena,nihalswaminathan@example.com,+912900289126,Khora ,Manipur,781445,2026-05-17,referral,Regular,True
CST0188,Oni Chander,bhavya44@example.org,+911068856464,Delhi,Maharashtra,894431,2025-10-29,social,VIP,False
CST0189,Lopa Walia,ejaggi@example.net,9997145998,Thoothukudi,Andhra Pradesh,565303,2023-12-23,email,Premium,True
CST0190,Unnati Ganguly,simon16@example.org,+910422525536,South Dumdum,Rajasthan,096728,2023-09-17,social,VIP,False
CST0191,Harita Bhatt,graval@example.com,0697471768,Bareilly,Himachal Pradesh,200671,2026-01-05,email,VIP,True
CST0192,Jagat Shankar,bahadurjitdada@example.com,+919425042034,Korba,Assam,528408,2025-06-26,email,VIP,False
CST0193,Abhimanyu Sankar,waidachhabra@example.com,08038382833,Bhilwara,Andhra Pradesh,038536,2025-08-16,paid_search,VIP,False
CST0194,Urvashi Krishnan,aarinibahl@example.net,+910885211917,Ghaziabad,Meghalaya,025804,2023-11-07,email,Premium,True
CST0195,Darika Sami,ekiyamore@example.org,8798216290,Bhilwara,Gujarat,502711,2026-01-12,email,Premium,True
CST0196,Gayathri Dutta,bdave@example.com,+918851675534,Mysore,Haryana,206072,2024-05-06,email,Premium,True
CST0197,Harita Barman,smannan@example.net,4011970127,Pallavaram,Uttar Pradesh,517842,2024-12-21,organic,Premium,True
CST0198,Irya Borra,mvarty@example.net,3264685937,Katni,Chhattisgarh,607416,2026-07-13,email,Regular,True
CST0199,Timothy Mani,bhargavaishanvi@example.com,09106461549,Raipur,Tripura,665849,2024-10-26,paid_search,VIP,True
CST0200,Isha Andra,nagarbrinda@example.org,02284002535,Kalyan-Dombivli,Madhya Pradesh,652701,2024-04-08,email,VIP,True
CST0201,Dayamai Hora,parmarjoshua@example.net,+918372891063,Kanpur,Sikkim,431923,2026-07-05,organic,VIP,True
CST0202,Ekbal Aurora,ayushmanmann@example.com,+916074832650,Hosur,Tripura,512604,2024-07-26,social,VIP,True
CST0203,Oeshi Sridhar,tandonnicholas@example.org,04093755413,Siliguri,Uttarakhand,248059,2023-11-29,organic,VIP,True
CST0204,Abha Nayak,jackreddy@example.com,+914678185536,Mahbubnagar,Jharkhand,013551,2025-11-06,organic,Premium,False
CST0205,Yug Sridhar,kuriananita@example.net,5855963952,Solapur,Goa,508146,2023-09-25,paid_search,VIP,False
CST0206,Damini Datta,edhithadevi@example.org,3633141757,Warangal,Andhra Pradesh,916422,2026-03-07,referral,Premium,True
CST0207,Laksh Banik,rayaan78@example.net,+915422391578,South Dumdum,Uttarakhand,953514,2024-12-04,organic,Regular,True
CST0208,Ekiya Narang,chaudhryansh@example.org,6273564779,Motihari,Kerala,737779,2024-02-06,referral,Regular,False
CST0209,Arin Loke,kumeradvik@example.com,03901846827,Bhiwandi,Kerala,709108,2023-10-27,social,Regular,False
CST0210,Nathaniel Chakrabarti,minhaslajita@example.org,02463163377,Sonipat,Gujarat,951742,2026-04-26,paid_search,VIP,True
CST0211,Ganga Biswas,xvarma@example.net,5836838868,Ahmedabad,Haryana,957360,2023-09-27,paid_search,Premium,False
CST0212,Kavya Buch,hemangbalay@example.org,3039801440,Sultan Pur Majra,Odisha,120145,2024-09-09,social,Regular,False
CST0213,Hemani Badami,krishachana@example.net,03354312200,Ichalkaranji,Telangana,788875,2026-04-18,paid_search,VIP,True
CST0214,Vedika Narayan,avnibhandari@example.com,1534584329,Jehanabad,Tamil Nadu,351539,2024-01-29,organic,Premium,True
CST0215,Caleb Nayak,ybali@example.net,2855663120,Sagar,Sikkim,616535,2025-03-04,email,Premium,True
CST0216,Darpan Bumb,vbatra@example.org,05349191728,Rajkot,Mizoram,109697,2023-10-15,referral,Regular,True
CST0217,Pallavi Chaudhary,ahujaharrison@example.net,+910984034708,Begusarai,Tamil Nadu,622029,2024-03-27,referral,Premium,True
CST0218,Wahab Rajagopalan,netra64@example.net,+915830247040,Panvel,Rajasthan,609088,2024-02-24,social,VIP,True
CST0219,Siddharth Varma,misrahemani@example.com,00497386549,Bangalore,West Bengal,734071,2025-02-21,referral,Regular,True
CST0220,Niharika Deshmukh,pgera@example.org,+919279265678,Bhimavaram,Mizoram,675342,2025-03-01,referral,Regular,True
CST0221,Varenya Dugar,ganesantara@example.net,+910519471227,Moradabad,Tamil Nadu,790503,2024-03-16,referral,VIP,True
CST0222,Abhiram Devi,gauravgera@example.net,4901709938,Medininagar,Nagaland,287626,2025-10-26,organic,VIP,False
CST0223,Harini Vaidya,jbhavsar@example.org,+919304979060,Thrissur,Gujarat,909683,2024-05-02,organic,Regular,True
CST0224,Lekha Raju,davidmukherjee@example.org,6884146511,Phusro,Mizoram,568197,2024-01-30,organic,Premium,True
CST0225,Gaurang Gupta,harshilbalan@example.net,+916225466000,Vellore,Punjab,052393,2025-12-23,organic,Regular,False
CST0226,Yatan Basak,calebbora@example.net,2963629503,Shimoga,Goa,006899,2024-12-21,email,Regular,False
CST0227,Chandresh Saini,wazirbanerjee@example.net,9153215609,Loni,Kerala,895811,2025-08-06,organic,Premium,True
CST0228,Arya Dara,snehahanda@example.com,+917369504971,Jabalpur,Gujarat,548738,2024-09-18,social,Premium,True
CST0229,Henry Ram,fsachdev@example.com,+913441421570,Gandhidham,Meghalaya,400464,2024-04-10,social,Regular,True
CST0230,Harinakshi Khare,varenya42@example.com,+916504195446,Farrukhabad,Manipur,374909,2025-03-30,paid_search,VIP,True
CST0231,Rajata Dugar,luthragauri@example.net,09857972054,North Dumdum,Telangana,396266,2023-09-26,paid_search,VIP,True
CST0232,Niharika Randhawa,mitesh64@example.com,08924742774,Danapur,Odisha,692402,2025-07-07,organic,VIP,True
CST0233,Chatresh Bandi,fitanaggarwal@example.com,9805422432,Hapur,Uttarakhand,975481,2025-03-02,organic,Premium,True
CST0234,Damini Kala,sanayawalla@example.net,5479088642,Raiganj,Telangana,157674,2025-10-14,organic,Premium,True
CST0235,Anika Cherian,fiyazramanathan@example.net,1157706114,Chandigarh,Sikkim,150142,2023-11-03,organic,VIP,True
CST0236,Yashodhara Thaman,pavanidixit@example.org,04301830992,Phagwara,Assam,906252,2025-05-09,email,VIP,True
CST0237,Upadhriti Nagi,forum91@example.net,+918837242929,Phusro,Madhya Pradesh,817623,2023-09-04,email,Regular,True
CST0238,Sarthak Prasad,ovarughese@example.com,05140450484,Dhanbad,Madhya Pradesh,921647,2024-07-25,email,VIP,True
CST0239,Nathan Vora,vnadkarni@example.net,5424945394,Buxar,Madhya Pradesh,404173,2023-09-16,social,Premium,True
CST0240,Caleb Dass,rajankrishna@example.net,+913154820061,Varanasi,Odisha,745972,2024-11-17,social,VIP,False
CST0241,Lopa Suri,sudikshalanka@example.com,+915358635632,Kottayam,Arunachal Pradesh,251715,2024-07-05,social,Premium,True
CST0242,Omisha Kakar,nihal28@example.com,+913218922282,Suryapet,Rajasthan,672259,2025-01-03,paid_search,Regular,True
CST0243,Gaurang Kapadia,qsheth@example.net,+911916329361,Patiala,Bihar,822497,2025-09-10,social,VIP,True
CST0244,Anusha Lal,borahoviya@example.net,5368763978,Junagadh,Assam,367460,2026-06-17,paid_search,Regular,False
CST0245,Ethan Mukherjee,adwetawali@example.org,0923901733,Siwan,Himachal Pradesh,740011,2025-10-14,social,Regular,False
CST0246,Forum Garg,venkateshomkaar@example.com,5061648069,Rohtak,Manipur,488324,2024-09-25,paid_search,Premium,False
CST0247,Ekta Sanghvi,jacob88@example.org,09143161218,Chennai,Mizoram,313060,2024-08-04,paid_search,Regular,True
CST0248,Fitan Parekh,forum46@example.com,+919541699501,Mira-Bhayandar,Meghalaya,730022,2024-07-02,organic,Premium,True
CST0249,Charles Kuruvilla,forummadan@example.org,02059813441,Imphal,Rajasthan,601360,2024-02-18,paid_search,Regular,False
CST0250,Yatan Garde,chaitaly20@example.org,06181315145,Agartala,Telangana,919836,2024-03-03,organic,Premium,False
CST0251,Fitan Morar,gbarad@example.com,+911556246258,Kishanganj,West Bengal,146130,2024-05-13,referral,Premium,True
CST0252,Pahal Palla,hkar@example.org,00998650653,Mumbai,West Bengal,785899,2024-12-06,paid_search,Premium,True
CST0253,Bakhshi Mannan,yugbhatnagar@example.org,09974971667,Bhatpara,Rajasthan,863906,2024-04-07,referral,VIP,True
CST0254,Anirudh Misra,opillai@example.com,+916698676859,Durgapur,Jharkhand,826150,2024-11-30,organic,Regular,True
CST0255,Riya Bains,lpatla@example.org,00393794171,Khandwa,Uttarakhand,223636,2026-05-22,organic,VIP,True
CST0256,Karan Sem,yoshitagrewal@example.com,+914129719767,Srinagar,Telangana,122163,2024-09-21,email,VIP,True
CST0257,Ekantika Wali,vivaanvarghese@example.org,+915059860225,Madurai,Nagaland,810165,2023-09-19,referral,Premium,True
CST0258,Damini Srivastava,sarora@example.com,0490980541,Siwan,Rajasthan,869237,2026-08-02,email,Regular,False
CST0259,Jeet Ramesh,dnarayan@example.org,+915964398738,Haldia,Gujarat,508803,2026-08-04,social,VIP,True
CST0260,Hemani Anand,zansirai@example.com,04408627339,Karaikudi,Andhra Pradesh,516926,2024-09-26,referral,VIP,True
CST0261,Tanay Salvi,mahika31@example.com,+914675239692,Nadiad,Telangana,925200,2025-12-29,email,Regular,True
CST0262,Panini Devan,adya09@example.net,03841546041,Imphal,Kerala,910909,2025-05-25,organic,Premium,False
CST0263,Viraj Bala,gokhalefiyaz@example.org,02902329116,Nandyal,Uttar Pradesh,880249,2024-08-14,referral,Premium,True
CST0264,Mugdha Varughese,zehaanhans@example.com,+912520893334,Uluberia,Punjab,639448,2023-12-24,paid_search,VIP,True
CST0265,Anjali Parsa,mitterpallavi@example.net,3376985595,Tezpur,Madhya Pradesh,518468,2025-08-08,referral,Premium,True
CST0266,Manan Prakash,inayamaster@example.com,+919824640808,Chinsurah,Uttar Pradesh,143493,2025-02-14,paid_search,Regular,False
CST0267,Owen Sani,manthan49@example.org,3160795187,Shivpuri,Maharashtra,814661,2025-02-18,paid_search,VIP,True
CST0268,Gavin Gola,narasimhanriya@example.net,1564316092,Thiruvananthapuram,Odisha,911588,2024-04-29,email,Regular,True
CST0269,Vritti Minhas,tvarty@example.com,08464697471,Etawah,Meghalaya,293535,2024-06-18,social,Regular,True
CST0270,Indali Chopra,kbhakta@example.com,03493922823,Jammu,Arunachal Pradesh,901195,2024-11-16,email,Premium,True
CST0271,Kevin Mannan,rmorar@example.org,+919276426449,Asansol,Himachal Pradesh,364745,2024-08-01,email,Premium,True
CST0272,Nachiket Thakur,soodaarna@example.com,1038396022,Jaunpur,Kerala,917127,2025-07-05,organic,Premium,True
CST0273,Agastya Apte,malhotraavni@example.com,+911808915712,Machilipatnam,Karnataka,269131,2026-07-23,social,VIP,False
CST0274,Abeer Nigam,tailorsanya@example.org,9377779097,Lucknow,Maharashtra,992557,2024-12-17,email,Premium,False
CST0275,Utkarsh Suresh,vanya96@example.org,2212791936,Mehsana,Punjab,713894,2026-06-29,referral,Premium,True
CST0276,Amol Subramanian,forum27@example.com,06591141632,Asansol,Andhra Pradesh,043676,2026-05-21,referral,Premium,False
CST0277,Chandresh Mall,bsrinivasan@example.net,1973817076,Jamnagar,Tamil Nadu,504431,2023-12-01,social,VIP,False
CST0278,Oeshi Varughese,chanakyanagar@example.net,3959858775,Nangloi Jat,Goa,021763,2023-10-18,email,Premium,True
CST0279,Raksha Batta,golemax@example.net,1778463439,Sangli-Miraj & Kupwad,Tamil Nadu,840480,2023-11-02,social,VIP,True
CST0280,Ekaja Seth,nihalloke@example.com,05479552627,Bally,Uttarakhand,843394,2026-08-02,email,Premium,True
CST0281,Damyanti Krishnamurthy,nitara01@example.org,+910906118782,Jhansi,Tripura,165074,2025-08-11,paid_search,VIP,False
CST0282,Aashi Sagar,sathvikkumer@example.org,4471586273,Ramagundam,Telangana,924186,2026-07-19,paid_search,Regular,False
CST0283,Indali Soman,somazaan@example.org,04212498802,Silchar,Assam,686593,2025-08-27,organic,Regular,True
CST0284,Ronith Dhaliwal,ojha@example.com,05996851302,Bhind,Chhattisgarh,627608,2024-07-13,email,Premium,True
CST0285,Vedhika Chauhan,nilima54@example.com,2999219817,Jamalpur,Jharkhand,674319,2023-09-21,email,Regular,True
CST0286,Jason Dixit,kamala33@example.com,5082852246,Medininagar,Goa,831313,2025-09-26,email,Premium,False
CST0287,Xiti Kapur,max53@example.com,08606354969,Patiala,Kerala,354829,2026-02-20,social,Premium,False
CST0288,Jhalak Mahal,jai14@example.org,09462750052,Kirari Suleman Nagar,Goa,083608,2024-05-21,email,Premium,False
CST0289,Nisha Sibal,mannanlavanya@example.net,4747765025,Naihati,Karnataka,854311,2025-04-20,social,Regular,True
CST0290,Gauri Sant,vsunder@example.org,+916983382265,Raurkela Industrial Township,Arunachal Pradesh,667345,2024-11-09,paid_search,Premium,True
CST0291,Anamika Parmar,saniupadhriti@example.net,09185120892,Pondicherry,Gujarat,374674,2025-03-23,organic,Regular,True
CST0292,Lajita Badal,aarnavchoudhury@example.com,7289824604,Munger,Arunachal Pradesh,077864,2025-08-23,social,Premium,True
CST0293,Rushil Chatterjee,mannupkaar@example.net,08172946488,Aligarh,Uttarakhand,676100,2025-06-22,email,Regular,True
CST0294,Oscar Natarajan,radha38@example.net,08017245046,Jamalpur,Madhya Pradesh,725778,2024-01-24,referral,VIP,True
CST0295,Aashi Kurian,chartriya@example.org,4160881107,Gulbarga,West Bengal,282999,2023-12-14,email,Regular,True
CST0296,Jagvi Mitter,anushaanand@example.org,+911389284936,Khora ,Gujarat,756207,2024-02-15,organic,VIP,False
CST0297,Eshana Palla,aarini76@example.com,04644638521,Bangalore,Kerala,310435,2025-11-22,paid_search,VIP,True
CST0298,Bakhshi Mallick,gsood@example.org,+911204810799,Indore,Gujarat,237405,2026-07-10,social,Premium,True
CST0299,Rehaan Deshmukh,yagneshsood@example.net,09654349166,Malegaon,Goa,163636,2025-09-12,social,VIP,True
CST0300,Nidhi Handa,sarrafowen@example.com,8032449610,Darbhanga,Mizoram,560216,2026-01-20,paid_search,VIP,True
CST0301,Yachana Dhingra,balasubramanianarya@example.net,+912837892332,Haridwar,Goa,627392,2023-10-21,social,VIP,True
CST0302,Yasti Murthy,balmohini@example.org,+915517380941,Rampur,Arunachal Pradesh,908931,2026-03-26,email,Premium,True
CST0303,Arunima Raval,ayaansaha@example.com,09570689515,Thiruvananthapuram,Arunachal Pradesh,095524,2025-04-24,social,Regular,True
CST0304,Falan Pandey,kritika59@example.com,04610986550,Orai,Madhya Pradesh,392864,2025-05-29,organic,Premium,True
CST0305,Garima Rattan,bsrinivas@example.net,+918408521501,Bhatpara,Telangana,223590,2024-03-26,social,Premium,True
CST0306,Warjas Mallick,onveergolla@example.com,5141123504,Kishanganj,Jharkhand,794435,2025-07-15,email,Premium,True
CST0307,Faris Subramanian,ganga98@example.org,9228409339,Chapra,Chhattisgarh,588719,2023-12-26,referral,VIP,False
CST0308,Rajeshri Thakur,advaithramanathan@example.com,+915264448059,Junagadh,West Bengal,410373,2026-06-26,referral,Regular,False
CST0309,Ekaraj Kapoor,mukhopadhyaydayamai@example.com,4756869307,Secunderabad,West Bengal,325296,2024-09-11,email,Premium,True
CST0310,Max Vig,zinaldube@example.com,+911460838248,Panchkula,Uttarakhand,911146,2026-04-30,referral,Premium,False
CST0311,Ekiya Dora,anthonysami@example.net,+917552563740,Ujjain,Gujarat,227849,2025-06-06,paid_search,VIP,True
CST0312,Lakshmi Patla,obawa@example.com,+918539477973,Agartala,Sikkim,271793,2024-08-18,paid_search,VIP,True
CST0313,Ayush Swamy,chanakyachadha@example.com,+915655409766,Nanded,Telangana,584606,2023-08-28,organic,Regular,True
CST0314,Panini Ravi,mohantyavni@example.net,09114534718,Shahjahanpur,Madhya Pradesh,588958,2026-01-07,organic,Premium,True
CST0315,Krishna Rajan,raomanya@example.com,+910681560892,Faridabad,Andhra Pradesh,026569,2024-07-21,referral,Regular,True
CST0316,Simon Minhas,gaurangi23@example.com,07751754694,Darbhanga,Assam,644067,2023-10-25,organic,VIP,True
CST0317,Jatin D’Alia,ipillai@example.org,02290653160,Ambarnath,Andhra Pradesh,906838,2026-01-14,email,VIP,True
CST0318,Osha Dara,chameli65@example.net,7394031105,Tirupati,Mizoram,275950,2025-08-12,referral,Regular,True
CST0319,Brinda Deshmukh,craj@example.net,07182590279,Ozhukarai,Kerala,585866,2025-05-25,social,Regular,True
CST0320,Chandani Vasa,shahabeer@example.com,06389362105,Tadipatri,Andhra Pradesh,376396,2025-08-24,paid_search,Premium,False
CST0321,Krish Patel,danijagat@example.com,09361205767,Ghaziabad,Uttar Pradesh,195819,2025-09-19,social,VIP,False
CST0322,Yashodhara Dua,galadominic@example.com,+915130364116,Agra,Andhra Pradesh,308625,2023-12-22,referral,VIP,False
CST0323,Nicholas Bandi,galajatin@example.com,02584838975,Dehri,Tamil Nadu,320072,2025-08-16,email,Regular,False
CST0324,Raagini Ahuja,matthew49@example.org,05835233833,Pallavaram,Gujarat,555028,2026-02-04,organic,VIP,False
CST0325,Chakrika Kothari,gbumb@example.com,5494132222,Imphal,Karnataka,561967,2024-01-31,email,Premium,True
CST0326,Vasana Nayar,chandranamol@example.org,4498406802,Nagpur,Gujarat,848412,2024-12-25,email,Premium,True
CST0327,Zinal Sengupta,lakshitloyal@example.com,+914375388450,Guntakal,Punjab,225014,2024-05-21,social,VIP,True
CST0328,Reyansh Dutta,harish86@example.com,07522447455,Imphal,Tamil Nadu,163144,2026-03-16,paid_search,Premium,True
CST0329,Libni Vohra,samar86@example.org,+912196276211,Belgaum,Madhya Pradesh,516406,2026-04-01,paid_search,Premium,True
CST0330,Ayaan Parekh,bendominic@example.com,02307490682,Kharagpur,Maharashtra,267833,2024-10-22,organic,Premium,True
CST0331,Tristan Ghose,naveenrao@example.org,4399104571,Avadi,Punjab,565223,2025-05-12,social,Regular,True
CST0332,Bishakha Munshi,kothariraagini@example.org,08237477447,Sikar,Goa,875657,2024-06-04,social,Premium,True
CST0333,Azaan Virk,darpan29@example.org,08008064538,Sambalpur,Maharashtra,783978,2026-04-07,referral,VIP,False
CST0334,Falguni Buch,ekanshkaul@example.org,07482934082,Guna,Rajasthan,575913,2024-04-09,organic,VIP,True
CST0335,Gautam Magar,kalpit96@example.net,+913810733973,Asansol,Tripura,337554,2023-09-19,referral,Regular,True
CST0336,Daksh Sengupta,odutta@example.com,+914861714236,Jabalpur,Assam,253912,2023-09-02,paid_search,VIP,False
CST0337,Chakradev Sane,manthan14@example.com,06921010446,Sultan Pur Majra,Uttar Pradesh,209537,2026-07-20,email,VIP,True
CST0338,Dhriti Khurana,bmodi@example.net,2394774478,Avadi,Rajasthan,459337,2026-01-18,email,VIP,True
CST0339,Eta Kothari,dkumar@example.com,+913587977082,Gwalior,Goa,793598,2026-07-12,organic,VIP,True
CST0340,Shivansh Merchant,loganvarkey@example.org,3979252175,Haldia,Telangana,076980,2025-11-25,email,VIP,True
CST0341,Yadavi Manda,fradowadhwa@example.net,+918787074531,Mahbubnagar,Rajasthan,011858,2026-04-10,referral,Regular,True
CST0342,Faqid Dara,janyakurian@example.com,2269938996,Ujjain,Madhya Pradesh,039744,2024-03-16,social,Premium,True
CST0343,Zansi Ramachandran,mbalasubramanian@example.net,+912493748434,Thanjavur,Uttarakhand,854959,2025-09-14,organic,Premium,True
CST0344,Alka Atwal,sarrafbimala@example.org,03125923687,Udupi,Goa,313410,2024-07-13,organic,Premium,False
CST0345,Owen Madan,shettynakul@example.net,06038619475,Jaipur,Maharashtra,404312,2025-07-24,paid_search,Premium,True
CST0346,Akshay Dewan,jagvipurohit@example.org,+912494124351,Bangalore,West Bengal,775830,2024-04-05,referral,VIP,True
CST0347,Niharika Srinivasan,zsidhu@example.com,4825004772,Unnao,Uttar Pradesh,100235,2026-03-10,organic,Premium,False
CST0348,Jeevika Chauhan,kavya67@example.org,+915140837405,Kamarhati,Karnataka,409435,2026-06-01,paid_search,Regular,False
CST0349,Adya Kalita,ekapadahuja@example.org,06189697011,Warangal,Rajasthan,463521,2025-04-29,referral,VIP,False
CST0350,Chasmum Sachar,caurora@example.net,01475710155,Ulhasnagar,Uttar Pradesh,498121,2025-10-30,social,Premium,True
CST0351,Timothy Bhardwaj,charvi98@example.org,8852635044,Bhilai,Maharashtra,536855,2026-02-13,email,Premium,True
CST0352,Balvan Krishnamurthy,qkaran@example.net,+914119045397,Bhilai,Jharkhand,317521,2025-04-27,paid_search,Premium,True
CST0353,Indrajit Suresh,omukherjee@example.net,+915000291782,Bellary,Punjab,775641,2025-10-21,social,VIP,True
CST0354,Nicholas Saran,tarak84@example.net,2912053592,Jorhat,Gujarat,722474,2024-01-22,organic,Regular,True
CST0355,Aarnav Bobal,sarkarrohan@example.org,04434995365,Silchar,Manipur,579510,2024-01-20,organic,Regular,False
CST0356,Suhani Chaudry,narasimhannihal@example.com,7157653164,Pune,Manipur,420108,2026-04-07,paid_search,Premium,True
CST0357,Jason Sekhon,goelkrishna@example.com,8174021977,Eluru,Himachal Pradesh,161618,2026-03-16,email,Regular,True
CST0358,Advaith Pant,wishipradhan@example.org,+919800023931,Orai,Arunachal Pradesh,736810,2023-12-01,paid_search,Regular,True
CST0359,Advay Ravel,sai74@example.org,00826105651,Maheshtala,Himachal Pradesh,484992,2025-05-06,paid_search,VIP,True
CST0360,Ekbal Basak,lmore@example.net,+911779817517,Bettiah,Punjab,526423,2025-09-07,paid_search,VIP,True
CST0361,Chakrika Chawla,cchand@example.org,+913766888754,Jammu,Telangana,009700,2026-07-26,social,VIP,True
CST0362,Madhavi Rajagopal,balveerdoshi@example.net,1230957823,Sikar,Assam,966274,2026-06-10,paid_search,VIP,True
CST0363,Gaurangi Subramaniam,damyanti76@example.net,05956313111,Mirzapur,Nagaland,087692,2025-12-20,paid_search,Regular,True
CST0364,Bimala Upadhyay,yadaviperi@example.org,7063425569,Mau,Haryana,248298,2026-05-09,social,Regular,True
CST0365,Yashasvi Sodhi,xavierkhosla@example.com,+917207358775,Bhilwara,Tripura,079810,2023-12-04,referral,Regular,True
CST0366,Sanaya Narain,devika14@example.com,8205939007,Dibrugarh,Manipur,453925,2025-04-17,social,VIP,True
CST0367,Faqid Brahmbhatt,cmurty@example.org,05920633033,Kolkata,Odisha,088326,2026-06-04,organic,VIP,False
CST0368,Ekapad Sathe,rachitamagar@example.org,05536116574,Chapra,West Bengal,773328,2023-11-14,paid_search,Regular,True
CST0369,Finn Din,anikasani@example.org,+911901884552,Arrah,Goa,628452,2026-02-26,organic,Premium,True
CST0370,Bhavani Saraf,idayal@example.net,5271731024,Kozhikode,Kerala,026789,2026-06-16,social,Premium,False
CST0371,Yasti Dewan,bsarraf@example.com,07121525245,Thrissur,Uttar Pradesh,234082,2026-06-09,paid_search,VIP,True
CST0372,Logan Padmanabhan,siyadeshmukh@example.org,+913519144251,Barasat,Sikkim,513748,2026-07-11,email,Premium,True
CST0373,Frederick Prabhu,nathaniel56@example.net,+910479538629,Mahbubnagar,Chhattisgarh,429182,2025-07-12,social,VIP,True
CST0374,Edhitha Suresh,krishna43@example.com,+911158362980,Ahmedabad,Punjab,629594,2024-11-04,organic,Regular,True
CST0375,Chasmum Bala,leelakapadia@example.com,+915192214455,Jabalpur,Manipur,562319,2024-07-02,referral,Premium,True
CST0376,Veda Murthy,bimalazacharia@example.net,2923634590,Ahmedabad,West Bengal,228205,2025-12-28,referral,Premium,True
CST0377,Baghyawati Shenoy,anjali34@example.com,+919963099857,Meerut,Manipur,238090,2025-07-16,email,Premium,False
CST0378,Oscar Thakkar,okapadia@example.com,02200830206,Amroha,Kerala,812655,2024-04-09,organic,Premium,False
CST0379,Nisha Gera,hgade@example.org,+913008764776,Indore,Telangana,175782,2024-11-02,referral,VIP,True
CST0380,Gunbir Krish,varkeyjyoti@example.com,4397299388,Aligarh,Haryana,522120,2024-10-07,social,VIP,False
CST0381,Yashasvi Chada,upadhriti55@example.org,+911163105880,Panchkula,Sikkim,638891,2025-01-05,social,Premium,True
CST0382,Ati Natt,ypathak@example.net,2825005602,Kadapa,Tripura,187174,2025-02-24,social,Regular,True
CST0383,Robert Kohli,nachiket50@example.net,1949153716,Varanasi,Gujarat,258597,2026-01-23,social,Regular,True
CST0384,Mugdha Sastry,maanavbava@example.org,7979488243,New Delhi,Punjab,038818,2026-06-10,referral,Regular,True
CST0385,Alka Rao,nandaradha@example.net,8282812210,Kakinada,Andhra Pradesh,740314,2023-09-19,email,Premium,True
CST0386,Riya Ghose,santurmi@example.net,+919992448050,Pimpri-Chinchwad,Tamil Nadu,621358,2026-06-26,email,VIP,True
CST0387,Ikbal Johal,omkaar99@example.net,05481043633,Udaipur,Sikkim,315952,2025-08-11,paid_search,VIP,True
CST0388,Lajita Shroff,jhalakvarughese@example.net,3839931956,Nellore,Karnataka,919780,2024-02-26,organic,Regular,False
CST0389,Urvi Barad,yachana75@example.com,5173046645,Kamarhati,Arunachal Pradesh,287208,2025-11-16,organic,VIP,False
CST0390,Naveen Sarna,amairamammen@example.com,09455243612,Hospet,Tamil Nadu,680973,2023-08-31,organic,VIP,False
CST0391,Azad Walia,tchowdhury@example.net,+917203960340,Korba,Goa,048711,2025-11-03,referral,Premium,False
CST0392,Turvi Bhatt,keya68@example.com,09580680418,Bidar,Madhya Pradesh,706313,2024-05-10,email,VIP,True
CST0393,Peter Modi,prabhuandrew@example.org,5871324788,Ambattur,Rajasthan,849079,2024-01-17,paid_search,Premium,True
CST0394,Umang Jani,wardavarma@example.com,+915241304316,Davanagere,Uttarakhand,469533,2025-08-02,email,VIP,True
CST0395,Pavani Parmar,dsolanki@example.org,+919488086847,Salem,Assam,148956,2025-02-28,organic,VIP,True
CST0396,Krish Bath,wgopal@example.com,+914958771649,Mau,Madhya Pradesh,246045,2023-12-14,referral,VIP,True
CST0397,Vyanjana Pillay,korpalmanya@example.net,01161612686,Katihar,Andhra Pradesh,907945,2023-12-30,email,Premium,False
CST0398,Zayan Murthy,nsanghvi@example.org,0017936469,Aligarh,Punjab,167352,2023-11-07,organic,VIP,True
CST0399,Janaki Merchant,craju@example.org,06069808888,Kakinada,Himachal Pradesh,230104,2024-02-28,referral,Premium,True
CST0400,Darika Goyal,gopal86@example.org,00966416383,Mumbai,Sikkim,838549,2023-10-24,email,Regular,True
CST0401,Advika Dhar,yaminiwalla@example.org,8935369188,Sambhal,Rajasthan,715880,2024-07-14,referral,Regular,True
CST0402,Nilima Zachariah,rajueesha@example.org,04609102535,Farrukhabad,Jharkhand,513319,2026-08-26,social,Premium,True
CST0403,Thomas Wadhwa,yutika94@example.org,01206038109,Katihar,Arunachal Pradesh,078023,2025-04-27,paid_search,Premium,True
CST0404,Dayita Srinivasan,aadhyabhatt@example.net,+914771389737,Naihati,Arunachal Pradesh,387564,2025-10-08,referral,VIP,False
CST0405,Bakhshi Choudhry,sboase@example.net,06479664696,Sri Ganganagar,Haryana,901767,2026-08-06,referral,Premium,True
CST0406,Bishakha Bhavsar,isaiahnatt@example.org,+918857160313,Raebareli,Bihar,342635,2025-02-05,paid_search,VIP,True
CST0407,Zarna Raja,reddyvidhi@example.org,+914210093061,Ramagundam,Arunachal Pradesh,148043,2026-03-26,paid_search,Premium,False
CST0408,Tarak Badami,ekanshnadkarni@example.org,+913523186371,Jhansi,Manipur,315449,2024-08-29,paid_search,VIP,True
CST0409,Tripti Arora,raghavseth@example.net,+917510344154,Khora ,Uttarakhand,125265,2026-05-26,organic,Regular,True
CST0410,Yashvi Sibal,chandreshbrahmbhatt@example.com,4184560090,Bikaner,Punjab,046086,2025-05-29,referral,VIP,False
CST0411,Osha Kumer,tandonmadhav@example.net,+912719453906,Madhyamgram,Uttar Pradesh,521228,2026-06-20,referral,Regular,True
CST0412,Bhanumati Rao,eyadav@example.net,+917573554390,Gangtok,Chhattisgarh,532447,2025-07-31,email,VIP,False
CST0413,Naveen Atwal,mayakannan@example.com,04116973085,Ongole,Assam,158161,2023-10-07,organic,Premium,True
CST0414,Xalak Pradhan,gchauhan@example.org,03607103729,Jodhpur,Tamil Nadu,486757,2025-05-27,organic,VIP,False
CST0415,Oscar Varghese,sarafraghav@example.com,8000818350,Ahmednagar,Kerala,094018,2025-06-18,social,VIP,True
CST0416,Ojasvi Parmer,harita10@example.org,+915342738332,Amaravati,Mizoram,723779,2024-07-16,referral,Premium,True
CST0417,Ekani Verma,nagarajanzehaan@example.org,+913054856864,Tirunelveli,Telangana,434607,2023-11-05,referral,VIP,True
CST0418,Ronith Bawa,falakchoudhry@example.net,01776843118,Serampore,Chhattisgarh,653722,2023-10-26,email,Regular,False
CST0419,Upma Garg,owenkothari@example.com,0949703441,Bhalswa Jahangir Pur,Manipur,066558,2025-02-16,organic,Premium,True
CST0420,Anika Sankaran,gluthra@example.net,2706918452,Sikar,Meghalaya,584618,2025-09-26,referral,Regular,True
CST0421,Vedant Menon,victor83@example.net,05805925860,Nashik,Nagaland,164764,2025-09-02,referral,Regular,False
CST0422,Faqid Borra,anamika72@example.org,+916155681145,Ghaziabad,Haryana,875834,2025-01-01,social,VIP,True
CST0423,Saksham Handa,nimratoak@example.net,+916169503576,Sambalpur,Madhya Pradesh,877146,2025-09-03,referral,Regular,True
CST0424,Rayaan Bhardwaj,ijaya37@example.net,6826817184,Arrah,Meghalaya,420135,2026-04-23,referral,VIP,True
CST0425,Unnati Kant,aryahayer@example.com,6495760239,Bihar Sharif,Sikkim,106420,2024-12-27,paid_search,Premium,True
CST0426,Dev Bhardwaj,dayita86@example.net,8061164432,Unnao,Himachal Pradesh,247425,2024-04-19,email,VIP,False
CST0427,Isaac Kothari,harishlad@example.com,+919270991937,Nizamabad,Telangana,876558,2025-10-12,organic,VIP,True
CST0428,Triya Toor,ekanibaral@example.net,9424850006,Nandyal,Arunachal Pradesh,716989,2026-06-26,email,VIP,True
CST0429,Anvi Lall,tanaypant@example.org,07237876939,Kozhikode,Jharkhand,321931,2025-07-07,email,VIP,False
CST0430,Janani Mani,amairasrinivas@example.net,08855958091,Medininagar,Meghalaya,470489,2025-10-21,email,Regular,False
CST0431,Warhi Aurora,chaudrykala@example.org,+911416458610,Pallavaram,Tamil Nadu,507692,2023-10-23,referral,Premium,False
CST0432,Hredhaan Barman,jasmit32@example.org,+918368821752,Mango,Karnataka,190791,2025-02-24,referral,VIP,True
CST0433,Chatresh Prabhakar,araja@example.com,+919461118279,Thanjavur,Bihar,724394,2025-12-10,social,Premium,True
CST0434,Vansha Chander,christopherguha@example.org,8354177683,Noida,Maharashtra,077583,2024-11-02,email,Regular,True
CST0435,Praneel Keer,indaligolla@example.com,4675604327,Guntakal,Uttarakhand,526778,2025-09-11,organic,Premium,True
CST0436,Neelima Gola,ichacko@example.net,+918788228595,Chandrapur,Odisha,259012,2023-10-23,referral,VIP,False
CST0437,Megha Sinha,magartanay@example.com,6308906953,Khandwa,Sikkim,336889,2025-09-10,paid_search,VIP,False
CST0438,Anya Madan,akunda@example.com,1985886184,Phagwara,Odisha,777409,2024-10-10,email,Premium,False
CST0439,Brinda Pillay,randhawasara@example.org,+917172714468,Thanjavur,Uttar Pradesh,259590,2026-06-20,social,VIP,True
CST0440,Jatin Swamy,rishisami@example.net,+911268711426,Madanapalle,Punjab,944753,2023-11-09,referral,Premium,True
CST0441,Shivani Agate,harininadig@example.org,+912857473302,Arrah,Nagaland,932222,2024-01-14,organic,Regular,True
CST0442,Siya Chahal,duttarachit@example.org,+912078068187,Jaipur,Gujarat,265577,2024-06-07,social,Regular,True
CST0443,Dhruv Sood,balendrazachariah@example.net,8963434915,Mahbubnagar,Manipur,548508,2023-09-14,referral,VIP,True
CST0444,Ira Palla,oliverramaswamy@example.org,5828721304,Ajmer,Uttar Pradesh,305900,2024-04-13,organic,Regular,True
CST0445,Yashodhara Dave,parsakashvi@example.org,0723368753,Khammam,Mizoram,435366,2025-10-17,organic,Regular,True
CST0446,Azad Nadkarni,taraorinder@example.org,03974068705,Faridabad,Tamil Nadu,432588,2023-12-11,email,Regular,True
CST0447,Kashvi Randhawa,tdin@example.net,0641004714,Alappuzha,Punjab,378609,2025-04-16,social,Regular,True
CST0448,Advika Rout,nbumb@example.org,05013993600,Ludhiana,Tamil Nadu,414818,2024-06-12,email,Regular,False
CST0449,Hema Bhargava,unnatiyogi@example.com,3906555175,Ongole,Arunachal Pradesh,397410,2026-01-21,social,VIP,False
CST0450,Damini Arya,amerchant@example.org,6630329049,Bettiah,Tamil Nadu,572362,2023-10-23,paid_search,VIP,False
CST0451,Noah Raja,anitabasu@example.net,+916586090247,Bokaro,Sikkim,595057,2025-04-11,social,Regular,False
CST0452,Amaira Subramanian,mitali32@example.net,03912173347,Deoghar,Maharashtra,278044,2023-11-26,referral,Regular,True
CST0453,Tara Ramakrishnan,saumyasahota@example.org,9845350471,Chandrapur,Sikkim,437153,2024-12-18,paid_search,Regular,True
CST0454,Gabriel Pradhan,ckakar@example.net,+918259695963,Kakinada,Meghalaya,865598,2024-09-05,referral,Premium,False
CST0455,Ansh Narang,ltella@example.org,8449258381,Kozhikode,Chhattisgarh,817216,2024-03-30,social,VIP,False
CST0456,Zayan Kari,wgala@example.com,+918883238393,Srinagar,Himachal Pradesh,809548,2026-05-14,social,Regular,True
CST0457,Nilima Hari,umani@example.com,02768016085,Aurangabad,Sikkim,880601,2026-05-16,referral,Premium,True
CST0458,Krish More,qlal@example.com,08948771186,Ahmedabad,Madhya Pradesh,607046,2026-05-28,paid_search,VIP,True
CST0459,Brijesh Bhatt,kalpitpingle@example.org,+916353813700,Kottayam,Tamil Nadu,372505,2023-12-20,social,Premium,True
CST0460,Wakeeta Raju,saksham87@example.net,+910669238412,Morbi,Manipur,649835,2024-02-13,organic,Premium,False
CST0461,Pranav Wason,mangattriya@example.net,04263694707,Mango,Jharkhand,597403,2025-05-06,email,Regular,True
CST0462,Ekbal Chaudhary,suleraghav@example.org,02541737190,Bhimavaram,Uttarakhand,552030,2023-11-30,email,VIP,True
CST0463,Vedika Bhargava,xreddy@example.com,+911784217158,Parbhani,Bihar,987635,2025-08-26,social,Premium,True
CST0464,Niharika Varkey,owenbasu@example.com,09641410183,Bidhannagar,Tripura,269884,2025-06-12,paid_search,Premium,True
CST0465,Jagat Dani,mason89@example.org,7112683054,Ajmer,Punjab,583785,2024-09-25,social,Regular,False
CST0466,Omya Tandon,anvidada@example.org,04938760836,Chittoor,Jharkhand,890277,2024-03-11,organic,Regular,True
CST0467,Jairaj Natt,kjaggi@example.com,+917793460445,Serampore,Andhra Pradesh,642246,2023-11-07,email,Regular,True
CST0468,Arya Acharya,omishaswaminathan@example.org,05197284292,Dehri,Bihar,356089,2023-10-20,organic,Regular,True
CST0469,Hemani Sami,shravya97@example.net,4218070862,Salem,Manipur,153561,2023-10-11,email,Regular,True
CST0470,Aishani Pingle,dakshchar@example.com,02838846995,Satara,Gujarat,434901,2025-01-08,referral,VIP,False
CST0471,Nathaniel Nath,vdara@example.net,3754197869,Purnia,Punjab,735195,2026-07-29,organic,VIP,False
CST0472,Bina Nayar,wtalwar@example.org,09328162846,Saharsa,Gujarat,720257,2024-12-30,paid_search,Premium,True
CST0473,Triya Mannan,yashawini88@example.org,1690799819,Barasat,Gujarat,998993,2023-09-29,email,VIP,True
CST0474,Zansi Mannan,kaladavid@example.com,+912339263208,Siliguri,Chhattisgarh,591739,2025-02-12,paid_search,VIP,False
CST0475,Lucky Thaman,balasubramanianyahvi@example.net,+912853104312,Nangloi Jat,Assam,720697,2025-10-10,organic,Regular,True
CST0476,Urmi Kapur,tsundaram@example.com,3114747093,Tirupati,Andhra Pradesh,656366,2023-09-22,referral,Regular,True
CST0477,Ladli Joshi,aarav11@example.org,+910208954180,Siwan,Goa,783277,2024-08-14,email,Regular,False
CST0478,Hemang Ganesan,tsharaf@example.com,4684940613,Nellore,Assam,010795,2023-10-20,email,Regular,True
CST0479,Edhitha Krishna,ekantakulkarni@example.org,+910072927206,Tinsukia,Tripura,296293,2024-03-28,paid_search,Premium,True
CST0480,Tara Ratti,asibal@example.net,6700300923,Davanagere,Tamil Nadu,438287,2024-04-09,organic,Regular,False
CST0481,Tanish Wason,abose@example.org,5732761507,Patiala,West Bengal,169789,2024-09-04,social,Regular,True
CST0482,Girindra Bhakta,manbirgill@example.net,8107610396,Chandrapur,Chhattisgarh,911310,2025-07-05,paid_search,VIP,True
CST0483,Kevin Bhatnagar,rattiunni@example.com,4263537791,Panipat,Tamil Nadu,434189,2026-08-25,referral,Regular,True
CST0484,Tanay Saraf,ayaan15@example.org,+916975334589,Surendranagar Dudhrej,Andhra Pradesh,798664,2024-04-19,email,Premium,True
CST0485,Yachana Jain,eesha77@example.net,06616343741,Noida,Uttarakhand,519003,2025-08-27,email,Premium,False
CST0486,Geetika Krish,agastya67@example.org,00892029385,Bikaner,Andhra Pradesh,065216,2025-05-25,organic,Premium,False
CST0487,Jackson Sethi,raobimala@example.org,06472186327,Anand,Arunachal Pradesh,329380,2024-07-05,email,Premium,True
CST0488,Theodore Sood,sgandhi@example.net,+919628094102,Ramgarh,Bihar,114833,2025-02-17,email,Regular,False
CST0489,Zinal Varghese,andrewnagi@example.com,05470467392,Aizawl,Goa,585865,2026-05-13,organic,Premium,True
CST0490,Hardik Kurian,mugdha78@example.net,+917463753380,Ujjain,Tamil Nadu,514696,2025-06-04,paid_search,Premium,False
CST0491,Oscar Dhar,lajitasagar@example.net,+915219530765,Kottayam,Jharkhand,897538,2025-04-25,social,Regular,False
CST0492,Faraj Dyal,darpan32@example.net,+910188499758,Hosur,Punjab,909415,2024-05-12,referral,Premium,True
CST0493,Arya Mallick,ebhasin@example.net,+917978381620,Bhubaneswar,Kerala,444409,2024-03-29,email,Regular,True
CST0494,Faras Devi,jagvikeer@example.net,00106222099,Aizawl,West Bengal,142944,2025-05-24,organic,Regular,True
CST0495,Zashil Chana,eprabhakar@example.com,5897448146,Srikakulam,Telangana,306048,2025-09-22,email,VIP,False
CST0496,Dayita Muni,bobalmaya@example.net,+915614006374,Panchkula,Arunachal Pradesh,483427,2026-08-20,organic,Regular,True
CST0497,Omaja Natt,ekani44@example.com,0021118852,Rampur,Tamil Nadu,330515,2025-12-17,paid_search,Premium,False
CST0498,Kevin Joshi,chadaamaira@example.net,00707747897,Nadiad,Andhra Pradesh,950440,2024-05-19,referral,Premium,True
CST0499,Chaaya Oza,bhegde@example.org,5791449912,Srinagar,Madhya Pradesh,645995,2026-06-08,paid_search,VIP,True
CST0500,Michael Kakar,isunder@example.com,+915013596615,Vasai-Virar,Manipur,422763,2026-03-04,email,Premium,True
CST0501,Hredhaan Devan,sparmer@example.com,05097450900,Jabalpur,Tripura,212625,2025-06-20,organic,Premium,True
CST0502,Widisha Borde,wasonthomas@example.org,+917271742695,Kharagpur,Goa,030813,2025-04-16,paid_search,Regular,True
CST0503,Mitesh Garde,ikshita93@example.net,00109046512,Bongaigaon,West Bengal,169525,2025-06-03,organic,VIP,True
CST0504,Patrick Khalsa,girindra90@example.org,+912651858278,Singrauli,Himachal Pradesh,579655,2026-01-26,email,Regular,True
CST0505,Priya Soman,nihal08@example.net,8384863721,Ulhasnagar,Tripura,843523,2024-03-12,social,Regular,True
CST0506,Ekaja Bhargava,warinder41@example.org,+911375102312,Aurangabad,Telangana,146939,2024-07-20,paid_search,Premium,True
CST0507,Yochana Ranganathan,qtara@example.org,02685018756,Nashik,Jharkhand,538688,2024-08-24,organic,Regular,True
CST0508,Chandresh Purohit,dalalsneha@example.com,+910536942357,Jalgaon,Maharashtra,304919,2023-09-11,organic,VIP,True
CST0509,Rayaan Mangal,yramakrishnan@example.org,+913801478029,Haldia,Meghalaya,201025,2024-05-25,email,Premium,True
CST0510,Ekansh Sridhar,bimala80@example.com,2539110431,Hosur,Nagaland,078469,2025-12-04,referral,Regular,False
CST0511,Forum Natarajan,jackson58@example.net,04732830752,Jamshedpur,Andhra Pradesh,602536,2023-12-08,paid_search,VIP,True
CST0512,Abdul Maharaj,waidakari@example.net,04117434519,Sambalpur,Gujarat,047583,2026-04-19,paid_search,Regular,False
CST0513,Lekha Nigam,cdevan@example.com,03955018311,Mirzapur,Goa,295004,2025-05-29,email,Premium,False
CST0514,William Dasgupta,charangoda@example.net,09055465117,Hosur,Assam,582511,2025-05-13,email,VIP,True
CST0515,Charles Varkey,ichaudhary@example.com,0262740191,Jaipur,Gujarat,877525,2024-09-19,paid_search,Premium,True
CST0516,George Kalita,senmaanav@example.com,03359718388,Katihar,Goa,351647,2026-04-19,referral,VIP,True
CST0517,Yashica Chawla,gaganbahl@example.com,+919640210467,Ahmednagar,Meghalaya,533162,2025-10-19,organic,Premium,True
CST0518,Ridhi Sen,psridhar@example.com,09659463037,Tadepalligudem,Tamil Nadu,166649,2024-03-21,email,Premium,False
CST0519,Qushi Mody,rameshdhruv@example.com,09671811618,Bidhannagar,Tamil Nadu,009828,2026-03-19,email,VIP,True
CST0520,Qushi Pillai,rmadan@example.org,3198977541,Ratlam,Arunachal Pradesh,124371,2024-06-26,email,Premium,False
CST0521,Vrinda Bahl,cagate@example.com,+919383109105,Hapur,Madhya Pradesh,205905,2026-02-25,referral,Premium,False
CST0522,Thomas Padmanabhan,xavier54@example.net,2551821559,Phagwara,West Bengal,493123,2026-02-15,social,Premium,True
CST0523,Shivansh Behl,omajatrivedi@example.com,+916034820370,Panipat,Telangana,770799,2025-04-14,email,Premium,True
CST0524,Hamsini Munshi,ouppal@example.org,00576188508,Mumbai,Nagaland,896218,2026-04-06,social,Premium,False
CST0525,Jagvi Grover,lakshmi20@example.org,08665993970,Tiruppur,Odisha,032184,2026-04-24,email,Premium,False
CST0526,Amara Dasgupta,falaknath@example.org,8448345958,Sagar,Manipur,286967,2024-02-20,organic,Regular,True
CST0527,Nicholas Narain,xavier96@example.org,00172403409,Gurgaon,Tamil Nadu,822295,2023-11-04,email,VIP,True
CST0528,Neelima Jayaraman,bshroff@example.net,07554383017,Adoni,Andhra Pradesh,476666,2023-12-19,organic,Premium,True
CST0529,Dipta Prashad,chaaya25@example.org,00904952516,Raichur,West Bengal,629380,2026-05-02,social,Regular,True
CST0530,Advaith Raju,mahajandominic@example.net,00238165221,Pondicherry,Rajasthan,778523,2024-07-18,paid_search,Regular,True
CST0531,Lavanya Sarma,eesha55@example.com,07270548803,Vellore,Punjab,526519,2024-09-03,email,Premium,False
CST0532,Charles Brar,dararadhika@example.com,01596811560,Bathinda,Bihar,958256,2024-03-06,paid_search,VIP,False
CST0533,Pratyush Bumb,dhruvmohanty@example.com,8511068166,Bhiwandi,Uttarakhand,392960,2026-05-26,paid_search,Premium,True
CST0534,Unni Khalsa,tarahritik@example.org,05662880078,Gangtok,Himachal Pradesh,302871,2025-05-24,organic,Premium,True
CST0535,Urishilla De,shravya04@example.com,09729171668,Proddatur,Tripura,556589,2025-08-29,paid_search,Premium,True
CST0536,Laksh Sachar,trivenimadan@example.org,+914296727402,Nellore,Assam,264135,2024-11-01,email,Premium,True
CST0537,Wazir Kala,zdani@example.net,7502879980,Mango,Assam,796466,2025-11-16,organic,VIP,True
CST0538,Varenya Wason,forum86@example.org,+918216968410,Gudivada,Assam,454734,2024-01-30,paid_search,Premium,False
CST0539,Dipta Ratti,lopamukhopadhyay@example.org,09041801453,Firozabad,Madhya Pradesh,488861,2026-01-19,email,VIP,False
CST0540,Jason Grover,qabilshenoy@example.com,+918712240064,Nashik,Gujarat,570271,2025-05-03,paid_search,Regular,True
CST0541,Ubika Chad,vwalla@example.org,6751716043,Loni,Chhattisgarh,060975,2025-09-17,referral,Premium,True
CST0542,Xalak Desai,raagini41@example.net,09989736961,Amaravati,West Bengal,075157,2024-03-29,social,VIP,False
CST0543,Chandani Setty,narasimhanjack@example.net,06941769616,Ujjain,Himachal Pradesh,679560,2024-10-20,social,VIP,False
CST0544,Girindra Vora,sahachatresh@example.net,08564688620,Dibrugarh,Jharkhand,764031,2024-04-07,social,Regular,True
CST0545,Kala Ganesan,atharv24@example.org,+914624323522,Guna,Chhattisgarh,156273,2026-02-28,organic,Regular,True
CST0546,Omaja Sengupta,wakeeta45@example.net,9763670281,Deoghar,Tamil Nadu,751677,2026-05-23,social,Premium,True
CST0547,Brinda Oommen,vartywaida@example.net,+916097318858,Bihar Sharif,Nagaland,654311,2023-11-04,referral,Regular,True
CST0548,Neha Manne,dalbirkala@example.net,00395000679,Kishanganj,Karnataka,318721,2024-09-28,paid_search,VIP,True
CST0549,Yashodhara Vala,rautanveer@example.org,8768356104,Ambattur,Punjab,356117,2025-09-13,social,VIP,True
CST0550,Jackson Lala,isha92@example.net,+911856742387,Danapur,Uttar Pradesh,174827,2026-01-12,email,VIP,True
CST0551,Wazir Date,davidjoshi@example.com,5287456093,Machilipatnam,Kerala,710687,2025-03-24,email,Premium,False
CST0552,Upma Dey,oratta@example.org,03793029519,Jamshedpur,Madhya Pradesh,063690,2025-12-02,paid_search,Regular,False
CST0553,Advika Anand,hredhaan19@example.org,5551053172,Firozabad,Odisha,144864,2024-06-27,email,Regular,True
CST0554,Advika Lala,brinda58@example.net,4904815491,Bhind,Arunachal Pradesh,340652,2023-09-30,email,VIP,True
CST0555,Arjun Bora,karanabeer@example.com,8098758972,Navi Mumbai,Goa,480155,2025-06-15,referral,Regular,False
CST0556,Libni Kant,nicholas96@example.net,+919071455330,Rajkot,Kerala,684263,2025-03-03,organic,Premium,True
CST0557,Yochana Rajagopalan,tom@example.org,02287637178,Kottayam,Rajasthan,115737,2026-04-01,social,Regular,False
CST0558,Pooja Muni,ishwar49@example.net,5018533543,Dewas,Haryana,300150,2025-07-05,paid_search,Premium,True
CST0559,Riya Ravi,yhalder@example.net,2287990725,Bangalore,Manipur,454095,2026-08-09,social,VIP,True
CST0560,Jhalak Arora,abuch@example.org,+919138649535,Deoghar,Tripura,024386,2025-01-18,paid_search,Premium,True
CST0561,Aachal Sami,sachi84@example.net,08022825770,Pondicherry,Gujarat,013852,2024-09-09,referral,Regular,False
CST0562,Ekaraj Goyal,jagatmallick@example.com,06589455601,Agra,Tamil Nadu,280919,2026-06-13,email,Regular,False
CST0563,Tanmayi Ahuja,damini53@example.net,+912970307839,Dharmavaram,Nagaland,083682,2023-11-13,paid_search,VIP,True
CST0564,Gautami Kant,ubhatti@example.net,+914771696176,Rourkela,West Bengal,305708,2025-06-18,social,Regular,True
CST0565,Girish Shukla,yash34@example.org,02495289267,Yamunanagar,Chhattisgarh,823225,2026-06-28,social,Premium,True
CST0566,Turvi Pathak,hritikbhagat@example.org,06835284536,Bilaspur,Mizoram,716450,2025-08-13,social,Premium,False
CST0567,Aachal Pingle,gaurika26@example.com,02716589161,Saharsa,Odisha,976558,2023-10-18,email,Premium,True
CST0568,Darsh Bumb,soza@example.org,09279351425,Mathura,Chhattisgarh,836253,2023-11-29,paid_search,VIP,True
CST0569,Hemangini Narasimhan,ybahri@example.net,09716568621,Hubli–Dharwad,Maharashtra,141889,2026-05-11,social,VIP,True
CST0570,Dominic Nagi,warhi57@example.net,01077839679,Sangli-Miraj & Kupwad,Kerala,331927,2025-08-13,paid_search,Regular,True
CST0571,Mason Mitra,sjoshi@example.org,03858640798,Ajmer,Mizoram,862119,2024-04-21,organic,Regular,True
CST0572,Arya Raman,suhanishukla@example.com,+913787271501,Meerut,Madhya Pradesh,030366,2025-04-19,social,Regular,True
CST0573,Kala Chaudhari,btrivedi@example.org,+915046854791,Dehri,Arunachal Pradesh,483561,2025-01-03,organic,Premium,True
CST0574,Jason Gour,gollareva@example.org,+918135417145,Gurgaon,Manipur,312578,2026-07-28,social,Regular,True
CST0575,Xavier Ben,vihaansaxena@example.net,2358208869,Ambattur,Mizoram,175915,2025-10-15,email,Premium,True
CST0576,Reva Srinivasan,dalaja95@example.com,02848752164,Gulbarga,Bihar,124678,2024-09-05,organic,VIP,True
CST0577,Rushil Boase,ridhi30@example.org,+913967175667,Morena,Arunachal Pradesh,423128,2024-05-25,social,VIP,True
CST0578,Vrinda Chatterjee,anayhora@example.org,9313778029,Pudukkottai,Telangana,430343,2024-04-23,organic,VIP,True
CST0579,Idika Taneja,deepadugar@example.com,07088704321,Indore,Uttarakhand,562589,2024-08-30,email,Premium,True
CST0580,Wyatt Gour,thomasmagar@example.com,+915427807489,Belgaum,Punjab,172023,2026-07-21,email,VIP,True
CST0581,Yasti Subramanian,darpan74@example.net,09327776056,Rourkela,Jharkhand,833459,2024-08-13,referral,Regular,True
CST0582,Peter D’Alia,ekavirvarghese@example.com,1451107736,Singrauli,Jharkhand,121040,2024-06-15,referral,Regular,False
CST0583,Chasmum Basak,desaiisaiah@example.org,3408470148,Mau,Haryana,566576,2025-04-15,email,Premium,True
CST0584,Imaran Wadhwa,vidhinagar@example.com,4915888777,Guntakal,Goa,392627,2026-06-29,paid_search,Regular,True
CST0585,Girindra Sani,egill@example.net,0624373228,Saharsa,West Bengal,135113,2024-06-29,organic,Regular,True
CST0586,Upkaar Mann,nayakbahadurjit@example.org,3017214444,Kollam,Himachal Pradesh,379927,2023-10-15,social,VIP,True
CST0587,Dalaja Chawla,zayyanjaggi@example.com,+914856799230,Thane,Gujarat,379760,2024-01-09,paid_search,Premium,False
CST0588,Ikshita Raghavan,sahabimala@example.com,03197123755,Shahjahanpur,Jharkhand,521639,2025-06-06,referral,Premium,False
CST0589,Upma Gour,anushade@example.com,00199366835,Morena,Kerala,652086,2024-08-28,paid_search,Regular,True
CST0590,Baljiwan Som,victor02@example.com,6267971524,Mahbubnagar,Assam,760292,2024-03-04,email,Premium,False
CST0591,Aachal Bobal,virkneha@example.org,06339513020,Raebareli,Kerala,403315,2024-01-07,referral,VIP,False
CST0592,Zansi Parsa,jagvivig@example.org,+918003924575,Singrauli,Uttar Pradesh,771582,2024-09-26,referral,VIP,False
CST0593,Ekalinga Ghose,krishna57@example.com,1593091197,Bhilwara,West Bengal,277941,2025-06-22,social,Regular,False
CST0594,Qarin Majumdar,basakanamika@example.org,+913534698126,Chapra,Meghalaya,062525,2024-03-26,social,Regular,True
CST0595,Madhavi Natarajan,omajakari@example.com,1495393946,Latur,Sikkim,332751,2023-10-19,referral,VIP,True
CST0596,Ekani Parmar,indali67@example.net,+913609594732,Mau,Bihar,780046,2025-11-11,referral,Regular,True
CST0597,Raghav Shah,seshadrixavier@example.net,2826013969,Chapra,Tamil Nadu,099241,2026-07-29,social,Regular,True
CST0598,Darsh Sawhney,nilimauppal@example.org,3332763263,Jalgaon,Jharkhand,524814,2024-01-29,paid_search,Regular,True
CST0599,Unnati Bala,liam51@example.net,01815540848,Karaikudi,Bihar,484247,2025-06-18,social,Regular,True
CST0600,Chaitanya Bal,urishillarajan@example.org,00114525481,Agra,Tripura,706311,2024-09-07,social,Premium,True
CST0601,Suhani Pandit,aurorapanini@example.org,00622672569,Madhyamgram,Andhra Pradesh,829094,2023-11-18,paid_search,Regular,False
CST0602,Jason Nayar,zansi84@example.org,+918175451823,Ludhiana,Mizoram,777191,2024-11-19,referral,Premium,True
CST0603,Nitesh Dash,tanveer31@example.org,03693328596,Morena,Punjab,874237,2024-04-05,organic,Regular,True
CST0604,Upasna Badal,vrittigoswami@example.net,00488199485,Hajipur,Jharkhand,403553,2023-10-28,organic,VIP,True
CST0605,Jai Yohannan,sdayal@example.com,07150676040,Buxar,Telangana,181045,2024-10-25,email,Regular,True
CST0606,Dhruv Srinivasan,indira80@example.org,1767521431,Proddatur,Rajasthan,642847,2023-12-29,paid_search,Regular,True
CST0607,Lopa Bal,borahjhalak@example.com,07855752052,Raebareli,Uttar Pradesh,725003,2026-07-13,social,Regular,True
CST0608,Gagan Jain,aayush91@example.com,+913532408260,Sagar,Karnataka,463710,2025-09-17,organic,VIP,True
CST0609,Yashasvi Sekhon,qramachandran@example.com,03142958047,Kurnool,Haryana,568539,2026-07-29,organic,Premium,True
CST0610,Adya Bhandari,samijanaki@example.com,+913520027468,Pallavaram,Tripura,986399,2025-05-11,email,Premium,True
CST0611,Praneel Handa,tmitra@example.org,+917592121456,Jalandhar,Madhya Pradesh,619196,2024-06-08,organic,Premium,False
CST0612,Vasudha Hayre,upkaarnayar@example.net,+910389644106,Guna,Manipur,336488,2023-10-26,paid_search,Regular,True
CST0613,Yagnesh Bail,zsalvi@example.org,+919597265615,Jalna,Himachal Pradesh,823311,2023-12-14,email,Regular,True
CST0614,Luke Barad,agala@example.com,+910626107721,Agra,Sikkim,798365,2025-07-24,email,VIP,True
CST0615,Turvi Sahota,vanya72@example.com,8887499151,Visakhapatnam,Maharashtra,284384,2024-04-29,organic,Regular,True
CST0616,Udant Thaman,shroffaditya@example.org,00292800532,Faridabad,Telangana,227553,2026-04-24,organic,VIP,True
CST0617,Unni Natarajan,rdar@example.com,2477164038,Mehsana,Himachal Pradesh,240980,2026-07-11,referral,VIP,False
CST0618,Nihal Uppal,karasudiksha@example.org,09372790518,Gorakhpur,Haryana,196210,2025-05-20,organic,VIP,True
CST0619,Bina Sandal,qkade@example.net,+913574150681,Bhiwani,Himachal Pradesh,409435,2025-12-16,email,Regular,True
CST0620,Kritika Kapoor,abadal@example.net,02365437010,Darbhanga,West Bengal,152764,2024-02-20,referral,Regular,False
CST0621,Kevin Taneja,urvi89@example.net,7108532902,Rajahmundry,Himachal Pradesh,489838,2025-09-10,social,Premium,True
CST0622,Sathvik Dhaliwal,dhingraalka@example.net,04599882959,Mumbai,Nagaland,268502,2024-03-23,paid_search,Premium,True
CST0623,Gaurika Pradhan,wcherian@example.com,4870868403,Thrissur,Goa,894659,2025-03-19,organic,Premium,True
CST0624,Bina Natt,randhawabaljiwan@example.org,07132917402,Dharmavaram,Gujarat,408967,2026-02-12,organic,Regular,True
CST0625,Edhitha Sami,chameli29@example.org,2432977868,Meerut,Tamil Nadu,359534,2025-05-20,social,Regular,False
CST0626,Tarak Bhandari,nihalsarraf@example.org,+915555470013,Phagwara,Himachal Pradesh,092224,2025-01-21,social,VIP,True
CST0627,Ira Keer,aishanidutta@example.org,03911228655,Saharanpur,Andhra Pradesh,318920,2024-07-27,paid_search,Premium,True
CST0628,Joshua Nazareth,duttajack@example.com,+910301653238,Bhopal,Uttarakhand,559254,2026-02-21,organic,VIP,True
CST0629,Sarthak Sant,xkaul@example.net,7643816282,Kamarhati,Gujarat,298130,2025-10-01,paid_search,Regular,True
CST0630,Liam Mallick,fedwin@example.org,+912938137617,Howrah,Odisha,463356,2024-09-30,organic,VIP,True
CST0631,Gagan Mall,jonathan63@example.org,02786886485,Tiruvottiyur,Goa,933938,2024-02-04,email,Premium,True
CST0632,Xalak Seshadri,ekapad67@example.com,6486766635,Secunderabad,Assam,030898,2026-05-02,paid_search,Premium,True
CST0633,Timothy Banerjee,oliver99@example.net,2737792897,Gopalpur,Gujarat,238928,2024-06-08,referral,Regular,True
CST0634,Advay Chopra,orajagopal@example.net,5246824456,Srikakulam,West Bengal,126673,2025-05-02,referral,Premium,True
CST0635,Vivaan Bhatnagar,anamika80@example.com,03033392655,Vellore,Sikkim,063407,2024-12-01,referral,VIP,True
CST0636,Krisha Kaur,rastogijyoti@example.org,+915623629377,Panihati,Tripura,416810,2025-09-14,organic,VIP,True
CST0637,Onveer Bhatia,qkata@example.org,03283571138,Bettiah,Maharashtra,641291,2024-08-01,email,Regular,False
CST0638,Aarini Cheema,omkaar26@example.com,04819087470,Mumbai,Nagaland,531401,2025-12-07,organic,VIP,False
CST0639,Deepa Gaba,meerakurian@example.org,5699325047,Gulbarga,Gujarat,148371,2023-08-28,referral,Premium,False
CST0640,Upadhriti Khare,voraharini@example.org,08606563920,Amritsar,Arunachal Pradesh,072271,2024-06-02,social,VIP,False
CST0641,Advay Shetty,leenabarad@example.com,09848061234,Bhubaneswar,Tamil Nadu,870805,2024-02-27,organic,VIP,True
CST0642,Aayush Swaminathan,manyadyal@example.org,+915942788883,Deoghar,Sikkim,613817,2024-05-19,organic,Premium,True
CST0643,Michael Nagarajan,ryanmadan@example.net,8739675766,Barasat,Uttar Pradesh,363839,2024-08-31,social,Premium,True
CST0644,Neelima Dugar,ramabanjeet@example.com,02486975460,Ballia,Assam,365422,2023-09-11,email,Regular,False
CST0645,Kritika Sangha,pbora@example.org,05672530274,Ujjain,Mizoram,135351,2024-12-22,organic,VIP,True
CST0646,Arya Nadkarni,lsubramaniam@example.net,4430928067,Alappuzha,Odisha,381849,2026-05-02,paid_search,Premium,True
CST0647,Caleb Handa,anika15@example.net,7745193519,Bhusawal,Haryana,576946,2024-07-21,referral,Regular,True
CST0648,Kritika Kadakia,fsen@example.org,04382909773,Guwahati,Haryana,488604,2025-10-11,email,Regular,True
CST0649,Zayyan Ghose,swarrior@example.org,07936931180,Patiala,Bihar,581409,2023-09-21,organic,Premium,False
CST0650,Zansi Bhakta,dewanadvay@example.org,08700724558,New Delhi,Haryana,518812,2025-12-21,paid_search,VIP,True
CST0651,Anita Savant,abhimanyu74@example.net,+919168761072,Bidhannagar,Madhya Pradesh,100975,2025-09-16,organic,Regular,True
CST0652,Nicholas Wable,ladlilala@example.com,1844830593,Salem,Manipur,001543,2025-02-18,email,Regular,True
CST0653,Chandran Wali,jagdish22@example.net,08570592697,Jehanabad,Maharashtra,729951,2026-03-27,referral,Premium,True
CST0654,Nidhi Bobal,rcherian@example.org,02369179410,Dibrugarh,Andhra Pradesh,582485,2025-07-27,paid_search,Regular,False
CST0655,Nilima Kothari,qchoudhry@example.com,2189742307,Gwalior,West Bengal,688666,2024-08-11,social,Regular,True
CST0656,Brijesh Vora,kevinmitra@example.com,1998726756,Nangloi Jat,Telangana,169153,2026-01-31,referral,Premium,True
CST0657,Oliver Agate,jbaria@example.net,7787501720,Indore,Arunachal Pradesh,699858,2024-07-05,organic,Regular,True
CST0658,Balhaar Anand,chandranarunima@example.org,00536141906,Srinagar,Jharkhand,741712,2024-07-23,referral,Regular,True
CST0659,Teerth Dora,suhani78@example.com,+912432416214,Khandwa,Assam,118648,2025-12-28,paid_search,Premium,True
CST0660,Nicholas Bawa,ekiyadhingra@example.net,+917683489942,Mango,Haryana,853365,2024-02-28,referral,Premium,True
CST0661,Reyansh Natt,raghavanowen@example.org,+919790759860,Orai,Assam,967330,2025-06-21,organic,VIP,True
CST0662,Ekiya Master,samarthprashad@example.net,+917715177353,Guwahati,Meghalaya,531596,2023-11-18,email,VIP,True
CST0663,Praneel Murthy,ebhasin@example.com,09660342019,New Delhi,Goa,374211,2024-03-19,social,Premium,True
CST0664,Charan Ramakrishnan,peterarya@example.com,+913317519157,Siwan,Chhattisgarh,392272,2024-02-01,email,Regular,True
CST0665,Timothy Madan,farajgour@example.net,8370698877,Karimnagar,Sikkim,918932,2026-07-11,paid_search,Regular,False
CST0666,Ethan Bhatt,jaipai@example.org,+911298344443,Pallavaram,Telangana,680829,2026-04-10,paid_search,VIP,False
CST0667,Vanya Soman,gargwridesh@example.net,08312556489,Hyderabad,Tripura,361344,2023-09-08,email,Regular,True
CST0668,Nachiket Bhasin,bhattacharyyaaayush@example.net,00705737813,Gandhidham,Gujarat,083482,2024-02-18,paid_search,Premium,False
CST0669,Wyatt Sastry,kulkarnijai@example.com,08871327456,Loni,Gujarat,516940,2023-12-07,email,Regular,False
CST0670,Timothy Sane,upkaarjain@example.com,+918391074611,Purnia,Assam,519986,2026-03-15,social,Premium,True
CST0671,Chakradhar Ganguly,kala43@example.org,6456232261,Ujjain,Sikkim,984024,2025-11-14,social,Premium,True
CST0672,Andrew Bains,bhagatyash@example.com,+918521330688,Suryapet,Meghalaya,474268,2025-08-05,paid_search,Regular,False
CST0673,Vedika Walia,revabali@example.org,+913110608760,Bhind,Sikkim,881997,2026-05-26,organic,Regular,True
CST0674,Hema Barad,netra09@example.net,06148983975,Siwan,Nagaland,209988,2024-08-22,paid_search,Premium,False
CST0675,Aachal Mand,diptanarayan@example.org,+915111789721,Chapra,Uttar Pradesh,234989,2024-02-05,organic,Regular,True
CST0676,Girik Ahluwalia,kaurryan@example.net,03340637015,Machilipatnam,West Bengal,963380,2024-02-15,referral,VIP,True
CST0677,Om Gola,falgunikohli@example.com,3148167965,Bettiah,Himachal Pradesh,526326,2025-10-23,organic,VIP,True
CST0678,Anirudh Magar,pradhanarya@example.org,+913112621485,Haridwar,Maharashtra,665145,2025-10-05,social,Premium,True
CST0679,Raghav Pathak,prabhakarayushman@example.org,00281326293,Karawal Nagar,Himachal Pradesh,753136,2026-04-05,email,Regular,False
CST0680,Warhi Dalal,ekanta56@example.net,+915229545103,Gurgaon,Manipur,739397,2025-06-21,referral,VIP,True
CST0681,Dhriti Mistry,sarnaatharv@example.com,04420401258,Rewa,Chhattisgarh,716496,2026-07-04,social,Regular,True
CST0682,Lajita Date,somzayyan@example.org,03063098869,Bhiwani,Arunachal Pradesh,204678,2026-06-11,social,VIP,False
CST0683,Onveer Ben,talwaramrita@example.com,7369614149,Mathura,Meghalaya,648062,2024-11-21,referral,Premium,True
CST0684,Daksh Varughese,jayaramanfitan@example.com,02476545866,Sangli-Miraj & Kupwad,Mizoram,115157,2025-05-26,email,VIP,True
CST0685,Jonathan Bhatt,chandreshde@example.org,00099885099,Naihati,Maharashtra,590023,2025-05-31,social,Regular,False
CST0686,Aishani Dar,bosesara@example.net,6805756899,Miryalaguda,Jharkhand,850329,2025-07-27,referral,VIP,True
CST0687,Vrinda Varghese,salvivritti@example.net,1301919162,Pondicherry,Himachal Pradesh,469043,2026-08-15,social,VIP,True
CST0688,Wriddhish Sengupta,zachariahjairaj@example.com,08981834054,Raebareli,Rajasthan,704244,2023-12-27,referral,Premium,True
CST0689,Lopa Hora,kabirkarpe@example.com,03066683084,Raipur,Jharkhand,790228,2026-04-20,social,Regular,True
CST0690,Yagnesh Bhagat,sachdevazansi@example.net,+919776724702,Rewa,Rajasthan,304317,2026-03-13,paid_search,Regular,False
CST0691,Dalaja Thakur,azadbrar@example.net,05944736529,Bhagalpur,Haryana,218477,2024-10-06,paid_search,Premium,True
CST0692,Dayita Dada,masonvala@example.net,09684647894,Anand,Maharashtra,080746,2025-07-14,paid_search,Regular,True
CST0693,Omisha Sha,manderwilliam@example.com,5438744592,Karawal Nagar,Punjab,654826,2024-04-08,social,VIP,True
CST0694,Reva Dora,nilima95@example.com,+916597643093,Gorakhpur,Manipur,954603,2024-02-14,social,VIP,True
CST0695,Chatresh Chander,daliafaqid@example.net,+916348919616,Chandigarh,Odisha,191057,2025-11-20,social,VIP,True
CST0696,Sathvik Agarwal,nathanielseth@example.net,05717299403,Bulandshahr,Haryana,124288,2025-02-25,organic,VIP,True
CST0697,Aarnav Balay,bhavika25@example.org,7920362616,Jhansi,Himachal Pradesh,197831,2025-01-03,email,VIP,False
CST0698,Samaksh Ratti,mohinitara@example.com,+919129191046,Tirupati,Manipur,937820,2025-04-24,organic,Premium,True
CST0699,Faras Mukherjee,ranveer04@example.net,3885070616,Gandhinagar,Uttar Pradesh,946244,2026-02-06,organic,VIP,True
CST0700,Mahika Peri,pwalla@example.net,03183323990,Erode,Uttar Pradesh,239368,2025-02-06,referral,Regular,True
CST0701,Eesha Sarraf,epathak@example.net,7613113456,Giridih,Gujarat,509036,2025-10-26,organic,Regular,True
CST0702,Brinda Sarma,unnati18@example.org,1552695270,Mathura,Gujarat,369873,2025-12-07,social,Premium,True
CST0703,Sathvik Dave,rachita17@example.net,2666699511,Meerut,Uttar Pradesh,604562,2024-11-01,referral,Premium,True
CST0704,Jonathan Sami,narangneha@example.net,+911545702601,Dharmavaram,Meghalaya,134912,2024-05-11,referral,Regular,True
CST0705,Chatura Padmanabhan,narangsathvik@example.org,+917221084849,Kollam,Tamil Nadu,664892,2026-01-29,referral,VIP,True
CST0706,Udarsh Pant,akala@example.net,5928713972,Sagar,Arunachal Pradesh,395909,2025-12-21,referral,Regular,False
CST0707,Damyanti Kadakia,magarvrinda@example.com,1668724159,Tenali,Kerala,931203,2023-12-20,organic,Premium,True
CST0708,Advaith Arora,hamsini94@example.net,04849039186,Latur,Tamil Nadu,277737,2026-06-15,email,Regular,True
CST0709,Tanveer Saran,jairajrajan@example.org,2690893051,Fatehpur,Rajasthan,107931,2024-05-22,referral,Premium,False
CST0710,Nihal Sahota,chaitanyaaurora@example.org,7384889157,Purnia,Arunachal Pradesh,030820,2026-03-18,email,Premium,True
CST0711,Anmol Hari,obalan@example.net,03351780876,Miryalaguda,Himachal Pradesh,432255,2024-04-18,paid_search,Premium,True
CST0712,Robert Halder,zansitara@example.com,1097146675,Guntur,Uttar Pradesh,728017,2024-11-02,organic,Regular,False
CST0713,Qushi Soman,masterekani@example.net,1112800491,Sangli-Miraj & Kupwad,Manipur,677511,2024-06-27,referral,Premium,False
CST0714,Hamsini Rajan,janujadate@example.net,00795206063,Bhiwandi,Haryana,778908,2024-09-14,email,Regular,False
CST0715,Vasudha Jani,cmorar@example.org,2328029605,Ranchi,Odisha,143008,2024-07-26,organic,Premium,True
CST0716,Caleb Chada,sara79@example.org,7312356979,Bhimavaram,Manipur,261112,2025-09-13,referral,Premium,True
CST0717,Jyoti Kant,nayakprisha@example.com,9116168312,Bhind,Tamil Nadu,419858,2025-06-30,social,Regular,True
CST0718,Anita Som,hpalla@example.com,+910056354009,Panihati,Bihar,433856,2024-09-21,paid_search,Premium,True
CST0719,Chaman Nanda,triveni62@example.org,00404888458,Ambarnath,Kerala,171371,2026-04-13,social,Regular,True
CST0720,Wakeeta Sagar,miteshraman@example.net,+915733375554,Nanded,Meghalaya,227218,2026-01-25,referral,Premium,True
CST0721,Chaitanya Kurian,abeerchaudhuri@example.org,+915873394185,Bhilwara,Nagaland,152087,2023-10-14,paid_search,VIP,True
CST0722,Yamini Thakkar,deshpandeabha@example.org,05550038029,Bhilai,Madhya Pradesh,041296,2025-10-22,referral,Regular,True
CST0723,Logan Thaman,khatriluke@example.net,+910057345554,Bihar Sharif,Uttar Pradesh,029722,2023-10-13,paid_search,VIP,True
CST0724,Finn Keer,asheth@example.net,02304798238,Kozhikode,Tripura,745840,2025-09-08,referral,Regular,True
CST0725,Pranit Bail,sachi30@example.com,+918637910108,Bilaspur,Nagaland,180223,2025-06-07,email,Regular,False
CST0726,Nidra Mander,dkunda@example.org,00288027368,Tirunelveli,Tamil Nadu,008299,2023-11-28,social,Premium,False
CST0727,Max Bakshi,badalhredhaan@example.com,1672077649,Noida,Maharashtra,375691,2025-11-20,organic,VIP,True
CST0728,Ryan Lad,rayaannaik@example.net,6572800677,Rampur,Maharashtra,105753,2026-04-16,paid_search,VIP,True
CST0729,Hritik Mani,devikabains@example.com,+919169561371,Malegaon,Haryana,305421,2026-04-06,referral,Regular,False
CST0730,Jack Balasubramanian,mohammed78@example.com,03715052640,Alappuzha,West Bengal,590348,2024-07-27,referral,Premium,True
CST0731,Ikshita Grewal,manthandeol@example.org,8373440781,Mira-Bhayandar,Nagaland,022842,2025-08-04,organic,Premium,False
CST0732,Lipika Ramachandran,mitterudarsh@example.com,3554035179,Kirari Suleman Nagar,Bihar,103246,2024-01-05,email,Regular,False
CST0733,Sara Sibal,lopa86@example.net,08973908515,Durg,Tamil Nadu,031831,2026-03-14,social,VIP,True
CST0734,Qarin Bawa,neelbalasubramanian@example.com,07600480160,Hajipur,Himachal Pradesh,649799,2025-07-22,referral,Regular,True
CST0735,Bishakha Toor,laban71@example.net,+915353347163,Farrukhabad,Assam,277008,2025-02-23,paid_search,VIP,False
CST0736,Ekansh Palla,vohrarachita@example.com,+914392924575,Hospet,Kerala,039745,2025-10-22,organic,Premium,False
CST0737,Vinaya Atwal,kotharifrado@example.com,09957983627,Hindupur,Tamil Nadu,597708,2025-09-05,paid_search,VIP,True
CST0738,Xiti Saha,banjeetborde@example.org,1609647481,Malegaon,Gujarat,156324,2026-08-12,referral,Premium,True
CST0739,Sudiksha Keer,ati95@example.com,+911404059096,Gangtok,Bihar,981149,2026-02-08,organic,VIP,True
CST0740,Mekhala Kothari,warhikunda@example.org,04185159673,Dhule,Punjab,780730,2025-01-17,organic,Premium,False
CST0741,Kavya Mandal,dchoudhry@example.org,+918346241499,Muzaffarnagar,Jharkhand,164037,2023-10-08,organic,Premium,False
CST0742,Krisha Sachdev,harsh62@example.org,02726096399,Kumbakonam,Tripura,139292,2025-05-22,social,Regular,False
CST0743,Chandresh Lalla,nihalcomar@example.net,2994946591,Katihar,Punjab,874228,2025-04-07,referral,Premium,True
CST0744,Samar Mander,vamakshisani@example.org,03381608233,Amroha,Karnataka,843207,2026-05-05,social,VIP,True
CST0745,Upkaar Rao,diptapatla@example.net,5806506862,Panipat,Uttarakhand,194085,2023-09-13,referral,VIP,True
CST0746,Atharv Vyas,zaitradhingra@example.net,01280490590,Hindupur,Tripura,619716,2025-12-03,social,Premium,True
CST0747,Aahana Bansal,ymishra@example.org,+919759346196,Phagwara,Nagaland,059792,2026-06-09,organic,Premium,True
CST0748,Oeshi Kapur,netra33@example.net,+919638453785,Amravati,Uttar Pradesh,910631,2026-02-12,email,VIP,False
CST0749,Chanchal Baral,darvaishnavi@example.net,07666700806,Bathinda,Telangana,074393,2026-02-17,paid_search,VIP,True
CST0750,Timothy Dalal,vihaanmisra@example.org,4793766922,Gaya,Gujarat,857373,2025-06-05,referral,Premium,False
CST0751,Bhanumati Tata,kdhaliwal@example.com,5338920913,Jamnagar,Manipur,966017,2026-01-29,referral,Regular,False
CST0752,Arunima Varma,vasana83@example.org,+916602565189,Bongaigaon,Uttar Pradesh,799140,2024-05-25,referral,VIP,True
CST0753,Aarna Narula,samuel12@example.net,06478294260,Amravati,Sikkim,888162,2024-09-18,email,Premium,True
CST0754,Frederick Borde,sacharbhavika@example.com,+911555689595,Chapra,Rajasthan,754770,2024-01-31,paid_search,Premium,False
CST0755,Anmol Dhingra,xtailor@example.net,+914462356221,Navi Mumbai,Meghalaya,703260,2025-12-24,referral,Premium,True
CST0756,Harita Shah,bansalowen@example.net,02198136648,Ranchi,Sikkim,568725,2025-10-16,email,Regular,True
CST0757,Aarna Bail,ebobal@example.com,07697344482,Sirsa,Andhra Pradesh,349719,2025-09-01,organic,VIP,True
CST0758,Turvi Krishnamurthy,pranganathan@example.org,01395447779,Dibrugarh,Haryana,228466,2024-08-31,email,VIP,True
CST0759,Omisha Sahni,ektaratti@example.net,00827924886,Avadi,Gujarat,646007,2024-08-27,referral,Regular,True
CST0760,Azaan Chowdhury,samaksh13@example.org,+913527266511,Chinsurah,Kerala,336887,2024-03-05,referral,Regular,True
CST0761,Naksh Nagar,oshachatterjee@example.net,+913678201999,Tiruchirappalli,Himachal Pradesh,996961,2024-05-08,social,Premium,True
CST0762,Isha Vaidya,girik34@example.org,+914551056964,Bhatpara,Himachal Pradesh,992506,2026-02-14,email,VIP,True
CST0763,Teerth Ranganathan,kandabhavini@example.net,6651518678,Durg,Sikkim,989391,2024-07-31,referral,Premium,True
CST0764,Ladli Dugar,bakhshijayaraman@example.org,+914074307794,Kadapa,Chhattisgarh,498884,2024-08-12,paid_search,Regular,True
CST0765,Xalak Sant,bariaedhitha@example.org,2544209917,Bhilai,Sikkim,060070,2024-02-17,paid_search,VIP,True
CST0766,Panini Kala,sai88@example.com,9842561283,Orai,Meghalaya,090659,2025-04-26,referral,VIP,True
CST0767,Advay Deshmukh,svaidya@example.org,+913921101991,Amritsar,Telangana,162161,2024-11-08,email,Regular,False
CST0768,Frado Srinivasan,upadhritiravel@example.com,5102241827,Mumbai,Manipur,111564,2024-01-31,referral,VIP,True
CST0769,Arin Kamdar,vedhika71@example.org,02677781414,Chennai,Manipur,876120,2025-08-08,social,VIP,False
CST0770,Deepa Shroff,watika97@example.com,6847122770,Thiruvananthapuram,Kerala,257875,2025-04-21,organic,Regular,True
CST0771,Rajeshri Parmar,nnigam@example.org,+914253819540,Shimla,Jharkhand,194926,2025-04-27,organic,Regular,False
CST0772,Viraj Sem,cgolla@example.net,+913020901518,Shimoga,Arunachal Pradesh,534207,2026-08-03,paid_search,VIP,False
CST0773,Anika Nanda,qmanne@example.net,2138977728,Kochi,Uttarakhand,024511,2025-09-11,organic,Premium,True
CST0774,Umang Bhatt,sandalsanaya@example.org,7714501153,Mathura,Himachal Pradesh,011458,2024-09-03,organic,Regular,True
CST0775,Netra Narayan,fitan07@example.net,07528504205,Shimla,Andhra Pradesh,133292,2023-11-15,email,VIP,True
CST0776,Jairaj Reddy,nishabalan@example.com,+911087870156,Jehanabad,Sikkim,497286,2025-11-05,email,Regular,True
CST0777,Ryan Golla,fpal@example.org,+915799343060,Machilipatnam,Sikkim,815308,2024-04-14,referral,Regular,False
CST0778,Jyoti Dua,balendra78@example.com,05166240653,Tinsukia,Odisha,660755,2026-01-30,paid_search,Premium,False
CST0779,Brijesh Manda,ladli93@example.com,+919084680011,Kavali,Kerala,238210,2025-01-08,email,VIP,False
CST0780,Advik Subramanian,nsom@example.org,1610448069,Jabalpur,Arunachal Pradesh,320279,2023-12-19,paid_search,Premium,True
CST0781,George Buch,vedhikamodi@example.net,06693639315,Thiruvananthapuram,Punjab,432583,2025-02-25,social,Regular,True
CST0782,Nandini Garg,niharikasrinivas@example.com,+912764999595,Kulti,Mizoram,654743,2026-07-29,email,Regular,True
CST0783,Yagnesh Singhal,zehaan60@example.org,+913015843095,Bokaro,Himachal Pradesh,678956,2024-04-12,email,Premium,True
CST0784,Siddharth Bhatnagar,varugheseoscar@example.org,06002566706,Kharagpur,Assam,960896,2024-05-17,organic,Regular,False
CST0785,Nirja Chahal,sridhareesha@example.net,7054476676,Jamshedpur,Andhra Pradesh,524822,2025-10-11,organic,VIP,True
CST0786,Varenya Vala,hsampath@example.net,4074528294,Sambalpur,Karnataka,019561,2025-02-18,social,VIP,False
CST0787,Logan Hans,zdutt@example.org,04014618744,Hyderabad,Punjab,681354,2024-01-06,paid_search,VIP,True
CST0788,Janani Sehgal,schaudhry@example.com,09857833299,Srinagar,Punjab,569988,2024-04-20,referral,VIP,False
CST0789,Oni Chaudhuri,magarqushi@example.net,4313805311,Hajipur,Uttar Pradesh,987886,2025-04-12,social,Regular,False
CST0790,Jeremiah Choudhry,kai08@example.com,+911387310189,Chandrapur,Telangana,527121,2025-06-28,email,Regular,False
CST0791,Tanvi Sandal,pgrewal@example.com,06754456661,Kottayam,Manipur,391400,2026-03-03,organic,VIP,True
CST0792,Abeer Das,idubey@example.net,+919628611103,Hajipur,Uttar Pradesh,807532,2026-07-27,referral,Regular,False
CST0793,Daksha Guha,imaranpatla@example.com,01516436895,Arrah,Sikkim,984086,2024-10-18,social,Premium,True
CST0794,Daksha Natarajan,vyashardik@example.com,+918368585621,Vijayanagaram,Telangana,206546,2024-12-05,paid_search,VIP,True
CST0795,Priya Uppal,perivedant@example.com,+917133166309,Shivpuri,Andhra Pradesh,487864,2023-09-30,email,Regular,True
CST0796,Mitesh Buch,rajatatandon@example.net,8036313337,Phusro,Arunachal Pradesh,356313,2026-01-04,social,VIP,True
CST0797,Aahana Soman,mammenaadi@example.com,+912184837545,Katni,Mizoram,579941,2024-11-08,social,Regular,True
CST0798,Orinder Nagi,matthewdeshmukh@example.org,1001662042,Nandyal,Mizoram,915165,2025-04-24,email,VIP,False
CST0799,Nimrat Doshi,chaturavora@example.org,+914617570976,Morena,Gujarat,863991,2025-02-22,social,VIP,True
CST0800,Alexander Date,guptaindrajit@example.com,05490475123,Serampore,Uttarakhand,065732,2024-04-28,organic,VIP,True
CST0801,Nidra Nadig,anaybhardwaj@example.org,+915077602645,Yamunanagar,Chhattisgarh,733197,2025-06-28,referral,Premium,True
CST0802,Arjun Agate,pbali@example.com,+916310185412,Sagar,Jharkhand,971307,2024-06-14,email,Premium,True
CST0803,Chakradhar Morar,yachana87@example.com,1893591864,Chittoor,Uttarakhand,856447,2024-06-13,social,Premium,True
CST0804,Dev Mitra,contractorbahadurjit@example.net,+917962244289,Haldia,Bihar,824492,2024-03-17,email,VIP,True
CST0805,Aishani Mistry,yohannanlopa@example.net,00190640632,Satna,Gujarat,105079,2024-01-31,organic,Regular,True
CST0806,Amruta Rastogi,harsh44@example.com,+917699519902,Noida,Mizoram,493667,2025-11-15,referral,VIP,True
CST0807,Chatura Devan,krishnamurthyqarin@example.net,+911217793332,Rampur,Sikkim,567716,2025-11-26,social,Premium,False
CST0808,Priya Pillay,gautam59@example.org,+912332422407,Kakinada,Sikkim,881594,2023-11-30,email,Premium,True
CST0809,Ridhi Ram,xalak88@example.net,4415740261,Guntur,Haryana,680718,2025-05-20,social,Regular,True
CST0810,Indira Gandhi,ridhi65@example.com,5480512816,Surat,Manipur,412251,2024-12-31,social,VIP,False
CST0811,Nakul Comar,udant44@example.net,7146902318,Giridih,Uttarakhand,478834,2026-05-03,organic,Premium,True
CST0812,Janya Mall,charansheth@example.net,+916271084274,Muzaffarnagar,West Bengal,329284,2025-08-31,referral,VIP,True
CST0813,Mohini Devan,charan78@example.net,+913917091533,Rajkot,Meghalaya,000560,2024-08-21,organic,Premium,True
CST0814,Wishi Andra,rachana36@example.com,8231805527,Thanjavur,Kerala,686918,2025-12-01,referral,Premium,True
CST0815,Oviya Borra,vermatanvi@example.net,2289372308,Yamunanagar,Arunachal Pradesh,150037,2025-02-12,email,Premium,True
CST0816,Neel Pandit,annejackson@example.org,+913434323002,Bhatpara,Arunachal Pradesh,188087,2023-09-25,organic,Premium,True
CST0817,Wakeeta Gara,jackson16@example.org,00203941637,Amaravati,Punjab,838040,2026-01-05,paid_search,Regular,True
CST0818,Balendra Vyas,hansubika@example.org,5058478606,Guntur,Chhattisgarh,503775,2024-02-12,paid_search,Regular,True
CST0819,Naksh Ganesan,andrewcherian@example.org,+911520359353,Bellary,Tripura,488702,2024-10-30,email,Regular,True
CST0820,Samaksh Deshmukh,daksheshsaraf@example.net,+912636372954,Bally,Maharashtra,803668,2026-04-27,paid_search,Regular,False
CST0821,Sachi Saxena,lallapallavi@example.org,+911737820591,Tinsukia,Haryana,443898,2025-08-27,social,Premium,True
CST0822,Januja Nanda,rachitmani@example.com,04446800948,Bidar,Manipur,730399,2025-02-21,social,VIP,True
CST0823,Adya Shanker,pnigam@example.net,+914319774146,Nadiad,Manipur,350861,2025-11-29,paid_search,Regular,False
CST0824,Manthan Sundaram,napte@example.org,02121298454,Kavali,Madhya Pradesh,949524,2023-11-09,social,VIP,True
CST0825,Advik Bath,opathak@example.org,+912296985438,Bihar Sharif,Chhattisgarh,348569,2024-06-02,email,Premium,False
CST0826,Ansh Bhavsar,zchakrabarti@example.net,02371242848,Rohtak,Rajasthan,207651,2024-05-04,organic,VIP,True
CST0827,Lavanya Lalla,loyalamruta@example.com,9351844325,Nagpur,Haryana,925624,2024-06-09,organic,Premium,True
CST0828,Hemangini De,jyotighose@example.net,02881088473,Amaravati,Bihar,946140,2026-05-25,social,Regular,True
CST0829,Sathvik Nadig,snehasaraf@example.com,0848214477,Nandyal,Mizoram,206691,2026-01-17,organic,VIP,True
CST0830,Nilima Bajaj,badamisuhani@example.com,2454871648,Tadipatri,Manipur,072055,2023-12-16,email,Premium,True
CST0831,Idika Zachariah,wkibe@example.net,+915245324654,Loni,Haryana,716812,2025-03-20,email,VIP,True
CST0832,Udant Srinivasan,qbatra@example.net,08577890288,Warangal,Goa,892478,2025-12-17,referral,Premium,True
CST0833,Upadhriti Chakrabarti,edhitha91@example.com,00168943512,Bijapur,Haryana,684828,2025-07-17,email,Regular,True
CST0834,Peter Prabhakar,abhargava@example.net,+916397074841,Jehanabad,Punjab,692210,2025-09-28,email,Premium,False
CST0835,Falguni Vig,warda47@example.org,0249441794,Bhatpara,Maharashtra,580428,2025-04-01,email,VIP,True
CST0836,Kashvi Pall,simonbora@example.net,+912417921993,Ahmednagar,Nagaland,195454,2024-06-23,email,VIP,True
CST0837,Fitan Dara,mason50@example.net,3107484903,Tiruppur,Nagaland,462235,2026-02-19,organic,Regular,True
CST0838,Jagdish Seshadri,osha21@example.org,1763965646,Mau,Arunachal Pradesh,689251,2026-07-11,organic,VIP,False
CST0839,Ekani Sarna,ramanathantanay@example.com,+918167191767,Jalandhar,Himachal Pradesh,381734,2023-12-15,organic,Regular,True
CST0840,Osha Bali,ishwargokhale@example.com,0548544954,Shimla,Madhya Pradesh,526640,2025-10-07,referral,Premium,True
CST0841,Odika Karpe,mekhalaraj@example.org,2696505802,Hindupur,Himachal Pradesh,153103,2025-04-22,social,Regular,True
CST0842,Osha Dar,vartyinaya@example.net,7116815948,Ranchi,Mizoram,119083,2026-02-21,paid_search,Regular,False
CST0843,Aishani Vig,bhanumati81@example.com,0764500043,Morena,Uttar Pradesh,887036,2026-01-18,referral,Regular,True
CST0844,Yashica Desai,fradobarman@example.org,00176011469,Karaikudi,Goa,565580,2024-04-17,paid_search,Premium,True
CST0845,Kavya Wagle,ojaskapur@example.org,05115454916,Nanded,Haryana,552326,2026-08-25,paid_search,Regular,True
CST0846,Krisha Nadkarni,janakiramaswamy@example.net,06723547953,Dewas,Karnataka,369866,2024-05-08,email,VIP,True
CST0847,Akshay Kari,gpadmanabhan@example.net,+912234973853,Nellore,Karnataka,969488,2024-07-11,email,Premium,True
CST0848,Siya Bawa,ygoyal@example.net,00964952841,Hajipur,Haryana,891878,2024-05-26,social,Premium,False
CST0849,Lohit Deshpande,thakkarmadhav@example.com,03642054096,Tumkur,Madhya Pradesh,084145,2025-10-16,paid_search,Premium,False
CST0850,Parth Nayar,galaalexander@example.com,+913694060753,Munger,Telangana,781597,2023-11-15,paid_search,VIP,True
CST0851,Charan Sarma,nitaraganesh@example.com,00914010164,Bokaro,Mizoram,358022,2024-01-07,social,VIP,True
CST0852,Bhavini Choudhury,zaidbaral@example.org,1214534485,Jaipur,Sikkim,219935,2026-05-19,email,VIP,True
CST0853,Luke Rajagopalan,sarmalibni@example.org,08622346523,Mahbubnagar,Arunachal Pradesh,060264,2024-09-30,organic,VIP,True
CST0854,Anika Bhalla,kjaggi@example.org,3251153256,Yamunanagar,Goa,305882,2024-09-28,referral,VIP,True
CST0855,Hiral Sami,chasmum05@example.net,02548893529,Shimoga,Maharashtra,981866,2024-10-30,social,Regular,False
CST0856,Xavier Talwar,atara@example.net,3527943714,Unnao,Uttarakhand,996815,2025-08-25,paid_search,Premium,False
CST0857,Noah Solanki,darpanvarkey@example.org,08924061649,Bihar Sharif,Karnataka,873015,2026-06-20,social,VIP,False
CST0858,Kashvi Dhar,ramaswamynetra@example.com,0535680483,Tirunelveli,Tripura,072699,2024-11-19,email,Premium,True
CST0859,Gopal Menon,zayyan00@example.com,+912233632281,Mumbai,Odisha,793448,2026-03-15,email,VIP,True
CST0860,Prisha Patla,bhandaribachittar@example.com,+917024028720,Srinagar,Himachal Pradesh,443166,2026-04-04,social,Regular,True
CST0861,Aachal Madan,chavvi38@example.com,+915288383733,Katihar,Uttarakhand,969117,2023-12-21,referral,VIP,True
CST0862,Hamsini Pingle,msubramanian@example.org,+913844541388,Vijayanagaram,Mizoram,889491,2024-08-06,organic,VIP,True
CST0863,Vritti Bhavsar,chanarachita@example.com,6772761243,Navi Mumbai,Haryana,205376,2023-10-26,referral,Regular,True
CST0864,Kevin Gulati,nchopra@example.net,8151092436,Miryalaguda,Manipur,067783,2025-03-06,organic,Regular,False
CST0865,Dhriti Uppal,oniganesan@example.org,+919179720107,Thiruvananthapuram,Jharkhand,033453,2025-11-23,organic,VIP,False
CST0866,Anthony Boase,daliabhavna@example.net,04126050959,Bardhaman,Himachal Pradesh,148492,2024-04-20,organic,Premium,False
CST0867,Omisha Shukla,xiti56@example.com,+916241241237,Ozhukarai,Nagaland,394917,2025-05-04,social,Premium,True
CST0868,Nidra Dewan,urvashi03@example.org,+919393030798,Asansol,Punjab,136355,2026-04-09,organic,Premium,False
CST0869,Anusha Rout,urishilla51@example.org,07263827437,Rampur,Nagaland,024153,2024-07-23,organic,Premium,True
CST0870,Abdul Divan,yutika13@example.com,+915632952273,Thiruvananthapuram,Sikkim,062741,2025-04-22,referral,VIP,True
CST0871,Devansh Sur,lpillay@example.org,+912340270736,Ramagundam,Gujarat,206251,2024-09-07,social,Premium,True
CST0872,Urishilla Contractor,lipikauppal@example.com,02444424884,Sonipat,Arunachal Pradesh,583814,2026-03-27,email,VIP,True
CST0873,Timothy Menon,netrasant@example.net,1661076737,Sirsa,Assam,279412,2024-06-11,social,Regular,True
CST0874,Sanya Bora,bishakha45@example.org,8138722167,Mirzapur,Odisha,530397,2025-12-02,paid_search,Premium,False
CST0875,Upma Chadha,kadakiaxalak@example.com,05152074093,Dibrugarh,Nagaland,860363,2024-05-15,email,Premium,False
CST0876,Quincy Bhardwaj,bbajwa@example.com,+914408733227,Bongaigaon,Telangana,674116,2024-08-26,paid_search,Premium,True
CST0877,Dipta Misra,ndhar@example.com,4904869063,Aizawl,Maharashtra,891430,2025-10-14,email,Premium,True
CST0878,Gaurang Srinivas,comarleela@example.org,05995538996,Chandigarh,Arunachal Pradesh,650911,2025-09-23,referral,Premium,True
CST0879,Onveer Wagle,eta52@example.org,7782004458,Khora ,Bihar,963838,2025-09-19,email,VIP,True
CST0880,Nathan Lala,nsuresh@example.org,+915114475322,Udaipur,Madhya Pradesh,338274,2025-11-01,paid_search,Premium,True
CST0881,Frado Samra,yashhayer@example.com,5990830043,Rajpur Sonarpur,Assam,521759,2023-12-18,organic,Premium,True
CST0882,Kritika Shanker,qgoyal@example.org,1598816251,Nagpur,Kerala,731251,2025-05-17,paid_search,Premium,True
CST0883,Amaira Om,shethgaurang@example.org,04780896251,Narasaraopet,Tripura,029005,2024-12-30,organic,Regular,True
CST0884,Anika Varkey,ektamerchant@example.org,02754856952,Dibrugarh,Uttarakhand,133734,2023-11-06,paid_search,Premium,True
CST0885,Pranav Rana,spillay@example.net,4413768657,Bilaspur,Uttar Pradesh,286764,2024-07-04,organic,Regular,True
CST0886,Hemangini Roy,evenkatesh@example.com,3612209465,Etawah,Telangana,007138,2024-03-26,referral,Premium,False
CST0887,Akshay Shan,xsachdeva@example.org,06229072584,Silchar,Haryana,622817,2026-03-18,email,VIP,True
CST0888,Daniel Tak,balveeroza@example.net,+915245543842,Chennai,Mizoram,526464,2026-08-26,referral,Premium,False
CST0889,Xiti Chandra,rishi31@example.com,06370435846,Vadodara,Punjab,783505,2025-07-05,email,VIP,True
CST0890,Samesh Deol,dugaleesha@example.net,+911589805688,Agra,Assam,221276,2026-04-06,organic,Regular,True
CST0891,Timothy Madan,agateyatin@example.net,8538378452,Berhampore,Nagaland,386942,2026-01-03,paid_search,VIP,True
CST0892,Ranbir Sengupta,hmajumdar@example.org,06562653582,Chapra,Gujarat,165122,2026-02-23,email,Premium,True
CST0893,Arya Mukhopadhyay,harish68@example.com,5313414623,Guwahati,Telangana,399864,2025-02-20,email,VIP,True
CST0894,Bhavika Natt,kashyapgeetika@example.com,6531132877,Buxar,Manipur,609000,2024-10-01,referral,Regular,True
CST0895,Manthan Barad,mayamahal@example.com,08042991611,Sasaram,West Bengal,942136,2023-10-15,organic,VIP,True
CST0896,Aayush Gulati,janakijaggi@example.org,07040280358,Jehanabad,Odisha,577634,2025-02-21,paid_search,Premium,True
CST0897,Vedant Som,ikshita81@example.org,01836314378,Ranchi,Himachal Pradesh,984082,2025-06-15,email,Regular,False
CST0898,Atharv Mand,januja65@example.com,+910498282787,Berhampore,Assam,104801,2024-08-02,organic,Regular,True
CST0899,Vinaya Kapadia,patrick28@example.com,3847819805,Begusarai,Haryana,289011,2025-05-26,paid_search,Regular,False
CST0900,Ria Palla,kapadiavihaan@example.org,8822576540,Bilaspur,West Bengal,017521,2025-01-09,social,VIP,True
CST0901,Vinaya Soni,dhaliwalavni@example.org,7041895352,Chinsurah,Gujarat,954334,2025-08-28,email,Regular,True
CST0902,Fariq Dutta,khannaisaac@example.com,1293400209,Satara,Tripura,783038,2024-12-26,referral,Premium,True
CST0903,Siddharth Dutt,chadhaaadhya@example.net,02048225849,Loni,Rajasthan,869298,2025-03-24,paid_search,Regular,True
CST0904,Andrew Choudhry,rkadakia@example.net,3508607363,Eluru,Telangana,086678,2023-09-11,paid_search,Premium,True
CST0905,Yashasvi Bora,timothysem@example.com,7115216331,Faridabad,Manipur,709734,2024-02-22,email,Premium,True
CST0906,Isha Sant,sahnidevika@example.org,+917507759829,Tumkur,Assam,150710,2025-08-13,referral,Premium,True
CST0907,Netra Merchant,panditvasudha@example.net,+916538063079,Mangalore,Maharashtra,344922,2023-11-19,referral,Regular,False
CST0908,Bhavini Nanda,bhanumatipillai@example.org,+917739188882,Anantapuram,Bihar,661298,2024-12-25,referral,VIP,True
CST0909,Leela Mahajan,rtaneja@example.com,7556775342,Rampur,Andhra Pradesh,164086,2024-06-26,paid_search,Premium,True
CST0910,Manbir Badal,agastya56@example.org,+917318875659,Ahmednagar,Gujarat,380992,2025-05-20,paid_search,Premium,False
CST0911,Victor Modi,sudikshakonda@example.net,2345036352,Aurangabad,Jharkhand,202932,2026-04-17,organic,Premium,True
CST0912,Girindra Behl,buchtara@example.org,07390767332,Mahbubnagar,Manipur,558650,2025-12-28,referral,Regular,True
CST0913,Owen Dara,esarraf@example.org,6196690405,Nadiad,Meghalaya,098575,2025-10-06,referral,Regular,True
CST0914,Sai Jhaveri,divya40@example.net,+916629266536,Cuttack,Rajasthan,278933,2023-11-16,paid_search,Premium,True
CST0915,Garima Bandi,ichowdhury@example.com,1853555497,Bhind,Punjab,004191,2024-02-13,referral,Regular,True
CST0916,Abha Deo,radhakrishnankashvi@example.org,2582061312,Medininagar,Nagaland,023188,2023-09-25,organic,Premium,True
CST0917,Praneel Bora,chakrika45@example.net,5496152964,Allahabad,Meghalaya,070735,2024-12-17,referral,VIP,True
CST0918,Udarsh Datta,lakshit77@example.com,+917217442857,Satara,Odisha,293670,2025-02-21,social,Regular,True
CST0919,Bhavya Raj,chawlasaanvi@example.org,4019802325,Ujjain,Punjab,463450,2024-12-30,social,Premium,True
CST0920,Manya Tandon,jeevikaghosh@example.com,6483209081,New Delhi,Meghalaya,695600,2026-02-25,email,VIP,True
CST0921,Forum Sane,mom@example.net,6005258899,Jaunpur,Tripura,275624,2025-11-18,social,VIP,True
CST0922,Zaid Gill,kashish66@example.org,07507255211,North Dumdum,Uttarakhand,117556,2025-11-16,email,VIP,True
CST0923,Hardik Ravi,virajandra@example.net,08929682916,Shahjahanpur,Sikkim,716293,2026-03-27,email,Regular,False
CST0924,Jagrati Narasimhan,unnati42@example.org,+910942884925,Ramagundam,Punjab,147713,2025-08-16,paid_search,Regular,True
CST0925,Varsha Sane,kgopal@example.org,03094215047,Morena,Punjab,875089,2024-04-14,organic,Premium,True
CST0926,Jagdish Sangha,shroffvihaan@example.net,07578832033,Madurai,Andhra Pradesh,553560,2024-09-08,email,VIP,False
CST0927,Simon Dutta,nsandal@example.org,4810399354,Nadiad,Gujarat,205778,2023-11-20,referral,Premium,True
CST0928,Upasna Soni,danielwali@example.net,6387096068,Lucknow,Telangana,252188,2024-03-02,social,VIP,True
CST0929,Chakradev Khanna,yagneshmital@example.org,06901378111,Gangtok,Nagaland,955538,2023-12-15,email,VIP,True
CST0930,Nihal Gupta,nayaryashica@example.net,09331127186,Rourkela,Gujarat,984913,2025-09-21,email,Premium,True
CST0931,Anita Chandra,dinmaya@example.com,+919888675544,Alwar,Karnataka,115424,2025-11-02,email,Regular,True
CST0932,Peter Gupta,kkar@example.org,09430125392,Unnao,West Bengal,234198,2024-10-14,email,Premium,False
CST0933,Wahab Gopal,nshenoy@example.net,4017578382,Hyderabad,Gujarat,378543,2025-12-27,paid_search,VIP,False
CST0934,Sneha Viswanathan,pillaygunbir@example.org,3014416979,Salem,Uttarakhand,918122,2026-05-16,paid_search,VIP,True
CST0935,Anvi Gandhi,dasguptaraagini@example.org,+911310486630,Secunderabad,Arunachal Pradesh,100314,2024-03-30,social,Premium,False
CST0936,Banjeet Bhat,ikbalagrawal@example.net,+917821002561,Asansol,Meghalaya,461299,2026-08-18,organic,Regular,True
CST0937,Arjun Toor,cprabhakar@example.com,07747790485,Sirsa,West Bengal,374198,2026-05-08,email,Premium,True
CST0938,Jonathan Nadig,bhargavajagvi@example.net,0534110909,Bhatpara,Chhattisgarh,900714,2024-11-27,email,Regular,True
CST0939,Urmi Dara,omchopra@example.com,+910869315580,Varanasi,West Bengal,896488,2025-12-08,referral,VIP,True
CST0940,Ira Mishra,jairaj54@example.com,08994058988,Tadipatri,Meghalaya,107627,2026-07-13,paid_search,Premium,True
CST0941,Mekhala Kar,calebbhatnagar@example.com,+917330687822,Tenali,Arunachal Pradesh,664432,2024-11-14,paid_search,Regular,True
CST0942,Finn Narang,thakerijaya@example.org,8195605693,Bijapur,Uttar Pradesh,931944,2025-09-03,social,Regular,True
CST0943,Girish Roy,advik51@example.com,+911541703738,New Delhi,Jharkhand,157358,2026-02-04,paid_search,Regular,True
CST0944,Darika Bora,osha90@example.com,5692055926,Faridabad,Assam,525306,2024-09-11,social,Regular,True
CST0945,Tristan Bakshi,anusha66@example.com,4277432197,Panchkula,Punjab,661655,2023-10-08,paid_search,Premium,True
CST0946,Fiyaz Bhargava,omkaarpant@example.net,+910136001138,Jamshedpur,Punjab,721300,2024-01-03,referral,Premium,False
CST0947,Vivaan Rana,rohan73@example.net,7860357627,Solapur,Punjab,978633,2024-09-05,email,Premium,True
CST0948,Darpan Char,cgara@example.com,+918241705861,Eluru,Tripura,273716,2024-03-25,email,VIP,True
CST0949,Adya Barad,nidhilad@example.com,7684004162,Uluberia,Maharashtra,185552,2025-03-02,referral,VIP,False
CST0950,Aditya Ahluwalia,kotafalan@example.com,8976276779,Barasat,Telangana,759159,2024-02-20,social,Regular,False
CST0951,Gunbir Oommen,abhawable@example.org,06411658101,Dehradun,Maharashtra,211317,2026-05-11,social,Regular,True
CST0952,Om Srinivas,chaudhurimatthew@example.org,1345526371,Vasai-Virar,Sikkim,426057,2026-08-04,social,Regular,True
CST0953,Ronith Malhotra,sehgalnaksh@example.org,05312402566,Rampur,Maharashtra,771533,2026-03-20,paid_search,VIP,True
CST0954,Barkha Kara,farasvarghese@example.org,+914697924324,Varanasi,Karnataka,002720,2023-12-14,email,Premium,True
CST0955,Tristan Bassi,vasatika95@example.net,08964473598,Haridwar,Uttarakhand,498571,2024-02-06,social,VIP,False
CST0956,Eiravati Chaudhry,shivansh19@example.com,0280121568,Ramagundam,Sikkim,548640,2026-07-12,social,Regular,True
CST0957,Patrick Merchant,pmital@example.org,01143274036,Thane,Nagaland,852474,2023-12-04,email,VIP,False
CST0958,Shaurya Behl,aryansule@example.net,+913843387093,Dibrugarh,Haryana,409527,2024-10-03,email,Regular,True
CST0959,Falguni Toor,qsridhar@example.com,0442507111,Chittoor,Kerala,250186,2024-10-19,referral,Regular,False
CST0960,Chaaya Gera,upadhyaynilima@example.com,00023119984,Giridih,Haryana,787289,2025-09-28,paid_search,VIP,False
CST0961,Baghyawati Trivedi,yutikatara@example.net,3634954458,Aurangabad,Punjab,590753,2023-12-24,social,Regular,True
CST0962,Triveni Saran,mahajankeya@example.org,09034173382,Vasai-Virar,Odisha,335378,2024-02-13,referral,VIP,True
CST0963,Devansh Savant,zmody@example.com,5753893326,Kishanganj,Jharkhand,615444,2026-04-05,email,Premium,True
CST0964,Radhika Doctor,balvan59@example.net,3718571342,New Delhi,Madhya Pradesh,251447,2024-07-22,social,Premium,True
CST0965,Samuel Anand,jeremiah17@example.com,1124154246,Bally,Himachal Pradesh,642991,2024-07-01,paid_search,Regular,False
CST0966,Imaran Pai,isaiahamble@example.org,+913246716268,Indore,Meghalaya,249529,2026-08-21,organic,Regular,False
CST0967,Sathvik Dhaliwal,nimrat85@example.com,+918810220879,Dehri,Haryana,332394,2026-03-30,organic,VIP,False
CST0968,Harrison Shroff,jasonkumer@example.org,07843995639,Korba,Chhattisgarh,150268,2025-01-11,paid_search,VIP,False
CST0969,Andrew Balakrishnan,advaithsrinivas@example.net,06538851361,Danapur,Madhya Pradesh,600820,2024-07-02,paid_search,Regular,True
CST0970,Ekansh Bansal,oscar46@example.net,+917664202581,Anand,Nagaland,046469,2023-12-20,email,VIP,True
CST0971,Edhitha Joshi,oeshigokhale@example.org,+916897266105,Karaikudi,West Bengal,394652,2024-06-26,organic,VIP,True
CST0972,Nicholas Sanghvi,fzachariah@example.org,4295368436,Pimpri-Chinchwad,Gujarat,746634,2026-05-04,email,Premium,True
CST0973,Lopa Sarin,acharyabhavani@example.org,07229398676,Madhyamgram,Jharkhand,821443,2023-10-11,organic,VIP,False
CST0974,Advaith Dhar,dkuruvilla@example.org,04821852235,Eluru,Haryana,864599,2025-11-19,paid_search,Regular,True
CST0975,Harshil Sathe,cjayaraman@example.com,04328196596,Arrah,West Bengal,361675,2025-10-08,social,Regular,False
CST0976,Jai Zachariah,chameli51@example.net,3031280253,Haridwar,Punjab,033020,2025-12-23,email,Premium,True
CST0977,Warhi Chana,advaithvarughese@example.net,+919805926161,Kavali,Bihar,422910,2024-06-30,social,VIP,True
CST0978,Edhitha Kalla,lipika67@example.org,7569455843,Bareilly,Rajasthan,213693,2024-07-19,organic,Premium,True
CST0979,Libni Bajaj,sagarlucky@example.com,+910342464636,Katni,West Bengal,345830,2024-07-02,referral,Premium,True
CST0980,Hemang Mital,triveni46@example.org,+915597223089,Bhind,Nagaland,861056,2025-12-04,organic,Premium,False
CST0981,Azad Tandon,oshetty@example.net,+910937559730,Bhind,West Bengal,321501,2024-11-12,referral,Regular,True
CST0982,Urmi Devi,pkata@example.org,0913729019,Hosur,Maharashtra,095699,2025-04-23,social,VIP,True
CST0983,Radha Kapadia,ekanidasgupta@example.com,+914177637246,Amroha,Nagaland,550922,2024-01-10,referral,Premium,False
CST0984,Kai Bandi,kmall@example.org,01256792746,Kolhapur,Assam,232929,2026-07-28,organic,Premium,True
CST0985,Suhani Dutt,trivediadvik@example.org,6531743454,Madurai,Sikkim,949564,2026-04-08,paid_search,Regular,True
CST0986,Priya Oak,inaya38@example.com,4195808495,Jalandhar,Punjab,122239,2023-10-17,email,Premium,True
CST0987,Banjeet Bumb,vaishnavi97@example.net,+910653745275,Sambalpur,Odisha,066017,2023-12-17,organic,Regular,True
CST0988,Ekapad Patla,nkoshy@example.org,02371751955,Tirupati,Kerala,335033,2026-04-02,referral,VIP,False
CST0989,Karan Grewal,kadeunnati@example.org,+914838801877,Morena,Assam,112801,2026-07-14,organic,Premium,True
CST0990,Azaan Rege,qasim78@example.com,08501567359,Delhi,Manipur,250853,2025-10-12,social,VIP,False
CST0991,Krisha Sabharwal,sandalabeer@example.net,09090844110,Dharmavaram,Madhya Pradesh,145560,2024-08-23,referral,Regular,True
CST0992,Indali Sabharwal,varenyadoshi@example.net,07590593993,Amritsar,Jharkhand,075385,2025-12-31,organic,Premium,True
CST0993,Kabir Kapadia,borawarda@example.com,+913342929845,Bharatpur,Meghalaya,236371,2024-11-14,social,Regular,True
CST0994,Devika Reddy,vargheseradhika@example.com,02554409572,Korba,Tripura,518356,2026-06-16,referral,VIP,True
CST0995,Tanveer Deep,sudikshatrivedi@example.net,+912653362920,Machilipatnam,Meghalaya,282873,2026-01-21,paid_search,Regular,True
CST0996,Om Bhagat,ipau@example.net,+919422183362,Satara,Tripura,336258,2026-04-03,organic,Premium,True
CST0997,Aarav Kade,daniel29@example.com,+912232256256,Nanded,Gujarat,475379,2023-12-23,organic,Premium,False
CST0998,Devika Sahota,mitali48@example.org,+913598641380,Kirari Suleman Nagar,Punjab,178004,2024-08-04,paid_search,Premium,True
CST0999,Nirja Bhat,nachiket43@example.net,+911682003192,Pune,Goa,234390,2026-07-14,organic,Regular,True
CST1000,Henry Pal,gnatt@example.com,07624894050,Pimpri-Chinchwad,Nagaland,775375,2026-02-01,referral,Premium,False
CST1001,Chatresh Kashyap,usankaran@example.org,+915108793252,Kolkata,Himachal Pradesh,378350,2024-05-19,email,VIP,True
CST1002,Ekantika Deshpande,anusha07@example.org,+917079584030,Nangloi Jat,Karnataka,727383,2024-10-04,organic,Regular,True
CST1003,Ishanvi Chad,baradamol@example.org,04458621991,Maheshtala,Punjab,477606,2023-08-28,organic,VIP,True
CST1004,Tanveer Sagar,sawhneyjalsa@example.com,+917744228741,Ujjain,Manipur,041642,2026-04-07,paid_search,Premium,False
CST1005,Oviya Anne,rushilkakar@example.net,+919822265631,Bharatpur,Uttar Pradesh,897547,2024-03-01,referral,Regular,True
CST1006,Anthony Chanda,chavvipalla@example.net,3831300384,Ajmer,Manipur,963597,2024-02-05,paid_search,Regular,True
CST1007,Nathaniel Sharaf,ymallick@example.com,+916336192121,Srikakulam,Bihar,859202,2023-11-10,organic,VIP,True
CST1008,Ishwar Shroff,sudiksha83@example.net,2166918180,Eluru,Manipur,513649,2025-06-21,organic,VIP,True
CST1009,Shaurya Ghosh,theodoredhaliwal@example.org,+911975547136,Pune,Gujarat,138791,2025-05-06,social,Premium,True
CST1010,Gavin Kurian,zpalla@example.net,2094186783,Begusarai,Rajasthan,262934,2026-08-10,email,Premium,True
CST1011,Siddharth Kari,lgopal@example.net,01594123846,Secunderabad,Bihar,554658,2025-02-16,email,Regular,False
CST1012,Sai Ravel,hanseta@example.org,+910114355037,Bhilai,Uttar Pradesh,835206,2026-08-25,social,Premium,True
CST1013,Jeet Prakash,yratti@example.net,08109550177,Rajpur Sonarpur,Odisha,192924,2026-08-11,organic,VIP,True
CST1014,Advika Gill,zgulati@example.net,+913207808418,Hazaribagh,Uttarakhand,134697,2023-09-30,email,Premium,True
CST1015,Damini Ghosh,abalasubramanian@example.com,+918289205070,Satara,Telangana,885941,2025-04-04,social,VIP,True
CST1016,Lajita Choudhary,harsharya@example.net,9068364691,Thiruvananthapuram,Andhra Pradesh,927191,2025-08-10,referral,VIP,False
CST1017,Karan Chauhan,waglelucky@example.org,5528515388,Tumkur,Telangana,773688,2024-05-07,paid_search,Regular,True
CST1018,Baghyawati Baral,adeep@example.net,2207631233,Sangli-Miraj & Kupwad,Kerala,883117,2025-07-24,referral,Premium,True
CST1019,Ucchal Lala,lakshmiperi@example.com,5345682469,Berhampur,Maharashtra,513468,2025-08-07,referral,Premium,False
CST1020,Tarak Vasa,deolzashil@example.com,6084412232,Silchar,Goa,921256,2025-06-24,email,VIP,True
CST1021,Tanveer Mandal,utrivedi@example.net,+915713858709,Katni,West Bengal,994017,2025-01-05,paid_search,Regular,False
CST1022,Radha Guha,kaulfalak@example.net,+918140565186,Jalgaon,Maharashtra,324701,2024-10-09,email,Premium,True
CST1023,Nidhi Bhasin,chauhankevin@example.org,04477501491,Fatehpur,West Bengal,140203,2024-02-21,organic,VIP,False
CST1024,Qarin Brar,aahana45@example.net,2829774909,Shahjahanpur,Nagaland,359383,2025-05-25,email,VIP,True
CST1025,Ishaan Karpe,thomas54@example.net,+914757908101,Katni,Arunachal Pradesh,814980,2026-03-23,organic,VIP,True
CST1026,Rushil Kota,janani91@example.com,03501790143,Sambalpur,Bihar,201478,2025-02-20,organic,VIP,False
CST1027,Rishi Kamdar,nadkarniisaiah@example.net,+918582975616,Sagar,Nagaland,963638,2025-11-30,referral,Premium,False
CST1028,Raagini Bora,odika10@example.com,02292491910,Bhusawal,Telangana,923222,2023-12-14,social,Premium,False
CST1029,Daniel Agrawal,badamidarsh@example.com,+913763139194,Thrissur,Mizoram,024525,2026-06-07,email,Regular,True
CST1030,Advika Lata,ganeshchatresh@example.org,+914707795145,Madanapalle,Uttarakhand,307565,2025-09-10,paid_search,Regular,True
CST1031,Advaith Sehgal,devika20@example.com,08069594402,Medininagar,Tripura,369049,2026-03-24,referral,Regular,False
CST1032,Anamika Rau,warhilad@example.com,1913867563,Thiruvananthapuram,Tamil Nadu,241037,2025-03-20,social,Regular,True
CST1033,Amaira Minhas,mallmadhav@example.com,+911972915900,Pallavaram,Uttarakhand,621660,2025-07-09,social,VIP,False
CST1034,Yashawini Deshmukh,pmitra@example.org,+917777461460,Dindigul,Mizoram,175305,2026-05-03,organic,VIP,True
CST1035,Ekiya Tank,ijayaoak@example.com,+911103750552,Kirari Suleman Nagar,Mizoram,096404,2025-10-09,paid_search,VIP,True
CST1036,Zehaan Samra,uatwal@example.net,9605148729,Hospet,Bihar,356170,2023-10-04,email,VIP,False
CST1037,David Rana,pantucchal@example.net,7312262712,Dharmavaram,Tamil Nadu,858576,2025-11-11,organic,Regular,True
CST1038,Kashvi Chaudry,garimalanka@example.org,05562614664,Vellore,Jharkhand,700852,2024-12-30,social,Premium,True
CST1039,Ekta Munshi,sharafjagdish@example.org,7115956023,Hospet,Rajasthan,563628,2023-11-08,paid_search,Regular,False
CST1040,Chakrika Palla,vasana35@example.com,09454893048,Bokaro,Himachal Pradesh,420691,2026-06-08,referral,Regular,True
CST1041,Upasna Sanghvi,pavanisuresh@example.com,05635979258,Karawal Nagar,Gujarat,662865,2026-05-27,referral,VIP,True
CST1042,Rachit Gole,khalsapushti@example.net,06297234579,Faridabad,Punjab,780326,2025-03-13,organic,Premium,True
CST1043,Hritik Cherian,kalpit40@example.com,07768844630,Kollam,Haryana,957407,2025-12-17,social,Regular,False
CST1044,Keya Mannan,kakarqabil@example.com,05884985558,Bilaspur,Andhra Pradesh,562777,2026-02-15,referral,Regular,True
CST1045,Ronith Venkataraman,aoommen@example.org,+915528308350,Visakhapatnam,Maharashtra,561438,2023-12-15,social,VIP,True
CST1046,Dominic Gulati,amol72@example.org,3265508322,Asansol,Uttarakhand,009754,2025-10-27,social,Premium,True
CST1047,Tanvi Guha,chakrikasharaf@example.com,03274287699,Serampore,Uttar Pradesh,053024,2025-02-21,referral,Premium,True
CST1048,Ridhi Dixit,brijesh09@example.net,08145386279,Varanasi,Himachal Pradesh,369447,2024-02-04,organic,VIP,False
CST1049,Wyatt Sen,shenoyradha@example.net,+913690672617,Bhiwandi,Arunachal Pradesh,739780,2025-01-18,organic,Regular,True
CST1050,Tamanna Dhingra,kevinramachandran@example.net,1620441145,Dhule,Meghalaya,802422,2024-10-01,social,Premium,True
CST1051,Ishaan Mitter,labansoman@example.com,9661336631,Anantapuram,Rajasthan,831052,2025-05-22,paid_search,Regular,False
CST1052,Abeer Bora,qtella@example.net,7768601765,Kollam,Mizoram,893893,2024-10-21,social,VIP,True
CST1053,Lucky Shere,parth59@example.org,04172656738,Udupi,Punjab,662869,2024-04-24,organic,Regular,False
CST1054,Hamsini Wali,hemang87@example.net,04804095514,Howrah,West Bengal,335786,2024-04-16,social,VIP,True
CST1055,Devika Narayan,xalak75@example.com,5041282379,Katihar,Goa,292360,2023-09-22,email,VIP,False
CST1056,Jasmit Rout,nayakvrishti@example.com,+913805636966,Patiala,Uttar Pradesh,999214,2025-07-26,social,Premium,True
CST1057,Panini Goda,chakradhardara@example.com,+918222326012,Aurangabad,Chhattisgarh,382824,2023-09-15,referral,Regular,True
CST1058,Parth Gaba,narangdiya@example.net,+910384499446,Malda,Punjab,686957,2024-05-27,paid_search,Regular,True
CST1059,Yoshita Mani,zaid40@example.net,00372915062,Rajpur Sonarpur,Odisha,376206,2024-08-29,organic,Premium,True
CST1060,Anusha Khanna,yuvraj79@example.net,0112553762,Noida,Tamil Nadu,951844,2025-04-17,referral,VIP,False
CST1061,Bishakha Reddy,nimratkorpal@example.net,+914718464290,Kalyan-Dombivli,Himachal Pradesh,686489,2024-01-09,referral,Premium,True
CST1062,Viraj Maharaj,seshadrilakshit@example.org,+917463716270,Darbhanga,Karnataka,621660,2024-05-31,social,VIP,False
CST1063,Radhika Ganesh,udani@example.org,+916115326773,Varanasi,Sikkim,948988,2024-10-16,email,Premium,True
CST1064,Farhan Wali,wmammen@example.org,+919032531907,Coimbatore,Madhya Pradesh,550451,2024-03-07,social,Premium,False
CST1065,Hamsini Dhingra,chandran40@example.com,+918693229587,Vellore,West Bengal,541881,2024-12-30,organic,VIP,True
CST1066,Amaira Ben,ugala@example.org,9958306948,Mirzapur,Telangana,955928,2023-09-03,referral,VIP,True
CST1067,Yuvraj Mammen,waliarachit@example.net,+914362083665,Jamalpur,Telangana,713048,2026-02-15,organic,VIP,True
CST1068,Geetika Viswanathan,simon55@example.net,+912549804810,Kolhapur,Karnataka,851961,2026-08-14,email,Premium,True
CST1069,Manbir Mohanty,mugdha01@example.org,+912903716693,Jaipur,Tripura,219969,2023-11-13,organic,VIP,True
CST1070,Tara Chaudhry,varenyasridhar@example.com,6130094055,Morbi,Kerala,800903,2026-03-28,social,VIP,True
CST1071,Keya Chaudhry,bchakraborty@example.com,7865768612,Siliguri,Gujarat,297934,2024-06-07,organic,VIP,True
CST1072,Andrew Sant,bordenoah@example.com,6464370124,Miryalaguda,Karnataka,431449,2024-10-04,social,VIP,True
CST1073,Sachi Dada,fsule@example.com,+916191274143,Muzaffarpur,Jharkhand,184825,2023-11-30,social,Regular,False
CST1074,Chatura Pandit,urvithaker@example.com,+916266247665,Delhi,Madhya Pradesh,719846,2024-07-06,referral,Premium,True
CST1075,Arin Ramesh,chanaanika@example.com,+915263248136,Durgapur,Assam,701248,2026-04-11,social,VIP,True
CST1076,Lohit Sura,vaidyaranveer@example.org,6186333672,Aizawl,Goa,652196,2024-12-28,paid_search,VIP,True
CST1077,Lopa Sandal,chandran46@example.com,1784873382,Madanapalle,Manipur,403506,2024-01-24,email,VIP,True
CST1078,Anya Sabharwal,qsama@example.com,9347211993,Salem,Odisha,594726,2024-11-29,email,Premium,True
CST1079,Xiti Kumar,sbasu@example.net,+911333201482,Berhampur,Maharashtra,678813,2024-12-12,social,Regular,True
CST1080,Ekantika Sarma,fsankar@example.org,3746020947,Faridabad,Maharashtra,532759,2024-06-20,referral,Regular,False
CST1081,Niharika Khare,aryannarula@example.org,1442700164,Ghaziabad,Nagaland,774684,2026-05-05,paid_search,VIP,True
CST1082,Watika Shenoy,aadhya28@example.net,+917798526134,Pune,Uttarakhand,639120,2026-06-29,social,Premium,True
CST1083,Balhaar Bhardwaj,shettyupadhriti@example.org,9865994114,Bhatpara,Odisha,494924,2023-11-07,social,Regular,True
CST1084,Michael Lanka,bahlaryan@example.net,00544244457,Ambala,Uttar Pradesh,405952,2025-06-25,organic,Regular,False
CST1085,Wriddhish Goda,jasonbabu@example.com,+918221059045,Medininagar,Arunachal Pradesh,055138,2023-11-01,email,Regular,False
CST1086,Kritika Kapur,brindamohan@example.org,0125114408,Thrissur,Karnataka,199245,2025-09-20,social,VIP,True
CST1087,Madhavi Vyas,chaitaly90@example.org,02484741483,Rajpur Sonarpur,Telangana,586991,2025-03-27,email,Premium,True
CST1088,Lajita Chana,hitesh61@example.org,5940576103,Kalyan-Dombivli,Uttar Pradesh,159708,2024-12-12,organic,VIP,True
CST1089,Charles Bath,muttiadvika@example.org,5880473817,Tadepalligudem,Rajasthan,738512,2025-05-19,social,Regular,True
CST1090,Diya Parmer,noahpillay@example.net,1292900373,Jorhat,West Bengal,167312,2024-07-30,email,Premium,False
CST1091,Arya Sehgal,nidhi19@example.com,09502305889,Mangalore,Karnataka,250278,2024-10-03,paid_search,Regular,True
CST1092,Qadim Sundaram,ukala@example.org,01740787973,Bardhaman,West Bengal,251749,2026-05-16,email,Regular,False
CST1093,Forum Kalla,ekantika80@example.net,03210462486,Gandhidham,Madhya Pradesh,339891,2024-12-12,paid_search,Regular,True
CST1094,Gagan Mitra,amaratandon@example.com,9633895991,Sangli-Miraj & Kupwad,Jharkhand,050789,2025-04-12,paid_search,VIP,True
CST1095,Bhavya Misra,davidbava@example.net,01335202611,Korba,West Bengal,728873,2025-05-02,referral,VIP,True
CST1096,Janaki Agate,vyanjanaissac@example.com,+916127970518,Bareilly,Gujarat,338195,2024-07-08,organic,Premium,True
CST1097,Chandresh De,vdube@example.com,+916159463805,Bally,West Bengal,649070,2025-11-18,referral,VIP,True
CST1098,Bhavini Barad,yashasvi32@example.com,00332262773,Tiruchirappalli,Meghalaya,891742,2024-11-20,paid_search,VIP,True
CST1099,Oni Agrawal,riagandhi@example.com,+919860802577,Rajahmundry,Arunachal Pradesh,933134,2026-05-09,social,VIP,True
CST1100,Mitesh Apte,gauri33@example.org,+910214352428,Panvel,Sikkim,281201,2023-12-19,email,Premium,True
CST1101,Aarav Pau,boseharinakshi@example.net,3689697500,Kota,Arunachal Pradesh,306753,2024-03-04,referral,VIP,False
CST1102,Mohammed Dar,baradjoshua@example.com,+918417234777,Lucknow,Uttarakhand,890871,2025-12-22,organic,Premium,True
CST1103,Jalsa Bava,mukhopadhyayfalak@example.com,+912956607058,Vijayawada,Haryana,101250,2024-10-23,paid_search,Regular,False
CST1104,Wishi Pandya,jagat79@example.org,5536040800,Purnia,Jharkhand,876885,2025-01-29,email,VIP,False
CST1105,Darika Natt,munipeter@example.com,03382172764,Bally,Punjab,481754,2024-08-04,referral,Premium,True
CST1106,Zayan Anne,masterforum@example.org,01830248567,Tiruchirappalli,West Bengal,144737,2025-05-31,referral,VIP,True
CST1107,Vaishnavi Krishnamurthy,manejanaki@example.com,+918707042921,Bhilai,Haryana,995051,2024-03-22,organic,Premium,True
CST1108,Aarini Nagarajan,ckohli@example.org,7618963888,Rewa,Goa,684637,2026-02-12,email,VIP,False
CST1109,Rushil Gupta,chanchalnagar@example.net,02287474556,Thrissur,Sikkim,108859,2025-12-06,organic,Premium,True
CST1110,Dakshesh Menon,royreyansh@example.com,+912132775726,Howrah,Maharashtra,395450,2025-07-14,paid_search,Premium,True
CST1111,Leena Mann,harish03@example.com,+912525515878,Unnao,Tamil Nadu,052828,2025-10-11,paid_search,Premium,True
CST1112,Krishna Hans,somanabhimanyu@example.com,02132856168,Mumbai,Rajasthan,651284,2025-12-05,social,VIP,True
CST1113,Vedhika Char,goyaldevika@example.org,9085788100,Hazaribagh,Mizoram,934737,2025-08-23,referral,Premium,True
CST1114,Abha Khalsa,vigisaac@example.net,+914293149601,Muzaffarnagar,Mizoram,080224,2024-02-26,social,Premium,True
CST1115,Krishna Choudhury,boommen@example.net,09889452330,Bhalswa Jahangir Pur,Karnataka,921368,2025-03-26,organic,Premium,True
CST1116,Imaran Pall,divanbakhshi@example.com,+914451113803,Nandyal,Uttar Pradesh,332423,2026-06-13,social,Regular,True
CST1117,Abha More,faris28@example.com,08735428833,Ulhasnagar,Telangana,441810,2025-04-23,organic,Regular,True
CST1118,Ayushman Sarna,nitara10@example.net,07637894140,Davanagere,Himachal Pradesh,952032,2025-05-23,social,Regular,True
CST1119,Vedhika Chandran,oscarvora@example.com,08217717227,Fatehpur,Kerala,422861,2025-01-03,referral,Premium,True
CST1120,Yashoda Kala,luke23@example.com,04898863770,Panchkula,West Bengal,237714,2024-06-24,email,Regular,False
CST1121,Ekaraj Golla,dayalqasim@example.org,+918558014480,Ranchi,Kerala,396891,2024-03-24,organic,Premium,True
CST1122,Kevin Sekhon,lekha09@example.com,2845607330,Haldia,Kerala,530884,2025-06-06,organic,Regular,True
CST1123,Nicholas Varty,cnarula@example.net,9059137329,Bally,Tamil Nadu,895258,2024-01-22,referral,Premium,True
CST1124,Tanay Nagarajan,acharyachanakya@example.org,4216127099,Dewas,Telangana,268181,2025-12-20,referral,Premium,True
CST1125,Vasudha Dhar,krishnamurthydaniel@example.net,00991039589,Bhagalpur,Kerala,231724,2024-11-26,paid_search,VIP,False
CST1126,Osha Sharaf,nikitadash@example.net,+912840837466,Hospet,Goa,320704,2024-03-02,organic,Premium,True
CST1127,Eesha Ramaswamy,lekhagala@example.net,05249294701,Sri Ganganagar,Kerala,687055,2026-01-19,organic,Regular,False
CST1128,Pranav Ahluwalia,kapadiaekani@example.org,06881878232,Fatehpur,Himachal Pradesh,573937,2025-05-31,email,Regular,True
CST1129,Devansh Bahl,yashasvi11@example.net,9837498901,Ghaziabad,Uttar Pradesh,671299,2026-02-15,referral,VIP,True
CST1130,Ekapad Bhagat,eeshamodi@example.net,04500518903,Jamnagar,Tamil Nadu,742385,2025-10-28,social,Premium,True
CST1131,Jagrati Gole,qmutti@example.net,0092195793,Kharagpur,Manipur,206683,2023-10-24,organic,Premium,False
CST1132,Pavani Cheema,ranveer20@example.net,07584805466,Nandyal,Uttarakhand,968688,2023-10-18,social,Premium,True
CST1133,Omisha Bali,robertnayar@example.org,02857719683,Mirzapur,Chhattisgarh,492962,2024-01-22,referral,Regular,True
CST1134,Raagini Mannan,onimani@example.com,1950753182,Bikaner,Andhra Pradesh,356071,2025-08-11,social,VIP,False
CST1135,Warinder Gour,saanvi73@example.com,+911726890714,Kolkata,Telangana,236463,2025-03-04,paid_search,Regular,False
CST1136,Urmi Wable,balifaras@example.com,06456895330,Orai,Meghalaya,541165,2025-11-02,email,VIP,True
CST1137,Krishna Banerjee,suhani89@example.net,7445167122,Durg,Kerala,169363,2026-08-06,referral,VIP,True
CST1138,Oscar Chandran,crai@example.net,6599744081,Mehsana,Haryana,550677,2023-09-25,email,VIP,False
CST1139,Hemani Bains,nayakkai@example.com,+911043446201,Jaunpur,Tamil Nadu,775620,2024-09-08,email,Premium,True
CST1140,William Chhabra,pushti06@example.net,08909294724,Sasaram,West Bengal,404664,2026-06-25,paid_search,Premium,True
CST1141,Zansi Chatterjee,qabil63@example.net,8476504398,Bhubaneswar,Gujarat,019833,2025-10-30,social,Regular,True
CST1142,Ekani Ganesh,harsh31@example.net,+919879189679,Gangtok,Goa,354357,2023-10-09,social,VIP,False
CST1143,Vedhika Walia,agatepratyush@example.com,9984214552,Shimla,Goa,061051,2024-09-27,referral,Regular,True
CST1144,Nathan Jha,tgopal@example.net,+910428412006,Thrissur,Tripura,207796,2024-10-18,paid_search,Premium,False
CST1145,Advay Chana,dayamaisaini@example.org,09255168895,Jodhpur,Bihar,482258,2026-02-27,email,Premium,True
CST1146,Isaac Narang,chawlapushti@example.net,+919689063282,Khammam,Rajasthan,520426,2026-05-14,social,Premium,True
CST1147,Priya Zachariah,sandra@example.org,8466342430,Karnal,Karnataka,077427,2023-12-09,paid_search,Regular,True
CST1148,Tanish Sule,kurianisha@example.org,02153076080,Gandhinagar,Madhya Pradesh,683397,2024-06-17,organic,Premium,True
CST1149,Rushil Parekh,omkaar62@example.org,4098819219,Madhyamgram,Uttarakhand,034138,2025-06-30,paid_search,Regular,True
CST1150,Veda Shankar,anusha87@example.org,+919541793047,Durgapur,Bihar,217467,2024-01-21,organic,VIP,True
CST1151,Yashasvi Kibe,bhatiadevika@example.net,05999516212,Panihati,Odisha,168526,2026-08-16,email,Premium,True
CST1152,Jai Ahluwalia,david57@example.net,+913325929862,Purnia,Andhra Pradesh,861090,2025-08-16,social,Premium,True
CST1153,Raagini Rout,dakshahora@example.com,+915074858685,Kozhikode,Himachal Pradesh,819787,2025-05-03,organic,Premium,True
CST1154,Tripti Butala,zmand@example.org,00331576083,Vasai-Virar,Assam,801364,2024-04-27,social,Regular,True
CST1155,Rudra Sarna,upmadixit@example.org,0564282322,Surat,Bihar,411860,2024-02-05,paid_search,Premium,True
CST1156,Brinda Toor,palanlohit@example.com,+915548300376,Kumbakonam,Punjab,681310,2025-04-11,social,Premium,False
CST1157,Ria Chacko,birchampak@example.net,+912103817895,Secunderabad,Uttar Pradesh,508446,2024-06-27,social,Regular,True
CST1158,Tejas Seshadri,chatreshmangal@example.org,+912012088770,Firozabad,Bihar,711024,2024-02-21,email,VIP,True
CST1159,Irya Bhandari,chakrikachaudhari@example.org,06211017851,Unnao,Tripura,816373,2024-09-13,paid_search,VIP,True
CST1160,Xalak Bera,nattradhika@example.com,+918584135662,Bally,Kerala,206425,2023-11-22,referral,Premium,True
CST1161,Gautami Bassi,wrideshshankar@example.org,3980787545,Bikaner,Himachal Pradesh,874556,2025-08-11,paid_search,VIP,False
CST1162,Tripti Ramachandran,dlad@example.com,6108723446,Chennai,Madhya Pradesh,790641,2026-01-04,referral,VIP,False
CST1163,Adya Subramanian,zkannan@example.net,0448635679,Morbi,Bihar,058748,2024-06-03,email,VIP,True
CST1164,Dhriti Bhasin,ekalingahalder@example.org,4831818960,Tenali,Uttarakhand,192443,2026-05-15,paid_search,Premium,True
CST1165,Adweta Cherian,bahadurjit91@example.net,3426519145,Guna,Karnataka,266821,2026-07-15,social,Premium,True
CST1166,Saumya Gokhale,gaurav76@example.com,04095806757,Nizamabad,Maharashtra,317963,2026-04-17,social,VIP,True
CST1167,Yashawini Muni,vchandran@example.net,+919632195423,Gopalpur,Nagaland,493629,2024-02-17,referral,VIP,True
CST1168,Girindra Choudhry,vedika52@example.net,04392333260,Davanagere,Karnataka,530249,2024-06-22,organic,Premium,True
CST1169,Laksh Chahal,nehachand@example.net,+913694128845,Tiruppur,Arunachal Pradesh,523899,2025-07-13,organic,VIP,False
CST1170,Tanay Kale,poojamaster@example.net,3170775062,Bhiwandi,Andhra Pradesh,113366,2024-08-24,social,VIP,True
CST1171,Theodore Bassi,balveersen@example.org,07623431497,Bikaner,Goa,078515,2024-12-24,referral,Regular,True
CST1172,Harsh Bedi,owen01@example.org,6001784579,Agartala,Uttar Pradesh,134825,2025-04-15,email,Premium,True
CST1173,Omya Pai,jasmit35@example.net,3133499368,Kishanganj,West Bengal,860579,2026-02-22,paid_search,Regular,False
CST1174,Manan Randhawa,kabirparikh@example.net,2729377169,Bhopal,Kerala,092067,2026-06-30,organic,Regular,True
CST1175,Vamakshi Din,damyanti50@example.org,+913778632454,Ambattur,Telangana,786650,2024-09-04,social,Regular,False
CST1176,Gautami Mammen,anyasrinivasan@example.net,+913854762415,Akola,Tripura,959134,2024-03-11,paid_search,Premium,True
CST1177,Yuvraj Saxena,nachiketdugar@example.org,04716647870,Ranchi,Bihar,729908,2025-08-19,referral,VIP,True
CST1178,Guneet Chanda,luke92@example.com,+918879841353,Delhi,Jharkhand,572890,2024-03-02,email,Regular,False
CST1179,Rajeshri Parmar,anyashukla@example.com,08898220062,Bhusawal,Himachal Pradesh,922529,2024-06-13,social,VIP,True
CST1180,Advika Nori,nnaidu@example.com,+911770545138,Kollam,Kerala,421890,2024-03-31,social,Premium,False
CST1181,Kritika Narula,mitteradweta@example.com,+914894395534,Tiruppur,Odisha,612505,2024-06-03,referral,Premium,False
CST1182,Udarsh Oommen,chandran88@example.net,04014292383,Burhanpur,Sikkim,835588,2024-08-11,email,Premium,True
CST1183,Fariq Mukherjee,qkhare@example.com,04196609198,Bhagalpur,Jharkhand,827747,2026-07-31,organic,Regular,False
CST1184,Eesha Wali,guptasaksham@example.com,2430064884,Vijayawada,Meghalaya,274426,2026-06-09,organic,Regular,True
CST1185,Chakrika Gour,watikabadami@example.org,06433923112,Ichalkaranji,Rajasthan,439607,2024-04-17,referral,VIP,True
CST1186,Jagat Hayer,ccomar@example.net,08983071710,Durg,West Bengal,757469,2025-05-29,referral,Premium,False
CST1187,Ijaya Kanda,elijah10@example.net,07036096719,Firozabad,Himachal Pradesh,129313,2026-07-21,organic,Regular,True
CST1188,Siddharth Dar,gnarasimhan@example.org,04254954868,Pondicherry,Punjab,293323,2025-03-26,email,Premium,True
CST1189,Jhalak Parmar,maanas45@example.com,00178067385,Bulandshahr,Mizoram,477009,2024-11-02,paid_search,VIP,True
CST1190,Nirja Suresh,zray@example.net,00717877599,Bellary,Manipur,152668,2024-02-07,email,Premium,True
CST1191,Prisha Thaman,aramaswamy@example.net,04203242804,Sangli-Miraj & Kupwad,Tamil Nadu,033634,2024-01-14,referral,Premium,False
CST1192,Nathaniel Kibe,subramanianindira@example.com,+913468169972,Gwalior,Gujarat,472103,2024-06-19,referral,Regular,True
CST1193,Lakshmi De,sachikunda@example.com,05593517992,Ludhiana,Himachal Pradesh,282197,2026-03-07,organic,Regular,False
CST1194,Inaya Rai,vasudha42@example.org,6931146184,Jaipur,West Bengal,650258,2023-09-01,organic,Premium,True
CST1195,Dalbir Sathe,jseshadri@example.net,+911452521388,Mysore,Uttarakhand,133357,2024-11-10,social,Regular,False
CST1196,Upasna Shukla,falguni11@example.org,+918768335138,Meerut,Maharashtra,184143,2025-04-14,paid_search,Premium,False
CST1197,Megha Subramanian,caleb07@example.net,8191591255,Bidar,Arunachal Pradesh,322727,2023-09-30,email,Regular,False
CST1198,Rudra Om,sbhatia@example.com,04223672605,Vasai-Virar,Bihar,079122,2025-08-18,organic,VIP,True
CST1199,Ekansh Saxena,wkashyap@example.org,00108065509,Jaipur,Odisha,001157,2024-02-10,paid_search,Regular,False
CST1200,Hamsini Gill,yrama@example.net,00354330972,Bikaner,Arunachal Pradesh,220624,2024-12-27,organic,VIP,False
CST1201,Omkaar Basak,indrajitbuch@example.org,2040960367,Korba,Meghalaya,707502,2025-02-23,organic,Premium,False
CST1202,Unnati Kant,venkateshcharita@example.com,7379237263,Anantapur,Assam,660626,2026-04-30,email,VIP,True
CST1203,Vedika Chaudhary,kashyapnachiket@example.org,+919460265171,Miryalaguda,Uttar Pradesh,449389,2024-10-21,social,Premium,True
CST1204,Girik Kanda,laurora@example.com,+916250307688,Bihar Sharif,Chhattisgarh,914427,2025-10-02,email,Premium,False
CST1205,Patrick Chacko,pmanda@example.com,05937958117,Hapur,Tamil Nadu,394313,2025-03-27,organic,VIP,True
CST1206,Advay Bhagat,dmadan@example.com,5772840387,Vasai-Virar,Bihar,183629,2024-07-27,referral,VIP,False
CST1207,David Badami,vedikarajagopalan@example.com,+910823119959,Orai,Chhattisgarh,751246,2025-08-24,email,VIP,True
CST1208,Aditya Tata,parth66@example.net,+914347321748,Udupi,Haryana,316903,2024-04-05,referral,Regular,True
CST1209,Keya Ratti,ijayashetty@example.net,+919504070380,Madanapalle,Himachal Pradesh,186107,2025-08-19,social,Regular,True
CST1210,Caleb Gade,warinder48@example.com,08965677896,Burhanpur,Gujarat,086111,2023-10-29,social,Regular,True
CST1211,Manya Minhas,sandhuanamika@example.net,5523518264,Jalna,Uttarakhand,931530,2024-01-24,email,Regular,False
CST1212,Oliver Golla,gopaloeshi@example.org,+912511687907,Kirari Suleman Nagar,Bihar,952864,2024-01-26,email,Premium,False
CST1213,Amruta Vohra,sahajason@example.net,6754742032,Bidar,Madhya Pradesh,043729,2026-06-13,referral,VIP,True
CST1214,Zaitra Kurian,zarna31@example.net,07069524161,Tiruvottiyur,Uttar Pradesh,278481,2024-09-22,referral,VIP,False
CST1215,Bhavini Vala,farhan13@example.org,+912058542520,Nellore,Chhattisgarh,758632,2025-07-13,email,Premium,True
CST1216,Praneel Bhagat,rastogimaanas@example.org,7054062400,Proddatur,Uttarakhand,136765,2024-09-03,email,Regular,True
CST1217,Logan Korpal,danielbhasin@example.net,+914079263070,Tirunelveli,Assam,105903,2025-12-02,paid_search,Regular,False
CST1218,Parth Bail,lsengupta@example.net,+915197554937,Katni,Telangana,551341,2023-09-09,organic,Premium,True
CST1219,Lakshmi Sarma,vedantwalia@example.org,+910210336372,Panipat,Haryana,921423,2025-11-29,referral,Premium,True
CST1220,Daksh Bora,qchacko@example.com,03420637416,Tirunelveli,West Bengal,338011,2024-09-03,social,Premium,False
CST1221,Aarnav Mall,miteshnayak@example.com,+918753806743,Bhind,Sikkim,998461,2024-01-15,email,Premium,True
CST1222,Sneha Dhaliwal,jai05@example.com,08340631052,Patiala,Meghalaya,538344,2023-11-28,referral,VIP,True
CST1223,Vansha Panchal,balaysaumya@example.com,03894042197,Khammam,Haryana,390653,2026-07-03,organic,Premium,True
CST1224,Inaya D’Alia,chakrabortynaksh@example.com,+910440417122,Guntakal,Goa,735184,2024-02-15,email,VIP,True
CST1225,Jeet Chadha,madanrachit@example.com,+918907870119,Parbhani,Bihar,207209,2025-08-03,referral,VIP,False
CST1226,Yash Narasimhan,finnbir@example.net,+916221629209,Ramgarh,Goa,687089,2024-02-11,organic,VIP,True
CST1227,Hardik Sahni,iyengarabhiram@example.net,05230470190,Ratlam,Madhya Pradesh,127366,2026-03-20,social,VIP,False
CST1228,Amara Chanda,flad@example.net,02389830754,Barasat,West Bengal,135705,2025-08-07,paid_search,Premium,False
CST1229,Patrick Dubey,omisha84@example.org,5693441316,Rohtak,Haryana,045146,2024-04-15,email,Regular,True
CST1230,Sanaya Garg,zpillai@example.net,+915697670282,Agartala,West Bengal,556464,2026-05-04,paid_search,VIP,False
CST1231,Vrinda Varty,vihaan98@example.com,4990492388,Shimoga,Tamil Nadu,097456,2025-12-09,paid_search,Regular,True
CST1232,Raksha Chokshi,nandaonveer@example.org,+915685146240,Dharmavaram,Rajasthan,765376,2023-11-22,paid_search,Premium,True
CST1233,Bishakha Mital,dmittal@example.net,8955225398,Bangalore,Sikkim,639987,2023-09-25,paid_search,VIP,False
CST1234,Utkarsh Dugal,fmahajan@example.com,+912914630648,Singrauli,Andhra Pradesh,228154,2025-09-10,referral,VIP,True
CST1235,Henry Thakur,tanay58@example.net,5291039470,Pali,Telangana,633822,2026-02-05,paid_search,Premium,True
CST1236,Hritik Sampath,zdugar@example.net,04017437416,Alwar,Gujarat,544488,2026-07-21,organic,Regular,True
CST1237,Jai Dash,ektade@example.org,9472375187,Rohtak,Manipur,678381,2024-06-29,social,Premium,False
CST1238,Yadavi Balay,etanagarajan@example.net,+912965181404,Ajmer,Tamil Nadu,481377,2024-12-22,paid_search,Regular,True
CST1239,Faqid Rege,clala@example.net,9635048906,Bhiwandi,Maharashtra,443147,2024-04-01,referral,VIP,False
CST1240,Sai Hegde,cherianreva@example.net,03664010968,Aurangabad,Jharkhand,398125,2025-04-08,organic,Regular,True
CST1241,Yamini Jani,blad@example.net,09535448451,Nagpur,Uttar Pradesh,991437,2025-09-16,referral,Regular,True
CST1242,Jagdish Bhatti,jvarma@example.org,0859682071,Kulti,Goa,853695,2023-12-18,referral,Regular,True
CST1243,William Srinivas,hshukla@example.org,6241992299,Bhilwara,Assam,940722,2024-06-22,organic,Premium,True
CST1244,Veda Bajaj,patlamahika@example.net,06284441032,Amroha,Kerala,074886,2024-08-07,email,VIP,True
CST1245,Bachittar Kala,pkulkarni@example.org,02443462926,Jamnagar,Meghalaya,465910,2026-01-25,referral,VIP,True
CST1246,Maanas Rajagopalan,idhaliwal@example.net,+910923007999,Jamnagar,Gujarat,880148,2024-03-23,referral,Regular,True
CST1247,Isaiah Wason,etalwar@example.org,6193199666,Jamnagar,Manipur,468263,2026-05-08,paid_search,Regular,False
CST1248,Indali Swaminathan,ddugar@example.com,02676147570,Malda,Goa,876421,2026-06-02,organic,Regular,False
CST1249,Triya Raman,kataharish@example.com,02185966452,Lucknow,Rajasthan,736801,2024-07-04,referral,Regular,False
CST1250,Manbir Zachariah,xagrawal@example.net,3699102427,Cuttack,Maharashtra,813053,2024-03-10,social,VIP,False
CST1251,Oscar Kohli,upadhriti02@example.org,2376630276,Yamunanagar,Goa,903906,2026-07-28,organic,VIP,True
CST1252,Jasmit Narain,dakshsalvi@example.com,+911265443131,Agartala,Rajasthan,754297,2023-10-11,organic,Premium,True
CST1253,Shivansh Kadakia,wakeetacherian@example.net,7806282415,Madanapalle,Manipur,257567,2024-06-03,organic,Premium,True
CST1254,Gagan Kumar,balasiddharth@example.net,+919730779443,Kishanganj,Odisha,581554,2026-06-14,social,Premium,True
CST1255,Unni Gaba,nirja83@example.org,7932782966,Dehradun,Chhattisgarh,166384,2024-07-18,organic,Premium,False
CST1256,Balvan Sethi,vasatika91@example.net,08849027182,Kottayam,Jharkhand,390244,2024-10-06,organic,Regular,True
CST1257,Pranav Singhal,ubatra@example.org,1047637650,Kulti,Arunachal Pradesh,990821,2023-10-25,social,Premium,True
CST1258,Liam Bhalla,ochad@example.org,08238063423,Sangli-Miraj & Kupwad,Himachal Pradesh,978831,2024-02-13,paid_search,VIP,True
CST1259,Henry Chadha,edua@example.com,00475794277,Vijayawada,Odisha,067096,2024-08-04,organic,Regular,False
CST1260,Brijesh Balay,walisamar@example.com,8276938423,Raiganj,Jharkhand,808057,2026-05-15,social,Regular,False
CST1261,Niharika Venkatesh,matthew16@example.org,02616446465,Ghaziabad,Arunachal Pradesh,318265,2024-11-30,organic,Regular,True
CST1262,Baghyawati Sabharwal,manbir82@example.org,+919358782011,Adoni,Karnataka,739832,2026-08-25,paid_search,Regular,True
CST1263,Amol Kamdar,prabhuzaid@example.com,2010269131,Siliguri,Punjab,742752,2023-11-01,social,Premium,True
CST1264,Hamsini Chada,ekta99@example.com,3464807545,Gorakhpur,Sikkim,094570,2026-08-21,referral,VIP,False
CST1265,Arin Pal,yhari@example.com,4532943543,Tirunelveli,Odisha,569191,2024-10-24,paid_search,VIP,True
CST1266,Ijaya Dave,prabhakaralka@example.net,5915759254,Shimla,Rajasthan,492085,2025-09-13,paid_search,Regular,True
CST1267,Yashodhara Nagy,mugdhabanik@example.org,6091904948,Tiruvottiyur,Arunachal Pradesh,187680,2024-09-27,organic,Premium,False
CST1268,Anmol Yohannan,gayathrisankar@example.net,1304593634,Hospet,Arunachal Pradesh,616117,2024-11-14,social,Regular,True
CST1269,Sai Kohli,jaggichaitaly@example.org,08903520023,Kishanganj,Meghalaya,478461,2026-07-19,paid_search,VIP,True
CST1270,Wishi Das,cmammen@example.org,00442648576,Ambarnath,Maharashtra,325654,2024-04-07,email,Premium,True
CST1271,Faqid Prasad,quincybahl@example.org,5973435303,Motihari,Andhra Pradesh,657049,2023-09-03,referral,VIP,True
CST1272,Umang Desai,yhegde@example.org,+911576239104,Muzaffarpur,Andhra Pradesh,976438,2025-09-27,social,VIP,True
CST1273,Kevin Boase,henryghosh@example.net,+918106521570,Burhanpur,Nagaland,460262,2023-11-17,email,Regular,True
CST1274,Janaki Gola,ravalbhanumati@example.com,02492601232,Bangalore,Haryana,713629,2025-07-10,social,VIP,True
CST1275,Damyanti Merchant,shivanilal@example.org,0604576427,Parbhani,Haryana,688254,2026-06-08,email,Regular,True
CST1276,Netra Bose,vermatamanna@example.net,1019586687,Imphal,Rajasthan,523911,2025-01-25,email,VIP,True
CST1277,Raghav Kant,darameghana@example.com,+914081219421,Kadapa,Andhra Pradesh,513885,2026-04-16,social,VIP,False
CST1278,Shaurya Balay,kritika42@example.net,+919939363235,Raebareli,Andhra Pradesh,945817,2023-12-23,organic,Regular,True
CST1279,Dakshesh Pradhan,kalpitlata@example.com,+916079182180,Saharsa,Uttarakhand,089281,2025-10-18,referral,Premium,True
CST1280,Hardik Ganesh,shereazaan@example.org,03525622258,Serampore,Punjab,359615,2025-10-18,paid_search,Premium,True
CST1281,Vaishnavi Date,aadipalla@example.org,3448267458,Madurai,Nagaland,189576,2026-01-25,social,Premium,False
CST1282,Chandani Wali,ykhare@example.org,8920409414,Miryalaguda,Arunachal Pradesh,791064,2023-09-09,paid_search,VIP,True
CST1283,Chakrika Goel,baradubika@example.com,0228211048,Ghaziabad,Sikkim,220807,2025-10-01,social,VIP,True
CST1284,Liam Chaudhuri,parthmagar@example.com,08604559254,Ghaziabad,Arunachal Pradesh,576607,2026-08-08,organic,Regular,True
CST1285,Ekantika Krishnan,faris39@example.com,0808484939,Kulti,Tamil Nadu,057559,2023-10-13,referral,Premium,False
CST1286,Balhaar Chakraborty,shravyaratta@example.com,08098017377,Bhubaneswar,Chhattisgarh,024888,2024-04-27,organic,VIP,False
CST1287,Mugdha Rajagopalan,wagledamyanti@example.com,5675372731,Bhagalpur,Kerala,787958,2025-01-16,social,Regular,True
CST1288,Oeshi Mammen,jagrati03@example.org,4290483917,Pallavaram,Chhattisgarh,549441,2024-02-14,referral,VIP,True
CST1289,Nakul Roy,adwetabhat@example.org,3115372752,Silchar,Andhra Pradesh,077421,2026-07-07,organic,Premium,False
CST1290,Chaman Goel,maxthakkar@example.org,+915964252189,Ongole,Sikkim,833151,2026-04-04,referral,Regular,False
CST1291,Chandran Chada,comarvasudha@example.com,5576934321,Bhopal,Uttar Pradesh,442484,2025-11-09,social,Regular,True
CST1292,Darika Bail,lipika52@example.net,+918813833495,Jalandhar,Telangana,114365,2024-07-11,email,Regular,True
CST1293,Harita Peri,miteshsampath@example.org,+919606673622,Haldia,Odisha,849154,2025-03-22,referral,Regular,True
CST1294,Krish Shroff,kalitakrishna@example.com,9707991902,Bilaspur,Tripura,143947,2024-02-22,social,VIP,True
CST1295,Chatura Sampath,sanizayyan@example.org,05119878041,Udaipur,Andhra Pradesh,110945,2024-08-24,organic,Premium,True
CST1296,Samaksh Kunda,daminideshpande@example.net,0031908964,Darbhanga,Tamil Nadu,735224,2023-09-16,organic,Regular,True
CST1297,Gaurika Narain,vrishtibassi@example.com,06918799927,Motihari,Tamil Nadu,365801,2026-01-10,referral,VIP,True
CST1298,Vasana Om,ria39@example.net,06701459045,Ichalkaranji,Goa,942617,2025-05-26,organic,Premium,False
CST1299,Lopa Padmanabhan,yauvani20@example.org,05502988918,Chandigarh,Rajasthan,736592,2026-05-26,paid_search,Regular,True
CST1300,Qushi Bath,deolwarda@example.org,06813043668,Kulti,Telangana,131935,2026-04-16,paid_search,Premium,True
CST1301,Krisha Loke,fyadav@example.org,8312866228,Srikakulam,Odisha,363839,2026-06-02,social,VIP,False
CST1302,Aahana Mahal,christopher42@example.org,+918492897344,Davanagere,Madhya Pradesh,042934,2026-08-02,referral,Regular,True
CST1303,Nihal Panchal,bhavikapatla@example.net,+910023751512,Kamarhati,Assam,572046,2025-05-24,paid_search,Premium,True
CST1304,Xalak Anne,adhingra@example.com,07336199508,Bhiwani,Rajasthan,660358,2025-05-09,organic,Regular,True
CST1305,Lopa Garg,agarwalmanya@example.com,+916683535788,Tirunelveli,Manipur,280741,2024-02-12,referral,Premium,True
CST1306,Megha Bedi,ochowdhury@example.net,4771237451,Anantapuram,Haryana,135552,2025-06-23,social,Regular,True
CST1307,Raksha Narang,tbalan@example.org,3176094415,Meerut,Uttar Pradesh,471389,2025-02-17,social,Premium,False
CST1308,Vasudha Baral,tailordayita@example.com,7092251572,Aizawl,Haryana,735356,2023-09-25,email,Premium,True
CST1309,Jasmit Suri,rudra68@example.org,07414932048,Rajahmundry,Goa,521174,2023-10-07,paid_search,Regular,True
CST1310,Damini Dash,anya92@example.net,03684574042,Shahjahanpur,Uttarakhand,277190,2026-04-26,referral,Premium,False
CST1311,Rayaan Apte,kbarad@example.com,+916926612640,Madanapalle,Madhya Pradesh,163305,2024-07-21,referral,Premium,True
CST1312,Lopa Bakshi,basumahika@example.net,00911037116,Pimpri-Chinchwad,Haryana,515253,2024-03-20,email,Regular,True
CST1313,Ishani Minhas,parmarucchal@example.com,1856471268,Kamarhati,Kerala,255857,2025-08-14,organic,Premium,False
CST1314,Ekantika Nagy,lavanyadugar@example.net,00368914924,Nanded,Arunachal Pradesh,635648,2024-09-23,paid_search,Regular,False
CST1315,Arya Balan,dchaudhuri@example.com,+917621930184,Proddatur,Tripura,538320,2024-03-03,social,Premium,True
CST1316,Arin Bhardwaj,nagarfrederick@example.com,1373572978,Bhilai,Jharkhand,546647,2026-01-31,email,VIP,True
CST1317,Chakradev Kumer,ladlibhagat@example.com,+913643621700,Korba,Manipur,855565,2026-07-17,organic,Premium,True
CST1318,Warda Tara,akshay85@example.net,05873225386,Hapur,Uttarakhand,057701,2024-01-27,email,VIP,False
CST1319,Dominic Buch,dchowdhury@example.org,02897763856,Hajipur,Jharkhand,058604,2025-12-29,referral,Premium,True
CST1320,Chakrika Ravi,oshakonda@example.net,08102867939,Raurkela Industrial Township,Karnataka,052785,2024-03-19,organic,Premium,False
CST1321,Devika Kibe,nicholas72@example.com,+911015725691,Parbhani,Chhattisgarh,090805,2026-06-28,social,VIP,True
CST1322,Gagan Jani,yutika62@example.org,8060412804,Mysore,Sikkim,805283,2025-10-11,paid_search,Premium,True
CST1323,Benjamin Boase,dubeysneha@example.org,00284068445,Gwalior,Madhya Pradesh,898681,2025-11-26,paid_search,Premium,False
CST1324,Utkarsh Pingle,vidhiamble@example.org,03957375476,Amroha,Chhattisgarh,260484,2024-05-27,paid_search,VIP,True
CST1325,Hiral Kumar,vamakshi49@example.com,1122687735,Burhanpur,Karnataka,327604,2025-01-18,email,Premium,True
CST1326,Charles Yadav,rachitamitra@example.com,3415798339,Morena,Himachal Pradesh,711572,2026-07-30,social,VIP,True
CST1327,Kiaan Pillai,yoshitaraj@example.net,05855064888,Raichur,Assam,281672,2023-12-16,paid_search,Regular,False
CST1328,Alexander Mane,manderchristopher@example.org,+914343873196,Dhanbad,Tamil Nadu,129979,2024-07-29,referral,VIP,True
CST1329,Aditya Pandya,kothariniharika@example.net,6452494519,Bhalswa Jahangir Pur,Tamil Nadu,570864,2024-06-01,referral,VIP,True
CST1330,Yug Chada,ykhanna@example.net,04879218831,Mathura,Uttarakhand,316001,2025-02-26,social,VIP,True
CST1331,Nathan Dani,radhika90@example.com,01714504718,Patna,Meghalaya,362877,2024-07-31,paid_search,Premium,True
CST1332,Karan Patel,maanavagate@example.net,0483161651,Guna,Uttar Pradesh,602538,2025-08-29,social,Premium,True
CST1333,Advik Bumb,nimrat97@example.com,6863894226,Medininagar,Meghalaya,141983,2023-10-29,social,Premium,True
CST1334,Saanvi Muni,badalakshay@example.net,08564916450,Kirari Suleman Nagar,Himachal Pradesh,125305,2026-02-06,referral,Premium,False
CST1335,Champak Ramanathan,odikaroy@example.com,2266807204,Meerut,Tamil Nadu,568227,2023-12-24,paid_search,Regular,True
CST1336,Anusha Bhatia,henry97@example.net,+914007109564,Maheshtala,Chhattisgarh,220662,2024-09-23,referral,Regular,True
CST1337,Lekha Deshpande,cheriancaleb@example.org,01695832962,Kochi,Uttarakhand,355067,2025-02-24,paid_search,Premium,True
CST1338,Yauvani Yogi,vinayadhillon@example.org,03396687542,Ozhukarai,Rajasthan,739608,2025-06-02,referral,Regular,True
CST1339,Divya Gaba,mukhopadhyaygayathri@example.org,+915183730720,Gangtok,Kerala,155379,2024-09-14,email,Regular,False
CST1340,Sanaya Swaminathan,ukhatri@example.org,01074296276,Thanjavur,Chhattisgarh,299094,2025-07-11,social,Regular,True
CST1341,Max Prakash,hegdeshravya@example.org,2225409298,Sagar,Mizoram,315662,2025-05-11,referral,Regular,True
CST1342,William Dara,ektapandey@example.net,+911685063599,Bhopal,Jharkhand,122036,2025-10-24,paid_search,VIP,True
CST1343,Logan Sha,arin69@example.org,+918631343859,Hubli–Dharwad,Karnataka,693196,2024-01-11,referral,Regular,True
CST1344,Adya Virk,bhatiaarya@example.com,+916252667335,Ulhasnagar,Kerala,671199,2024-10-02,organic,Regular,True
CST1345,Matthew Dayal,zwarrior@example.org,04823100750,Vadodara,Madhya Pradesh,851187,2024-12-30,paid_search,Regular,True
CST1346,Tanvi Grewal,balasubramanianekalinga@example.com,5012986095,Deoghar,Himachal Pradesh,206214,2026-05-19,email,VIP,False
CST1347,Rayaan Yohannan,hbhatia@example.net,00584518154,Kishanganj,Maharashtra,210189,2024-01-10,referral,Regular,True
CST1348,Zaitra Sahota,oviyamand@example.org,2161420783,Jaunpur,Maharashtra,458832,2024-02-24,referral,Premium,True
CST1349,Samesh Rao,ichandran@example.org,5277283267,Nangloi Jat,Manipur,733150,2024-05-27,referral,Regular,True
CST1350,Farhan Chopra,advika17@example.com,4166494906,Ichalkaranji,Jharkhand,722244,2025-07-05,organic,VIP,True
CST1351,Faraj Om,rishimore@example.org,+919907388255,Ludhiana,Andhra Pradesh,969017,2024-10-30,organic,VIP,True
CST1352,Yahvi Arora,swamyoscar@example.org,+911555338096,Kirari Suleman Nagar,Karnataka,284526,2025-04-27,paid_search,Regular,False
CST1353,Yochana Rege,anvi67@example.com,3407175263,Jalgaon,Sikkim,233154,2025-08-24,social,Premium,True
CST1354,Pratyush Varghese,anjali53@example.net,2411008783,Chandigarh,Telangana,913026,2025-06-07,social,Premium,True
CST1355,Falak Rajagopalan,pahalramanathan@example.net,+913985005209,Lucknow,Mizoram,572325,2023-12-26,paid_search,VIP,True
CST1356,Urvashi Dani,zbuch@example.org,+918810503229,Eluru,Himachal Pradesh,081599,2026-03-23,paid_search,Regular,True
CST1357,Aashi Bhasin,gcherian@example.net,03519423146,Thanjavur,Himachal Pradesh,904066,2025-02-05,paid_search,Regular,True
CST1358,Kiaan D’Alia,zdora@example.net,2722237942,Darbhanga,Maharashtra,359857,2025-04-26,email,VIP,True
CST1359,Mugdha Korpal,nathvyanjana@example.com,+910272765731,Karimnagar,Himachal Pradesh,919065,2025-03-06,referral,Regular,True
CST1360,Thomas Kala,loyaloviya@example.com,8938407935,Dehradun,Uttarakhand,718521,2025-02-18,paid_search,Premium,False
CST1361,Tara Thaker,anay40@example.net,5643970782,Bangalore,Chhattisgarh,659081,2025-11-03,organic,Regular,True
CST1362,Elijah Tak,ojasvohra@example.org,+919483992405,Dehradun,Tripura,793245,2024-08-22,social,Regular,False
CST1363,Frado Setty,rvarghese@example.org,+916035275344,Ahmedabad,Uttarakhand,381275,2025-01-11,organic,Premium,True
CST1364,Bimala Chada,baliaarush@example.net,09894773145,Silchar,Punjab,640020,2025-03-08,referral,VIP,True
CST1365,Ikbal Sandhu,viswanathansaksham@example.net,05159497638,Gaya,Assam,013421,2025-04-14,organic,VIP,True
CST1366,Dipta Sur,ganesanchanchal@example.org,+918553363216,Bhilwara,Arunachal Pradesh,636696,2025-12-29,referral,Premium,True
CST1367,Oeshi Mohan,eseshadri@example.com,+917391891286,Ambala,Maharashtra,379698,2024-01-27,referral,Premium,True
CST1368,Abdul Batra,gayathrikannan@example.net,+919504206418,Bhilai,Himachal Pradesh,094656,2024-06-23,organic,Premium,False
CST1369,Tanveer Bhakta,faqid91@example.org,+910425922922,Giridih,Chhattisgarh,026202,2025-05-26,email,VIP,True
CST1370,Jatin Yogi,harshil28@example.org,+913233680286,Hajipur,West Bengal,695371,2026-07-07,email,VIP,True
CST1371,Manya Mistry,amaira48@example.com,+917839037603,Nizamabad,Maharashtra,300915,2024-04-26,social,VIP,True
CST1372,David Buch,akaur@example.net,04530311928,Nagpur,Mizoram,784569,2026-03-28,organic,Premium,True
CST1373,Ekalinga Cherian,rachitayogi@example.com,7807179227,Burhanpur,Assam,223854,2025-12-23,paid_search,Regular,True
CST1374,Chatura Johal,rranganathan@example.org,3889301323,Madurai,Andhra Pradesh,652564,2025-08-18,organic,Premium,True
CST1375,Nimrat Mannan,garganamika@example.com,+912952464989,Kumbakonam,Assam,469257,2025-01-09,email,Regular,True
CST1376,Umang Sem,nbose@example.net,05838075711,Maheshtala,Uttar Pradesh,303900,2025-07-24,referral,Premium,True
CST1377,Dominic Dara,kbora@example.org,4031051200,Kharagpur,Maharashtra,789011,2023-12-10,organic,Premium,True
CST1378,Warda Ramesh,mayalad@example.org,+914301289666,Dewas,Assam,839031,2025-09-07,organic,VIP,True
CST1379,Yatin Choudhury,laggarwal@example.org,+912854841153,Udupi,Maharashtra,201003,2024-08-25,referral,VIP,True
CST1380,Tanvi Palla,chaitalydeshmukh@example.net,00864041953,Chapra,Chhattisgarh,584187,2024-10-14,email,Regular,True
CST1381,Nathaniel Chaudry,indali87@example.com,00321715367,Etawah,Manipur,938227,2025-11-16,paid_search,Premium,True
CST1382,Shivansh Tank,enarain@example.com,1566848027,Dehri,West Bengal,078460,2025-08-16,organic,Regular,False
CST1383,Ridhi Sagar,dcheema@example.net,+911574545186,Sambhal,Chhattisgarh,291155,2025-06-28,paid_search,Regular,False
CST1384,Frado Kara,hcontractor@example.net,06068154416,Dewas,Telangana,317228,2024-03-15,organic,VIP,True
CST1385,Aadi Gala,utandon@example.net,+914458499017,Bettiah,Nagaland,961950,2026-04-15,organic,VIP,True
CST1386,Hredhaan Kapadia,kvyas@example.com,6722751402,Sultan Pur Majra,Chhattisgarh,537993,2026-04-14,email,Premium,True
CST1387,Siddharth Buch,anya24@example.org,+916889497150,Berhampur,Chhattisgarh,521235,2024-07-27,email,VIP,True
CST1388,Nakul Johal,varenyadivan@example.com,+918753448820,Singrauli,Gujarat,399095,2024-02-19,organic,Premium,True
CST1389,Tanveer Chawla,rtank@example.com,08239937695,Unnao,Jharkhand,358211,2025-12-01,email,VIP,True
CST1390,Devika Bhandari,ramaimaran@example.com,4128883492,Gorakhpur,Manipur,510478,2026-01-06,organic,Premium,False
CST1391,Urvashi Oak,banjeetmistry@example.org,+910880759101,Panchkula,Jharkhand,877459,2023-11-11,paid_search,Regular,True
CST1392,Udyati Ganguly,rattajagat@example.net,+914843681362,Etawah,Meghalaya,591887,2025-09-25,organic,Regular,True
CST1393,Baghyawati Lalla,devansh05@example.org,1709948696,Dibrugarh,Uttar Pradesh,975509,2024-08-14,paid_search,Premium,True
CST1394,Yagnesh Nadig,sahnidevika@example.org,+919826670050,Rajpur Sonarpur,Bihar,234232,2023-09-23,email,Premium,True
CST1395,Qadim Babu,ayushman37@example.com,07872884759,Panchkula,West Bengal,849504,2025-03-29,social,Regular,True
CST1396,Faraj Saran,amaira05@example.com,08542410502,Lucknow,Haryana,236344,2023-11-13,organic,Premium,True
CST1397,Chasmum Menon,kamalagarde@example.com,+914967054840,Belgaum,Andhra Pradesh,653574,2026-06-04,referral,Regular,True
CST1398,Thomas Lall,anmolchowdhury@example.net,08997343870,Amritsar,Tripura,297413,2026-03-29,email,Regular,True
CST1399,Rudra Hayre,ekibe@example.net,+915339104344,Siliguri,Jharkhand,978307,2026-07-18,referral,Premium,False
CST1400,Kai Agate,vasakaran@example.com,+917437163737,Pimpri-Chinchwad,Karnataka,317240,2025-05-22,organic,Premium,True
CST1401,Advay Mander,fkala@example.com,08668651777,Alappuzha,Tamil Nadu,666355,2024-05-04,email,Regular,False
CST1402,Idika Ganesh,upkaarganesh@example.net,+917826545995,Dehradun,Odisha,509724,2024-07-03,email,Premium,True
CST1403,Ishani Gokhale,brahmbhattchampak@example.org,8095458627,Ambarnath,Bihar,035427,2024-10-21,social,VIP,True
CST1404,Girik Baria,mason18@example.org,06680384353,Moradabad,Meghalaya,633031,2024-11-24,email,VIP,False
CST1405,Nandini Manne,nnagy@example.com,+910795737845,Indore,Karnataka,391789,2025-10-30,email,Regular,True
CST1406,Andrew Khanna,saransaanvi@example.net,+914662384431,Saharsa,Rajasthan,606281,2023-11-25,social,VIP,True
CST1407,Girish Rama,ojoshi@example.net,08613359526,Saharsa,Manipur,923903,2025-07-16,referral,VIP,True
CST1408,Luke Saran,doctoraadhya@example.org,3507620565,Nanded,Odisha,252621,2023-10-01,organic,VIP,False
CST1409,Pahal Palan,kondaanmol@example.com,04825707713,Durg,Meghalaya,692979,2025-04-06,email,Regular,True
CST1410,Sarthak Chokshi,nidhichakraborty@example.org,+917606574886,Satara,Madhya Pradesh,643389,2023-09-03,social,Regular,True
CST1411,Arya Mittal,bhattsanaya@example.com,+913844360861,Yamunanagar,Andhra Pradesh,994913,2026-04-08,paid_search,Regular,True
CST1412,Jeevika Venkataraman,vihaangade@example.org,+915393004888,Kozhikode,Bihar,562765,2025-05-14,social,Premium,False
CST1413,Nidhi Dhingra,zkhatri@example.net,06368931894,Rewa,Maharashtra,327689,2025-11-23,paid_search,Premium,True
CST1414,Damini Guha,sandhuamruta@example.net,+916298001476,Sambalpur,Andhra Pradesh,133501,2025-06-11,email,Premium,False
CST1415,Varenya Uppal,ylall@example.com,03771946458,Mira-Bhayandar,Nagaland,590675,2024-06-14,social,Premium,True
CST1416,Samarth Tara,ynair@example.com,5874283484,Ambarnath,Goa,579338,2025-11-21,paid_search,VIP,True
CST1417,Balveer Saha,hamsini82@example.net,8161998953,Ongole,Karnataka,286714,2025-02-24,email,VIP,True
CST1418,Harish Dash,lakshrandhawa@example.net,+911796962572,Sikar,Assam,210182,2024-01-28,paid_search,VIP,True
CST1419,Yug Kala,dezashil@example.com,7729162719,Saharsa,Jharkhand,365638,2023-12-19,paid_search,Premium,True
CST1420,Oliver Boase,daksh19@example.net,08143668646,Gopalpur,Mizoram,184281,2026-07-12,referral,Premium,False
CST1421,Frederick Sandal,abeer63@example.net,04706835076,Haridwar,Assam,469394,2024-04-23,organic,VIP,True
CST1422,Qushi Sankaran,sparikh@example.org,07601131848,Agra,Himachal Pradesh,068272,2025-04-18,referral,VIP,True
CST1423,Robert Karnik,dashdevika@example.org,6778766777,Panvel,Bihar,272677,2023-10-23,paid_search,Premium,True
CST1424,Ekalinga Chawla,xaviermangat@example.com,+916678893500,Bhiwandi,Kerala,182796,2024-12-30,email,VIP,True
CST1425,Samuel Garg,jagdish55@example.net,+913236859388,Bijapur,Bihar,960125,2025-04-25,paid_search,Regular,True
CST1426,Raksha Munshi,rammichael@example.net,+913601720901,Jalna,Assam,693145,2025-10-18,email,Regular,True
CST1427,Meera Bora,alkasawhney@example.org,2402383711,Panchkula,West Bengal,996388,2024-08-19,social,Regular,True
CST1428,Jasmit Gandhi,daraarunima@example.com,6187293480,Mangalore,Arunachal Pradesh,895965,2024-01-12,paid_search,Premium,True
CST1429,Anusha Malhotra,anthony66@example.org,0341344367,Machilipatnam,Arunachal Pradesh,551442,2025-01-07,paid_search,Premium,False
CST1430,Anvi Krish,srivastavaekaja@example.org,9666811156,Jamalpur,Kerala,112423,2024-04-24,organic,VIP,True
CST1431,Tarak Varma,xsaini@example.org,+916244233993,Ajmer,Nagaland,125395,2024-12-06,organic,VIP,True
CST1432,Kiaan Upadhyay,rrout@example.net,+915747038171,Mahbubnagar,Mizoram,641487,2025-09-06,email,Regular,True
CST1433,Isaac Aggarwal,arajagopal@example.net,07482157599,Tadepalligudem,Haryana,037546,2025-03-03,social,VIP,True
CST1434,Falan Dewan,raghavnanda@example.com,09464524668,Latur,Tamil Nadu,505602,2025-11-13,email,Regular,True
CST1435,Gautam Saran,srinivasjeevika@example.com,06084928667,Jodhpur,Kerala,070936,2025-03-29,organic,Premium,True
CST1436,Harinakshi Sarin,pedwin@example.com,06766893459,Tinsukia,Sikkim,879434,2023-10-16,social,Regular,True
CST1437,Gavin Dugar,abhiram42@example.net,07597856136,Parbhani,Sikkim,421567,2026-01-08,organic,VIP,True
CST1438,Gopal Nayar,chakradevvenkataraman@example.net,4135921827,Nandyal,Rajasthan,410574,2024-05-10,social,Regular,False
CST1439,Yoshita Agate,zrao@example.com,+914336319272,Panchkula,Assam,982968,2025-10-31,email,Regular,False
CST1440,Bakhshi Sachdeva,wparikh@example.net,06305893597,Katihar,Tripura,031707,2025-12-17,organic,VIP,True
CST1441,Manbir Sachdev,chaudharybenjamin@example.org,01362562411,Ahmednagar,Bihar,289553,2024-04-03,organic,Premium,True
CST1442,Chavvi Kamdar,chaudhryvihaan@example.net,+918376177821,Thrissur,Bihar,406919,2023-11-22,organic,VIP,True
CST1443,Gunbir Bains,isandhu@example.net,4602433171,Pune,Karnataka,349769,2024-05-27,email,VIP,True
CST1444,Raghav Das,sundaramzilmil@example.net,3393960672,Uluberia,West Bengal,853559,2025-03-06,social,Regular,True
CST1445,Brijesh Sane,kapuryutika@example.com,9172688320,Mirzapur,Nagaland,103617,2024-01-11,email,VIP,True
CST1446,Neelima Bajwa,rayaan59@example.net,0022655883,Buxar,Assam,891929,2025-01-22,social,VIP,False
CST1447,Samuel Bains,rajanedhitha@example.com,04218416901,Danapur,Telangana,384592,2025-06-11,email,VIP,True
CST1448,Kashish Soni,karharrison@example.net,+912053188309,Vasai-Virar,Himachal Pradesh,536889,2024-06-09,referral,Premium,True
CST1449,Rachita Narula,chasmumarya@example.org,02974031557,Rajpur Sonarpur,Tamil Nadu,443122,2026-07-23,organic,Regular,True
CST1450,Anjali Gokhale,harishvarma@example.net,07991442657,Nellore,Arunachal Pradesh,540812,2024-10-26,social,Regular,True
CST1451,Vamakshi Kalita,mitaligola@example.org,+911720984143,Miryalaguda,Chhattisgarh,105951,2026-01-20,referral,Regular,True
CST1452,Advay Morar,aashisant@example.com,+914783086086,Machilipatnam,Tamil Nadu,376011,2024-05-29,social,Premium,True
CST1453,Tristan Venkataraman,qchopra@example.net,+918531067592,Bhiwani,Arunachal Pradesh,867441,2023-09-08,email,VIP,True
CST1454,Gabriel Nayar,vdate@example.org,5459774178,Gwalior,Himachal Pradesh,446609,2023-11-08,organic,VIP,True
CST1455,Advika Shere,psarin@example.com,+913841545528,Bokaro,Bihar,781978,2026-05-20,social,Regular,True
CST1456,Jairaj Halder,zparmer@example.net,1764742446,Baranagar,Himachal Pradesh,287986,2025-04-24,social,VIP,True
CST1457,Ekaja Dugar,hardiksahota@example.net,+913706341016,Ghaziabad,Telangana,494819,2025-01-10,social,Premium,True
CST1458,Vincent Chawla,darpan50@example.net,+918781977542,Bokaro,Bihar,037921,2026-08-23,referral,Premium,True
CST1459,Gayathri Krishna,rehaanshankar@example.com,0614041943,Tadipatri,Punjab,014708,2026-04-18,social,Regular,False
CST1460,Aarav Konda,vshroff@example.net,+917948626148,Baranagar,Nagaland,086531,2024-09-07,referral,VIP,True
CST1461,Rudra Wable,mannecharles@example.net,7470052702,Bidar,Kerala,285758,2026-07-25,social,Premium,True
CST1462,Daniel Chauhan,kannanjacob@example.org,07189588106,Erode,Punjab,168863,2024-05-19,organic,VIP,True
CST1463,Odika Ramanathan,obiswas@example.org,05592388324,Fatehpur,Sikkim,016085,2026-05-13,paid_search,Regular,False
CST1464,Charvi Deol,prashadchandresh@example.org,03499010084,Thanjavur,Uttar Pradesh,427629,2023-08-28,email,Premium,True
CST1465,Yashvi Dhillon,logan63@example.net,+918090398255,Bhind,Maharashtra,955263,2026-08-06,organic,Regular,True
CST1466,Viraj Kuruvilla,thakkarlaksh@example.net,+911803111757,Bally,Meghalaya,485220,2025-07-30,referral,VIP,True
CST1467,Warinder Rastogi,wazir27@example.com,+917160592801,Bongaigaon,Nagaland,181344,2026-06-16,social,VIP,True
CST1468,Mitesh Bera,wghose@example.net,9939798953,Kolkata,Meghalaya,738806,2024-06-29,email,Regular,True
CST1469,Leela Sachdev,tarak64@example.org,04712476389,Jaipur,Nagaland,835588,2024-07-14,referral,Regular,True
CST1470,Wriddhish Bajwa,nirjareddy@example.com,+918167659827,Khandwa,Assam,964311,2024-07-04,organic,Premium,True
CST1471,Yatan Misra,wishi44@example.com,2123705482,Visakhapatnam,Telangana,351775,2026-06-02,paid_search,Premium,True
CST1472,Kala Koshy,rkapoor@example.net,5252126334,Amaravati,Telangana,188399,2025-06-08,organic,VIP,False
CST1473,Jackson Keer,matthewjha@example.net,5474643825,Jalgaon,Gujarat,368197,2025-03-11,referral,VIP,True
CST1474,Chaman Dyal,indiraraja@example.com,+919703422943,Raichur,Maharashtra,437413,2024-04-09,referral,Premium,True
CST1475,Krishna Sanghvi,faqidshroff@example.net,9618278152,Nellore,Punjab,717606,2024-08-28,paid_search,VIP,True
CST1476,Ethan Kala,qarin80@example.org,05965728924,Raichur,Tripura,320379,2025-01-11,paid_search,VIP,True
CST1477,Andrew Patla,dramachandran@example.org,08264327618,Ozhukarai,Assam,227783,2025-12-25,email,Regular,True
CST1478,Siddharth Nazareth,sathejeremiah@example.org,4769555282,Mira-Bhayandar,Haryana,595426,2023-10-04,organic,Premium,True
CST1479,Warda Biswas,goeleshana@example.com,+912454574784,Bhavnagar,Kerala,477180,2023-11-22,email,VIP,True
CST1480,Yadavi Raju,ravialexander@example.com,+915564795085,Bhusawal,Tamil Nadu,949829,2024-05-21,organic,Regular,True
CST1481,Wahab Brar,abdul62@example.net,+910561536988,Bijapur,Manipur,599071,2024-07-08,social,VIP,True
CST1482,Theodore Bora,qabil77@example.com,09243851793,Pune,Haryana,984093,2025-04-13,referral,Premium,True
CST1483,Chatura Bhattacharyya,iravel@example.com,04992767702,Visakhapatnam,Assam,740562,2026-01-10,paid_search,Premium,True
CST1484,Pranav Sura,onveer29@example.net,05761659798,Alwar,Gujarat,789795,2024-07-15,email,Regular,False
CST1485,Neelima Borde,agateaarini@example.com,+912063689462,Amritsar,Uttar Pradesh,246866,2025-10-23,paid_search,Regular,True
CST1486,Yauvani Prasad,jvenkatesh@example.com,08952458059,Yamunanagar,Bihar,898453,2026-04-12,referral,Regular,True
CST1487,Nathaniel Bhatt,mitali35@example.org,+915702311528,Surendranagar Dudhrej,Haryana,601788,2023-11-28,referral,Regular,False
CST1488,Zehaan Gour,widisha29@example.net,06641639272,Salem,Kerala,884786,2025-06-24,referral,Premium,True
CST1489,Meera Kanda,vidhi08@example.com,4209744848,Dhule,Uttar Pradesh,151592,2024-12-06,social,VIP,True
CST1490,Qushi Banerjee,prabhakarindrajit@example.net,07031085683,Chandrapur,Mizoram,489273,2024-03-30,referral,Regular,False
CST1491,Krishna Shroff,zarna03@example.com,03828699900,Yamunanagar,Bihar,273684,2025-03-30,referral,Premium,True
CST1492,Shaurya Pandya,liambajaj@example.net,+913407464257,Kalyan-Dombivli,Haryana,723004,2025-03-27,email,VIP,False
CST1493,Tamanna Raja,munshiwatika@example.com,+918853850655,Bhiwandi,Jharkhand,419337,2026-05-16,email,Premium,True
CST1494,Gagan Datta,sanghvinidhi@example.com,3660031929,Kanpur,Meghalaya,081809,2024-02-01,paid_search,VIP,True
CST1495,Krisha Narasimhan,hemanikapoor@example.org,7493380663,Mathura,Punjab,800377,2023-09-27,organic,Regular,True
CST1496,Anika Sankaran,fariq68@example.net,3555061364,Katni,Andhra Pradesh,118711,2024-11-26,paid_search,Regular,True
CST1497,Lila Khurana,zsant@example.org,+912274810170,Barasat,Nagaland,735245,2025-11-21,email,Premium,True
CST1498,Adweta Nath,zdevi@example.org,09769398266,Jammu,Punjab,787787,2025-09-06,paid_search,VIP,True
CST1499,Aadi Choudhary,ekanta51@example.net,+912697567824,Jehanabad,Meghalaya,245304,2024-08-28,organic,Premium,True
CST1500,Chandran Comar,qushidhaliwal@example.org,+915037987609,Jodhpur,Uttarakhand,220513,2026-03-25,referral,Premium,False
CST1501,Manthan Mani,xiti97@example.net,+911279270580,Nellore,Meghalaya,079891,2024-05-03,referral,Premium,True
CST1502,Baghyawati Dass,vanshamitter@example.org,2380408869,Dewas,Punjab,876181,2024-02-29,referral,VIP,True
CST1503,Naksh Seshadri,irajagopal@example.com,08720775522,Meerut,Uttarakhand,370207,2025-11-04,paid_search,Premium,True
CST1504,Pallavi Sachdeva,ghoshdiya@example.org,4286656577,Karimnagar,Jharkhand,127464,2026-08-18,organic,Premium,True
CST1505,Neelima Anand,trivedioeshi@example.com,+915754381648,Bokaro,Uttar Pradesh,972868,2025-12-05,email,VIP,True
CST1506,Manthan Chopra,rkant@example.com,6827821214,Sultan Pur Majra,Uttarakhand,326612,2025-04-24,paid_search,VIP,True
CST1507,Geetika Ravi,senekiya@example.com,09108656311,Ongole,Haryana,846334,2026-04-15,organic,VIP,False
CST1508,Vrinda Setty,xiti23@example.com,3580017746,Tadepalligudem,Himachal Pradesh,030527,2024-04-13,referral,Regular,False
CST1509,Oeshi Nadig,pratyush19@example.net,1658785965,Durg,Kerala,217833,2024-08-31,organic,Premium,True
CST1510,Yashica Iyengar,omkaarnath@example.org,08479422408,Tiruvottiyur,Odisha,441059,2026-05-13,social,Regular,True
CST1511,Anita Zacharia,garima48@example.org,00224932742,Bhind,Meghalaya,138105,2025-08-04,social,Premium,True
CST1512,Lavanya Joshi,zwagle@example.net,01161336509,Hindupur,Madhya Pradesh,437857,2025-03-17,social,Premium,False
CST1513,Upasna Choudhry,gaganbath@example.net,02087853428,Ranchi,Mizoram,565794,2024-10-03,referral,Regular,True
CST1514,Frado Aggarwal,zbrar@example.com,6693878278,Chennai,Tripura,029189,2026-03-04,referral,VIP,True
CST1515,Chandani Wagle,zsengupta@example.net,3289390724,Mirzapur,Arunachal Pradesh,534927,2024-06-09,organic,VIP,True
CST1516,Frederick Konda,fkibe@example.org,5420574421,Katihar,Jharkhand,917239,2026-01-19,social,Regular,False
CST1517,Lucky Sodhi,rameshmahika@example.net,+914104342450,Orai,Jharkhand,713234,2025-06-06,referral,Regular,True
CST1518,Meghana Oommen,sneha29@example.com,9433323681,Satna,Maharashtra,437526,2026-06-17,email,VIP,True
CST1519,Azaan Natt,farasgulati@example.net,02987341090,Jaipur,Goa,375592,2025-02-19,organic,VIP,True
CST1520,William Konda,ndatta@example.net,2798061715,Khammam,Assam,489801,2024-02-24,email,Regular,False
CST1521,Lekha Jain,basuanamika@example.org,04291314585,Hubli–Dharwad,Sikkim,468999,2026-02-13,email,VIP,True
CST1522,Amol Nagi,sonijeremiah@example.net,9953943401,Bidhannagar,West Bengal,450559,2025-10-11,referral,Premium,True
CST1523,Lekha Trivedi,wsawhney@example.net,+911466240247,Shivpuri,Sikkim,180766,2023-09-21,referral,Premium,True
CST1524,Tanmayi Kala,vamakshi65@example.org,6130055220,Bellary,Madhya Pradesh,084591,2025-07-04,organic,VIP,True
CST1525,Devansh Mannan,oliver63@example.com,6886056026,Khammam,Rajasthan,589356,2026-04-22,organic,Regular,True
CST1526,Warhi Suresh,zansimallick@example.com,04562727075,Singrauli,Karnataka,111385,2023-12-02,organic,VIP,True
CST1527,Aarini Patla,ranveerradhakrishnan@example.com,+911667706373,Farrukhabad,Chhattisgarh,989524,2023-11-01,social,Regular,True
CST1528,Gauri Baral,ebera@example.net,06903898891,Haldia,Sikkim,005653,2024-12-06,organic,Premium,False
CST1529,Chaitanya Ram,som@example.org,09769636879,Farrukhabad,West Bengal,339872,2024-06-04,social,VIP,True
CST1530,Manthan Dada,shaurya15@example.net,06896054259,Kottayam,Arunachal Pradesh,751377,2024-11-09,paid_search,VIP,True
CST1531,Anirudh Divan,meghana37@example.org,+913954888039,Durgapur,Bihar,020682,2025-02-13,email,VIP,False
CST1532,Vasudha Chokshi,oni44@example.com,09878659930,Hubli–Dharwad,Arunachal Pradesh,524218,2025-01-05,paid_search,Premium,False
CST1533,Harini Zachariah,jkohli@example.net,+912456181536,Guntur,Odisha,829932,2026-08-22,referral,Premium,True
CST1534,Sai Dhingra,umall@example.org,5332853342,Bhiwandi,Punjab,991087,2026-03-23,paid_search,Premium,False
CST1535,Nikita Kibe,koshybahadurjit@example.net,1310504253,Solapur,Uttar Pradesh,971306,2025-10-03,paid_search,Premium,True
CST1536,Isaiah Wadhwa,triveni43@example.com,6236743292,Bhalswa Jahangir Pur,Uttarakhand,103968,2026-05-08,social,Regular,True
CST1537,Advika Agrawal,srinivassamarth@example.org,02918391037,Bhatpara,Himachal Pradesh,156161,2025-08-06,referral,Regular,False
CST1538,Vansha Subramaniam,hbhavsar@example.net,+915157465932,Mysore,Odisha,074006,2025-05-07,paid_search,VIP,True
CST1539,Wyatt Cherian,hgoda@example.com,06047227859,Vadodara,Assam,417949,2024-01-01,social,VIP,True
CST1540,Hiral Parmer,rajpranav@example.com,06775256369,Orai,Himachal Pradesh,661422,2024-10-03,paid_search,Premium,True
CST1541,Pavani Ramachandran,kaulabha@example.org,02043942857,Saharanpur,Gujarat,853205,2026-02-14,paid_search,Premium,True
CST1542,Harinakshi Sathe,falgunimerchant@example.com,3210446858,Bareilly,Tamil Nadu,520069,2025-04-22,social,Regular,True
CST1543,Charita Sura,anthony59@example.com,07859889186,Kamarhati,Nagaland,926114,2024-02-21,email,Premium,False
CST1544,Xavier Sanghvi,tanay46@example.com,+913042122599,Avadi,Andhra Pradesh,387539,2025-12-05,social,Premium,True
CST1545,Joshua Suri,zaidchandra@example.net,3688587379,Aurangabad,Rajasthan,316191,2025-09-15,email,VIP,True
CST1546,Gunbir Amble,krishnasachar@example.org,03347583326,Bijapur,Chhattisgarh,323935,2026-02-05,referral,VIP,True
CST1547,Gunbir Hayre,doshishaurya@example.com,+914945888627,Kolhapur,Rajasthan,966237,2023-11-02,paid_search,VIP,False
CST1548,Vidhi Agrawal,zvarghese@example.org,3395623580,Firozabad,Andhra Pradesh,860421,2026-04-09,email,Regular,True
CST1549,Fiyaz Char,radha90@example.net,04155714399,Shimoga,Rajasthan,876387,2026-08-17,social,Regular,False
CST1550,Avni Chokshi,nachiketvenkataraman@example.com,07684274825,Pimpri-Chinchwad,Gujarat,159863,2024-11-12,paid_search,Premium,True
CST1551,Ayushman Sur,panchaljatin@example.net,+916419056933,Jodhpur,Karnataka,904632,2023-09-20,email,VIP,True
CST1552,Fiyaz Hans,ybedi@example.org,9286727223,Siliguri,Meghalaya,506913,2024-10-25,email,VIP,True
CST1553,Sanya Yogi,magarvamakshi@example.com,1274155723,Satna,Goa,500609,2025-08-30,organic,VIP,True
CST1554,Rachana Rattan,galawridesh@example.org,05543403098,Karnal,Meghalaya,848970,2024-11-08,social,Regular,True
CST1555,Shivansh Arora,oakryan@example.net,+917948834940,Kollam,Madhya Pradesh,126891,2024-02-09,paid_search,Premium,True
CST1556,Wishi Bhatia,mammenmohammed@example.net,04122557040,Maheshtala,Chhattisgarh,679579,2024-11-22,paid_search,VIP,True
CST1557,Aashi Viswanathan,yoshitabutala@example.org,9104165577,Nashik,Uttar Pradesh,051644,2026-02-10,referral,VIP,True
CST1558,Qadim Sandal,oliver40@example.net,6600827392,Panvel,Arunachal Pradesh,535121,2024-10-26,referral,VIP,True
CST1559,Daksh Bath,calebpanchal@example.com,01969487389,Sonipat,Himachal Pradesh,112047,2023-10-19,social,Premium,True
CST1560,Hemani Mander,chamanrastogi@example.net,6602697994,Thiruvananthapuram,Goa,496257,2026-05-10,paid_search,VIP,True
CST1561,Raksha Kapadia,ishita09@example.com,+918401386387,Gwalior,Himachal Pradesh,164745,2026-08-12,paid_search,VIP,True
CST1562,Naveen Mannan,chakrika43@example.com,3037278634,Dewas,Uttar Pradesh,798793,2025-06-21,social,Regular,True
CST1563,Balhaar Radhakrishnan,darsh15@example.org,+919926120003,Madurai,Meghalaya,600258,2026-05-22,paid_search,Premium,True
CST1564,Lopa Gopal,ymohan@example.com,7773562325,Siwan,Maharashtra,091091,2024-03-24,paid_search,Premium,True
CST1565,Balhaar Narasimhan,poojashankar@example.org,08010141801,Haridwar,Rajasthan,459254,2025-12-23,organic,Regular,True
CST1566,Zayyan Radhakrishnan,zilmil72@example.net,08670060215,Pimpri-Chinchwad,Himachal Pradesh,285534,2023-10-28,referral,Premium,True
CST1567,Hiral Raju,yagnesh64@example.com,05624574368,Bikaner,Goa,206268,2024-01-07,referral,Premium,False
CST1568,Avi Kumer,ekansh85@example.com,07673345818,Bahraich,Kerala,688599,2024-08-31,organic,Regular,True
CST1569,Januja Wason,nishabail@example.net,1713609608,Chinsurah,Maharashtra,474647,2024-05-01,paid_search,Regular,False
CST1570,Zansi Batta,ansh54@example.com,06734038722,Jamalpur,Punjab,883367,2026-02-09,referral,Regular,False
CST1571,Wakeeta Andra,zmane@example.org,+914822567636,Amroha,Gujarat,057785,2024-10-20,email,Regular,True
CST1572,Xavier Kade,vagarwal@example.org,7925658291,Bangalore,Nagaland,935739,2025-03-23,organic,VIP,True
CST1573,Hamsini Keer,zdua@example.org,8338999418,Jamalpur,Kerala,086501,2025-11-15,social,VIP,True
CST1574,Nisha Seth,upasna05@example.com,9164517746,Panipat,Chhattisgarh,137461,2024-12-03,paid_search,Regular,True
CST1575,Alexander Dara,ypall@example.com,+915547773463,Warangal,Uttar Pradesh,170792,2024-12-18,organic,Premium,True
CST1576,Gaurang Som,krishnamohan@example.org,02016510079,Hajipur,Andhra Pradesh,830987,2023-12-19,organic,Regular,True
CST1577,Jeevika Dhillon,nimratpillai@example.net,8499735974,Yamunanagar,Meghalaya,231193,2024-01-04,email,Premium,True
CST1578,Abhiram Kalita,manthangolla@example.net,8941278670,Madanapalle,Andhra Pradesh,758019,2026-02-04,organic,Regular,False
CST1579,Kalpit Sankar,pauzilmil@example.com,9893034976,Asansol,Maharashtra,664099,2025-06-10,social,Premium,True
CST1580,Ekantika Bhat,oscarsangha@example.com,0767333048,Jhansi,Meghalaya,847518,2024-12-29,social,Premium,False
CST1581,Falak Mannan,tsangha@example.org,+913394272449,Yamunanagar,Gujarat,439627,2023-10-26,paid_search,VIP,True
CST1582,Udant Gala,biswasamruta@example.com,8500409510,Maheshtala,Arunachal Pradesh,213075,2024-03-15,referral,Premium,True
CST1583,Indali Aurora,hemanipalla@example.org,00083808209,Thiruvananthapuram,Himachal Pradesh,639829,2025-11-11,email,Regular,False
CST1584,Isha Lala,vganesan@example.com,+917832057385,Dewas,Odisha,540538,2024-06-07,organic,Regular,True
CST1585,Aayush Contractor,libni24@example.com,8253760347,South Dumdum,Telangana,824539,2026-06-21,email,Regular,True
CST1586,Vaishnavi Pandey,narulaikbal@example.com,3964073307,North Dumdum,Bihar,318735,2024-12-07,email,Premium,False
CST1587,Ganga Agate,ishita05@example.org,4063135094,Agartala,Himachal Pradesh,605973,2024-04-28,referral,Premium,True
CST1588,Amaira Dayal,kamya68@example.com,02554665305,Ongole,Nagaland,334029,2024-12-02,email,Premium,True
CST1589,Robert Srivastava,jiyengar@example.org,3612745473,Pallavaram,Nagaland,293915,2023-12-29,referral,Regular,True
CST1590,Ekantika Tata,tupadhyay@example.com,03617767640,Arrah,Nagaland,580697,2024-02-25,paid_search,Premium,False
CST1591,Saumya Choudhury,agrawaljanya@example.com,+915699533479,Kharagpur,Jharkhand,745219,2025-03-20,organic,Regular,True
CST1592,Dhruv Desai,udarshradhakrishnan@example.com,+917862946188,Unnao,Sikkim,017333,2026-04-02,email,Regular,True
CST1593,Urishilla Krishna,sarnaindrajit@example.org,+919497767745,Ahmedabad,Meghalaya,631621,2024-09-23,organic,Premium,True
CST1594,Faris Kumer,pratyush79@example.com,+911903612023,Faridabad,Bihar,092632,2024-02-21,paid_search,Regular,True
CST1595,Keya Raval,meerabhatt@example.com,03583767142,Ongole,Andhra Pradesh,600144,2025-01-08,paid_search,VIP,True
CST1596,Wahab Mutti,udantguha@example.com,6630320284,Parbhani,Sikkim,794623,2026-03-30,paid_search,Premium,True
CST1597,Prisha Goel,pranavtripathi@example.com,+911906103769,Narasaraopet,Assam,070835,2024-09-07,referral,Premium,True
CST1598,Ranbir Sur,falak02@example.org,+915169584452,Darbhanga,Haryana,459242,2025-07-04,social,Premium,True
CST1599,Xalak Raghavan,ichaudhari@example.com,05082047501,Shivpuri,Meghalaya,272780,2025-03-10,organic,VIP,True
CST1600,Bhavika Rama,qariniyer@example.net,+915307675402,Suryapet,West Bengal,490930,2025-01-14,organic,VIP,False
CST1601,Vihaan Aurora,mandidika@example.net,05884372832,Vijayawada,Andhra Pradesh,853433,2025-03-21,referral,Premium,True
CST1602,Chakradhar Nath,kashvi36@example.com,+914756852510,Bhilai,Arunachal Pradesh,380509,2024-09-15,paid_search,VIP,True
CST1603,Yauvani Dugal,luketrivedi@example.net,09018802936,Srikakulam,Mizoram,967692,2026-01-11,referral,Regular,True
CST1604,Urvashi Maharaj,iyerrachita@example.com,05618211150,Kishanganj,Assam,014245,2024-09-03,organic,Premium,True
CST1605,Chameli Swamy,ebhalla@example.com,+910464398692,Jodhpur,Nagaland,657934,2026-03-15,referral,VIP,False
CST1606,Watika Tailor,ekarajprakash@example.com,09206296234,Solapur,Goa,495693,2025-01-03,referral,Premium,True
CST1607,Edhitha Venkataraman,ambledevika@example.com,03127800682,Orai,Maharashtra,979145,2024-02-02,referral,VIP,True
CST1608,Peter Raghavan,adya46@example.com,+911420702042,Bhind,Chhattisgarh,866561,2024-03-31,social,Regular,True
CST1609,Manya Viswanathan,omajapant@example.net,+919611019194,Sri Ganganagar,Madhya Pradesh,466572,2024-10-23,paid_search,Premium,True
CST1610,Bina Subramanian,bgara@example.net,00284056133,Hosur,Meghalaya,647676,2024-06-22,paid_search,VIP,True
CST1611,Yasti Oak,rtandon@example.com,08545672863,Karawal Nagar,Andhra Pradesh,310809,2023-12-31,referral,Premium,True
CST1612,Ansh Dugar,zansi17@example.com,+912286213034,Tadipatri,Tripura,725482,2025-08-02,organic,VIP,True
CST1613,Manan Bandi,farajjohal@example.com,+912616601828,Thanjavur,Jharkhand,827895,2025-04-05,email,VIP,False
CST1614,Amol Ratti,sarafudarsh@example.com,08045087626,Burhanpur,Telangana,528097,2025-12-13,paid_search,Regular,True
CST1615,Girik Bassi,knair@example.com,0479001477,Silchar,Mizoram,742883,2023-12-15,email,Regular,True
CST1616,Nidra Sarin,dmani@example.com,05105113343,Tiruvottiyur,Manipur,871674,2025-11-03,paid_search,Regular,True
CST1617,Garima Bali,oeshiborah@example.net,+911001853594,Chittoor,Rajasthan,246092,2026-07-31,referral,VIP,False
CST1618,Arin Mital,wriddhish93@example.org,04029332825,Thrissur,Arunachal Pradesh,081304,2026-01-27,email,Regular,True
CST1619,Maya Dasgupta,fiyaz39@example.com,+917694270921,Mehsana,Manipur,669351,2025-02-14,organic,Premium,True
CST1620,Henry Ramachandran,darpancherian@example.net,03379189133,Belgaum,Assam,228976,2024-03-05,paid_search,Premium,True
CST1621,Hitesh Padmanabhan,bedibakhshi@example.com,1236177518,Farrukhabad,Gujarat,725589,2023-11-08,social,Premium,False
CST1622,Gaurang Mani,indiradeshpande@example.com,03322569232,Nagaon,Manipur,462555,2025-09-20,paid_search,VIP,True
CST1623,Faqid Sahota,iyerhemang@example.net,04880323737,Gwalior,Uttar Pradesh,666178,2026-06-28,organic,Regular,True
CST1624,Yashoda Krishnamurthy,rprashad@example.net,8789354980,Aligarh,Manipur,424974,2026-01-01,organic,Premium,True
CST1625,Mitali Bahri,lajitaray@example.org,+911112285263,Kirari Suleman Nagar,Assam,768992,2026-05-21,social,Premium,False
CST1626,Siya Gera,simonsekhon@example.com,+910114954865,Bangalore,Odisha,512240,2025-05-31,organic,Regular,True
CST1627,Jatin Rama,palmegha@example.org,08993757125,Alwar,Haryana,095382,2024-09-11,referral,VIP,True
CST1628,Upadhriti Samra,tarasaanvi@example.com,1103733051,Kakinada,Telangana,238398,2025-12-17,organic,Regular,True
CST1629,Chandran Manda,girishkashyap@example.com,04578096383,Khammam,Uttarakhand,970455,2024-07-14,referral,Premium,True
CST1630,Krishna Bhakta,toornirja@example.net,5163902414,Kolhapur,Rajasthan,471199,2025-08-31,email,Premium,False
CST1631,Yashawini Bala,saanvi72@example.net,6295654269,Akola,Telangana,734032,2024-01-24,referral,Premium,False
CST1632,Rajeshri Sant,hkapadia@example.org,06222783144,Chapra,Manipur,617158,2024-01-01,referral,Premium,False
CST1633,Janani Jaggi,skhanna@example.com,7580680747,Anantapur,Madhya Pradesh,806311,2024-04-03,organic,VIP,True
CST1634,Gaurika Anne,qbhavsar@example.com,6505910062,Maheshtala,Rajasthan,071771,2024-06-06,organic,Regular,True
CST1635,Yashodhara Ahuja,bkata@example.org,09258980063,Gurgaon,Andhra Pradesh,875334,2026-01-10,email,Regular,True
CST1636,Ucchal Dixit,zbalasubramanian@example.com,3103083530,Rajpur Sonarpur,Telangana,127359,2024-11-20,referral,VIP,False
CST1637,Yash Vaidya,dasaahana@example.org,05769563276,Phusro,Mizoram,961320,2023-12-10,social,Regular,True
CST1638,Azaan Saran,mittalwarhi@example.com,2831108752,Nagpur,West Bengal,301904,2025-12-14,email,VIP,True
CST1639,Robert Handa,hprakash@example.com,05594669805,Patiala,Jharkhand,288953,2023-10-03,paid_search,Regular,False
CST1640,Darpan Krishnamurthy,aarinikhare@example.net,1715612808,Karaikudi,Chhattisgarh,408362,2026-06-05,email,VIP,True
CST1641,Chaaya Dugal,rsetty@example.org,0951778176,Belgaum,Andhra Pradesh,068741,2026-04-20,paid_search,VIP,True
CST1642,Tanmayi Naik,ladnaksh@example.org,+916616408484,Katihar,Goa,888741,2024-06-18,email,VIP,False
CST1643,Yashica Nagarajan,koshyishwar@example.net,+911496547485,Purnia,Uttar Pradesh,315619,2024-05-14,referral,VIP,True
CST1644,Gavin Kunda,nde@example.net,07431947061,Dehri,Himachal Pradesh,875845,2025-11-01,paid_search,Regular,False
CST1645,Teerth Dash,virajdeo@example.net,+914525228281,Nanded,Odisha,305853,2024-06-12,organic,VIP,False
CST1646,Upadhriti Sehgal,jackdoctor@example.org,+917243127188,Pondicherry,Jharkhand,022403,2024-05-25,referral,VIP,True
CST1647,Tripti Tank,bhatnagaryahvi@example.net,+912119025010,Proddatur,Arunachal Pradesh,697316,2026-07-29,organic,Premium,False
CST1648,Megha Baral,gaurika21@example.net,3937251543,Uluberia,Telangana,254131,2026-02-27,organic,VIP,True
CST1649,Panini Tank,satheguneet@example.net,4429000705,Tinsukia,Meghalaya,724331,2025-10-11,paid_search,Regular,True
CST1650,Tanveer Nigam,bdar@example.com,07630394918,Katni,Jharkhand,250302,2024-03-30,organic,Regular,True
CST1651,Ethan Bhattacharyya,parikhgarima@example.net,4988164088,Nanded,Assam,593897,2024-06-18,organic,Premium,False
CST1652,Daksha Bahri,anthonyverma@example.org,+910687192316,Bikaner,Tripura,541913,2025-05-27,organic,Regular,False
CST1653,Ira Nayak,noahpradhan@example.net,2275721285,Asansol,Meghalaya,874991,2026-01-28,email,Regular,False
CST1654,Aachal Keer,bkar@example.com,02549986210,Gandhinagar,Telangana,371360,2024-12-31,referral,Regular,False
CST1655,Bhavna Sarna,yachana37@example.org,+911128207985,Shimla,Jharkhand,771963,2026-08-16,referral,Premium,True
CST1656,Isaiah Shah,rajata78@example.net,4413241179,Mumbai,Arunachal Pradesh,775898,2024-11-13,referral,Premium,True
CST1657,Yauvani Shenoy,salvifrederick@example.net,06630474201,Agartala,Rajasthan,051711,2026-05-09,paid_search,Regular,False
CST1658,Wakeeta Kaul,chandrandipta@example.net,04357048800,Jamalpur,West Bengal,669022,2023-09-19,paid_search,Regular,False
CST1659,Alexander Barad,bpatil@example.org,+916774666644,Proddatur,Kerala,500813,2024-01-01,email,VIP,True
CST1660,Suhani Grewal,ravalchaman@example.org,00226574033,Bihar Sharif,Meghalaya,856723,2025-09-20,paid_search,Regular,False
CST1661,Kalpit Narang,oni02@example.com,+918414340806,Bahraich,Arunachal Pradesh,244728,2025-01-09,referral,Premium,True
CST1662,Abdul Sethi,jeet74@example.com,01805904376,Ambala,Goa,217660,2024-10-09,organic,VIP,False
CST1663,Hemani Sehgal,cbarad@example.com,8622405229,Raebareli,Punjab,360140,2026-03-13,email,Regular,True
CST1664,Leela Mane,wahab77@example.net,+913634056003,Guna,Goa,773224,2025-11-07,organic,Premium,True
CST1665,Lekha Sandal,samarapte@example.org,7269903276,Solapur,Meghalaya,287585,2025-09-02,paid_search,VIP,True
CST1666,Vinaya Saha,karpefalguni@example.com,5988239046,Vadodara,Odisha,970814,2026-06-26,social,VIP,True
CST1667,Pavani Vaidya,qkadakia@example.com,+919986124265,Bhiwani,Mizoram,601887,2025-10-17,referral,Regular,True
CST1668,Odika Karpe,ubika93@example.com,9867901532,Suryapet,Goa,289247,2026-03-06,referral,Premium,False
CST1669,Ladli Mohan,harrisonbarad@example.org,04650810373,Silchar,Chhattisgarh,683021,2025-03-30,paid_search,Premium,True
CST1670,Pallavi Patla,radhikakumar@example.org,01041714670,Indore,Rajasthan,596102,2025-07-06,paid_search,Regular,True
CST1671,Rudra Maharaj,isaiahrao@example.net,07976505430,Secunderabad,Assam,253934,2024-07-03,organic,Premium,True
CST1672,Neelima Dhar,janaki22@example.org,4913825896,Anand,Tripura,094987,2024-11-27,email,VIP,True
CST1673,Ishwar Batra,ishwar46@example.net,+917953039347,Bhimavaram,Assam,648870,2024-04-24,social,Premium,True
CST1674,Dev Som,inayachoudhury@example.org,+911415886245,Munger,Mizoram,442457,2025-10-15,referral,Regular,True
CST1675,Ayush Dewan,yashasvioza@example.org,06996734349,Sonipat,Tripura,550134,2026-05-02,social,Regular,False
CST1676,Varenya Salvi,isaiah70@example.net,0637226529,Bhimavaram,Gujarat,070076,2025-02-16,referral,VIP,False
CST1677,Priya Kamdar,rastogifaras@example.org,+918925882585,Kulti,Haryana,629543,2025-12-24,email,VIP,True
CST1678,Ati Nigam,gopalbhargava@example.org,08803862306,Bhusawal,Andhra Pradesh,603782,2026-06-08,email,Premium,True
CST1679,Harinakshi Prasad,vanyadeo@example.org,2635514204,Kanpur,Chhattisgarh,257088,2024-10-12,paid_search,VIP,True
CST1680,Forum Walia,raieiravati@example.com,+915171567462,Nellore,Jharkhand,241398,2026-01-22,referral,Regular,True
CST1681,Watika Srinivasan,wazirkhalsa@example.org,01873642929,Jaipur,Kerala,902766,2024-01-11,social,Premium,True
CST1682,Champak Parekh,battadamyanti@example.net,08260203499,Rajahmundry,Manipur,766171,2025-05-24,email,Premium,True
CST1683,Isha Vala,cbaria@example.org,7342277569,Bharatpur,Punjab,978308,2026-02-10,paid_search,Premium,False
CST1684,Kamala Nadkarni,manthan34@example.net,03189705328,Dhule,Andhra Pradesh,410653,2026-06-18,social,VIP,False
CST1685,Divya Kaul,yochanamurthy@example.net,+917287618904,Kurnool,West Bengal,248796,2026-06-19,referral,Regular,True
CST1686,Jeevika Jha,saneandrew@example.com,+912561991705,Morena,Assam,245408,2026-03-21,email,VIP,True
CST1687,Jeevika Sagar,hritikpathak@example.com,07204034146,Nizamabad,Uttarakhand,414711,2025-09-16,organic,VIP,True
CST1688,Rachit Savant,daksheshparikh@example.com,09083039199,Kalyan-Dombivli,West Bengal,876806,2025-08-02,email,Regular,True
CST1689,Nisha Sangha,daksh29@example.com,09031801166,Gwalior,Maharashtra,375112,2025-10-19,organic,Regular,False
CST1690,Zarna Chana,mreddy@example.net,06856675284,Meerut,Sikkim,662263,2026-07-15,social,VIP,False
CST1691,Odika Mishra,tanish96@example.com,1379849141,Darbhanga,Nagaland,565396,2025-05-25,referral,Premium,True
CST1692,Chakrika Prasad,megha54@example.org,9448464977,Thoothukudi,Bihar,198107,2024-01-13,social,VIP,False
CST1693,Sneha Gulati,qushiwarrior@example.com,04503516534,Khandwa,Maharashtra,161910,2024-11-16,referral,Premium,True
CST1694,Dayamai Mane,keerishaan@example.com,+911516183663,Amaravati,Maharashtra,369434,2025-06-15,email,VIP,True
CST1695,Dalaja Dhar,dattakashish@example.org,00421724123,Naihati,Andhra Pradesh,959312,2025-04-26,paid_search,Regular,True
CST1696,Vaishnavi Kapur,mbains@example.org,7362340945,Cuttack,Sikkim,932188,2024-07-15,social,Regular,True
CST1697,Karan Dube,wkrishnamurthy@example.net,+912436787227,Kollam,Haryana,952897,2025-10-31,paid_search,Premium,True
CST1698,Qadim Kari,narangvasatika@example.net,1282525638,Madurai,Himachal Pradesh,178607,2023-10-14,social,VIP,False
CST1699,Bhavini Dewan,rastogiupasna@example.com,03731316626,Yamunanagar,Goa,735694,2025-02-21,paid_search,Premium,True
CST1700,Zarna Bains,palladayita@example.net,+917218396431,Rajpur Sonarpur,Himachal Pradesh,386635,2025-02-15,organic,VIP,True
CST1701,Gaurika Barman,ksura@example.net,+916644772099,Nanded,Mizoram,351960,2023-10-05,social,VIP,False
CST1702,Ekansh Bahri,rdhar@example.com,+917041532052,Madanapalle,Himachal Pradesh,517121,2025-08-30,organic,Regular,False
CST1703,Nandini Dutt,leela19@example.com,1463026226,Bhopal,Jharkhand,662351,2025-10-20,referral,Premium,True
CST1704,Sarthak Rama,khatritristan@example.com,+912118345420,Navi Mumbai,Mizoram,632075,2024-06-22,email,Regular,False
CST1705,Urmi Boase,udyati90@example.net,09444357228,Gandhidham,Haryana,157703,2025-07-06,referral,Premium,True
CST1706,Gautami Savant,jyotipandey@example.com,+916475139324,Jaunpur,West Bengal,594659,2026-07-31,email,VIP,True
CST1707,Gabriel Menon,zachariahhemangini@example.org,+910245996959,Jalna,Gujarat,244207,2023-10-19,organic,Regular,True
CST1708,Amara Nazareth,xsahota@example.com,0480607853,Kota,Chhattisgarh,563524,2025-10-28,email,Premium,True
CST1709,Anika Balay,turvichandra@example.com,05605184090,Motihari,Rajasthan,491578,2024-08-01,email,VIP,True
CST1710,Shravya Munshi,hritikbatta@example.org,7766935698,Rewa,Nagaland,649243,2026-01-04,paid_search,Premium,True
CST1711,Dipta Mukhopadhyay,swamygauri@example.net,+912042064129,Bulandshahr,Uttar Pradesh,115905,2025-07-02,email,VIP,True
CST1712,Hemal Mohan,ekantashere@example.com,06655176812,Warangal,Arunachal Pradesh,105296,2024-04-30,paid_search,VIP,False
CST1713,Ayush Sabharwal,prakashyadavi@example.net,6700776130,Bhagalpur,Sikkim,863415,2025-03-11,referral,Premium,True
CST1714,Yahvi Lal,kaurzayan@example.org,8564815707,New Delhi,Goa,453439,2023-12-02,referral,Regular,False
CST1715,Rudra Keer,randhawacharvi@example.net,02424183599,Vellore,Meghalaya,172727,2025-11-06,organic,Premium,True
CST1716,Udant Natt,alexander23@example.org,+917841718667,Indore,Uttarakhand,894273,2023-09-29,paid_search,VIP,True
CST1717,Xiti Dasgupta,deshpandemaya@example.org,8166878456,Ghaziabad,Maharashtra,749156,2024-03-03,social,Regular,True
CST1718,Edhitha Boase,msule@example.net,+915342434073,Bangalore,Goa,725683,2025-07-26,referral,Premium,False
CST1719,Vivaan Shetty,asant@example.com,+917846096388,Singrauli,Gujarat,425454,2025-07-12,referral,Premium,True
CST1720,Advika Jain,daradaniel@example.com,+915007357757,Tiruvottiyur,West Bengal,284874,2025-04-27,social,VIP,True
CST1721,Amol Mann,ganesanoni@example.org,+919247297935,Muzaffarpur,Arunachal Pradesh,309230,2024-06-12,organic,Regular,True
CST1722,Indali Grover,yoshita16@example.com,02873435091,Bidhannagar,Mizoram,768882,2024-01-28,paid_search,Regular,True
CST1723,Bhavika Parekh,vaishnavi56@example.com,+913893335791,Kharagpur,Himachal Pradesh,391806,2024-05-04,paid_search,Regular,False
CST1724,Anamika Kalla,kmandal@example.net,02609047185,Gangtok,Bihar,275404,2023-11-24,email,Regular,True
CST1725,Triveni Ganguly,dev20@example.org,09394382505,Dewas,Manipur,820823,2025-06-07,social,VIP,True
CST1726,Christopher Shroff,christophermenon@example.org,+912075740454,Aurangabad,Bihar,310921,2023-09-06,referral,Premium,True
CST1727,Laksh Jaggi,janujachaudhary@example.net,9037006071,Udaipur,Arunachal Pradesh,432864,2024-10-30,social,Regular,True
CST1728,Dayamai Bhagat,shivanibedi@example.org,7548214203,Solapur,Assam,243296,2024-03-16,email,Premium,False
CST1729,Aayush Bumb,william12@example.com,1265327934,Bhiwani,Tamil Nadu,879047,2025-08-31,referral,Premium,True
CST1730,Lajita Oommen,revasharma@example.com,4272072411,Burhanpur,Kerala,557889,2026-04-02,email,Premium,False
CST1731,Henry Chaudry,guneetgoel@example.net,+918674628179,Ratlam,Nagaland,378974,2025-04-03,referral,VIP,True
CST1732,Leela Loke,ravelwridesh@example.org,7759224395,Durg,Goa,188115,2025-07-23,organic,Regular,True
CST1733,Jyoti Ramachandran,samueltella@example.org,09731114228,Dharmavaram,Uttar Pradesh,435416,2026-01-13,email,Regular,True
CST1734,Jeremiah Sundaram,rushil11@example.org,6078564359,Ozhukarai,Bihar,079005,2023-12-19,organic,Regular,False
CST1735,Chaitaly Srivastava,yatan85@example.net,01403220966,Mahbubnagar,Goa,146477,2025-11-10,referral,Premium,True
CST1736,Forum Dara,wahab30@example.org,06027917718,Kurnool,Arunachal Pradesh,346195,2023-12-10,paid_search,VIP,True
CST1737,Omisha Kapoor,cwali@example.net,+914525408056,Ballia,Arunachal Pradesh,204131,2024-01-29,referral,VIP,True
CST1738,Zayyan Mittal,hritik56@example.com,09339137791,Shahjahanpur,Tripura,596497,2026-08-20,paid_search,Regular,True
CST1739,Harita Gokhale,indrajit98@example.net,01811370856,Nellore,Punjab,975418,2025-11-01,social,Regular,False
CST1740,Chakradev Nanda,yperi@example.net,2839402018,Salem,Maharashtra,057502,2024-03-26,email,Premium,False
CST1741,Manan Karnik,lakshmikunda@example.org,06197869954,Bareilly,Madhya Pradesh,024606,2026-04-03,email,Premium,True
CST1742,Agastya Sen,harrison51@example.com,09082677640,Naihati,Uttarakhand,367982,2025-06-27,email,VIP,False
CST1743,Ekanta Oommen,atailor@example.com,01412839927,Patiala,Chhattisgarh,889507,2025-11-11,social,Regular,True
CST1744,Alka Varghese,rsachdeva@example.com,00569321688,Haridwar,Telangana,740621,2026-03-23,paid_search,Premium,True
CST1745,Triveni Muni,kkeer@example.net,02476454520,Pudukkottai,Bihar,945816,2024-10-21,referral,VIP,True
CST1746,Ryan Dalal,ojasviyadav@example.net,+913303811123,Hindupur,Uttarakhand,092444,2024-04-20,email,Regular,True
CST1747,Guneet Bajaj,paljasmit@example.com,+916463071067,Ranchi,Himachal Pradesh,207285,2024-10-29,email,Regular,True
CST1748,Januja Ratti,qtailor@example.org,00535347325,Karnal,Rajasthan,735604,2026-03-11,organic,VIP,True
CST1749,Timothy Kapur,chameli51@example.net,06676360093,Bhavnagar,Sikkim,900643,2024-08-02,organic,VIP,True
CST1750,Mekhala Sha,amritagoswami@example.com,01648525757,Silchar,Odisha,935422,2024-05-20,organic,Regular,False
CST1751,Ladli Yogi,patrick17@example.org,8058102072,Amroha,Chhattisgarh,421725,2024-11-05,referral,Regular,True
CST1752,Rushil Chowdhury,virajdugal@example.com,3959460659,Patna,Maharashtra,142856,2025-06-25,social,Premium,True
CST1753,Wriddhish Soman,qgole@example.org,08276891447,Katihar,Arunachal Pradesh,159882,2024-09-08,social,VIP,False
CST1754,Parth Hayer,raghav80@example.net,7049608636,Coimbatore,Himachal Pradesh,000215,2024-11-18,paid_search,Premium,True
CST1755,Kevin Pandey,palvasatika@example.org,+917496814741,Thiruvananthapuram,Madhya Pradesh,301698,2026-08-07,referral,Regular,True
CST1756,Ekaja Puri,rgopal@example.com,+917626944645,Thane,Madhya Pradesh,600244,2026-02-23,organic,VIP,True
CST1757,Vivaan Bhasin,advayagate@example.com,1714816583,Erode,Gujarat,634263,2025-06-30,email,VIP,True
CST1758,Peter Kar,horamichael@example.net,03085352617,Madhyamgram,Sikkim,840748,2026-04-27,referral,Regular,True
CST1759,Sara Sharaf,dayita68@example.org,+919290951989,Lucknow,Assam,696260,2026-04-19,social,Premium,True
CST1760,Vedhika Kala,janani96@example.net,7831702785,Asansol,West Bengal,676968,2025-01-24,email,Regular,True
CST1761,Udant Comar,radhakrishnankabir@example.com,9334460669,Kolhapur,Rajasthan,904335,2025-04-04,email,VIP,True
CST1762,Naksh Contractor,damyanti90@example.org,02543720496,Ramgarh,West Bengal,280757,2023-09-29,paid_search,VIP,False
CST1763,Nathan Vala,etachar@example.com,+913338635026,Karimnagar,Madhya Pradesh,840892,2024-12-03,paid_search,VIP,True
CST1764,Tristan Sheth,yauvani19@example.org,3134147842,Nellore,Nagaland,298032,2024-01-06,paid_search,Premium,True
CST1765,Abha Chandra,minhaslekha@example.com,5420707095,Mira-Bhayandar,Arunachal Pradesh,954895,2024-05-08,email,VIP,True
CST1766,Siya Dar,bhanumatimaharaj@example.com,7583148950,Akola,Punjab,442976,2025-07-07,email,VIP,True
CST1767,Ekaja Naidu,behlmeghana@example.org,06962331395,Moradabad,Meghalaya,580094,2023-09-23,referral,Regular,True
CST1768,Lekha Chand,bhallaom@example.com,6466954754,Madhyamgram,Meghalaya,245428,2025-11-17,referral,Premium,False
CST1769,Alexander Chatterjee,emand@example.net,+917431965189,Panihati,Odisha,232492,2025-05-21,paid_search,Premium,True
CST1770,Nirja Oak,iom@example.com,+912363615702,Mangalore,Tripura,241878,2025-01-09,referral,Premium,True
CST1771,Reyansh Hegde,kaladivya@example.com,+918419268389,Amritsar,Himachal Pradesh,471281,2024-03-24,email,Regular,False
CST1772,Logan Johal,triptiganesh@example.net,4180456215,Vellore,Andhra Pradesh,964719,2023-12-18,social,VIP,True
CST1773,Amara Bail,beravritti@example.com,04165339030,Danapur,Nagaland,335408,2025-11-24,paid_search,Premium,True
CST1774,Yashvi Guha,naveen80@example.com,1164488027,Siwan,Tamil Nadu,376095,2025-05-30,referral,VIP,True
CST1775,Dhruv Wali,neha14@example.com,03388976585,Dehradun,Assam,672143,2026-01-26,social,VIP,True
CST1776,Chaitaly Rai,ekale@example.com,03151558306,Jabalpur,Haryana,643629,2025-10-02,email,Premium,True
CST1777,Mason Mane,gayathrikrish@example.org,01296850636,Haldia,Tripura,476437,2025-08-07,organic,Regular,True
CST1778,Samuel Jani,dasslohit@example.com,04754120442,Warangal,Gujarat,644110,2023-09-26,referral,VIP,True
CST1779,Ati Kuruvilla,manthankata@example.com,+912855279348,Nizamabad,Uttarakhand,228373,2025-11-21,social,Regular,True
CST1780,Meghana Kara,falakparmer@example.com,2377663898,Amravati,Manipur,745722,2026-02-15,paid_search,Premium,True
CST1781,Caleb Vohra,lankasaumya@example.org,+912893393487,Arrah,Odisha,858793,2025-05-12,organic,Premium,True
CST1782,Brijesh Kamdar,lissac@example.org,+910291905556,Patiala,Kerala,596828,2026-07-22,email,Regular,True
CST1783,Nitara Zacharia,vasudha70@example.com,6070923916,Dehri,Jharkhand,251804,2025-09-26,email,Regular,True
CST1784,Hardik Naidu,vanyajoshi@example.net,3195342725,Ramgarh,Punjab,116162,2026-02-11,paid_search,Regular,True
CST1785,Jackson Sidhu,vreddy@example.org,1273390991,Dhule,Bihar,372384,2025-04-29,organic,Regular,True
CST1786,Arya Kalla,inath@example.net,+915899250320,Berhampore,Sikkim,105169,2025-10-06,referral,Regular,True
CST1787,Januja Srinivasan,hchad@example.com,05574402628,Rajpur Sonarpur,Manipur,569284,2024-06-13,referral,Regular,True
CST1788,Sara Mander,odikaahuja@example.org,+917845979559,Panvel,Nagaland,554663,2025-02-23,email,Premium,True
CST1789,Tanish Lalla,msem@example.net,1667953279,Bhimavaram,Bihar,908929,2026-03-30,paid_search,Premium,True
CST1790,Yash Gole,soodlila@example.com,+910969922693,Bongaigaon,Haryana,846134,2025-07-25,social,VIP,True
CST1791,Farhan Sem,rameshlipika@example.org,+914546749526,Solapur,Sikkim,836910,2024-09-07,social,VIP,False
CST1792,Ethan Prakash,khoslareva@example.net,02210538034,Gurgaon,Uttar Pradesh,074175,2026-04-30,paid_search,Premium,False
CST1793,Chatresh De,chokshitristan@example.net,09108793513,South Dumdum,West Bengal,192146,2023-09-01,organic,Regular,True
CST1794,Hiral Apte,qushi27@example.net,+912483678691,Tumkur,Odisha,005535,2024-04-23,organic,Regular,True
CST1795,Christopher Ghosh,eesha33@example.net,5487260929,Ludhiana,Maharashtra,031774,2025-04-05,organic,Premium,True
CST1796,Fitan Tak,tdeshpande@example.com,09755978942,Raichur,Punjab,038730,2023-12-01,email,Premium,False
CST1797,Shravya Vohra,vyanjanaraja@example.com,+919072113949,Hospet,Punjab,438939,2024-10-10,organic,Premium,True
CST1798,Faras Sama,vivaan75@example.net,08282167418,Bihar Sharif,Mizoram,103317,2025-10-03,organic,VIP,True
CST1799,Inaya Raj,advikasrivastava@example.org,1278735309,Jalandhar,Himachal Pradesh,766916,2025-07-02,referral,Premium,True
CST1800,Teerth Handa,gerarishi@example.net,9791385657,Proddatur,Rajasthan,460846,2023-11-22,organic,Regular,False
CST1801,Wishi Prashad,gaurangmohan@example.org,+917340590378,Kolkata,Tripura,350504,2024-02-10,referral,VIP,True
CST1802,Falan Sathe,sabharwaltanish@example.org,09882481576,Dibrugarh,Karnataka,061531,2024-11-18,referral,Premium,True
CST1803,Zilmil Sidhu,dharinaya@example.com,6966726613,Kirari Suleman Nagar,Andhra Pradesh,514535,2023-09-19,paid_search,Regular,True
CST1804,Wriddhish Varma,nimratvirk@example.com,01566023753,Dhule,Mizoram,170876,2023-12-03,email,Premium,True
CST1805,Ekapad Agarwal,rajagopalaarnav@example.net,+910630353616,Ludhiana,Karnataka,197126,2025-01-09,email,Regular,True
CST1806,Ria Om,nagararadhana@example.net,+911904172055,Satara,Telangana,494006,2024-01-01,social,VIP,False
CST1807,Warjas Madan,neha83@example.org,2581612877,Parbhani,Karnataka,747608,2023-09-02,organic,Regular,True
CST1808,Divya Buch,varkeypatrick@example.net,+919492467811,Morbi,Telangana,414484,2025-05-19,referral,Regular,False
CST1809,Hema Bandi,nigamtarak@example.com,00759561426,Pallavaram,Arunachal Pradesh,885415,2026-05-30,social,Regular,False
CST1810,Frederick Choudhary,tchadha@example.net,+917074716651,Srikakulam,Bihar,442176,2025-03-24,referral,VIP,True
CST1811,Krishna Kuruvilla,luthrawilliam@example.org,1568393621,Kochi,Tripura,562280,2025-12-09,paid_search,VIP,True
CST1812,Praneel Padmanabhan,lakshmibhatia@example.net,+912920752242,Mahbubnagar,Goa,037583,2024-12-20,email,Premium,True
CST1813,Indira Naidu,uchada@example.net,09122754629,Bilaspur,Manipur,525154,2026-05-04,social,Regular,True
CST1814,Aashi Johal,taraanjali@example.net,6893596658,Dehri,Mizoram,605772,2024-04-17,email,Regular,True
CST1815,Anusha Loyal,gokhalejackson@example.org,5003187105,Proddatur,Punjab,918695,2026-02-20,social,VIP,True
CST1816,Niharika Kohli,caleb61@example.com,9948990865,Bilaspur,Meghalaya,992016,2026-03-21,paid_search,Regular,False
CST1817,Ridhi Dhingra,ramanathanjackson@example.com,07100008066,South Dumdum,Maharashtra,862891,2026-01-22,paid_search,VIP,True
CST1818,Reyansh Munshi,aaravboase@example.org,+913798377572,Nellore,Meghalaya,930488,2023-12-01,email,Premium,True
CST1819,Radhika Sodhi,chaayabali@example.net,+918796177838,Malegaon,Sikkim,510513,2025-05-25,social,Regular,True
CST1820,Devika Sachdev,aadibuch@example.com,6960280782,Latur,West Bengal,787075,2025-03-11,organic,Premium,True
CST1821,Yash Bhakta,valahredhaan@example.org,0931938335,Shahjahanpur,Tripura,153056,2025-09-22,email,VIP,True
CST1822,Farhan Nayak,yraja@example.org,03227958761,New Delhi,Tamil Nadu,869405,2024-10-19,social,Regular,False
CST1823,Kala Subramaniam,ypant@example.com,09855999303,Howrah,West Bengal,672502,2025-08-06,organic,Premium,True
CST1824,Mitesh Sanghvi,qdoctor@example.org,07049386449,Kota,Telangana,034209,2025-11-13,email,Regular,True
CST1825,Pahal Kurian,varkeynitesh@example.com,1287952863,Amritsar,Bihar,082969,2025-06-28,paid_search,Premium,False
CST1826,Balhaar Luthra,shivani61@example.net,+916838530944,Gandhinagar,Maharashtra,329490,2024-05-15,social,VIP,False
CST1827,Meera Kuruvilla,trivediturvi@example.net,00790952024,Adoni,Tamil Nadu,246134,2026-07-21,social,Premium,True
CST1828,Onkar Guha,rnori@example.net,+912478305344,Rourkela,Uttar Pradesh,971928,2025-07-25,paid_search,Regular,True
CST1829,Wridesh Nair,sdate@example.com,09754353766,Tiruvottiyur,Uttarakhand,610595,2025-12-17,paid_search,Premium,False
CST1830,Ekbal Krishnan,vasudhasankar@example.com,+913574591157,Mau,Punjab,007775,2023-08-31,referral,Premium,True
CST1831,Advaith Gola,wtara@example.com,+913723246209,Mathura,Himachal Pradesh,697037,2024-04-06,social,Regular,True
CST1832,Samesh Shukla,raagini63@example.com,06434476374,Sonipat,Telangana,679704,2025-08-05,organic,Premium,True
CST1833,Charita Balasubramanian,gautam13@example.org,09949484795,Madurai,Sikkim,798213,2026-07-17,referral,Regular,False
CST1834,Ethan Sengupta,mangatpallavi@example.com,+914682253807,Vijayawada,Rajasthan,986452,2026-02-10,organic,VIP,True
CST1835,Madhav Uppal,mkapadia@example.net,3348681133,Udupi,Arunachal Pradesh,562065,2024-05-18,social,VIP,True
CST1836,Abdul Choudhury,bakshiyatan@example.org,04364732698,Madurai,Manipur,918474,2025-04-01,email,Premium,False
CST1837,Varenya Manda,timothyrana@example.com,4874010217,Pallavaram,Karnataka,296476,2026-02-20,social,Premium,True
CST1838,Brijesh Bhalla,vidhibanerjee@example.com,+918942078814,Agartala,Karnataka,396285,2024-06-24,paid_search,Regular,True
CST1839,Arunima Sehgal,damini97@example.net,1155125808,Bangalore,Kerala,972766,2023-10-22,social,Premium,False
CST1840,Upkaar Swaminathan,jgala@example.org,3146622250,Cuttack,Sikkim,091455,2026-05-14,organic,Regular,True
CST1841,Om Raval,lalabina@example.org,05722542717,Belgaum,Manipur,552988,2024-02-23,paid_search,VIP,False
CST1842,Udant Bali,bhavani22@example.org,8272805181,Buxar,Goa,160656,2026-02-04,email,VIP,True
CST1843,Upkaar Gade,gayathrikorpal@example.net,1619390913,Anand,Chhattisgarh,993565,2024-02-03,paid_search,VIP,True
CST1844,Bhavini Mane,jainyahvi@example.org,+918160210828,Meerut,Arunachal Pradesh,031131,2025-02-27,email,VIP,False
CST1845,Kamala Yogi,nathkrisha@example.org,08249364137,Anantapuram,Jharkhand,620005,2025-03-24,organic,Regular,True
CST1846,Chasmum Joshi,vrajagopalan@example.org,03948445194,Gorakhpur,Sikkim,927998,2024-11-28,referral,Regular,True
CST1847,Hredhaan Chakrabarti,dgolla@example.org,1148438855,Chittoor,Arunachal Pradesh,561941,2026-01-21,paid_search,Regular,True
CST1848,Janya Guha,saanvikashyap@example.org,5069310687,Bilaspur,Himachal Pradesh,559939,2025-12-29,email,Premium,True
CST1849,Falguni Cheema,amrutanadig@example.net,+914953250830,Satara,Mizoram,622934,2024-03-04,email,VIP,True
CST1850,Lucky Varughese,kashvisarna@example.net,+914471221090,Bathinda,Karnataka,353937,2023-10-01,paid_search,Regular,True
CST1851,Gagan Lala,qushigandhi@example.net,2432564795,Belgaum,Maharashtra,407177,2024-09-28,paid_search,VIP,True
CST1852,Maanas Andra,vbalan@example.com,+919455199438,Nellore,Kerala,409052,2024-04-12,email,Regular,False
CST1853,Saumya Narayanan,atharv89@example.net,5941429397,North Dumdum,Gujarat,316190,2026-03-27,referral,Premium,True
CST1854,Tarak Uppal,rushilmody@example.net,09178501599,Tirupati,Manipur,798064,2024-06-08,paid_search,Regular,False
CST1855,Indrajit Dutt,saumya49@example.com,+914814324438,Pudukkottai,Maharashtra,328059,2024-12-27,paid_search,Premium,True
CST1856,Gaurangi Memon,bkrishnamurthy@example.com,4291294605,Kurnool,Tamil Nadu,059772,2024-07-26,social,Regular,True
CST1857,Yashvi Tailor,daveharita@example.com,6359568861,Amroha,Kerala,458694,2024-12-19,paid_search,Premium,True
CST1858,Bhanumati Parmer,swamyzaitra@example.com,1595282973,Tirunelveli,Jharkhand,274151,2026-04-04,social,Regular,True
CST1859,Anya Mukherjee,akhare@example.com,00538892136,Raiganj,Chhattisgarh,025753,2025-04-25,organic,Premium,True
CST1860,Abhiram Badal,fwalla@example.org,3982947946,Bhimavaram,Karnataka,879964,2024-09-05,organic,Premium,False
CST1861,Arin Oommen,madhavivarma@example.net,01735989648,Bhavnagar,Manipur,112877,2024-11-23,paid_search,Regular,True
CST1862,Lila Pai,nitesh02@example.net,03329385930,Motihari,Tripura,568815,2024-04-30,email,Regular,True
CST1863,Vedika Vohra,yashvi15@example.net,7503147745,Chittoor,Uttarakhand,667127,2024-09-16,email,VIP,False
CST1864,Laksh Bhatnagar,tailoransh@example.org,0772824747,Ahmedabad,Gujarat,459316,2025-03-22,organic,VIP,False
CST1865,Yamini Bumb,sampathtanvi@example.com,+910748909887,Burhanpur,Haryana,274353,2026-01-29,paid_search,Regular,True
CST1866,Lohit Gulati,jairaj00@example.net,00770645040,Bhalswa Jahangir Pur,Kerala,778249,2026-06-05,organic,Regular,True
CST1867,Ishani Dyal,barkharattan@example.org,9584898406,Etawah,Sikkim,609386,2026-06-28,organic,VIP,True
CST1868,Gagan Bala,watikabansal@example.org,09213506566,Kamarhati,Gujarat,359954,2025-11-22,social,VIP,False
CST1869,Quincy Sani,harinakshisavant@example.net,+917266907371,Raichur,Goa,502324,2026-01-10,organic,Regular,True
CST1870,Warda Barman,bhatabeer@example.org,04257315491,Davanagere,Gujarat,106500,2026-07-02,referral,Premium,True
CST1871,Nisha Raval,kadetripti@example.org,9645432168,Bally,Himachal Pradesh,101061,2025-06-14,social,Regular,False
CST1872,Yashvi Nayar,lbatta@example.net,0317639576,Kurnool,Himachal Pradesh,635772,2025-10-19,email,Premium,False
CST1873,Thomas Roy,leelahari@example.org,2780078645,Shimla,Chhattisgarh,466329,2024-07-05,organic,Regular,True
CST1874,Falan Tailor,yauvanimorar@example.com,07942528679,Kakinada,Himachal Pradesh,384708,2026-01-06,referral,Regular,True
CST1875,Anya Bose,nihal76@example.org,00622896459,Narasaraopet,Telangana,103150,2024-11-01,social,VIP,True
CST1876,Ekiya Raval,manbir73@example.org,+914845149204,Kottayam,Nagaland,566076,2025-12-21,organic,Premium,True
CST1877,Urmi Dubey,rdube@example.net,+919173843605,Bikaner,Haryana,915060,2024-01-21,email,Regular,True
CST1878,Omisha Cherian,aadhya71@example.org,9515629958,Silchar,Himachal Pradesh,701211,2024-05-10,social,VIP,True
CST1879,Ekapad Mutti,mittalniharika@example.com,+912969070569,Kishanganj,Arunachal Pradesh,571180,2024-10-10,social,Regular,True
CST1880,Xalak Narula,warhi14@example.net,+915326482060,Rampur,Arunachal Pradesh,893293,2024-11-29,referral,Premium,True
CST1881,Ladli Natarajan,geetika86@example.com,+912195266630,Mumbai,Manipur,240913,2026-01-10,paid_search,VIP,False
CST1882,Raghav Mane,brindamisra@example.org,02273656908,Karnal,Nagaland,604211,2025-06-22,email,Premium,True
CST1883,Charles Mohanty,rushil57@example.com,06630098097,Bhatpara,Bihar,595138,2024-06-22,referral,VIP,False
CST1884,Gaurika Babu,ryan93@example.com,00248062301,Avadi,Haryana,230406,2026-06-16,social,Premium,True
CST1885,Anika Krishnan,advaykrishnan@example.com,06683332728,Barasat,Tamil Nadu,308822,2025-05-06,referral,VIP,False
CST1886,Aradhana Raju,chaudhurinathan@example.net,+911340676986,Guntakal,Haryana,572242,2023-09-29,social,VIP,True
CST1887,Urmi Sagar,ipatel@example.net,+915607809705,Mirzapur,Goa,602159,2026-05-10,organic,Premium,False
CST1888,Bahadurjit Gade,narulafalak@example.net,06992592667,Orai,Andhra Pradesh,784343,2026-05-31,paid_search,VIP,True
CST1889,Nathaniel Taneja,dominicdoctor@example.com,7033989761,Raichur,Telangana,487088,2023-09-11,social,Regular,True
CST1890,Mohini Bala,arya59@example.org,5881452632,Shivpuri,Arunachal Pradesh,983135,2025-10-22,email,Premium,True
CST1891,Neel Yadav,ghari@example.org,+919742183641,Karaikudi,Maharashtra,583109,2025-06-04,email,Regular,False
CST1892,Nidra Guha,ojas13@example.org,+914654001117,Uluberia,Tamil Nadu,083682,2024-08-23,email,Premium,True
CST1893,Frederick Gera,patlaharrison@example.org,+911540267642,Gorakhpur,Tripura,800712,2025-07-15,social,VIP,True
CST1894,Brijesh Dada,sanghvilakshit@example.org,+916440151741,Imphal,Mizoram,795277,2026-05-17,social,VIP,True
CST1895,Madhav Karnik,leena91@example.com,+913596916378,Rourkela,Himachal Pradesh,433567,2023-12-10,referral,Regular,True
CST1896,Arunima Dutta,xbhagat@example.com,+910515815691,Bhagalpur,Uttar Pradesh,253202,2025-06-12,referral,Regular,False
CST1897,Ishwar Kothari,kavyaamble@example.net,01751250547,Deoghar,Goa,972725,2024-09-19,email,VIP,False
CST1898,Eshana Mohanty,brattan@example.net,02339990420,Raipur,Gujarat,041103,2024-08-31,organic,VIP,True
CST1899,Aashi Bhatt,varenyaminhas@example.org,+910971534499,Visakhapatnam,Himachal Pradesh,576159,2023-10-13,referral,VIP,True
CST1900,Aarush Raja,aarushsastry@example.net,01484206394,Kolkata,Manipur,678616,2023-09-29,referral,Premium,False
CST1901,Banjeet Chowdhury,yasti77@example.org,0044102314,Malda,Punjab,972812,2025-09-17,referral,Premium,False
CST1902,Atharv Dara,wazirdesai@example.net,03169422853,Begusarai,Andhra Pradesh,476731,2023-10-25,organic,Regular,False
CST1903,Mahika Sarma,vigyagnesh@example.org,04021565741,Tiruvottiyur,Arunachal Pradesh,134660,2025-03-21,organic,Premium,True
CST1904,Lila Misra,kashish61@example.org,+917556529466,Nizamabad,Assam,578494,2023-12-30,paid_search,Premium,True
CST1905,Advaith Mane,daksheshparekh@example.com,08393889156,Kalyan-Dombivli,Odisha,135025,2023-11-25,paid_search,VIP,True
CST1906,Nikita Tella,wsinha@example.net,03410208384,Gandhidham,Manipur,713046,2024-10-08,social,VIP,False
CST1907,Umang Contractor,choudhryqadim@example.com,+910113145080,Saharsa,Rajasthan,903942,2025-11-09,email,Premium,True
CST1908,Reyansh Dhawan,dasschatura@example.com,+911421077448,Moradabad,Manipur,379474,2024-02-16,social,VIP,False
CST1909,Ryan Bhagat,somandaniel@example.org,+915047462778,Kadapa,Uttar Pradesh,693781,2025-11-30,referral,VIP,True
CST1910,Dhriti Pradhan,kbarman@example.org,+916106432191,Burhanpur,Tamil Nadu,869635,2024-07-08,paid_search,Regular,True
CST1911,Darpan Yadav,aachal09@example.org,01426475127,Miryalaguda,Himachal Pradesh,334839,2026-01-01,referral,Premium,True
CST1912,Vyanjana Pillay,utkarsh41@example.com,+913198997422,Pudukkottai,Andhra Pradesh,360965,2023-09-05,email,VIP,True
CST1913,Zayyan Pall,theodoresabharwal@example.com,+912364982354,Hazaribagh,Haryana,898840,2026-07-19,referral,VIP,False
CST1914,Lakshmi Mannan,jeremiah14@example.net,+911396144083,Bidar,Madhya Pradesh,868571,2023-09-19,organic,Regular,True
CST1915,Ansh Hayre,amritaboase@example.com,6686396914,Vadodara,Sikkim,852161,2024-12-04,social,Regular,True
CST1916,George Varughese,rushil33@example.net,5459333529,Ambarnath,Himachal Pradesh,063716,2025-06-23,email,VIP,True
CST1917,Rayaan Das,samaksh18@example.org,+912261614971,Srikakulam,Punjab,118529,2026-08-25,email,Premium,True
CST1918,Anita Khurana,nitara92@example.org,+918126224295,Bhind,Meghalaya,513383,2024-07-25,referral,VIP,True
CST1919,Nakul Thaman,krishdhingra@example.com,1404348708,Vadodara,Kerala,342660,2026-06-22,organic,VIP,False
CST1920,Lipika Chhabra,raksha56@example.net,0983355764,Malda,Uttarakhand,725446,2026-02-21,social,VIP,True
CST1921,Netra Varghese,ladli09@example.com,4241136909,Kamarhati,Maharashtra,987069,2025-06-30,referral,Premium,True
CST1922,Thomas Acharya,jvirk@example.com,+912916107058,Phusro,Karnataka,550121,2025-02-17,paid_search,VIP,True
CST1923,Dominic Mutti,krishnaissac@example.net,+913099339064,Vijayawada,Manipur,863437,2024-02-12,organic,Regular,True
CST1924,Om Bumb,shanyashvi@example.net,0394171934,Bhalswa Jahangir Pur,Kerala,966535,2026-02-13,email,Regular,False
CST1925,Chakradev Prasad,rushilsarin@example.com,+914951658113,Bhopal,Jharkhand,154271,2026-07-30,social,VIP,True
CST1926,Kabir Bava,rayaanparmer@example.com,+911873316801,Sasaram,Assam,786675,2023-12-24,paid_search,Regular,True
CST1927,Krisha Maharaj,yagneshsrinivasan@example.org,01990694234,Noida,Assam,915188,2025-05-06,email,Regular,True
CST1928,Dhriti Golla,amaira29@example.org,05800931549,North Dumdum,Jharkhand,605146,2023-12-07,organic,VIP,True
CST1929,Januja Pradhan,hpanchal@example.com,7227281561,Ghaziabad,Odisha,335385,2024-08-13,email,Premium,False
CST1930,Chaitanya Bal,nagiakshay@example.net,2705585481,Chandigarh,Manipur,712365,2024-07-08,email,Premium,False
CST1931,Gaurangi Mital,samuelmangat@example.org,+916096304348,Vijayanagaram,Assam,738761,2025-11-17,organic,VIP,True
CST1932,Reyansh Chawla,mukhopadhyaychatura@example.org,+918158426174,Ajmer,Madhya Pradesh,643579,2024-05-25,referral,Premium,True
CST1933,Vritti Ahuja,ahluwaliamichael@example.net,+910754607751,Salem,Jharkhand,841737,2023-10-20,email,Regular,True
CST1934,Aryan Bhardwaj,dinjack@example.org,+912467762615,Giridih,Odisha,521579,2025-05-18,organic,Premium,True
CST1935,Anika Nagy,esanghvi@example.net,01533354078,Bhopal,Nagaland,966158,2024-10-24,organic,VIP,True
CST1936,Christopher Sekhon,bimalarajagopal@example.net,03127472133,Kakinada,Mizoram,712313,2025-03-01,organic,Regular,True
CST1937,Leela Misra,saumya29@example.org,1759573413,Tenali,Assam,725350,2023-10-29,referral,VIP,True
CST1938,Ridhi Ben,luckykorpal@example.org,08681162000,Davanagere,Nagaland,074336,2025-03-09,email,VIP,True
CST1939,Vasatika Andra,agastya12@example.com,01511960622,Karimnagar,Tamil Nadu,711133,2024-09-03,organic,Regular,True
CST1940,Mason Saini,nathanieldhawan@example.net,+915316959624,Ranchi,Mizoram,329888,2023-12-01,organic,Regular,True
CST1941,Aarav Nagy,tnarasimhan@example.com,+911000145560,Dhanbad,Himachal Pradesh,131126,2026-06-17,referral,VIP,True
CST1942,Finn Chana,cuppal@example.org,09415193303,Faridabad,Mizoram,633493,2024-06-02,email,Regular,True
CST1943,Zilmil Mangal,sachi57@example.net,6533062155,Nagaon,Maharashtra,943858,2026-08-21,email,Premium,True
CST1944,Pooja Dara,ikuruvilla@example.org,9858299832,Bhopal,Kerala,435781,2026-04-09,organic,Premium,True
CST1945,Matthew Sachdeva,balhaaragarwal@example.net,9461665811,Mangalore,Rajasthan,286985,2024-02-11,organic,Premium,True
CST1946,Ekani Dugar,ygulati@example.net,+918041995185,Bhopal,Uttarakhand,393708,2024-07-09,social,Regular,False
CST1947,Rachana Sama,etakohli@example.com,+914113733655,Varanasi,Uttarakhand,791245,2025-05-28,email,Regular,True
CST1948,Pavani Dara,bosewarda@example.com,+913313690903,Thanjavur,Sikkim,785257,2025-01-08,referral,VIP,True
CST1949,Osha Uppal,hsagar@example.com,+917357992916,Chandrapur,Tamil Nadu,582759,2026-04-20,organic,Premium,True
CST1950,Odika Dubey,latwal@example.net,08680234786,Allahabad,Assam,577343,2023-09-19,email,Premium,False
CST1951,Aayush Tak,turviminhas@example.net,02636501413,Begusarai,Arunachal Pradesh,814624,2024-12-08,organic,Premium,True
CST1952,Hitesh Prabhakar,badalrudra@example.net,+917836164856,Bhalswa Jahangir Pur,Himachal Pradesh,913141,2026-07-03,paid_search,Regular,True
CST1953,Vansha Mangat,advaykrishna@example.com,03999213594,Rajkot,Gujarat,738734,2024-01-10,referral,VIP,True
CST1954,Vrishti Talwar,samesh85@example.com,2045163786,Mira-Bhayandar,Odisha,265224,2025-11-04,email,Premium,True
CST1955,Samarth Pal,wagletarak@example.com,+915512859718,Kurnool,Maharashtra,112553,2024-09-01,paid_search,Premium,True
CST1956,Nimrat Chana,blanka@example.net,+919505700170,Ongole,Telangana,511304,2025-10-22,paid_search,VIP,True
CST1957,Divya Dewan,kariwazir@example.net,4875983633,Indore,Andhra Pradesh,443702,2025-08-29,organic,Premium,True
CST1958,Vinaya Bains,hemanginihegde@example.org,7369054996,Kalyan-Dombivli,Chhattisgarh,739494,2024-10-18,referral,Regular,True
CST1959,Tanmayi Mani,hema24@example.com,+916133578418,Panchkula,Madhya Pradesh,319778,2024-04-24,referral,VIP,True
CST1960,Ekta Choudhry,nachiket71@example.com,4717194143,Shimla,Punjab,665826,2025-05-13,social,Regular,True
CST1961,Shivansh Saini,rachitissac@example.com,04678401241,Karawal Nagar,Madhya Pradesh,461696,2024-12-05,organic,VIP,False
CST1962,Shivansh Hayre,hiyer@example.org,+912140110961,Adoni,Arunachal Pradesh,008209,2025-09-13,email,Premium,False
CST1963,Owen Thakur,wganguly@example.org,07139465086,Ranchi,Tamil Nadu,823518,2024-06-05,paid_search,Regular,True
CST1964,Lucky Wason,widisha95@example.com,02971873065,Karawal Nagar,Nagaland,681893,2026-05-20,organic,Premium,True
CST1965,Ati Madan,wyatt73@example.com,04793331641,Vijayanagaram,Sikkim,023348,2024-12-30,organic,Regular,True
CST1966,Aarav Halder,roykai@example.com,4134365028,Gandhidham,Madhya Pradesh,452460,2024-07-09,social,VIP,True
CST1967,Vedika Kadakia,revapandit@example.com,4428855327,Berhampore,Mizoram,701166,2025-04-07,email,Premium,True
CST1968,Ikbal Srivastava,ucchal08@example.org,01703153854,Haldia,Andhra Pradesh,970666,2026-05-28,paid_search,VIP,False
CST1969,Eshana Natt,wallakala@example.net,+915513583485,Firozabad,Uttarakhand,279910,2025-09-12,email,Regular,True
CST1970,Ishaan Kari,jagrati27@example.com,3587736743,Barasat,Goa,126598,2026-02-28,email,Premium,True
CST1971,Manbir Chopra,falanbhargava@example.org,8905390033,Motihari,Kerala,535588,2025-09-14,referral,Regular,True
CST1972,Yatan Mittal,vrishti45@example.org,+919460262330,Bulandshahr,Sikkim,567373,2024-10-02,social,VIP,True
CST1973,Gayathri Nath,varmathomas@example.org,04281477728,Haldia,Gujarat,391802,2026-07-05,paid_search,Regular,True
CST1974,Avi Batra,vedikasharaf@example.net,0353659713,Eluru,Assam,729504,2024-11-04,social,Regular,True
CST1975,Zaid Lanka,lila07@example.org,+914387873783,Kadapa,Chhattisgarh,432147,2026-02-05,paid_search,VIP,True
CST1976,Aahana Sami,abanerjee@example.com,0692036397,Bhalswa Jahangir Pur,Chhattisgarh,376476,2026-01-09,social,VIP,False
CST1977,Faras Ramachandran,sharafchaitaly@example.com,09424951373,Bihar Sharif,Punjab,346322,2026-03-07,social,Regular,True
CST1978,Xavier Mistry,bsane@example.org,9736136741,Chittoor,Telangana,243131,2025-03-14,email,Regular,True
CST1979,Neelima Char,abeer56@example.com,2407924532,Dewas,Haryana,286049,2024-11-19,organic,VIP,True
CST1980,Nirja Sidhu,janujasama@example.com,1691082212,Purnia,Karnataka,081880,2025-02-15,organic,Regular,True
CST1981,Harish Bhattacharyya,odubey@example.com,04433110550,Etawah,Andhra Pradesh,078996,2026-01-23,social,Regular,True
CST1982,Nisha Singhal,paigirindra@example.com,07621328580,Durgapur,Sikkim,178727,2026-07-08,referral,VIP,True
CST1983,Anamika Sami,hbose@example.com,7019201457,Chandrapur,Haryana,410734,2024-06-24,email,VIP,True
CST1984,Gabriel Trivedi,brinda49@example.net,6203748021,Ghaziabad,Goa,191546,2025-09-25,paid_search,VIP,False
CST1985,William Rastogi,jmann@example.org,07976168776,Unnao,Arunachal Pradesh,859704,2024-08-12,social,Premium,True
CST1986,Pahal Devi,damini12@example.org,04875117656,Kozhikode,Telangana,389633,2025-09-11,paid_search,Regular,True
CST1987,Geetika Sama,obhasin@example.org,06222365763,Shimla,Uttar Pradesh,667617,2024-01-22,social,Premium,False
CST1988,Aashi Sachdeva,dugaldarsh@example.org,1706410607,Srikakulam,Bihar,148984,2024-11-12,organic,Regular,True
CST1989,Watika Badami,bailwazir@example.org,0746640674,Sambalpur,Chhattisgarh,987281,2026-03-05,social,Regular,True
CST1990,Reva Kuruvilla,fariq19@example.net,07549539868,Aizawl,Telangana,894391,2025-05-23,organic,Premium,True
CST1991,Nisha Dalal,anmolsastry@example.net,5137399750,Ramagundam,Mizoram,674194,2024-12-24,referral,Regular,False
CST1992,Anirudh Modi,jhasamesh@example.org,1556184344,Faridabad,Bihar,216090,2025-08-24,email,Regular,True
CST1993,Tamanna Gaba,rmani@example.net,6388931739,Udupi,Telangana,812041,2023-12-13,referral,VIP,True
CST1994,Falguni Bose,aaravagate@example.org,9492212867,Karnal,Maharashtra,388540,2024-09-03,social,VIP,True
CST1995,Xiti Iyengar,ishakeer@example.com,02759772218,Raichur,Punjab,884593,2025-03-12,organic,VIP,True
CST1996,Chameli Korpal,ojaskeer@example.net,8558621579,Danapur,Gujarat,655561,2026-06-09,email,Premium,True
CST1997,Charvi Bhattacharyya,hardik23@example.net,09724916508,Gandhinagar,Andhra Pradesh,160613,2026-07-12,social,VIP,False
CST1998,Bachittar Nagarajan,bhallabanjeet@example.org,05230450961,Sambalpur,Mizoram,734070,2023-09-16,referral,Regular,True
CST1999,Saumya Bal,pdin@example.net,9601217978,Singrauli,Mizoram,838983,2025-07-07,social,Regular,True
CST2000,Zayyan Karpe,ladjyoti@example.net,0706921377,Bareilly,Punjab,393938,2026-06-08,organic,Regular,True
CST2001,Kamya Dani,irajagopalan@example.net,9727419009,Jalgaon,Himachal Pradesh,048482,2025-01-28,organic,VIP,True
CST2002,Panini Om,manan40@example.net,+918709165532,Kota,Tripura,204466,2025-12-21,referral,Regular,False
CST2003,Veer Khatri,gaurikadugar@example.org,2230664538,Eluru,Telangana,321851,2023-12-18,organic,Regular,True
CST2004,Simon Mand,anneharshil@example.org,5873017023,Mysore,Bihar,207575,2024-07-04,referral,Regular,True
CST2005,Aradhana Lalla,ayaan79@example.org,+916280746018,Yamunanagar,Goa,957222,2025-10-19,paid_search,Regular,True
CST2006,Nikita Deshmukh,ranveer07@example.com,+916108618199,Hubli–Dharwad,Telangana,342970,2024-07-21,paid_search,Premium,True
CST2007,Leela Dugar,tarya@example.net,06907260157,Hajipur,Andhra Pradesh,876138,2026-05-13,social,Regular,True
CST2008,Azad Chowdhury,yminhas@example.com,05877318771,Anantapuram,Rajasthan,170739,2025-02-15,social,Regular,True
CST2009,Hemang Guha,keerlipika@example.org,03423577996,Sambalpur,Himachal Pradesh,879130,2024-10-09,email,Regular,True
CST2010,Jairaj Golla,dalbirpandey@example.com,+917544348010,Jamshedpur,Assam,037459,2024-03-07,email,VIP,True
CST2011,Aahana Comar,doctorhritik@example.com,+914702444922,Jehanabad,Telangana,637567,2026-01-23,email,VIP,True
CST2012,Owen Sathe,ojasmutti@example.org,06646858557,Bally,Odisha,364641,2024-10-04,referral,Regular,False
CST2013,Mahika Trivedi,chanakyakar@example.net,03328414169,Gorakhpur,Chhattisgarh,335747,2026-01-21,paid_search,Regular,False
CST2014,Jason Narang,vde@example.com,6884830931,Bijapur,Mizoram,917214,2023-12-07,organic,Premium,True
CST2015,Triveni Bali,nchokshi@example.com,00849092210,Guntur,West Bengal,293230,2023-09-05,paid_search,VIP,False
CST2016,Maya Borde,garakeya@example.net,+913789712263,Erode,Karnataka,342046,2025-10-09,social,Premium,True
CST2017,Yasti Biswas,darpankade@example.net,0753236859,Parbhani,Odisha,840050,2026-05-25,paid_search,VIP,True
CST2018,Adya Prashad,isaiah88@example.com,9331932716,Malegaon,Tripura,161941,2025-02-24,organic,VIP,False
CST2019,Panini Kala,lekhatara@example.com,03740554584,Bhavnagar,Maharashtra,926716,2023-10-14,paid_search,Regular,False
CST2020,Lipika Mahajan,lkaul@example.com,+912584570749,Sri Ganganagar,Odisha,959419,2025-02-06,referral,Regular,True
CST2021,Nitesh Palla,gaurang40@example.com,+911032845943,Coimbatore,Andhra Pradesh,998334,2026-03-20,organic,Premium,True
CST2022,Eiravati Ramesh,kashishkaur@example.net,8014512718,Siliguri,Andhra Pradesh,756627,2025-12-15,organic,Regular,True
CST2023,Varenya Ganesh,zinalbalasubramanian@example.net,00712955513,Shimoga,Sikkim,369934,2023-10-07,social,Regular,False
CST2024,Yagnesh Chaudhry,yuvrajgour@example.com,00741237422,Singrauli,West Bengal,700899,2025-09-25,referral,Regular,False
CST2025,Qabil Ram,ymistry@example.net,+910698521053,Vijayanagaram,Madhya Pradesh,086503,2024-08-15,paid_search,Premium,True
CST2026,Pavani Virk,gayathrisodhi@example.com,+910829462445,Berhampore,Kerala,318447,2023-12-12,social,Regular,True
CST2027,Harish Sant,breddy@example.org,02200006090,Erode,Tamil Nadu,155533,2025-02-24,social,Premium,False
CST2028,Chandran Mangal,champakbassi@example.org,4725375577,Madanapalle,Uttar Pradesh,891820,2025-11-02,email,VIP,True
CST2029,Indrajit Ghose,kohlimadhavi@example.org,+919972505713,North Dumdum,Haryana,689345,2025-12-19,referral,Premium,True
CST2030,Pushti Madan,yashicaaurora@example.net,5957846261,Gandhinagar,Jharkhand,705502,2025-02-17,organic,VIP,False
CST2031,Krisha Venkataraman,aarush38@example.net,8960455263,Chandrapur,Uttar Pradesh,620989,2025-02-11,paid_search,Regular,True
CST2032,Jason Barad,warriorryan@example.com,+910400650648,Suryapet,Assam,313731,2026-03-21,email,VIP,True
CST2033,Ekalinga Ratta,ssaraf@example.net,8380603580,Sikar,Tripura,254964,2025-04-24,organic,Premium,True
CST2034,Liam Shere,oborah@example.net,+910192211098,Saharanpur,Manipur,474077,2026-04-28,referral,Regular,True
CST2035,Jairaj Choudhary,ekavir82@example.com,03377595431,Rourkela,Bihar,659786,2026-04-07,organic,Premium,True
CST2036,Yadavi Kaul,sathvik68@example.org,3983480789,Bahraich,Mizoram,489291,2025-06-02,email,Premium,True
CST2037,Warhi Srinivas,kakaryutika@example.com,0991498289,Malegaon,Uttar Pradesh,141739,2024-03-27,paid_search,VIP,True
CST2038,Hardik Warrior,qjha@example.com,3478694426,Nandyal,Jharkhand,652433,2026-01-14,referral,Regular,True
CST2039,Wriddhish Edwin,falanbadami@example.com,+917572719522,Jalna,Tamil Nadu,268457,2024-08-28,paid_search,Regular,False
CST2040,Kashvi Karnik,vamakshisharaf@example.net,+914828217713,Eluru,Chhattisgarh,663636,2024-07-07,referral,Regular,False
CST2041,Eshana Sheth,avyas@example.com,08143907468,Tiruchirappalli,Himachal Pradesh,613941,2025-07-05,email,Regular,True
CST2042,Panini Bora,graman@example.org,05590986271,Ghaziabad,Rajasthan,063622,2025-07-21,paid_search,Regular,True
CST2043,Faqid Badal,odikayadav@example.com,+917067160689,Jammu,Rajasthan,125353,2023-08-31,organic,VIP,True
CST2044,Bimala Gopal,nigamdamyanti@example.net,7738280417,Bhavnagar,Himachal Pradesh,623111,2026-06-22,organic,Premium,True
CST2045,Yauvani Bansal,chandanisengupta@example.com,+910196570209,Khammam,Kerala,134031,2025-04-07,referral,Premium,False
CST2046,Niharika Thakkar,sandaljhalak@example.net,07367406857,Satara,Jharkhand,361549,2025-03-04,email,Regular,False
CST2047,Pallavi Divan,thakurmanthan@example.net,1918611638,Gudivada,Jharkhand,962313,2025-06-09,paid_search,VIP,False
CST2048,Devansh Mane,manan27@example.net,08032335810,Bhiwani,Mizoram,732596,2026-05-13,paid_search,Premium,False
CST2049,Onkar Rastogi,slall@example.com,0694923872,New Delhi,Tripura,898220,2023-09-20,paid_search,Premium,False
CST2050,Dayita Khare,siddharthramanathan@example.com,0855799529,Begusarai,Manipur,614252,2024-01-10,social,Regular,True
CST2051,Lakshit Balan,chandranindrajit@example.net,+912580224473,Tiruchirappalli,Maharashtra,970542,2025-04-30,organic,Regular,True
CST2052,Nirja Khare,amairajaggi@example.com,06916265650,Coimbatore,Odisha,519219,2024-12-05,social,VIP,True
CST2053,Krishna Wali,jainsimon@example.com,03146900166,Gandhinagar,Himachal Pradesh,368964,2026-01-11,paid_search,Premium,True
CST2054,Harinakshi Kurian,siya15@example.net,+915199679436,Vasai-Virar,Uttar Pradesh,254043,2024-12-17,social,VIP,True
CST2055,Guneet Dugal,rushilmangat@example.net,+913380502238,Sagar,Bihar,141905,2025-07-18,email,Regular,False
CST2056,Kavya Anand,dgolla@example.net,01966074493,Sangli-Miraj & Kupwad,West Bengal,027725,2026-04-01,email,Premium,True
CST2057,Yashvi Merchant,balhaaragrawal@example.com,0497894974,Katni,Telangana,307228,2024-09-26,social,Regular,True
CST2058,Krishna Tiwari,barkha70@example.com,+917436073207,Bihar Sharif,Punjab,175653,2025-09-28,social,VIP,True
CST2059,Lavanya Venkatesh,radhasubramaniam@example.net,+917228418942,Hapur,Chhattisgarh,485860,2025-04-03,organic,VIP,True
CST2060,Harshil Kapoor,orinder85@example.org,+917932377464,Madurai,Karnataka,462780,2024-05-23,social,Premium,True
CST2061,Aarnav Lala,lataanika@example.net,04519093396,Guwahati,Himachal Pradesh,531215,2024-06-01,organic,VIP,True
CST2062,Varenya Tak,hpandey@example.net,+914330217540,Phagwara,Punjab,523742,2024-01-21,social,Premium,False
CST2063,Ati Saha,ekbaldara@example.org,07057729532,Sikar,Mizoram,791752,2024-03-28,email,VIP,True
CST2064,Wakeeta Nayak,mdhar@example.com,+912533014868,Tiruchirappalli,Karnataka,177574,2025-12-01,social,Regular,True
CST2065,Saksham Bath,raoridhi@example.com,+914147626869,Madanapalle,Himachal Pradesh,075529,2024-07-15,referral,VIP,True
CST2066,Gabriel Dugar,xmukhopadhyay@example.net,09690150306,Alwar,Uttarakhand,610315,2025-03-03,organic,VIP,True
CST2067,Dalaja Gopal,sai66@example.org,+914950207015,Anantapuram,Himachal Pradesh,404403,2024-02-22,social,Regular,True
CST2068,Triveni Sarkar,charanmody@example.com,02207716577,Berhampore,Goa,485339,2025-11-08,referral,Regular,True
CST2069,Wishi Lanka,rayaan77@example.org,00432858156,Chittoor,Andhra Pradesh,642585,2024-05-06,email,Regular,False
CST2070,Balhaar Yadav,darikabhargava@example.org,09580160078,Jamshedpur,Odisha,421343,2025-03-19,referral,VIP,True
CST2071,Christopher Palla,rminhas@example.net,+910054809091,Cuttack,Karnataka,051347,2023-12-02,paid_search,Regular,True
CST2072,Lopa Rege,mohammedkala@example.com,08989471729,Ranchi,Gujarat,094934,2025-05-30,paid_search,Premium,False
CST2073,Chakradhar Date,pallakshay@example.com,06250964399,Srinagar,Sikkim,799646,2025-10-16,email,VIP,True
CST2074,Parth Joshi,nram@example.org,+912673144247,Shahjahanpur,Goa,297420,2025-09-11,referral,Regular,True
CST2075,Turvi Kala,geraridhi@example.com,+916027229403,Hapur,Sikkim,284528,2024-09-07,organic,Regular,True
CST2076,Kalpit Kata,pkothari@example.net,3675740264,Howrah,Maharashtra,021556,2024-12-02,paid_search,VIP,True
CST2077,Aarna Chaudhuri,birjonathan@example.org,0743884611,Aurangabad,Jharkhand,775078,2024-08-11,email,Regular,True
CST2078,Sanya Nagar,chhabraraagini@example.net,+910150566408,Karawal Nagar,Gujarat,652953,2026-07-01,social,Regular,True
CST2079,Ryan Mammen,yashodhara36@example.com,+914501496027,Mumbai,Haryana,858101,2026-06-21,paid_search,Premium,False
CST2080,Kamya Subramaniam,bmaster@example.com,3772725787,Noida,Kerala,333836,2026-05-21,organic,Premium,False
CST2081,Qushi Chandra,ksundaram@example.org,+910902009057,Chittoor,Punjab,644158,2025-08-08,organic,VIP,True
CST2082,Liam Kunda,hsodhi@example.net,+915074543884,Chandigarh,Meghalaya,919570,2024-09-20,email,VIP,True
CST2083,Orinder Sha,dinubika@example.net,+915877990808,Bareilly,Karnataka,981286,2024-10-03,paid_search,Regular,False
CST2084,William Guha,ishanvi84@example.net,09582456934,Bellary,Kerala,245793,2024-12-04,organic,Premium,False
CST2085,Wridesh Devi,turvi04@example.com,+917755166447,Rajahmundry,Kerala,507127,2026-04-26,organic,Premium,True
CST2086,Warjas Gokhale,michael13@example.org,02513716784,Jehanabad,Tamil Nadu,977093,2025-10-08,paid_search,Regular,False
CST2087,Jacob Chandran,nishaedwin@example.com,5966234468,Panipat,Haryana,465391,2025-10-01,organic,Regular,True
CST2088,Amrita Sagar,anayramesh@example.net,+917174621449,Lucknow,Haryana,220554,2025-05-28,paid_search,VIP,True
CST2089,Tejas Deshpande,pushti32@example.org,9929480293,Bhilai,Manipur,147441,2025-02-16,paid_search,Premium,True
CST2090,Gautami Mohan,kdeshpande@example.org,09255312726,Chandrapur,Odisha,562153,2024-12-09,paid_search,VIP,True
CST2091,Matthew Shanker,wriddhish49@example.com,+918953723267,Surendranagar Dudhrej,Jharkhand,645533,2024-04-05,social,VIP,True
CST2092,Avi Iyengar,deviradha@example.com,08454821851,Hajipur,Sikkim,187729,2026-06-05,paid_search,VIP,True
CST2093,Chasmum Nanda,sai18@example.org,4040892634,Siwan,Assam,773216,2026-08-21,paid_search,VIP,True
CST2094,Kamala Shere,nandiniyadav@example.org,+912374620402,Amravati,Punjab,236990,2026-02-04,social,VIP,False
CST2095,Anika Lal,aryan33@example.org,+912525801190,Surendranagar Dudhrej,Uttar Pradesh,003672,2025-03-31,organic,Premium,True
CST2096,Viraj Kamdar,bkumar@example.com,2210169160,Bidar,Sikkim,538537,2026-07-06,email,Regular,True
CST2097,Devika Dixit,baljiwan25@example.net,+915975401608,Akola,Odisha,815260,2024-05-20,organic,Premium,True
CST2098,Anya Deol,wablejatin@example.com,02040457796,Silchar,Meghalaya,001319,2024-04-07,social,Premium,True
CST2099,Tarak Samra,isoman@example.com,09310341217,Faridabad,Meghalaya,263224,2026-07-23,paid_search,Regular,False
CST2100,Nicholas Kapoor,arjungupta@example.com,7551205781,Karnal,West Bengal,245561,2024-10-13,organic,VIP,False
CST2101,Jacob Gera,hredhaanhalder@example.org,07908974728,Warangal,Karnataka,333378,2025-02-21,email,Premium,False
CST2102,Ranveer Kumar,gmahal@example.net,+915374548363,Jaunpur,Goa,759657,2025-10-09,paid_search,VIP,True
CST2103,Rohan Gade,saneleena@example.net,+917545999929,Gudivada,Bihar,132339,2024-09-18,referral,Premium,True
CST2104,Januja Grover,abhiramdin@example.org,+914911650531,Dehradun,Uttarakhand,624855,2025-11-17,email,Premium,False
CST2105,Nirja Prabhu,uchokshi@example.com,+912167237700,Mehsana,Manipur,858243,2024-03-22,email,Premium,True
CST2106,Ayush Kari,chandarunima@example.org,06856974455,Ballia,Goa,783105,2026-06-10,paid_search,VIP,False
CST2107,George Pradhan,libnikorpal@example.net,05062426074,Cuttack,Goa,105435,2023-12-28,email,VIP,True
CST2108,Dhriti Shan,gmitter@example.net,07665177600,Vasai-Virar,Assam,006914,2024-06-16,referral,Regular,True
CST2109,Kai Palla,ekanibhatt@example.net,00620488955,Miryalaguda,Bihar,352481,2024-08-13,paid_search,VIP,True
CST2110,Amaira Dewan,alexander92@example.net,04978809197,Asansol,Madhya Pradesh,152105,2025-08-14,social,VIP,True
CST2111,Ria Balan,ckunda@example.net,+917821859506,Kharagpur,Odisha,172083,2025-12-05,referral,VIP,False
CST2112,Januja De,manieshana@example.com,06818783297,Muzaffarpur,Nagaland,411212,2024-07-01,organic,VIP,True
CST2113,Aarnav Thaman,jchoudhury@example.com,+913275554014,Ballia,Gujarat,948369,2023-10-13,referral,Premium,True
CST2114,Nisha Varghese,dewanchanchal@example.com,02196547103,Sagar,Meghalaya,808782,2023-11-29,organic,Premium,True
CST2115,Dayamai Raj,vprakash@example.org,4951378164,Durgapur,Telangana,366905,2024-03-16,social,VIP,True
CST2116,Matthew Subramanian,ojasgopal@example.net,1059361169,Kottayam,Mizoram,319474,2025-08-03,organic,Regular,False
CST2117,Forum Wadhwa,mandamaanav@example.com,06380859258,Aurangabad,Arunachal Pradesh,128771,2026-06-22,paid_search,VIP,True
CST2118,Qasim Taneja,jmunshi@example.net,03136725572,Vasai-Virar,Uttarakhand,061903,2025-11-11,referral,Premium,True
CST2119,Banjeet Dash,singhgeorge@example.org,03276211533,Burhanpur,Rajasthan,893792,2026-08-23,email,VIP,True
CST2120,Naveen Loke,kashish67@example.net,+918585508939,Parbhani,Arunachal Pradesh,725551,2024-09-14,email,Regular,False
CST2121,Maya Peri,mitalgabriel@example.org,3669665784,Berhampur,Haryana,163103,2026-01-18,organic,Premium,True
CST2122,Hredhaan Parmar,rsule@example.org,05796844355,Thane,Maharashtra,183271,2026-03-13,social,VIP,True
CST2123,Om Bhavsar,shauryasuri@example.net,+912581441790,Kishanganj,Uttarakhand,955099,2024-01-20,referral,VIP,False
CST2124,Jeevika Sahota,kthaker@example.com,5526076899,Tiruvottiyur,Assam,900227,2024-02-26,referral,Regular,True
CST2125,Gaurang Vyas,baljiwan66@example.net,05968002612,Ludhiana,Assam,187197,2026-03-21,email,Premium,True
CST2126,Pranit Wali,nthakur@example.com,4657012989,Karnal,Goa,859675,2026-07-16,paid_search,VIP,False
CST2127,Manan Bhatnagar,palanraksha@example.com,+916472803106,Kirari Suleman Nagar,Sikkim,473256,2023-11-17,referral,VIP,False
CST2128,Ekavir Keer,ekalinga68@example.net,2750814551,Chandrapur,Tripura,157223,2026-01-17,referral,Premium,True
CST2129,Bakhshi Dasgupta,valaomaja@example.com,03999005281,Allahabad,Odisha,629931,2024-01-12,organic,VIP,True
CST2130,Rachit Joshi,lmitter@example.org,8191008935,Raipur,Assam,388756,2024-12-05,social,Regular,True
CST2131,Amol Brar,aachal70@example.com,08546265931,Raichur,Uttar Pradesh,593538,2026-04-22,email,Regular,False
CST2132,Vanya Dugal,adya44@example.org,5573900249,Coimbatore,Rajasthan,637440,2026-08-04,email,Premium,True
CST2133,Omaja Vora,chandreshbhatti@example.org,+915102353446,Adoni,Goa,617522,2026-08-21,social,Premium,True
CST2134,Naveen Narayan,kmammen@example.org,+913475113512,Allahabad,Uttar Pradesh,726857,2025-08-09,social,Premium,True
CST2135,Urmi Chaudhary,saisachdev@example.org,0790149241,Mumbai,Goa,662947,2025-01-28,paid_search,VIP,True
CST2136,Chavvi Tripathi,ishanvigopal@example.org,+918601602830,Noida,Arunachal Pradesh,130505,2024-03-19,social,Premium,False
CST2137,Aarush Bhavsar,hritikbera@example.org,2933122590,Amroha,Kerala,920193,2025-12-05,organic,Premium,False
CST2138,Gabriel Kapur,bishakha98@example.com,06314438789,Guntakal,Manipur,115131,2026-02-23,organic,VIP,True
CST2139,Owen Dasgupta,janyamisra@example.com,+916535140558,Bhagalpur,Manipur,518980,2025-05-20,referral,Regular,False
CST2140,Harini Magar,hredhaankanda@example.com,01926043481,Raipur,Uttar Pradesh,684943,2026-02-14,social,Regular,True
CST2141,Wishi Chaudry,balrishi@example.org,01672606176,Latur,Chhattisgarh,643666,2025-03-22,organic,Regular,False
CST2142,Ayaan Sahota,hayrelekha@example.net,+913567131664,Avadi,Odisha,721334,2025-09-25,referral,Regular,True
CST2143,Saanvi Rajagopalan,venkataramanyauvani@example.org,08901866715,Maheshtala,Sikkim,234244,2024-07-20,email,Premium,True
CST2144,Advika Lal,veda58@example.org,4613278053,Mehsana,Manipur,348046,2023-09-13,referral,VIP,True
CST2145,Tara Din,regeharita@example.net,02098338104,Bardhaman,Jharkhand,253433,2024-05-07,referral,Regular,False
CST2146,Mitesh Divan,edhitha83@example.com,8588931702,Kolhapur,Uttarakhand,708997,2026-06-21,referral,Regular,False
CST2147,Imaran Kara,harshpandya@example.net,3027353657,Bhilwara,Chhattisgarh,839692,2023-09-11,email,Premium,False
CST2148,Sudiksha Naidu,ethankhanna@example.com,08579101406,Patna,Goa,148120,2024-02-15,organic,VIP,True
CST2149,Vidhi Sachdev,omukhopadhyay@example.com,+913179127083,Nagpur,Jharkhand,079279,2026-04-27,referral,Premium,True
CST2150,Kabir Nair,omkaar42@example.org,3477760765,Bidar,Tamil Nadu,376778,2024-07-11,referral,VIP,False
CST2151,Fitan Garg,dayitaramesh@example.net,05353634366,Saharanpur,Karnataka,411039,2025-01-10,social,VIP,True
CST2152,Kai Goda,thamanekta@example.net,05673484157,Tadepalligudem,Jharkhand,574854,2023-09-28,paid_search,Premium,True
CST2153,Ekavir Mani,raghavdeep@example.com,00980093540,Vadodara,Odisha,798554,2024-11-27,social,VIP,True
CST2154,Rishi Lala,ramnoah@example.org,6181812393,Guna,Jharkhand,441189,2023-12-21,organic,Regular,True
CST2155,Yachana Tella,patrick84@example.com,+919553968284,Tinsukia,Punjab,755520,2026-05-05,organic,Regular,False
CST2156,Jeremiah Nagarajan,labanchawla@example.com,+914606477517,Kishanganj,Tripura,614924,2024-08-06,email,Regular,True
CST2157,Vrinda Biswas,ndora@example.org,08106240963,Aurangabad,Sikkim,036065,2025-04-16,email,Regular,True
CST2158,Veer Shetty,saanvi31@example.org,08263823986,Vijayanagaram,Chhattisgarh,153845,2024-09-06,social,VIP,True
CST2159,Triveni Rana,aarnakapadia@example.org,+919035226900,Vadodara,Uttar Pradesh,703494,2024-02-19,organic,VIP,True
CST2160,Ekta Walia,upkaar99@example.net,3638483050,Arrah,Himachal Pradesh,878826,2023-10-26,email,VIP,True
CST2161,Azad Kalita,azad24@example.org,09765542145,Tirupati,Odisha,124147,2024-03-14,paid_search,VIP,True
CST2162,Siddharth Shukla,vartydayita@example.com,09770788311,Thoothukudi,Tripura,539060,2026-06-06,organic,Regular,True
CST2163,Zayyan Shukla,upasnakeer@example.com,04959457220,Gorakhpur,Tamil Nadu,737482,2026-03-28,email,VIP,False
CST2164,Lavanya Sur,dalbir31@example.net,9551422525,Bellary,Himachal Pradesh,525379,2025-10-08,referral,Regular,True
CST2165,Siya Kale,kashishgarg@example.org,05511276608,Burhanpur,Uttar Pradesh,124463,2026-05-26,referral,Regular,True
CST2166,Tripti Agarwal,praneelbahl@example.org,+917772249767,Dhule,West Bengal,244384,2025-07-03,paid_search,VIP,True
CST2167,Rachana Sen,pandeyatharv@example.net,03205166837,Nagpur,Maharashtra,113059,2025-07-13,referral,Premium,False
CST2168,Jason Varughese,dubeyrajeshri@example.org,4831793482,Ujjain,Uttar Pradesh,940753,2023-09-12,organic,VIP,True
CST2169,Arya Basu,ishanisant@example.net,00785741893,Panihati,Assam,795303,2026-07-23,referral,Regular,True
CST2170,Kamya Setty,sanayabhat@example.net,7575816060,Mehsana,Mizoram,319462,2024-03-05,organic,Premium,True
CST2171,Libni Sachdev,kchaudry@example.com,03562924191,Rewa,Manipur,932985,2024-03-04,email,Premium,True
CST2172,Radhika Sarna,dhardayamai@example.net,+912724005118,Tadepalligudem,Maharashtra,863730,2026-01-06,paid_search,Regular,False
CST2173,Sanya Dada,thakerryan@example.net,+911925373133,Vadodara,Himachal Pradesh,893140,2026-06-01,social,Regular,True
CST2174,Harini Deshpande,singhsuhani@example.org,+911256664265,Tirupati,Tamil Nadu,280424,2026-02-28,paid_search,Premium,True
CST2175,Isaiah Nayak,chaman52@example.org,08299728038,Thanjavur,Meghalaya,470694,2026-08-09,referral,Regular,True
CST2176,Jatin Narayanan,jayaramanbrijesh@example.org,04395492654,Junagadh,Chhattisgarh,967873,2024-12-16,paid_search,Regular,True
CST2177,Gavin Luthra,jyoti33@example.org,6619251876,Kolhapur,Mizoram,658079,2026-02-22,email,VIP,False
CST2178,Henry Ramesh,pminhas@example.org,+917296081778,Ranchi,Maharashtra,174409,2024-09-07,social,Regular,True
CST2179,Theodore Sengupta,nidra70@example.com,3292527035,Sonipat,Maharashtra,195983,2026-02-03,email,Regular,True
CST2180,Tripti Bhatti,rhegde@example.org,+915010371298,Kadapa,Chhattisgarh,272073,2026-08-21,email,Premium,True
CST2181,Chandani Bhatti,nagyarunima@example.net,00091111776,Mirzapur,Arunachal Pradesh,609035,2025-05-27,email,Premium,True
CST2182,Anika Vasa,esengupta@example.com,01579292435,Gaya,Andhra Pradesh,758705,2024-12-19,email,Regular,False
CST2183,Kashish Gole,balasai@example.com,+919394854884,Alappuzha,Rajasthan,896476,2025-12-21,paid_search,Premium,True
CST2184,Abha Gulati,lucky38@example.org,4686507542,Shimla,West Bengal,588084,2025-06-20,social,VIP,True
CST2185,Lakshit Swaminathan,chamelipandey@example.net,5866520521,Nandyal,West Bengal,485196,2025-09-19,organic,VIP,False
CST2186,Rishi Basak,samesh71@example.org,3736101259,Mumbai,Assam,849917,2026-05-10,email,Premium,True
CST2187,Oni Bhatti,sahotamohammed@example.org,00759926958,Korba,Karnataka,472066,2025-08-23,referral,Regular,False
CST2188,Lakshit Ratta,arjunpatel@example.org,+918257057151,Hazaribagh,Goa,250169,2026-03-01,email,VIP,True
CST2189,Yochana Devan,purohitekantika@example.net,03865122122,Begusarai,Odisha,811226,2026-07-21,social,Premium,True
CST2190,Logan Dalal,rachitatandon@example.com,+916696137833,Naihati,Arunachal Pradesh,824348,2025-07-04,email,Premium,True
CST2191,Nihal Buch,manderrajeshri@example.com,01984053191,Latur,Assam,047044,2023-10-07,organic,VIP,True
CST2192,Ati Srinivas,amolgade@example.org,9648417445,Bharatpur,Mizoram,494126,2026-03-24,social,Regular,False
CST2193,Abeer Gole,hmistry@example.net,04424233233,Patiala,Kerala,121921,2025-09-05,referral,Premium,True
CST2194,Bahadurjit Chandra,opai@example.org,+918955563453,Thanjavur,Uttarakhand,720294,2026-04-26,referral,Premium,True
CST2195,Advay Nagarajan,charvi39@example.net,+914958244872,Madurai,Himachal Pradesh,328711,2025-10-04,organic,VIP,True
CST2196,Wyatt Oza,naveenchar@example.com,00771004585,Deoghar,Tamil Nadu,471764,2025-09-27,organic,Regular,True
CST2197,Suhani Rao,dubeynaksh@example.org,02863976304,Jamshedpur,Karnataka,901781,2025-03-07,organic,Regular,True
CST2198,Gaurika Parsa,gautami31@example.org,8870396292,Tirunelveli,Meghalaya,900828,2026-03-16,social,VIP,True
CST2199,Vivaan Lalla,qdate@example.org,+912599928000,Ambattur,West Bengal,060795,2025-03-25,organic,Regular,True
CST2200,Yash Choudhary,praghavan@example.org,00906979251,Kavali,Maharashtra,263473,2025-01-18,social,Regular,True
CST2201,Vinaya Shetty,jayaramantripti@example.org,01326415003,Hosur,Madhya Pradesh,354818,2026-01-11,referral,Premium,True
CST2202,Joshua Master,egopal@example.org,03897351259,Karimnagar,Arunachal Pradesh,141855,2024-07-03,email,Premium,True
CST2203,Teerth Tiwari,kamdarrayaan@example.net,07760397608,Gorakhpur,Tripura,168836,2024-02-21,email,VIP,True
CST2204,Nakul Cherian,jbali@example.org,06287470687,Miryalaguda,Bihar,827158,2024-06-13,social,VIP,True
CST2205,Anthony Sur,hamsini41@example.com,3567447529,Kishanganj,Bihar,413238,2025-12-05,social,VIP,True
CST2206,Qadim Hegde,parmerjack@example.org,00475398196,Bidar,Meghalaya,704057,2026-02-17,referral,Regular,True
CST2207,Madhavi De,watika58@example.com,5724945699,Bally,Nagaland,706266,2024-02-07,referral,VIP,True
CST2208,Arin Murty,noahkrishna@example.net,+912505322038,Chinsurah,Uttar Pradesh,411611,2023-09-10,social,Regular,False
CST2209,Nirja Doshi,prishagole@example.com,+911567024203,Jaipur,Nagaland,107877,2025-10-17,organic,Premium,False
CST2210,Unni Dasgupta,anirudh73@example.com,5704186795,Satara,Gujarat,708789,2024-12-18,social,Premium,True
CST2211,Eshana Grover,sundarammanthan@example.com,6355247100,Jaipur,Telangana,626429,2024-01-26,organic,VIP,True
CST2212,Faraj Baral,jverma@example.net,+918226681785,South Dumdum,Goa,000195,2026-08-27,paid_search,VIP,True
CST2213,Azaan Purohit,naikcharles@example.net,2052367093,Gudivada,Tamil Nadu,210964,2025-02-04,social,Premium,True
CST2214,Zinal Mani,comarteerth@example.org,09992921255,Dindigul,Arunachal Pradesh,220639,2023-12-08,social,Regular,False
CST2215,Qasim Bhagat,wasonabha@example.net,06008756413,Gandhinagar,Gujarat,724996,2024-07-16,email,Regular,True
CST2216,Vivaan Bava,bhavna79@example.com,8732821692,Nashik,Punjab,914993,2026-06-10,organic,VIP,False
CST2217,Wridesh Datta,soza@example.org,+915584915190,Kozhikode,Rajasthan,127780,2025-11-12,social,Regular,True
CST2218,Adweta Sridhar,epurohit@example.net,+912079548058,Jabalpur,Bihar,095124,2023-09-20,organic,Regular,True
CST2219,Libni Agrawal,zachariaucchal@example.net,1900382471,Dhule,Himachal Pradesh,946945,2023-10-20,paid_search,VIP,True
CST2220,Vamakshi Bassi,guneetahuja@example.com,04903670902,Ongole,Tripura,662588,2026-04-16,organic,VIP,True
CST2221,Girik Panchal,fariq48@example.net,01894051413,Jamshedpur,Arunachal Pradesh,110870,2025-09-14,email,Premium,False
CST2222,Yasti Khare,dhawantriveni@example.org,8886640900,Bally,Tamil Nadu,193474,2024-07-18,organic,VIP,True
CST2223,Om Patel,balvantrivedi@example.com,8676117209,Mysore,West Bengal,285426,2026-06-04,paid_search,VIP,True
CST2224,Fitan Pingle,janichandran@example.com,+919727884780,Eluru,Himachal Pradesh,854185,2024-01-11,email,Regular,False
CST2225,Agastya Chokshi,dominicmahal@example.org,4170034149,Rewa,Tamil Nadu,406118,2026-05-30,paid_search,Regular,True
CST2226,Pahal Samra,gmann@example.org,01430459863,Allahabad,Odisha,835058,2024-03-11,paid_search,VIP,True
CST2227,Matthew Barad,lbandi@example.org,06031701513,Bokaro,West Bengal,772634,2024-11-12,social,Regular,True
CST2228,Anmol Mishra,yasti97@example.com,07278728704,Aurangabad,Meghalaya,527610,2025-03-16,referral,Premium,False
CST2229,Amruta Bhatti,lakshkhalsa@example.net,8296544141,Mango,Odisha,979631,2026-08-21,paid_search,VIP,True
CST2230,Vivaan Talwar,manejatin@example.org,9794508816,Lucknow,Telangana,038739,2024-06-14,social,Regular,True
CST2231,Anusha Sidhu,leela92@example.net,02363124285,Sikar,Manipur,822888,2024-10-02,paid_search,Regular,True
CST2232,Megha Date,sodhikiaan@example.org,1473616032,Bokaro,Tamil Nadu,102321,2024-05-01,referral,Regular,True
CST2233,Lakshit Mangal,noahkurian@example.net,+917167290090,Asansol,Uttar Pradesh,158669,2024-08-28,social,Premium,True
CST2234,Gagan Bedi,qasim24@example.net,5604064379,Burhanpur,Andhra Pradesh,845510,2026-07-08,paid_search,VIP,False
CST2235,Ekapad Mital,aadikohli@example.com,02896043182,Bhiwandi,Telangana,191029,2025-11-29,organic,Regular,True
CST2236,Logan Venkatesh,mdesai@example.net,07088411997,Durgapur,Gujarat,268785,2024-09-28,social,Premium,True
CST2237,Hemangini Mahajan,kbath@example.org,+912374541206,Mysore,Uttar Pradesh,249117,2025-05-12,referral,Regular,True
CST2238,Udyati Raval,chanakya84@example.net,5457278113,Khandwa,Karnataka,406712,2026-06-28,referral,Regular,True
CST2239,Tanish Subramaniam,xarora@example.com,+912912040931,Chittoor,Andhra Pradesh,737745,2024-12-23,paid_search,Regular,True
CST2240,Hemangini Shukla,prabhakardevansh@example.org,+915522285685,Saharanpur,Andhra Pradesh,804949,2025-05-19,paid_search,Regular,True
CST2241,Triveni Narang,varenya73@example.com,+911095846605,Moradabad,Rajasthan,119951,2025-05-15,organic,VIP,True
CST2242,Jacob Bedi,nagarpallavi@example.org,00949399206,Junagadh,Jharkhand,781252,2023-11-21,email,Premium,True
CST2243,Dev Sachdeva,gayathriwadhwa@example.org,08644835033,Saharsa,Assam,752430,2025-03-08,email,Regular,True
CST2244,Chaaya Hayer,bahlbhanumati@example.net,07351300122,Pali,Manipur,830945,2026-05-07,paid_search,Regular,True
CST2245,Tanish Pall,issacsai@example.org,+915382419500,Rajpur Sonarpur,Telangana,870304,2026-01-19,email,Premium,True
CST2246,Tristan Trivedi,nitara73@example.com,+915236161387,Yamunanagar,Gujarat,394007,2025-11-20,social,VIP,False
CST2247,Sanaya Pillai,zwadhwa@example.org,09169804993,Katni,Rajasthan,831999,2024-04-07,social,VIP,True
CST2248,Oeshi Modi,zansi06@example.org,7200929722,Howrah,Gujarat,812496,2024-04-17,email,VIP,True
CST2249,Dayita Parekh,neel39@example.com,00786260201,Sagar,Uttar Pradesh,017332,2023-09-09,email,VIP,False
CST2250,Urvashi Nazareth,farhanmandal@example.org,+918508516281,Kharagpur,Assam,351206,2026-02-17,social,VIP,True
CST2251,Qushi Wali,hemallala@example.com,+910654586079,Mysore,Odisha,518045,2026-04-28,paid_search,Premium,False
CST2252,Rachit Rao,yashodharanayak@example.org,8700962191,Dehradun,Arunachal Pradesh,122219,2024-11-27,referral,Regular,False
CST2253,Ladli Borde,balvanborah@example.com,00633846596,Ajmer,Maharashtra,603871,2026-03-07,referral,Regular,True
CST2254,Zayan Kota,pdugar@example.org,5445614132,Davanagere,Haryana,908120,2025-12-01,social,Premium,True
CST2255,Jagrati Nadig,mekhala79@example.net,+917914442749,Medininagar,Maharashtra,701958,2023-09-09,email,Premium,True
CST2256,Urishilla Borde,sawhneyaarav@example.com,01078438420,New Delhi,Rajasthan,707048,2025-09-27,email,Premium,True
CST2257,Yashasvi Dubey,tmalhotra@example.com,+916820334309,Bidar,Meghalaya,595717,2025-08-02,organic,Premium,True
CST2258,Maya Basak,kondaudant@example.com,+916641309007,Bhubaneswar,Chhattisgarh,158201,2025-08-09,referral,VIP,False
CST2259,Arin Oak,zkeer@example.net,+910885118923,Gangtok,Mizoram,071832,2024-06-10,referral,Premium,False
CST2260,Guneet Bose,iganguly@example.net,07724725895,Howrah,Assam,894275,2024-05-04,paid_search,Regular,False
CST2261,Zayan Bhattacharyya,vrajan@example.com,0596833250,Silchar,Rajasthan,748604,2024-04-18,referral,Premium,True
CST2262,Edhitha Menon,prabhakaryasti@example.org,9815367490,Jaipur,Andhra Pradesh,822472,2024-07-18,referral,Premium,True
CST2263,Lavanya Jaggi,dugalkevin@example.com,0675428660,Udupi,Punjab,525378,2026-01-27,referral,Premium,False
CST2264,Darika Sachar,ushenoy@example.com,9865555838,Dibrugarh,Uttar Pradesh,861332,2024-05-22,social,VIP,False
CST2265,Oliver Dugar,pratyushgopal@example.net,0732135745,Korba,Uttar Pradesh,488759,2026-07-21,referral,Regular,True
CST2266,Udyati Chand,quincysarna@example.net,00104445483,Nizamabad,Telangana,266565,2025-08-24,email,VIP,False
CST2267,Zilmil Halder,sameshparikh@example.net,8017713714,Proddatur,Mizoram,636566,2026-04-28,paid_search,VIP,False
CST2268,Arya Narasimhan,maanas80@example.net,3538158477,Ongole,Karnataka,715797,2023-11-01,referral,VIP,False
CST2269,Urvashi Gour,sampathmitali@example.com,01170340255,Kulti,West Bengal,642936,2023-11-03,email,VIP,True
CST2270,Aadhya Mangal,hemanimann@example.net,08990673144,Hubli–Dharwad,Telangana,858253,2025-03-11,organic,Premium,True
CST2271,Jagvi Sathe,kaibala@example.net,05683345446,Tenali,Telangana,273342,2025-08-21,email,VIP,True
CST2272,Yashawini Ravi,zaidram@example.org,09011165903,Bellary,Assam,956096,2024-03-18,email,Regular,True
CST2273,Nirja Saran,ekaniraj@example.net,+915063281036,Karawal Nagar,Uttar Pradesh,015918,2023-12-24,referral,Regular,True
CST2274,Jeet Kadakia,dalbirvarughese@example.net,+915427288814,Shahjahanpur,Andhra Pradesh,888946,2025-03-09,social,VIP,True
CST2275,Barkha Mangal,jaggisanaya@example.com,08215671537,Alwar,West Bengal,794982,2025-03-28,organic,Premium,False
CST2276,Lopa Jhaveri,aadhyapuri@example.org,+916403512492,Guna,Madhya Pradesh,311160,2025-03-22,paid_search,Regular,False
CST2277,Jagat Mitter,malhotratejas@example.org,6417187954,Guntur,Rajasthan,263688,2024-02-02,email,Premium,True
CST2278,Eesha Oak,manbir58@example.net,6376735162,Satara,Assam,872493,2025-09-09,organic,VIP,False
CST2279,Finn Sunder,suhani25@example.org,01623849181,Solapur,Gujarat,033642,2024-12-13,organic,VIP,True
CST2280,Balhaar Biswas,bswamy@example.com,08181431051,Unnao,Maharashtra,597233,2024-11-10,email,Regular,True
CST2281,Qabil Kapadia,alexander43@example.net,9983560548,Khora ,Maharashtra,471896,2026-01-15,email,Premium,True
CST2282,Osha Parikh,varshahayre@example.com,4744467457,Alwar,Haryana,311556,2025-02-27,email,Regular,True
CST2283,Dalbir Hayre,nazarethbhavani@example.net,00667503354,Shahjahanpur,Manipur,649949,2026-04-28,email,Premium,True
CST2284,Raghav Kumer,zilmilkapur@example.net,+914181114210,Thoothukudi,Arunachal Pradesh,090966,2023-11-24,paid_search,Premium,True
CST2285,Niharika Karpe,amrita02@example.org,03482342003,Tezpur,Goa,250641,2024-04-05,social,Regular,False
CST2286,Netra Wable,deepdakshesh@example.net,7943703800,Bareilly,Bihar,972370,2026-02-13,organic,Premium,True
CST2287,Zashil Bala,tdeshpande@example.com,05186408552,Rewa,Mizoram,845504,2024-09-30,paid_search,VIP,True
CST2288,Widisha Dewan,ishani48@example.net,02466587003,Suryapet,Haryana,999443,2025-02-02,referral,Regular,True
CST2289,Aishani Vala,dmurthy@example.org,06204827571,Bikaner,Telangana,390646,2024-08-06,email,VIP,True
CST2290,Vasana Pingle,manbirmerchant@example.com,+918112844959,Phagwara,Tripura,152577,2026-04-23,referral,VIP,True
CST2291,Amol Kara,ekapadanne@example.net,+915928071284,Kakinada,Maharashtra,496367,2025-08-20,email,VIP,True
CST2292,Isha Virk,xitiminhas@example.org,02969463734,Jammu,Haryana,218948,2025-04-16,referral,VIP,False
CST2293,Ekalinga Dora,jeremiah18@example.net,2674663149,Kolhapur,Goa,649930,2026-01-01,email,Regular,True
CST2294,Adweta Vora,tanay70@example.org,09500809819,Proddatur,Gujarat,903455,2024-08-11,organic,Regular,True
CST2295,Anvi Pillai,subramaniamsamesh@example.com,+912554185518,Khammam,Uttarakhand,423800,2026-04-16,paid_search,Premium,True
CST2296,Farhan Devi,patilchatresh@example.org,+913030117064,Tadepalligudem,Goa,879267,2023-09-07,referral,Regular,False
CST2297,Manbir Bhagat,ekalingarastogi@example.net,9379349603,Anantapur,Goa,257114,2024-05-25,paid_search,Regular,True
CST2298,Yashodhara Hora,hritikvig@example.net,+913133225102,Bardhaman,Nagaland,718677,2023-09-25,email,VIP,True
CST2299,Vihaan Boase,bobalnidhi@example.org,5742357567,Chennai,Sikkim,674789,2024-01-01,social,Regular,True
CST2300,Ira Cherian,advay43@example.org,+914771872448,Karnal,Chhattisgarh,018702,2026-05-05,paid_search,VIP,True
CST2301,Advay Ganesan,onayak@example.com,06319953987,Coimbatore,Sikkim,039545,2025-09-20,referral,VIP,True
CST2302,Geetika Din,xborra@example.org,1965438265,Aurangabad,Sikkim,450872,2025-04-02,paid_search,Premium,True
CST2303,Chanakya Bava,lekhakapur@example.com,+912641310628,Berhampur,West Bengal,450120,2024-11-10,referral,VIP,True
CST2304,Chakradhar Chacko,zashil07@example.com,+915165625507,Kumbakonam,Mizoram,304117,2025-08-23,social,VIP,True
CST2305,Reva Zacharia,fthaman@example.net,7363739073,Hospet,Gujarat,126460,2026-04-01,referral,Premium,True
CST2306,Patrick Sane,vkonda@example.org,02420421138,Vijayanagaram,Bihar,344090,2026-05-31,referral,VIP,True
CST2307,Nakul Shroff,qmurty@example.org,02347836948,Vijayanagaram,Goa,925650,2025-08-13,referral,Regular,True
CST2308,Daksh Deshmukh,chaudhuriyauvani@example.org,07432778103,Bidar,Andhra Pradesh,358256,2025-10-03,referral,Premium,True
CST2309,Nidra Anne,tataonveer@example.org,04720668547,Khandwa,Uttar Pradesh,309108,2025-05-27,organic,Premium,False
CST2310,Kritika Agarwal,vlata@example.com,02587997852,Coimbatore,Assam,893332,2024-08-01,referral,Premium,True
CST2311,Xiti Dey,abdulgala@example.com,+912295335004,Asansol,Mizoram,861438,2024-04-18,paid_search,VIP,True
CST2312,Unnati Mohan,harsh14@example.net,+918591939704,Dehri,Tamil Nadu,349243,2025-08-03,email,VIP,True
CST2313,Warjas Kari,maya17@example.com,05342407755,Berhampore,Kerala,964356,2025-09-07,email,Regular,True
CST2314,Lipika Divan,benjamindube@example.com,+917617739501,Loni,Uttar Pradesh,107481,2025-11-08,organic,VIP,True
CST2315,Hemang Morar,amolray@example.com,+917870909455,Alappuzha,Nagaland,761966,2024-12-26,email,VIP,False
CST2316,Osha Randhawa,charles57@example.org,+919911542304,Loni,Maharashtra,568893,2024-12-04,paid_search,Premium,True
CST2317,Rajata Chahal,vloyal@example.org,3563707275,Shahjahanpur,Tamil Nadu,875018,2026-07-24,referral,VIP,True
CST2318,Janani Sastry,mitali49@example.com,02153963614,New Delhi,Uttarakhand,443380,2024-04-28,paid_search,VIP,True
CST2319,Kritika Hari,tanishdalia@example.com,4671638040,Kadapa,Telangana,106388,2026-06-18,social,VIP,True
CST2320,Sarthak Bhat,kharepranav@example.com,+917262263524,Machilipatnam,Meghalaya,614932,2023-09-22,paid_search,VIP,False
CST2321,Arjun Dara,kbal@example.net,06509035365,Gaya,Gujarat,079773,2026-08-04,organic,Regular,True
CST2322,Jacob Maharaj,shuklajagvi@example.com,6769209862,Bellary,Karnataka,174643,2025-08-06,organic,Regular,True
CST2323,Henry Dara,warhi86@example.net,2127791606,Ramgarh,Kerala,447450,2024-05-02,organic,Premium,True
CST2324,Nikita Mander,idika82@example.net,4217189465,Phusro,Bihar,075673,2024-12-25,referral,Premium,False
CST2325,Ikshita Samra,farismalhotra@example.net,+916427249956,Sagar,Gujarat,556616,2025-01-15,email,Premium,True
CST2326,Ishaan Trivedi,kandadeepa@example.org,09196754447,Haridwar,Odisha,719873,2024-03-03,organic,Regular,True
CST2327,Pranit Wali,vigoeshi@example.org,7914677277,Coimbatore,Nagaland,937592,2023-11-15,referral,Premium,False
CST2328,Kamala Deep,vsabharwal@example.net,6220554078,Madanapalle,Uttar Pradesh,067948,2025-08-26,paid_search,Regular,True
CST2329,Joshua Gala,adyasampath@example.org,+919537208548,Lucknow,Gujarat,188109,2024-01-08,referral,Premium,True
CST2330,Wazir Nadig,sameshbhatti@example.com,+914510528589,Giridih,Arunachal Pradesh,989872,2024-11-01,referral,Premium,True
CST2331,Patrick Manda,ekalingabhakta@example.org,+918167633025,Siliguri,Tamil Nadu,896596,2024-03-29,organic,Regular,False
CST2332,Naksh Tara,zlal@example.com,+918769834548,Loni,Gujarat,127889,2024-08-22,social,Premium,False
CST2333,Balhaar Borde,jonathan14@example.org,2582143693,Jamshedpur,Gujarat,695351,2025-01-15,organic,Premium,False
CST2334,Bhavna Sekhon,watika45@example.com,+919374604544,Bokaro,Chhattisgarh,741035,2024-09-14,social,Premium,True
CST2335,Qasim Goswami,chanayachana@example.net,+919514473200,Junagadh,Punjab,069128,2025-05-28,email,Premium,True
CST2336,Omisha Khare,mmannan@example.org,04364718613,Surendranagar Dudhrej,Bihar,075609,2026-08-09,email,Premium,True
CST2337,Ryan Vyas,zayan67@example.org,01509687801,Shivpuri,Goa,895211,2024-06-15,social,Premium,True
CST2338,Zayan Wable,trivedimitesh@example.com,+918712743179,Sri Ganganagar,West Bengal,576792,2024-08-03,social,Premium,False
CST2339,Benjamin Jhaveri,anamikanarayanan@example.net,02572438029,Jodhpur,Telangana,130808,2025-07-10,social,Regular,True
CST2340,Chaitaly Mannan,ubikarandhawa@example.org,2706945533,Jehanabad,Maharashtra,099365,2026-01-16,referral,VIP,False
CST2341,Ishaan Brar,vartyisaac@example.org,6654190227,Chandrapur,Uttar Pradesh,597625,2026-05-14,organic,VIP,True
CST2342,Shravya Raja,ahluwaliaojas@example.com,07823955349,Haridwar,Tripura,741264,2025-05-29,organic,Regular,True
CST2343,Atharv Vaidya,zansijohal@example.net,+917486866927,Singrauli,Mizoram,341935,2025-06-28,referral,Premium,True
CST2344,Daksha Banerjee,william71@example.org,+917212495018,Pali,Gujarat,819022,2026-03-12,social,Regular,True
CST2345,Kamya Ray,imorar@example.org,0391747000,Unnao,Sikkim,975680,2024-08-17,social,VIP,True
CST2346,Balendra Natarajan,naiduomisha@example.org,2458013651,Howrah,Uttar Pradesh,624399,2026-07-18,referral,Premium,True
CST2347,Tarak Dugar,lokejanuja@example.com,+911124277470,Karimnagar,Manipur,770902,2024-10-26,paid_search,VIP,True
CST2348,Xalak Nayar,baradjacob@example.org,0062056298,Rourkela,Kerala,415992,2024-04-29,email,VIP,True
CST2349,Yashica Bhat,manthansrinivasan@example.net,01892646592,Loni,Uttar Pradesh,957707,2024-12-01,referral,Premium,True
CST2350,Netra Ramachandran,xpatel@example.com,06758799068,Yamunanagar,Chhattisgarh,850091,2025-09-08,email,Premium,False
CST2351,Chanakya Manne,abha23@example.net,05717655791,Kanpur,Meghalaya,793543,2023-11-21,social,Regular,True
CST2352,Dakshesh Manne,murtykavya@example.net,03793442846,Farrukhabad,Bihar,159492,2025-08-12,referral,Premium,False
CST2353,Anthony Lanka,ubanik@example.org,+913104911673,Nagpur,Jharkhand,141603,2025-06-11,referral,VIP,True
CST2354,Jonathan Madan,venkateshubika@example.net,01597047164,Thiruvananthapuram,Haryana,424965,2024-10-20,paid_search,Regular,True
CST2355,Hiral Goyal,oviyaparmer@example.org,+913828455307,Erode,Kerala,382811,2025-03-02,social,VIP,False
CST2356,Nidhi Mitter,zansichaudhary@example.net,1283826517,Srinagar,Manipur,155553,2026-06-24,referral,Regular,True
CST2357,Pavani Kapoor,dkant@example.net,07324051136,Dharmavaram,Rajasthan,251120,2023-09-01,social,VIP,False
CST2358,Falguni Nadig,schauhan@example.com,07489777260,Durgapur,Nagaland,463187,2023-09-21,paid_search,Regular,True
CST2359,Rehaan Bora,rjain@example.org,01766636480,Bilaspur,Chhattisgarh,081447,2025-08-29,organic,VIP,True
CST2360,Daksh Nagar,yochanashenoy@example.org,01876468740,Pudukkottai,Mizoram,398605,2026-06-03,email,Premium,True
CST2361,Alexander Om,kkothari@example.org,07675681468,Singrauli,Haryana,347338,2026-05-04,paid_search,Premium,False
CST2362,Jeevika Rajagopalan,muttiowen@example.com,06118793369,Udupi,Tripura,366679,2025-05-08,social,Premium,False
CST2363,Lila Ramanathan,dsarna@example.org,+913671565109,Satna,Maharashtra,828268,2026-06-20,referral,Premium,True
CST2364,Bishakha Chadha,viraj58@example.org,+913320325637,Thanjavur,Goa,149289,2025-04-05,social,Regular,True
CST2365,Osha Dash,farhan01@example.com,+912172575385,Anantapuram,Himachal Pradesh,348929,2026-06-18,organic,Regular,True
CST2366,Aishani Ravi,kshanker@example.com,03219467948,Nizamabad,Gujarat,112823,2025-01-26,email,Regular,True
CST2367,Ganga Sule,edhitha85@example.org,+910878171416,Rampur,Punjab,160447,2026-03-11,organic,VIP,True
CST2368,Avni Sandal,boseekaja@example.org,06557171199,Dhule,Himachal Pradesh,494981,2025-07-05,organic,Premium,False
CST2369,Priya Savant,lohitshukla@example.org,6704020202,Nizamabad,Karnataka,986805,2023-12-30,referral,VIP,True
CST2370,Rayaan Chhabra,dhillonfalak@example.net,2376278428,Sikar,Manipur,138016,2024-08-29,social,Premium,True
CST2371,Devansh Nath,udugar@example.net,05773682470,Thane,Mizoram,681110,2025-01-05,referral,VIP,True
CST2372,Qadim Nayak,noriwidisha@example.com,+916714494029,Buxar,Karnataka,717454,2024-01-23,paid_search,VIP,False
CST2373,Divya Sandhu,horakavya@example.net,6481602917,Thane,Karnataka,975503,2023-10-17,social,Premium,True
CST2374,Harita Morar,imadan@example.com,+917617356234,Surendranagar Dudhrej,Manipur,324388,2024-02-10,social,Regular,True
CST2375,Daksha Dubey,hgara@example.org,9780020685,Amroha,Maharashtra,692941,2026-07-01,referral,Regular,False
CST2376,Chasmum Nagarajan,maxsavant@example.org,+916814065790,Chennai,Goa,066922,2024-01-11,social,Regular,True
CST2377,Lucky Toor,varsha11@example.com,0189014441,Chandrapur,Punjab,061945,2025-12-16,email,VIP,False
CST2378,Samaksh Sethi,arunima47@example.net,2534133792,Raipur,Odisha,849061,2025-11-22,referral,Regular,True
CST2379,Vedhika Jain,ataneja@example.org,04767781710,Ramagundam,Assam,157421,2025-07-11,social,Regular,True
CST2380,Falguni Wadhwa,gerawidisha@example.net,06842283939,Jalgaon,West Bengal,172837,2026-08-17,social,VIP,True
CST2381,Kevin Verma,advaithnigam@example.org,09448198242,Gaya,Gujarat,915675,2025-12-13,organic,VIP,True
CST2382,Jagrati Patla,dharabdul@example.org,5498554045,Morbi,Gujarat,053910,2024-10-15,paid_search,VIP,True
CST2383,Bimala Palla,meghasura@example.net,+917676056669,Pune,Jharkhand,576090,2026-06-19,referral,Regular,False
CST2384,Zashil Shankar,narulaonveer@example.net,03662479295,Raichur,Mizoram,900345,2023-09-02,referral,VIP,True
CST2385,Faras Mangat,qswamy@example.net,3142616405,Nanded,Manipur,012897,2024-05-03,social,Premium,True
CST2386,Yachana Jhaveri,kaursuhani@example.com,02240534596,Bidar,Maharashtra,550889,2024-03-31,referral,Regular,False
CST2387,Chanakya Karan,sarthakbatra@example.com,4170138177,Berhampore,Uttar Pradesh,977383,2024-11-27,email,VIP,True
CST2388,Amaira Brahmbhatt,tanish92@example.org,+914694775853,Davanagere,Goa,258488,2024-02-22,referral,Regular,True
CST2389,Odika Dar,mugdhawali@example.net,01302329411,Katni,West Bengal,590380,2025-01-14,referral,Regular,True
CST2390,Bhavini Shere,bakhshi82@example.com,8072405987,Sikar,Assam,561792,2023-09-06,social,Premium,True
CST2391,Sanaya Rao,balvanseshadri@example.com,07394604420,Sambhal,Sikkim,179029,2026-07-17,paid_search,Premium,False
CST2392,Inaya Buch,aditya03@example.com,7222343050,Thanjavur,Andhra Pradesh,606606,2025-05-30,organic,Premium,False
CST2393,Yashoda Sagar,vyanjanamani@example.net,+919136663101,Durgapur,Nagaland,612859,2026-04-10,referral,Premium,True
CST2394,Warinder Dar,jairajsharma@example.org,9532222897,Parbhani,Kerala,327339,2024-01-30,social,VIP,True
CST2395,Harrison Wadhwa,tkrish@example.net,7745901896,Morbi,Manipur,765950,2026-04-04,email,Premium,False
CST2396,Tanvi Oak,pallaviprabhakar@example.com,4278215925,Jodhpur,Jharkhand,428099,2025-10-28,social,VIP,False
CST2397,Chandani Bahl,zansi63@example.com,+914960455554,Aurangabad,Odisha,283587,2025-05-12,referral,Regular,False
CST2398,Girik Cheema,ayush49@example.org,+914574830831,Motihari,Manipur,677819,2023-09-03,organic,Premium,True
CST2399,Upma Sachar,lankaabhiram@example.net,2262062399,Unnao,Nagaland,692278,2026-08-26,email,Premium,True
CST2400,Madhav Vaidya,teerthvarkey@example.com,5641258698,Kakinada,Tamil Nadu,067295,2023-10-26,referral,Regular,False
CST2401,Aradhana Sekhon,sathvikrajagopal@example.org,+910442520132,Muzaffarpur,Gujarat,347554,2023-12-24,referral,VIP,False
CST2402,Aarav Shroff,aayushdugar@example.com,6592205044,Bhiwandi,Chhattisgarh,466532,2023-09-01,email,Premium,False
CST2403,Pushti Parmar,manbirsunder@example.com,+917456867139,Aligarh,Goa,040449,2024-11-27,paid_search,Premium,True
CST2404,Raksha Sekhon,ubika38@example.com,01254286552,Saharsa,West Bengal,646123,2025-02-06,organic,Premium,False
CST2405,Udyati Sarin,mugdha20@example.com,+917719759896,Ambattur,Manipur,998357,2026-02-09,email,Regular,True
CST2406,Daksha Desai,gaurikanayar@example.net,6771067774,Hapur,Bihar,788882,2025-10-17,organic,VIP,True
CST2407,Edhitha Rajagopalan,ishwar59@example.net,5144417084,Durg,Kerala,578062,2026-08-06,email,Premium,True
CST2408,Aishani Ramakrishnan,kthaker@example.com,7046900772,Sikar,Odisha,488871,2025-08-25,referral,VIP,True
CST2409,Gabriel Nair,ucchalnayar@example.com,02263744181,Korba,Goa,297522,2025-01-26,referral,VIP,True
CST2410,Yoshita Sridhar,qramesh@example.org,0858246550,Pune,Odisha,315548,2025-06-09,email,VIP,True
CST2411,Girindra Shukla,benodika@example.net,3075673870,Junagadh,West Bengal,040762,2026-03-19,referral,VIP,True
CST2412,Viraj Jha,bvasa@example.net,1403671079,Mathura,Maharashtra,528061,2025-02-25,organic,Premium,True
CST2413,Riya Krishnamurthy,kadakiagaurav@example.org,05706044291,Bhilwara,Rajasthan,665126,2026-07-09,referral,Premium,True
CST2414,Balhaar Baral,ssandhu@example.net,8975182015,Ozhukarai,Goa,717780,2026-04-16,referral,Regular,False
CST2415,Imaran Pandit,ynazareth@example.net,+917358182238,Karimnagar,Jharkhand,091403,2023-12-13,referral,Regular,True
CST2416,Sanaya Munshi,chasmumramesh@example.net,+919425765550,Karimnagar,Assam,053293,2025-03-17,email,Regular,True
CST2417,Vamakshi Korpal,yashodhara01@example.org,+919974585217,Moradabad,Haryana,534933,2026-03-29,social,Regular,False
CST2418,Abhiram Parsa,jdevan@example.net,5569218874,Bokaro,Arunachal Pradesh,320861,2026-01-27,social,VIP,True
CST2419,Darika Dugal,priyapillai@example.net,+916023531718,Bikaner,Himachal Pradesh,204423,2025-06-04,paid_search,VIP,True
CST2420,Karan Shanker,xalakchakrabarti@example.com,+919123328594,Tezpur,Bihar,827020,2024-07-19,social,Regular,False
CST2421,Varenya Kade,bainsedhitha@example.com,5337808484,Nanded,Nagaland,117307,2023-11-14,paid_search,Regular,True
CST2422,George Sani,rrama@example.net,+917846790950,Proddatur,Telangana,664216,2025-09-30,social,Premium,True
CST2423,Hemangini Dixit,iyengarnirja@example.net,09770073696,Mumbai,Uttarakhand,244860,2024-09-26,organic,VIP,True
CST2424,Urishilla Nanda,chhabrahemang@example.com,03770701123,Kadapa,West Bengal,053084,2024-07-12,paid_search,Regular,True
CST2425,Ekani Gola,sarkaryauvani@example.com,+915769998893,Madhyamgram,Chhattisgarh,266642,2025-08-02,referral,Premium,True
CST2426,Jagdish Lanka,oni70@example.net,+918049536874,Pallavaram,Manipur,553183,2024-08-03,paid_search,Regular,False
CST2427,Rohan Pathak,gopalvanya@example.com,06596825507,Dehradun,Jharkhand,240171,2023-12-04,social,VIP,False
CST2428,Kritika Edwin,guneetjain@example.org,4607169439,Bettiah,Gujarat,898389,2024-02-18,referral,Regular,True
CST2429,Dakshesh Mand,nilima83@example.org,05354629232,Tenali,Bihar,298653,2025-11-14,referral,Premium,True
CST2430,Inaya Pant,deshpandevasudha@example.com,01482263557,Hospet,Nagaland,680400,2025-12-14,social,VIP,True
CST2431,Laksh Ray,prasadrachit@example.org,01930695638,Patiala,Assam,481181,2024-10-25,referral,Premium,True
CST2432,Jagat Puri,niharikawalla@example.org,8976392219,Gandhidham,Uttarakhand,297200,2025-04-05,organic,VIP,False
CST2433,Wahab Sharma,lokevanya@example.com,+911351733073,Kota,Jharkhand,773270,2026-02-17,organic,Premium,True
CST2434,Qasim Malhotra,vsami@example.net,05273060363,Berhampore,Andhra Pradesh,848484,2025-05-12,organic,VIP,False
CST2435,Saumya Upadhyay,hreddy@example.com,+917426905270,Visakhapatnam,Kerala,932131,2024-05-07,paid_search,Regular,True
CST2436,Nikita Comar,balveer41@example.com,+919294045954,Panipat,Kerala,946693,2025-10-31,referral,VIP,False
CST2437,Vedant Dayal,baljiwan02@example.net,07774450197,Noida,West Bengal,273050,2025-01-01,email,Regular,True
CST2438,Onveer Nori,mohammed72@example.net,04500731886,Raipur,West Bengal,500148,2024-03-26,social,VIP,True
CST2439,Unni Purohit,wsanghvi@example.org,2961156803,Anantapuram,Goa,816072,2026-01-30,paid_search,Premium,True
CST2440,Zansi Bora,amritapuri@example.com,08521830113,Nizamabad,Madhya Pradesh,175955,2023-09-15,paid_search,VIP,True
CST2441,Veer Gopal,dray@example.org,03336214905,Rewa,Gujarat,978300,2024-12-08,email,VIP,True
CST2442,Dev Deol,vshanker@example.org,00791640379,Hosur,Arunachal Pradesh,035356,2025-10-29,email,VIP,True
CST2443,Hemani Sinha,calebsubramanian@example.org,03460814860,Chennai,Punjab,129895,2024-01-10,organic,VIP,False
CST2444,Owen Varty,darawatika@example.org,6899114023,Khammam,Goa,187099,2025-10-26,social,Premium,True
CST2445,Dhriti Gupta,bhasingunbir@example.org,+913763295052,Fatehpur,Mizoram,445600,2025-03-25,referral,Premium,False
CST2446,Oliver Dutt,mahika15@example.net,01608987109,Orai,Sikkim,208950,2025-12-16,social,VIP,False
CST2447,Ekani Choudhary,eesha34@example.com,09108311079,Amroha,Tamil Nadu,248926,2024-05-23,email,Premium,True
CST2448,Charvi Ramakrishnan,parth70@example.net,5568890159,Deoghar,Assam,157378,2026-07-22,organic,VIP,True
CST2449,Shaurya Ranganathan,adwetamishra@example.org,6565566581,Hosur,Himachal Pradesh,741047,2025-06-18,paid_search,Premium,True
CST2450,Aashi Barad,damini97@example.net,04174036332,Raebareli,Haryana,582835,2023-10-31,social,Premium,True
CST2451,Falan Pandit,harishkarpe@example.net,7167216629,Morbi,Gujarat,183249,2024-12-19,email,VIP,True
CST2452,Pranit Balakrishnan,aishanidugal@example.net,5460388867,Singrauli,Goa,153523,2026-07-29,organic,Regular,True
CST2453,Bhavani Kale,bhandarisarthak@example.net,+918258893904,Warangal,Chhattisgarh,118871,2024-04-09,social,Premium,False
CST2454,Utkarsh Basak,cloyal@example.org,+917177779626,Sambalpur,Odisha,662247,2024-09-28,organic,Regular,True
CST2455,Oviya Ramachandran,qushiprashad@example.com,5187483450,Anantapuram,Tamil Nadu,808216,2025-09-23,email,Premium,False
CST2456,Joshua Mangat,zaitraparmer@example.org,+916301079697,Sultan Pur Majra,Punjab,089851,2025-05-21,referral,Premium,True
CST2457,Zinal Kunda,teerth65@example.org,01626676990,Eluru,Uttar Pradesh,789478,2026-06-02,social,Regular,True
CST2458,Gopal Banerjee,vramaswamy@example.com,+914464478543,Mira-Bhayandar,Sikkim,607402,2026-04-30,paid_search,Premium,True
CST2459,Nachiket Dani,robert58@example.org,8066026340,Parbhani,Gujarat,252950,2026-07-14,email,Regular,True
CST2460,Ekani Jhaveri,qbala@example.net,2431950670,Singrauli,Assam,881872,2025-03-17,referral,Premium,True
CST2461,Hritik Narain,srivastavapanini@example.net,+910582318066,Ongole,Manipur,092692,2026-01-03,organic,Regular,True
CST2462,Krishna Mangal,ati65@example.org,05455106239,Tirunelveli,Tamil Nadu,240020,2024-08-11,social,Regular,True
CST2463,Wridesh Chakrabarti,mtoor@example.org,4964789487,Shahjahanpur,Tamil Nadu,289235,2024-09-09,organic,VIP,True
CST2464,Dayamai Bal,leena60@example.net,07496855821,Gaya,Odisha,876974,2026-04-30,social,Premium,True
CST2465,Advaith Kothari,ukohli@example.com,2188488066,Loni,Tamil Nadu,877748,2023-09-25,paid_search,VIP,True
CST2466,Chatura Talwar,sahotaedhitha@example.com,+914389657567,Pali,Goa,923886,2024-08-06,paid_search,Premium,True
CST2467,Chatura Kara,keerekbal@example.net,+915414391638,Bijapur,Arunachal Pradesh,371817,2025-10-04,organic,Premium,True
CST2468,Priya Aggarwal,tanvidass@example.org,2524017188,Shahjahanpur,Sikkim,543853,2024-07-16,referral,Premium,True
CST2469,Varenya Andra,unnichada@example.org,06220126589,Motihari,Bihar,250502,2026-02-17,organic,Regular,False
CST2470,Girindra Palla,framakrishnan@example.com,+913560386684,Tirunelveli,Gujarat,095117,2026-04-21,organic,VIP,True
CST2471,Chandani Deshmukh,dzacharia@example.org,00229247935,Ambala,Telangana,377038,2023-11-08,organic,Regular,True
CST2472,Dev Nadig,damini79@example.org,+916437750393,Sasaram,Rajasthan,345589,2023-12-29,social,Regular,True
CST2473,Elijah Ramesh,sibalvasana@example.org,+916393451235,Pondicherry,Punjab,249177,2026-03-10,paid_search,Regular,True
CST2474,Vyanjana Nagy,boasezaid@example.org,9496337194,Surat,Andhra Pradesh,061095,2025-03-07,paid_search,Premium,False
CST2475,Gaurika Goswami,asubramaniam@example.org,08100203106,Ongole,Mizoram,541775,2024-01-10,organic,Regular,False
CST2476,Vyanjana Sur,william25@example.net,+917541563479,Alappuzha,Punjab,087908,2026-05-16,referral,Regular,True
CST2477,Kabir Barman,khannafalguni@example.net,8506254532,Morena,Maharashtra,433522,2025-01-03,social,Regular,True
CST2478,Avni Kara,karadalaja@example.org,08353581795,Dindigul,Manipur,056185,2025-04-06,email,Premium,True
CST2479,Ayaan Bhavsar,brijeshmanne@example.com,+915145873453,Panchkula,Odisha,470254,2026-01-28,social,VIP,True
CST2480,Odika Acharya,sathvikbala@example.net,4227451033,Solapur,Andhra Pradesh,299637,2023-11-19,social,Regular,True
CST2481,Hemangini Randhawa,sulenitesh@example.org,9244737427,Morena,Maharashtra,312689,2024-10-06,social,Premium,True
CST2482,Bimala Sampath,nilima00@example.org,+917361414975,Malda,Gujarat,572981,2025-05-06,email,Regular,True
CST2483,Ethan Gola,finnkanda@example.net,01640942224,Bulandshahr,Nagaland,231998,2025-05-14,email,VIP,True
CST2484,Vansha Sastry,braghavan@example.net,+913739297627,Kishanganj,West Bengal,927118,2025-12-30,social,Premium,False
CST2485,Yoshita Swaminathan,arjun63@example.net,4710282364,Jalna,Odisha,611000,2023-10-16,referral,Regular,True
CST2486,Vedant Kalita,routyashica@example.net,2775071498,Durgapur,Meghalaya,467891,2026-01-31,paid_search,VIP,True
CST2487,Meera Rattan,anyadani@example.com,5415512275,Mira-Bhayandar,Arunachal Pradesh,111472,2026-02-25,email,VIP,True
CST2488,Ishwar Rajagopalan,anamikakade@example.org,08534392904,Munger,Manipur,881456,2023-12-29,paid_search,Regular,False
CST2489,Sai Kunda,mitali25@example.net,00016296469,Anantapur,Kerala,318552,2024-06-27,organic,Premium,True
CST2490,Dipta Shere,kalanidra@example.org,4529574934,Malegaon,Mizoram,821010,2025-07-16,referral,VIP,True
CST2491,Advaith Divan,aadi72@example.com,5447147879,Kolkata,Bihar,486738,2023-11-19,referral,VIP,True
CST2492,Omisha Naik,rachita24@example.org,02747961836,New Delhi,Andhra Pradesh,944064,2024-04-14,organic,Regular,False
CST2493,Aryan Thakkar,dhingrarachana@example.org,+915654591059,Kota,Karnataka,365172,2024-09-21,referral,Premium,True
CST2494,Fiyaz Ratta,tparekh@example.org,6167448955,Aligarh,Odisha,789826,2026-04-23,paid_search,Regular,True
CST2495,Tejas Madan,jatinbuch@example.com,3094815120,Madurai,Mizoram,939339,2025-06-03,referral,Regular,True
CST2496,Urishilla Nori,upasna59@example.net,09077897858,Jehanabad,Odisha,246560,2024-10-05,social,Regular,True
CST2497,Yuvraj Sidhu,shenoypratyush@example.org,09789847206,Gwalior,Andhra Pradesh,783781,2024-02-16,referral,Regular,True
CST2498,Ekansh Menon,balakrishnanhenry@example.com,03475580448,Aurangabad,Chhattisgarh,263633,2026-04-11,social,Regular,True
CST2499,Pavani Nori,charita49@example.com,2826859733,Siliguri,Odisha,181168,2024-07-18,organic,Premium,True
CST2500,Wyatt Prashad,ladli35@example.net,09451711284,Bulandshahr,Meghalaya,436914,2025-01-31,organic,VIP,False
CST2501,Jalsa Garg,patrick68@example.net,5947415333,Chittoor,Andhra Pradesh,142785,2026-07-12,email,VIP,True
CST2502,Zaitra Borah,anirudhroy@example.org,2801447937,Machilipatnam,Nagaland,035516,2025-05-28,email,VIP,True
CST2503,Ayushman Khatri,ambleekansh@example.com,+913973559641,Phusro,Goa,534573,2025-08-02,social,VIP,True
CST2504,Chatura Chaudhari,rachitdeo@example.com,7233116639,Mirzapur,Odisha,901560,2026-07-12,social,Regular,True
CST2505,Yagnesh D’Alia,zdar@example.org,1146236171,Hosur,Madhya Pradesh,483459,2024-03-29,email,Regular,True
CST2506,Nachiket Roy,kariurmi@example.com,04297173174,Bhubaneswar,Uttar Pradesh,263466,2026-08-03,referral,Premium,True
CST2507,Ojas Nagy,amishra@example.com,+917898587259,Akola,Gujarat,657447,2026-07-11,paid_search,VIP,True
CST2508,Leela Atwal,annedarpan@example.com,9365124954,Danapur,Chhattisgarh,039333,2023-11-25,referral,Premium,False
CST2509,Qadim Balay,bprakash@example.net,02959102163,Ahmedabad,Odisha,867692,2023-09-03,paid_search,Regular,False
CST2510,Kamya Vala,udyatimenon@example.org,+918685108261,Thane,Mizoram,830860,2026-08-16,organic,Premium,True
CST2511,Tamanna Borde,deepa09@example.net,+912438318151,Bidhannagar,Andhra Pradesh,492798,2025-01-04,referral,Premium,True
CST2512,Ekalinga Devi,csubramanian@example.com,03547287875,Davanagere,Rajasthan,243415,2026-07-03,social,Regular,False
CST2513,Ekanta Dugar,choudhryoviya@example.com,+918628644564,Sagar,Maharashtra,956673,2026-04-01,paid_search,VIP,False
CST2514,Nicholas Mangal,zdada@example.com,02756335819,Gwalior,Uttar Pradesh,347540,2025-12-01,email,Premium,False
CST2515,Chanchal Mukherjee,bhatnagaryash@example.org,01333286482,Srikakulam,Tripura,596178,2024-05-15,email,Regular,False
CST2516,Dominic Bhavsar,nsinghal@example.com,6917082126,Panipat,Andhra Pradesh,266326,2026-04-13,social,Regular,True
CST2517,Ojasvi Warrior,logan39@example.net,05307858570,Proddatur,Punjab,687494,2026-03-31,email,Regular,True
CST2518,Yashasvi Subramaniam,adweta40@example.com,8913464316,Anand,Meghalaya,607648,2026-08-02,social,Premium,False
CST2519,Advik Dhar,tristanpathak@example.net,+919282309041,New Delhi,Bihar,379220,2024-11-30,email,VIP,True
CST2520,Bhavna Rao,vanshapant@example.net,+918529922627,Tirupati,Rajasthan,854419,2024-04-25,paid_search,VIP,False
CST2521,Manthan Modi,samargola@example.org,8352823447,Nagercoil,Meghalaya,504547,2026-01-30,organic,VIP,False
CST2522,Mohammed Seshadri,nilima05@example.org,+912039779553,Kollam,Arunachal Pradesh,354190,2024-12-02,email,VIP,True
CST2523,Kiaan Jha,sdeep@example.org,4974983392,Arrah,Gujarat,358305,2025-08-06,paid_search,Premium,True
CST2524,Warhi Sehgal,xbava@example.org,05453847291,Tirunelveli,Mizoram,803909,2025-05-31,organic,Regular,True
CST2525,Jatin Bala,charles86@example.com,+913478038846,Shimoga,Tripura,463462,2024-01-15,organic,Regular,True
CST2526,Mason Kadakia,dugaryashica@example.org,+913376761787,Gwalior,Maharashtra,023358,2024-09-15,social,VIP,True
CST2527,Kevin Panchal,hkhalsa@example.org,5721380801,Guna,Tamil Nadu,747730,2024-04-24,organic,Regular,True
CST2528,Deepa Rao,rauazaan@example.org,4424753228,Gulbarga,Rajasthan,490764,2024-01-25,referral,VIP,True
CST2529,Falguni Bath,somanmaanav@example.org,7129185584,Siwan,Sikkim,000699,2025-06-09,email,VIP,True
CST2530,Kamya Bhakta,ridhiparsa@example.net,09567063348,Bharatpur,Bihar,563011,2026-06-18,referral,Regular,True
CST2531,Aayush Narula,indalinazareth@example.com,5192484653,Miryalaguda,Sikkim,526103,2025-01-01,social,Premium,True
CST2532,Ekiya Gola,ssharaf@example.org,00894490181,Hindupur,Chhattisgarh,299013,2025-03-10,paid_search,VIP,True
CST2533,Frado Soman,buchbhavani@example.com,4573470543,Naihati,Himachal Pradesh,436026,2025-11-12,paid_search,Regular,True
CST2534,Adweta Nath,bimala34@example.org,9302132000,Rajahmundry,Haryana,473212,2024-10-30,email,Regular,True
CST2535,Meghana Wali,widishanagar@example.org,8831412676,Faridabad,Odisha,920451,2026-01-26,referral,VIP,True
CST2536,Krisha Baral,kundatripti@example.org,07200896673,Kolhapur,Odisha,204320,2026-06-12,social,Premium,True
CST2537,Oni Sachar,forumchopra@example.com,2645914287,Chandigarh,Goa,030488,2024-06-25,email,Regular,False
CST2538,Parth Bava,jackbhatt@example.org,8090548739,Bellary,Telangana,679919,2024-01-29,paid_search,Regular,True
CST2539,Tara Zachariah,pushtidasgupta@example.com,04300992623,Sambhal,Andhra Pradesh,029844,2023-12-30,social,Regular,True
CST2540,Lakshmi Yohannan,ssingh@example.net,+915315074706,Vellore,Odisha,719848,2025-09-11,social,Regular,True
CST2541,Jatin Roy,sanyaparekh@example.com,02151585555,Hubli–Dharwad,Goa,455391,2025-09-13,organic,VIP,True
CST2542,Turvi Bala,janakinarang@example.net,+914470445342,Ahmedabad,Nagaland,731260,2024-11-18,referral,VIP,False
CST2543,Saanvi Pradhan,pgade@example.com,+913643309389,Uluberia,Punjab,272942,2026-04-01,referral,Regular,True
CST2544,Divya Bhatti,deoeiravati@example.org,+910725054365,Singrauli,Kerala,119411,2026-04-16,organic,VIP,True
CST2545,Jagvi Thakur,keya30@example.org,06489413419,Giridih,Mizoram,125958,2026-07-15,social,Regular,True
CST2546,Hiral Venkatesh,nkumer@example.net,+917640623693,Guwahati,Uttarakhand,923918,2025-12-25,organic,VIP,True
CST2547,Champak Chand,jananinanda@example.org,2404504547,Ratlam,Assam,783271,2025-05-20,organic,VIP,True
CST2548,Kashish Deshmukh,sprasad@example.net,2607888647,Saharsa,Tamil Nadu,325057,2026-04-25,email,Premium,False
CST2549,Hema Desai,vchokshi@example.com,+912806863698,Aligarh,Himachal Pradesh,595056,2023-12-02,referral,VIP,True
CST2550,Rushil Dar,goelshivansh@example.net,+915778293460,Suryapet,Punjab,948347,2024-01-19,paid_search,Premium,True
CST2551,Jasmit Bora,madhavkeer@example.org,+914195624121,Suryapet,Bihar,549905,2024-02-10,email,VIP,False
CST2552,Maanas Koshy,nbadal@example.org,+910391616614,Amritsar,Uttar Pradesh,787911,2024-07-14,social,Regular,False
CST2553,Onkar Minhas,munshimaanav@example.org,9763851784,Ulhasnagar,Telangana,616757,2025-06-10,organic,Regular,True
CST2554,Ira Koshy,garima62@example.com,+914120312696,Kollam,Andhra Pradesh,759778,2025-10-24,referral,Regular,True
CST2555,Jeremiah Bahl,nkalla@example.com,07217767443,Avadi,Madhya Pradesh,497168,2023-11-27,social,Regular,True
CST2556,Hemani Nayak,natwal@example.net,5959557898,Bhusawal,Gujarat,364966,2024-03-26,social,Regular,True
CST2557,Zashil Konda,gabriel81@example.org,03341739629,Sambhal,Punjab,674433,2025-03-29,paid_search,Premium,False
CST2558,Azaan Krish,raaginiprabhakar@example.com,+918349644865,Chinsurah,Gujarat,528254,2024-10-23,organic,Premium,True
CST2559,Pahal Peri,victor31@example.org,07781634860,Mau,Andhra Pradesh,792679,2024-06-20,email,VIP,False
CST2560,Maanav Hari,uagarwal@example.com,02214642110,Firozabad,Karnataka,721980,2026-05-21,organic,VIP,True
CST2561,Sara Hora,shivani65@example.org,+915781906220,Tezpur,Assam,253023,2024-04-11,referral,Premium,True
CST2562,Aahana Deshpande,omaryan@example.com,+919271636659,Chennai,Kerala,897058,2026-02-12,social,VIP,True
CST2563,Meghana Singhal,murthymanan@example.net,06906396609,Malda,Odisha,148283,2024-12-27,social,Regular,False
CST2564,Fariq Ray,karpebimala@example.com,+910537090714,Agartala,West Bengal,021209,2023-10-10,paid_search,Regular,True
CST2565,Kevin Sani,lalzaitra@example.com,+918977731913,Pali,Andhra Pradesh,500137,2024-05-09,social,VIP,True
CST2566,Pallavi Chandra,kpalla@example.org,8264446961,Bhind,Bihar,745941,2026-03-23,paid_search,VIP,True
CST2567,Eesha Chacko,bainsoni@example.net,08685391146,Kishanganj,Karnataka,613531,2025-12-16,referral,VIP,True
CST2568,Advaith Vig,zinal91@example.com,0567413531,Maheshtala,Tamil Nadu,629533,2026-05-24,social,VIP,True
CST2569,Shivansh Rastogi,januja62@example.org,6609763619,Imphal,Karnataka,549926,2025-02-24,paid_search,Regular,False
CST2570,Falan Pant,nakshbasu@example.com,+919236549885,Ambala,Uttar Pradesh,294929,2023-11-17,referral,Premium,True
CST2571,Zayan Barman,zkalita@example.com,01821557133,Mau,Manipur,915357,2024-03-08,organic,VIP,True
CST2572,Chandran Malhotra,watika37@example.net,01562954204,Adoni,Telangana,673000,2025-07-16,social,VIP,True
CST2573,Anamika Vora,aaravkulkarni@example.net,5607017437,Thoothukudi,Rajasthan,000080,2024-07-31,social,Premium,True
CST2574,Mason Iyer,urvashi43@example.net,+917037114761,Davanagere,Mizoram,625584,2023-11-13,social,Premium,True
CST2575,Leena Pandit,indrajit01@example.net,+919403525706,Kochi,Telangana,333368,2026-01-29,referral,Regular,True
CST2576,Omaja Rajagopal,ysawhney@example.net,0408533553,Gudivada,Gujarat,862657,2026-05-18,organic,VIP,False
CST2577,Pranit Kibe,rattandeepa@example.org,2859708257,Morbi,Arunachal Pradesh,594685,2023-10-07,paid_search,Premium,False
CST2578,Zansi Badal,rachana19@example.org,02395573177,Sambhal,Haryana,429957,2023-12-15,referral,Premium,False
CST2579,Darika Behl,chakrabartiwishi@example.com,+912301318513,Vijayawada,Gujarat,488490,2024-10-13,email,VIP,False
CST2580,Ekalinga Wagle,kotharineel@example.net,+918327112050,Korba,Gujarat,219336,2025-12-26,social,Regular,True
CST2581,Teerth Dua,udyatisood@example.com,2251720673,Bilaspur,Kerala,703875,2025-01-27,email,VIP,True
CST2582,Logan Bhatia,hanne@example.com,0913533258,Rajahmundry,Meghalaya,223737,2025-02-24,email,Regular,True
CST2583,Caleb Virk,soodpallavi@example.net,1857424892,Raurkela Industrial Township,Kerala,102043,2024-12-15,social,VIP,True
CST2584,Omaja Kara,mdhar@example.org,03681872776,Hubli–Dharwad,West Bengal,836558,2024-09-17,social,Premium,False
CST2585,Yauvani Prabhakar,jackdave@example.com,07891286871,Agra,Arunachal Pradesh,363681,2026-06-04,referral,Regular,True
CST2586,Girish Savant,bhandariadvay@example.com,+918724809741,Jhansi,Chhattisgarh,167193,2026-07-31,social,Regular,True
CST2587,Sanya Hayre,mananshukla@example.com,04638597505,Fatehpur,Arunachal Pradesh,388383,2023-11-30,paid_search,Premium,True
CST2588,Jagdish Natt,krishdiya@example.net,2564186222,Thiruvananthapuram,Tamil Nadu,422436,2024-02-10,referral,VIP,False
CST2589,Pahal Ben,imarandar@example.com,4827010180,Kavali,Telangana,532734,2025-07-28,paid_search,Premium,True
CST2590,Lakshit Parmer,veda71@example.com,7772123835,Lucknow,Himachal Pradesh,277950,2024-06-18,referral,Premium,True
CST2591,Frederick Dutt,chanakyabarad@example.net,1570948392,Moradabad,Arunachal Pradesh,058182,2024-09-30,email,Regular,True
CST2592,Gauri Naik,shroffbhavini@example.org,01639375870,Ludhiana,Mizoram,653885,2024-06-26,referral,Premium,True
CST2593,Harsh Dara,jairaj31@example.net,08585980721,Kavali,Tamil Nadu,841323,2025-12-10,referral,Premium,True
CST2594,Girindra Bhat,hrai@example.org,2576157287,Korba,Nagaland,496421,2023-10-15,organic,VIP,True
CST2595,Ijaya Sarin,tristanganguly@example.org,+910485662891,Hyderabad,Sikkim,538279,2026-05-08,organic,Premium,False
CST2596,Ikshita Pau,upasna05@example.net,+915830724961,Sambhal,Nagaland,323158,2023-09-06,organic,Regular,True
CST2597,Bhavna Tripathi,kiaan48@example.net,0361230627,Bhind,Karnataka,218615,2025-12-13,organic,Premium,True
CST2598,Nathan Khalsa,baljiwan64@example.org,+916451095186,Panihati,Bihar,454175,2024-03-09,paid_search,Regular,True
CST2599,Jhalak Choudhary,neelnarayanan@example.org,+914854719027,Mumbai,Tamil Nadu,337803,2025-11-01,social,Premium,True
CST2600,Rushil Kara,smandal@example.net,+913171606753,Bathinda,Assam,892544,2026-03-07,social,Regular,True
CST2601,Alexander Dara,jairaj15@example.net,4608438364,Siliguri,Uttar Pradesh,620208,2026-02-13,paid_search,Premium,False
CST2602,Harshil Sharaf,chakrabortyanya@example.org,0573514520,Kochi,Uttar Pradesh,297492,2025-07-05,paid_search,Regular,True
CST2603,Thomas Bir,rajanharshil@example.com,06506554759,Jhansi,Gujarat,513219,2024-08-06,social,Regular,True
CST2604,Balhaar Gaba,nagymichael@example.com,+911019956212,Shimla,Chhattisgarh,600342,2026-07-16,email,Regular,False
CST2605,Yauvani Goswami,ethan27@example.net,07303171058,Ichalkaranji,Rajasthan,369893,2025-11-29,referral,Regular,False
CST2606,Jagdish Sehgal,ebhatia@example.net,+916055836882,Shimla,Maharashtra,967241,2025-02-13,organic,Premium,True
CST2607,Aarav Parekh,daniraghav@example.org,+918819222209,Karaikudi,Andhra Pradesh,291421,2025-01-15,email,Premium,True
CST2608,Ranbir Bhat,pwason@example.net,+914818818056,Maheshtala,Assam,700357,2026-07-16,referral,Premium,True
CST2609,Yochana Chokshi,taraknair@example.com,+910365305834,Pali,Sikkim,964959,2025-05-29,referral,Premium,True
CST2610,Vritti Anne,hamsini29@example.org,+911759802629,Jalna,Himachal Pradesh,840087,2024-01-17,organic,Regular,True
CST2611,Thomas Nagarajan,udave@example.org,+911847274393,Serampore,Andhra Pradesh,679688,2023-10-18,organic,Regular,True
CST2612,Oscar Balakrishnan,stripathi@example.com,7495216705,Phusro,Manipur,933751,2024-07-14,paid_search,Regular,False
CST2613,Aarna Nadkarni,ymodi@example.org,02761139736,Cuttack,Arunachal Pradesh,966951,2024-09-03,email,Regular,True
CST2614,Aarav Gupta,vorajeevika@example.net,3026481168,Rajkot,Bihar,356158,2024-06-14,social,VIP,True
CST2615,Hamsini Sahni,advaith21@example.net,1838727045,Jabalpur,Gujarat,419434,2024-08-07,organic,VIP,True
CST2616,Ucchal Goel,aarnavjain@example.com,9734959998,Nagaon,Gujarat,063278,2026-01-11,referral,Premium,True
CST2617,Chaaya Garde,lramesh@example.org,00172733411,Vellore,Maharashtra,051471,2023-11-04,organic,VIP,False
CST2618,Raagini Nadig,tripathitejas@example.org,05155688828,North Dumdum,Chhattisgarh,441622,2024-04-29,paid_search,VIP,True
CST2619,Janaki Sanghvi,choudharyaryan@example.net,+915776909108,Ghaziabad,West Bengal,633143,2023-12-28,social,VIP,False
CST2620,Hritik Brar,damyantichaudry@example.com,+910662620489,Nangloi Jat,Meghalaya,164584,2026-02-08,social,Regular,True
CST2621,Darsh Gola,csangha@example.net,+914334440001,Baranagar,Madhya Pradesh,308621,2025-05-20,organic,Regular,False
CST2622,Chakradhar Seth,majumdararin@example.org,09694827721,Ramagundam,Andhra Pradesh,467093,2024-12-07,paid_search,Premium,True
CST2623,Vihaan Sarin,vedantsaran@example.com,+919200809786,Bidar,Meghalaya,653833,2025-04-12,organic,Premium,True
CST2624,Devansh Keer,balfariq@example.com,00080072806,Saharsa,Manipur,076504,2026-07-27,paid_search,VIP,True
CST2625,Udarsh Wadhwa,darsh48@example.org,+918026703956,Malda,Madhya Pradesh,616119,2025-10-14,referral,Premium,True
CST2626,Dominic Prasad,pgaba@example.com,1912511559,Ahmedabad,Sikkim,142493,2026-03-17,social,Regular,True
CST2627,Pallavi Saraf,neelgour@example.com,5903225707,Raipur,Himachal Pradesh,262976,2023-12-26,organic,Regular,True
CST2628,Osha Ram,vcontractor@example.com,+917625275656,Raichur,Mizoram,426890,2026-04-26,organic,Regular,True
CST2629,Varsha Chhabra,pillaimeghana@example.net,+919819176954,Srinagar,Manipur,358077,2023-12-10,email,VIP,True
CST2630,Unnati Edwin,ebajaj@example.org,+910535709430,Kollam,Nagaland,887372,2025-06-11,referral,VIP,True
CST2631,Zaitra Varma,abawa@example.com,2282494923,Kadapa,Bihar,517079,2023-11-27,referral,Premium,False
CST2632,Lekha Chaudry,sankardalaja@example.com,+919519524014,Kadapa,Haryana,827515,2026-07-18,email,Premium,True
CST2633,Krishna Varghese,vaidyachameli@example.org,+914806957152,Pune,Karnataka,223739,2025-06-04,referral,Premium,True
CST2634,Dhruv Talwar,purohitsimon@example.com,03582175784,Bikaner,Uttar Pradesh,748323,2024-03-26,paid_search,Premium,True
CST2635,Hemangini Manda,manbir59@example.com,3652199296,Anand,Uttarakhand,280365,2025-08-12,social,VIP,True
CST2636,Warinder Sethi,jagatbarad@example.org,4261316225,Amravati,Jharkhand,893474,2025-05-17,paid_search,Regular,True
CST2637,Yuvraj Chaudhry,rdhillon@example.org,+912110998529,Ongole,Arunachal Pradesh,888295,2025-11-12,social,VIP,True
CST2638,Rishi Sen,maharajharrison@example.net,+915953204216,Anantapuram,Haryana,004636,2025-10-09,email,Premium,True
CST2639,Vinaya Mukherjee,regeqabil@example.net,+918145929999,Erode,West Bengal,140615,2026-08-06,organic,Regular,False
CST2640,Jai Atwal,brindadevi@example.com,+916906977055,Noida,Tamil Nadu,182905,2025-08-15,referral,Premium,False
CST2641,Qushi Sarraf,upanchal@example.com,08948767257,Tadipatri,Telangana,755173,2025-11-07,social,Regular,True
CST2642,Utkarsh Ratta,xiti03@example.com,7160528991,Jabalpur,Haryana,590552,2026-03-03,referral,Premium,True
CST2643,Ucchal Pandey,kevinaurora@example.net,09168499749,Malegaon,Manipur,837717,2025-07-06,email,Premium,True
CST2644,Chaitaly Kapoor,andrew41@example.com,00747887169,Durg,Meghalaya,269564,2025-07-09,paid_search,VIP,False
CST2645,Anmol Baria,ydugar@example.com,+916507226013,Adoni,Himachal Pradesh,726506,2023-09-02,organic,VIP,False
CST2646,Nihal Narang,oshababu@example.org,7590980270,Panihati,Haryana,816318,2024-10-26,referral,VIP,True
CST2647,Urvashi Sane,deviharinakshi@example.org,+919981496552,Nizamabad,Telangana,322678,2026-03-21,paid_search,Regular,True
CST2648,Gayathri Prakash,jonathan16@example.com,+919449294862,Tinsukia,Gujarat,075207,2025-07-29,paid_search,VIP,True
CST2649,Saumya Verma,tgoyal@example.com,09621705566,New Delhi,Uttarakhand,744439,2024-05-04,organic,Regular,True
CST2650,Upma Uppal,urmishanker@example.org,6833229156,Bhind,Uttar Pradesh,462394,2023-12-17,email,VIP,False
CST2651,Arjun Iyengar,sachdevridhi@example.net,+910229591102,Nizamabad,Nagaland,659863,2026-07-07,social,Regular,True
CST2652,Shaurya Bedi,sneha87@example.net,4336884759,Sonipat,Sikkim,827247,2024-11-08,paid_search,Premium,True
CST2653,Nidra Shenoy,tristan93@example.org,0572202258,North Dumdum,Rajasthan,352116,2023-08-28,paid_search,Premium,True
CST2654,Lopa Venkataraman,zaid04@example.com,09950215250,Ujjain,Mizoram,150119,2026-06-24,social,VIP,True
CST2655,Idika Bhandari,pallameghana@example.org,02422843526,Shivpuri,Uttarakhand,062026,2025-03-17,social,Premium,True
CST2656,Ayush Kannan,nandinivala@example.com,1932777197,Alappuzha,Telangana,607473,2025-06-04,organic,Regular,False
CST2657,Jagvi Batra,usolanki@example.com,03201059594,Avadi,Haryana,277491,2024-10-05,paid_search,Premium,True
CST2658,Fitan Taneja,chasmumsarma@example.com,2323919730,Shimla,Gujarat,071980,2024-12-17,paid_search,Regular,False
CST2659,Ridhi Bera,jaisami@example.com,06129636893,Faridabad,Punjab,457521,2025-11-17,social,Regular,False
CST2660,Onveer Dey,adwetachaudhry@example.com,09802702885,Munger,Andhra Pradesh,948889,2025-12-01,social,Regular,True
CST2661,Devansh Lala,gramakrishnan@example.org,+919719263272,Amaravati,Karnataka,115444,2025-07-31,organic,VIP,True
CST2662,Anvi Seshadri,singhalsanaya@example.com,5004675641,Eluru,Mizoram,419962,2024-04-05,email,VIP,True
CST2663,Samar Mittal,jagrati06@example.org,+914567256421,Imphal,Maharashtra,962433,2023-10-10,organic,Regular,True
CST2664,Kavya Dhillon,keerzaid@example.net,3792571155,Gurgaon,Tamil Nadu,465056,2024-04-02,email,Premium,True
CST2665,Jai Bali,zehaannair@example.com,6952047326,Ballia,Telangana,231775,2026-07-04,organic,VIP,True
CST2666,Bhavya Srinivas,praneelraghavan@example.org,01297607547,Gorakhpur,Karnataka,433519,2026-03-09,social,Premium,True
CST2667,Jagat Garg,dayamai04@example.net,3590716626,Ballia,Meghalaya,549165,2026-04-18,social,VIP,True
CST2668,Krisha Bhasin,ymangal@example.net,0725423455,Mahbubnagar,Chhattisgarh,381819,2026-07-05,social,Regular,True
CST2669,Tanish Sabharwal,dmitra@example.com,00452973173,Siliguri,Tamil Nadu,372808,2025-04-30,email,VIP,True
CST2670,Madhav Trivedi,zdhar@example.com,+918926814252,Nizamabad,Uttar Pradesh,900298,2024-07-27,referral,Premium,True
CST2671,Anusha Kar,qarinperi@example.org,2481511721,Thanjavur,Bihar,277348,2024-01-09,paid_search,VIP,True
CST2672,Chandran Bhalla,aryasawhney@example.net,0388084340,Varanasi,Telangana,749428,2024-10-26,paid_search,Regular,True
CST2673,Chanchal Shukla,urmiwali@example.org,01178947411,Alappuzha,Gujarat,432988,2025-01-31,organic,VIP,False
CST2674,Fiyaz Chauhan,sastryguneet@example.org,3657733485,Kakinada,Rajasthan,894079,2026-07-12,organic,VIP,True
CST2675,Omaja Ganguly,advaith85@example.org,+918792059360,Dibrugarh,Rajasthan,811846,2024-03-19,email,Premium,True
CST2676,Watika Dhawan,kariandrew@example.com,2360581793,Nandyal,Goa,228269,2025-06-04,social,VIP,False
CST2677,Varsha Luthra,bhavinipingle@example.com,+917314144472,Berhampore,Telangana,360420,2024-02-15,referral,Premium,False
CST2678,Sanaya Pai,gaurikasanghvi@example.net,08427415970,Meerut,Kerala,327041,2025-03-03,paid_search,Regular,True
CST2679,Januja Narasimhan,hparmer@example.net,+916995134410,Amritsar,Rajasthan,659336,2025-01-11,paid_search,VIP,True
CST2680,Vasana Raghavan,vihaan33@example.com,04821415290,Ramgarh,Telangana,622008,2024-03-13,organic,Regular,False
CST2681,Jonathan Hora,nray@example.org,+918092051240,Ahmedabad,Himachal Pradesh,906076,2023-11-17,email,Premium,True
CST2682,Geetika Rastogi,rnadkarni@example.com,0349721957,Dehradun,Gujarat,224489,2025-07-29,referral,Regular,True
CST2683,Bachittar Shah,udarshnarasimhan@example.com,06530744246,Bidhannagar,Jharkhand,063842,2024-06-27,email,Regular,True
CST2684,Vyanjana Kamdar,ctaneja@example.com,03599133644,Mangalore,Uttarakhand,129198,2023-12-08,paid_search,Regular,False
CST2685,Dakshesh Wadhwa,triyajani@example.com,+914175637392,Panihati,Madhya Pradesh,730433,2025-05-21,organic,Regular,True
CST2686,Yug Keer,pandyaayush@example.com,4965183261,Giridih,Uttarakhand,358291,2024-06-13,email,Regular,True
CST2687,Dakshesh Nagar,brinda64@example.com,+915215372545,Jorhat,Meghalaya,227540,2024-07-15,email,VIP,False
CST2688,Keya Dass,harishchaudhari@example.com,+915753915494,Serampore,Karnataka,559701,2024-12-12,email,Premium,True
CST2689,Jackson Mani,yuvraj61@example.com,+918880280439,Tenali,Uttar Pradesh,757671,2026-01-29,social,Regular,True
CST2690,Avni Gola,regeoeshi@example.org,06784130195,Hapur,Haryana,344949,2023-10-31,organic,VIP,False
CST2691,Saksham Raval,baralfaras@example.net,+919203898339,Tumkur,West Bengal,583579,2024-12-05,email,Premium,True
CST2692,Vasana Dhawan,osangha@example.com,02568540645,Bellary,Rajasthan,706634,2026-03-04,email,VIP,True
CST2693,Nachiket Raman,karan67@example.org,8248923246,Jabalpur,Assam,494551,2025-03-02,referral,VIP,True
CST2694,Anita Padmanabhan,abhavsar@example.net,8249096397,Ajmer,Rajasthan,192685,2024-03-29,paid_search,Premium,True
CST2695,Timothy Wable,rattiinaya@example.org,5390369843,Bhilai,Andhra Pradesh,725693,2023-12-09,organic,Premium,True
CST2696,Jai Bhandari,ghosedavid@example.com,05271559078,Ozhukarai,Gujarat,276440,2025-06-03,organic,Regular,True
CST2697,Ansh Madan,ranveer90@example.com,04986755153,Sambhal,Assam,721876,2025-06-17,paid_search,Premium,True
CST2698,Sathvik Roy,varshaprabhakar@example.com,1483599598,Orai,Odisha,641910,2024-06-27,paid_search,VIP,True
CST2699,Jhalak Ranganathan,msuri@example.org,6084395589,Thane,Rajasthan,190122,2024-05-05,referral,VIP,False
CST2700,Rehaan Pall,kamala55@example.com,+919936597233,Pali,Nagaland,253721,2025-02-10,organic,VIP,True
CST2701,Samarth Prakash,choprabimala@example.net,09653540592,Bhimavaram,Bihar,812644,2024-03-17,referral,Regular,False
CST2702,Rajata Dubey,pandeypatrick@example.net,03726561181,Bilaspur,Madhya Pradesh,999476,2023-11-29,organic,VIP,False
CST2703,Darpan Savant,kashvi70@example.com,04387739882,Hazaribagh,Bihar,273049,2025-02-26,social,Premium,True
CST2704,Lajita Parikh,samesh94@example.net,8327096794,Tezpur,Arunachal Pradesh,504572,2025-09-14,social,Regular,True
CST2705,David Sawhney,pmane@example.net,1500389539,Kishanganj,Tripura,285023,2024-11-26,organic,VIP,True
CST2706,Laban Loke,pahal50@example.net,+916027820102,Dibrugarh,Meghalaya,250538,2024-09-24,paid_search,Premium,True
CST2707,Rishi Hari,karanudarsh@example.net,+911819168938,Ghaziabad,Maharashtra,745851,2025-11-24,referral,VIP,False
CST2708,Chasmum Walia,diya46@example.com,2249742093,Ambala,Arunachal Pradesh,510944,2023-12-05,social,Premium,True
CST2709,Nirja Dara,takwatika@example.org,+917852316210,Mysore,Mizoram,642707,2024-04-09,email,Regular,True
CST2710,Shaurya Varma,jonathan41@example.org,02850911996,Nagaon,Goa,279637,2024-12-15,referral,Premium,True
CST2711,Owen Sahni,ubikabajwa@example.com,+917590759905,Bardhaman,Rajasthan,529536,2024-10-27,social,Regular,True
CST2712,Kalpit Thaman,logan00@example.com,5501608506,Thane,Telangana,432590,2024-02-10,email,Premium,False
CST2713,Balendra Prakash,waidapau@example.com,02807063649,Tirunelveli,Madhya Pradesh,530118,2024-07-14,paid_search,VIP,True
CST2714,Kashvi Choudhry,ychacko@example.org,4518784792,Bongaigaon,Madhya Pradesh,394659,2026-04-01,organic,VIP,True
CST2715,Oeshi Tiwari,maanasvenkataraman@example.com,+912703630850,Agra,Gujarat,216772,2025-06-11,email,VIP,True
CST2716,Faris Shenoy,naksh22@example.net,07518546817,Gandhidham,Punjab,414181,2024-12-21,social,Premium,True
CST2717,Pooja Dass,mahajanadvik@example.org,4884713850,Jammu,Assam,324648,2025-10-06,email,Premium,False
CST2718,Isaac Ahluwalia,zparekh@example.org,+912428154868,Gandhinagar,Bihar,195922,2024-05-16,organic,Regular,True
CST2719,Vyanjana Pandey,ijaya11@example.org,8732014697,Guwahati,Meghalaya,075726,2025-09-28,organic,Premium,True
CST2720,Chasmum Goyal,gauravkoshy@example.net,7881612311,Narasaraopet,Karnataka,893320,2025-09-15,organic,Premium,True
CST2721,Pranit Warrior,divya14@example.com,2176525470,Faridabad,Maharashtra,434324,2025-01-31,social,VIP,True
CST2722,Jairaj Prakash,ekanshchoudhary@example.com,+915104355097,Jaunpur,Telangana,576845,2026-04-11,organic,VIP,True
CST2723,Tarak Sem,dhingramadhav@example.com,4025108250,Kharagpur,Nagaland,020334,2025-07-21,organic,Premium,True
CST2724,Bahadurjit Raj,ravalindali@example.net,0735588193,Ajmer,Uttarakhand,808304,2025-12-17,email,Premium,True
CST2725,Mekhala Lal,sundaramvarenya@example.net,6868009075,Dibrugarh,Karnataka,828480,2026-04-17,organic,Premium,True
CST2726,Hemal Jha,qratti@example.org,8746759669,Morena,Tamil Nadu,503049,2025-06-28,organic,VIP,False
CST2727,Warhi Oak,bgade@example.org,4597035335,Panihati,Meghalaya,729657,2023-11-09,social,VIP,True
CST2728,Mason Sachar,thakkarrachita@example.org,02080534261,Solapur,Assam,944396,2023-10-12,email,Premium,True
CST2729,Chanchal Sarraf,watika00@example.net,+919009704639,Udaipur,Rajasthan,675765,2024-05-16,paid_search,Regular,True
CST2730,Amruta Bansal,cnath@example.org,06894189806,Chapra,Assam,599485,2024-10-03,paid_search,Regular,False
CST2731,Inaya Kari,chawlasimon@example.org,01533564054,Bharatpur,West Bengal,253241,2025-09-02,email,VIP,False
CST2732,Tristan Dave,beraria@example.org,6317931012,Buxar,Odisha,110488,2026-01-11,organic,Regular,True
CST2733,Manbir Grewal,ojassheth@example.net,02752892715,Mira-Bhayandar,Bihar,969085,2026-01-16,email,Premium,True
CST2734,Aarini Gandhi,yganguly@example.org,3760545720,Chittoor,Maharashtra,779441,2023-12-14,paid_search,Premium,True
CST2735,Nachiket Rajan,sbalakrishnan@example.org,07181473737,Kota,Andhra Pradesh,706598,2025-12-29,paid_search,Premium,True
CST2736,Tanveer Taneja,pranitnazareth@example.net,2740866636,Madhyamgram,Andhra Pradesh,594405,2026-07-11,organic,VIP,True
CST2737,Orinder Soni,arunima25@example.net,04421198052,Pimpri-Chinchwad,Haryana,339102,2023-09-26,referral,Premium,False
CST2738,Harsh Chakrabarti,harini97@example.org,05791809581,Bathinda,Kerala,981292,2025-03-07,referral,Premium,True
CST2739,Ridhi Sharaf,samesh54@example.com,3325396391,Malda,Mizoram,405261,2025-09-03,paid_search,Premium,True
CST2740,Udant Guha,vbala@example.org,02758899455,Bellary,Arunachal Pradesh,881899,2023-09-24,paid_search,Premium,False
CST2741,Vihaan Sood,zratta@example.net,05499191414,Gulbarga,Arunachal Pradesh,524383,2024-04-06,paid_search,VIP,False
CST2742,Elijah Gala,shenoyalka@example.com,03513212724,Tiruchirappalli,Chhattisgarh,812431,2025-07-09,referral,VIP,False
CST2743,Logan Shanker,bimala56@example.net,+910556667687,Gulbarga,Gujarat,958217,2025-03-30,organic,VIP,True
CST2744,Chanchal Kant,fbobal@example.org,3210270657,Pune,Uttar Pradesh,055437,2024-03-27,referral,VIP,True
CST2745,Warhi Chander,sibaltheodore@example.com,+919143305419,Gurgaon,Odisha,739140,2026-04-18,paid_search,Premium,True
CST2746,Shaurya Kota,ekani32@example.net,+916480005396,Tinsukia,Haryana,221635,2024-02-03,paid_search,Premium,True
CST2747,Kala Menon,mitaliranganathan@example.net,2170792329,Bettiah,Sikkim,959593,2024-12-24,paid_search,VIP,False
CST2748,Jasmit Sethi,sahachaitanya@example.net,+911038966097,Kochi,Sikkim,005636,2024-08-28,paid_search,Premium,True
CST2749,Radha Kothari,bhagatxalak@example.com,+914736898441,Ratlam,Rajasthan,345217,2023-11-27,referral,VIP,True
CST2750,Theodore Palan,daksha25@example.net,5745032592,Ramgarh,Andhra Pradesh,031858,2025-06-07,referral,Premium,True
CST2751,Upasna Bandi,vaishnavidara@example.net,9128912436,Mathura,Jharkhand,705443,2024-06-29,organic,Premium,True
CST2752,Hritik Mohan,bhaviniperi@example.net,+914992281605,Salem,Punjab,851800,2025-08-12,email,Premium,False
CST2753,Priya Gopal,thakurnimrat@example.net,+915571033960,Katihar,Sikkim,341148,2026-01-08,email,Premium,True
CST2754,Thomas Madan,chatura72@example.org,+911375977501,Thane,Uttarakhand,522084,2024-11-11,organic,Premium,False
CST2755,Lipika Nazareth,nihalraval@example.org,3863359957,Haldia,Gujarat,806782,2026-01-14,organic,Regular,True
CST2756,Devika Goswami,anjali11@example.com,7305339727,Siliguri,Andhra Pradesh,117759,2023-09-05,organic,Regular,False
CST2757,Chatresh Soni,lraj@example.com,+910039526158,Aurangabad,Haryana,199283,2026-05-25,referral,Regular,True
CST2758,Chameli Vaidya,aroraaarav@example.com,09216903741,Pallavaram,Sikkim,107777,2026-07-02,organic,VIP,True
CST2759,Yochana Rai,hguha@example.net,+917081221993,Sasaram,Telangana,457851,2026-02-24,paid_search,Premium,True
CST2760,Inaya Mitra,anamikabalay@example.org,04209735556,Sambalpur,Maharashtra,941939,2025-04-17,email,Regular,False
CST2761,Zarna Basu,diya19@example.org,00535297088,Bangalore,Maharashtra,041744,2024-04-05,email,VIP,False
CST2762,Rajeshri Dubey,khalsabarkha@example.net,+918326982485,Dhule,Uttarakhand,411991,2026-03-22,organic,Premium,True
CST2763,Rudra Sunder,shettyharsh@example.net,6997537214,Deoghar,Bihar,420375,2025-01-17,organic,VIP,True
CST2764,Yuvraj Mahal,michaeljohal@example.org,+914230679585,Sikar,Rajasthan,651992,2024-09-27,social,Regular,True
CST2765,Zehaan Mahal,upasnagole@example.com,02921165166,Tenali,Sikkim,900001,2025-12-11,organic,VIP,True
CST2766,Hemang Walla,daniel75@example.com,07109814125,Tirunelveli,Bihar,865393,2025-02-03,email,Regular,True
CST2767,Tanay Dalal,ekapadperi@example.org,07207261327,Suryapet,Assam,570130,2026-03-17,paid_search,VIP,True
CST2768,Balhaar Tak,widishavig@example.org,0628617135,Mumbai,Himachal Pradesh,444322,2025-07-09,organic,Premium,True
CST2769,Qushi Bumb,amody@example.org,+917941052112,Jabalpur,Odisha,800721,2025-03-10,social,Premium,True
CST2770,Vasudha Oak,nitaradara@example.org,1680240761,Pune,Goa,400452,2026-07-07,email,Regular,True
CST2771,Anita Singh,edhithachowdhury@example.com,+918182931256,Vadodara,Jharkhand,716605,2024-08-23,organic,Premium,True
CST2772,Rudra Barad,sarinchandresh@example.com,1606649372,Nizamabad,Kerala,626072,2024-05-20,paid_search,Regular,True
CST2773,Vansha Aurora,diyabehl@example.com,0576276913,Ujjain,Nagaland,994327,2025-11-25,paid_search,Regular,True
CST2774,Anvi Sura,ibrahmbhatt@example.com,5332215108,Sambhal,Chhattisgarh,267229,2026-07-28,email,VIP,False
CST2775,Pushti Srinivas,ylad@example.net,+917068129230,Bangalore,Haryana,927637,2025-02-04,email,Regular,False
CST2776,Lila Verma,nayartanveer@example.org,+910124940733,Hazaribagh,Uttarakhand,229473,2024-11-27,referral,Premium,True
CST2777,Varsha Agate,reddyliam@example.net,5453672008,Siwan,Telangana,573730,2024-12-19,email,Premium,False
CST2778,Avni Sarraf,vorarayaan@example.net,05176733373,Nadiad,Nagaland,430159,2025-12-04,social,Regular,True
CST2779,Omkaar Boase,rbahl@example.org,03234402139,Suryapet,Odisha,758374,2024-01-25,paid_search,Regular,True
CST2780,Oliver Kadakia,kiaan64@example.net,+910107664312,Khora ,Sikkim,023134,2025-12-19,paid_search,Regular,True
CST2781,Nidra Dass,chatresh59@example.org,0538059519,Narasaraopet,Uttar Pradesh,352350,2024-11-22,paid_search,Regular,True
CST2782,Bhavini Kulkarni,ganga31@example.org,+919735197992,Anantapuram,Haryana,711614,2024-02-03,referral,VIP,True
CST2783,Shravya Arya,hdara@example.com,5072342188,Dehri,Goa,404606,2024-08-14,email,Regular,False
CST2784,Janya Dhingra,cmunshi@example.net,07946260796,Nizamabad,Meghalaya,120672,2026-02-21,paid_search,Regular,False
CST2785,Hardik Badal,varghesemohini@example.org,09179307393,Alwar,Punjab,851526,2026-03-04,referral,Regular,True
CST2786,Maanas Khatri,obalay@example.com,+917399274334,Eluru,Gujarat,608154,2026-03-11,referral,Premium,True
CST2787,Warhi Bawa,nachiketkala@example.org,+916362296642,Bihar Sharif,Mizoram,698529,2024-09-12,email,Regular,True
CST2788,Jackson Pandit,sahahredhaan@example.com,06046696938,Nadiad,Gujarat,367823,2026-05-03,referral,Regular,False
CST2789,Sanaya Vala,henrynaidu@example.net,5032966195,Korba,Madhya Pradesh,968934,2024-04-21,organic,Premium,False
CST2790,Neelima More,fiyazdewan@example.net,+913319434364,Panvel,Uttar Pradesh,523781,2024-08-01,paid_search,VIP,True
CST2791,Bahadurjit Patla,aarnavsidhu@example.net,02470832264,Bhavnagar,Uttar Pradesh,767239,2024-07-25,email,VIP,True
CST2792,Vrishti Kapur,darawahab@example.org,8743170171,Jehanabad,Mizoram,737645,2024-07-21,organic,Premium,True
CST2793,Anvi Ravi,fkeer@example.org,03588306886,Jhansi,Tripura,172276,2024-08-22,organic,Regular,True
CST2794,Rishi Maharaj,nikitapanchal@example.net,1986523783,Khora ,Tamil Nadu,687424,2024-11-12,paid_search,VIP,False
CST2795,Leena Pandey,anushamodi@example.net,8714174522,Chittoor,Mizoram,441063,2024-12-23,social,Premium,True
CST2796,Mahika Dash,swaminathanvedant@example.com,09536313883,Sasaram,Rajasthan,185756,2026-07-06,paid_search,Regular,False
CST2797,Chaman Parmar,laksh16@example.org,05474048106,Chandigarh,Kerala,866343,2023-12-12,paid_search,Premium,False
CST2798,Yagnesh Patil,xalakraman@example.com,7679726770,Sultan Pur Majra,Manipur,044462,2025-09-11,email,Premium,True
CST2799,Urmi Memon,deshmukhniharika@example.org,04380676312,Bareilly,Goa,120154,2024-09-30,organic,Regular,False
CST2800,Rishi Kara,kalabains@example.com,6183767207,Aurangabad,Karnataka,855744,2023-10-08,email,VIP,True
CST2801,Jacob Karan,murthythomas@example.org,03891567143,Adoni,Maharashtra,032555,2026-06-14,email,VIP,True
CST2802,Umang Dhar,wahabborde@example.com,05572999740,Vadodara,Nagaland,401711,2026-06-25,paid_search,Premium,True
CST2803,Ladli Vasa,ugopal@example.com,08586090535,Mehsana,Haryana,685706,2025-09-13,email,VIP,False
CST2804,Anamika Tata,dsridhar@example.org,2141105125,Sirsa,Uttarakhand,994867,2025-02-13,social,Premium,False
CST2805,Gabriel Bahri,biswashamsini@example.net,5317216805,Hapur,Karnataka,754564,2026-01-16,email,Regular,False
CST2806,Unni Boase,nathanika@example.net,9258700914,Bhiwandi,Jharkhand,650248,2024-04-16,social,VIP,True
CST2807,Anirudh Nagar,abrahmbhatt@example.net,2093172707,Junagadh,Odisha,700725,2025-11-06,paid_search,Regular,False
CST2808,Shravya Manne,sachi58@example.com,08744345068,Warangal,Bihar,171305,2025-12-10,social,Premium,True
CST2809,Shivansh Kala,bediurvi@example.org,+912905967925,Jamshedpur,Karnataka,110270,2024-05-01,paid_search,Regular,True
CST2810,Nimrat Deshmukh,cbabu@example.com,+914400915501,Kalyan-Dombivli,Karnataka,015287,2024-01-04,paid_search,Regular,True
CST2811,Geetika Deep,hmitra@example.com,+916165740312,Haldia,Tamil Nadu,190832,2026-02-12,social,VIP,False
CST2812,Kashvi Viswanathan,tmallick@example.net,5197751769,Hajipur,Arunachal Pradesh,770779,2023-11-30,organic,Premium,True
CST2813,Ojas Wable,nshah@example.net,3783731771,Howrah,Gujarat,158437,2024-04-03,email,Premium,True
CST2814,Yatin Narayan,williambhargava@example.net,+913386579734,Jehanabad,Gujarat,108398,2023-11-03,email,Premium,True
CST2815,Amol Mitter,sarthakrandhawa@example.org,+919731817787,Kolkata,Uttarakhand,472978,2024-07-06,social,VIP,True
CST2816,Ekapad Bhandari,ybajaj@example.net,5066157679,Vellore,Jharkhand,249039,2025-04-11,paid_search,VIP,True
CST2817,Wazir Kuruvilla,anamika32@example.net,6886295181,Malegaon,Madhya Pradesh,078966,2026-07-31,referral,VIP,True
CST2818,Rishi Iyer,ekanta53@example.org,07493447417,Panipat,Rajasthan,895789,2024-06-14,paid_search,Premium,True
CST2819,Samaksh Shroff,padmanabhanzayyan@example.com,+910332122858,Nanded,Kerala,466227,2025-10-01,organic,Regular,True
CST2820,Samarth Kadakia,anya57@example.net,01744089146,Gangtok,Odisha,972464,2024-06-11,referral,Regular,True
CST2821,Ranveer Tailor,berashivansh@example.net,2721529841,Deoghar,Punjab,450100,2025-06-30,referral,Regular,False
CST2822,Vedika Bala,mchoudhry@example.org,07588574912,Kolkata,West Bengal,800673,2026-04-04,email,Premium,True
CST2823,Chatura Dutt,xalakwalia@example.org,+912140340378,Imphal,Assam,985500,2023-09-07,referral,Premium,True
CST2824,Nakul Kara,zarna63@example.net,07561495155,Thanjavur,Rajasthan,890583,2024-01-07,email,Premium,True
CST2825,Priya Kunda,chasmumkuruvilla@example.net,9681480839,Mau,Manipur,850055,2023-09-04,organic,Premium,True
CST2826,Rayaan Jha,wkala@example.net,+915809558372,Guna,Arunachal Pradesh,761589,2025-12-16,email,VIP,True
CST2827,Riya Kari,tristan76@example.org,03350074373,Mirzapur,Haryana,781513,2026-01-03,referral,Regular,False
CST2828,Qadim Sen,ttalwar@example.com,+916086406400,Kochi,Assam,643838,2026-07-23,organic,VIP,True
CST2829,Elijah Mandal,akakar@example.net,8523314836,Coimbatore,West Bengal,251926,2023-12-20,referral,Regular,True
CST2830,Dominic Batta,mmohanty@example.net,+910334443740,Udupi,Odisha,993925,2025-02-26,paid_search,Regular,True
CST2831,Jagat Chhabra,singhalzarna@example.net,5983762140,Guna,Mizoram,279075,2024-07-03,social,Regular,True
CST2832,Forum Rau,bhattwazir@example.com,00289856026,Jaunpur,Uttarakhand,148425,2024-06-06,social,Premium,True
CST2833,Sai Bora,qgera@example.net,1439621981,Vadodara,Gujarat,811937,2026-01-15,organic,VIP,True
CST2834,Unni Bhatia,amallick@example.net,04437545435,Satna,Kerala,309343,2025-03-26,email,Premium,False
CST2835,Qarin Pillay,dhritibhandari@example.com,+911851950193,Solapur,Madhya Pradesh,341040,2025-05-18,organic,Premium,False
CST2836,Saanvi Wable,agastya09@example.com,07974587228,Katihar,Haryana,868290,2024-06-13,social,Regular,True
CST2837,Chakradev Walia,agera@example.com,+917380723583,Bhusawal,Haryana,837443,2024-08-30,paid_search,Premium,True
CST2838,Zarna Varty,warhiissac@example.org,0751504741,Alappuzha,Odisha,940704,2024-08-23,organic,Premium,False
CST2839,Upma Saxena,solankidayita@example.net,02834947800,Chinsurah,Uttar Pradesh,265568,2025-10-05,referral,Regular,True
CST2840,Anya Khosla,vihaandoshi@example.org,03635420602,Kulti,Rajasthan,078096,2025-09-07,email,Premium,True
CST2841,Harini Batta,hayerisaiah@example.org,8259770098,Ratlam,Telangana,057297,2024-04-13,organic,Premium,True
CST2842,Chaitanya Dhaliwal,tanish52@example.com,2754289848,Eluru,Rajasthan,770048,2024-08-08,paid_search,VIP,True
CST2843,Yahvi Ramesh,mallxalak@example.org,1741038044,Thane,Tripura,120549,2023-08-28,email,Premium,True
CST2844,Vihaan Sabharwal,deolwahab@example.net,2613895961,Munger,Telangana,646343,2025-05-15,email,VIP,True
CST2845,Eta Sant,dhartristan@example.net,+917555351842,Agartala,West Bengal,484244,2025-01-09,organic,Regular,False
CST2846,Nitesh Dugar,ksangha@example.com,08144926618,Bangalore,Gujarat,197296,2024-01-12,email,Regular,True
CST2847,Jai Apte,obobal@example.org,09313529267,Bellary,Mizoram,293406,2023-09-12,email,Premium,False
CST2848,Tara Naidu,chakradhar26@example.net,6007768328,Delhi,Meghalaya,658073,2024-04-09,paid_search,VIP,True
CST2849,Ekani Krish,manya00@example.com,+913694963863,Lucknow,Rajasthan,057069,2024-12-02,referral,Regular,True
CST2850,Ekansh Naidu,bkothari@example.com,02981984637,Tiruchirappalli,Assam,737243,2024-06-07,paid_search,VIP,True
CST2851,Baljiwan Goyal,labankale@example.net,+913106383988,Varanasi,Assam,989652,2024-07-14,paid_search,Regular,False
CST2852,Zaitra Brahmbhatt,bimala14@example.net,01319786173,Bhimavaram,Andhra Pradesh,983863,2023-11-02,referral,VIP,True
CST2853,Wazir Dave,yagnesh57@example.com,03780394400,Bilaspur,Maharashtra,523136,2024-08-14,email,Premium,False
CST2854,Tanmayi Natarajan,ideol@example.net,0252967456,Amritsar,Haryana,673959,2026-07-26,referral,Premium,False
CST2855,Ekapad Munshi,horavasudha@example.net,08205916283,Pimpri-Chinchwad,Rajasthan,615418,2026-03-27,referral,VIP,True
CST2856,Peter Pall,anitabrar@example.org,+912176481598,Nellore,Uttar Pradesh,906686,2024-11-25,social,VIP,True
CST2857,Nathaniel Mahal,natarajanaarush@example.com,4317351527,Satara,Karnataka,081179,2024-02-08,organic,VIP,False
CST2858,Om Vohra,nihalmutti@example.net,00114226118,Bellary,Chhattisgarh,400472,2026-04-30,paid_search,Premium,True
CST2859,Andrew Patil,wallayochana@example.org,09992711780,Bijapur,Jharkhand,057334,2025-03-04,email,Regular,True
CST2860,Bhavini Tailor,yagnesh79@example.com,06024802705,Siwan,Sikkim,998943,2025-12-28,email,VIP,False
CST2861,Eesha Srinivas,avidivan@example.net,+917099897668,Thiruvananthapuram,Gujarat,483538,2024-07-25,referral,Regular,True
CST2862,Ryan Chawla,ezacharia@example.org,9460218003,Muzaffarpur,Arunachal Pradesh,504222,2025-12-31,paid_search,Regular,True
CST2863,Teerth Nagy,rachit74@example.net,00547949184,Amroha,Karnataka,734793,2024-07-22,paid_search,Premium,False
CST2864,Yashoda Rege,pchoudhry@example.org,6986238216,Aligarh,Maharashtra,319091,2024-05-17,social,VIP,True
CST2865,Zarna Narayan,orinder69@example.net,+911135258531,Bhalswa Jahangir Pur,Arunachal Pradesh,679339,2024-12-03,referral,VIP,True
CST2866,Omkaar Chandran,janaki28@example.com,4974631028,Bokaro,Uttarakhand,406996,2026-02-27,referral,Regular,True
CST2867,Andrew Cheema,chaitanya54@example.net,+916274974674,Nagercoil,Chhattisgarh,267328,2023-09-15,email,VIP,True
CST2868,Barkha Sanghvi,kakarhemang@example.com,00445721815,Chinsurah,Gujarat,369048,2026-04-27,email,VIP,False
CST2869,Ati Arora,ekajatiwari@example.org,+910527612458,Shimla,Haryana,908597,2026-01-16,email,Premium,True
CST2870,Chanakya Balasubramanian,diyadutta@example.net,04921022709,Bhiwani,Maharashtra,332399,2024-07-19,organic,Premium,True
CST2871,Kashish Parmar,magaridika@example.com,05798985150,Chinsurah,Meghalaya,991237,2026-02-03,email,Premium,True
CST2872,Akshay Nath,neelimayogi@example.org,7533069294,Rourkela,Nagaland,388719,2025-07-26,organic,VIP,True
CST2873,Bhavna Sankar,mitraeta@example.org,00473982243,Parbhani,Bihar,293198,2024-11-23,social,Premium,True
CST2874,Vasudha Lanka,ekani33@example.org,02544673071,Giridih,Meghalaya,352113,2025-06-02,social,Regular,True
CST2875,Aarini Contractor,mason49@example.net,+910336187323,Muzaffarnagar,Nagaland,121183,2026-06-07,email,VIP,True
CST2876,Brijesh Goyal,chackowakeeta@example.net,+913299099798,Purnia,Telangana,810026,2023-10-19,email,Regular,True
CST2877,Mahika Dutta,anika44@example.net,01005705712,Anantapur,Mizoram,962400,2026-03-15,organic,Premium,True
CST2878,Netra Murthy,galasara@example.net,05637478550,Jamnagar,Andhra Pradesh,150549,2025-06-09,social,VIP,True
CST2879,Chaitaly Banerjee,cpant@example.net,+919219383717,Mumbai,Arunachal Pradesh,297108,2024-05-13,social,Premium,False
CST2880,Simon Varghese,palllopa@example.net,+912026578974,Amritsar,Himachal Pradesh,430520,2024-06-22,social,Regular,True
CST2881,Reyansh Om,varshakhare@example.org,+914215738324,Dehradun,Kerala,242889,2025-04-11,email,Premium,False
CST2882,Chandani Rastogi,ishanivarkey@example.org,+910152288654,Ramgarh,Arunachal Pradesh,411662,2025-04-25,referral,VIP,True
CST2883,Charvi Chopra,hayerzarna@example.net,4354159965,Faridabad,Punjab,866648,2026-04-27,email,Regular,True
CST2884,Vedika Jhaveri,ayush33@example.org,01209527166,Patiala,Punjab,988855,2024-04-11,referral,Premium,True
CST2885,Damini Dave,chanderlila@example.com,03057549279,Panchkula,Rajasthan,460022,2025-02-22,email,Premium,False
CST2886,Harshil Dave,ytandon@example.net,3788014634,Loni,West Bengal,912272,2023-09-08,social,Premium,True
CST2887,Alexander Krish,ishanvidayal@example.com,+915907635127,Salem,Rajasthan,020108,2026-07-26,organic,VIP,True
CST2888,Saumya Vasa,bordesiya@example.net,04054801068,Sri Ganganagar,Nagaland,779265,2025-08-18,paid_search,Regular,True
CST2889,Luke Zachariah,xchowdhury@example.net,06689968121,Dhanbad,Karnataka,103421,2025-03-19,social,VIP,True
CST2890,Lila Natt,echaudhuri@example.org,03906852820,North Dumdum,Karnataka,427567,2024-04-03,referral,Premium,True
CST2891,Jasmit Rout,zachariahupadhriti@example.com,+912434330044,Firozabad,Andhra Pradesh,024217,2026-02-26,organic,Premium,True
CST2892,Mekhala Pau,waliaarini@example.net,0205858359,Ramgarh,Telangana,060924,2026-06-23,referral,VIP,False
CST2893,Sai Sarkar,dayamai79@example.org,+914360417558,Siwan,Rajasthan,229380,2026-07-04,paid_search,VIP,True
CST2894,Dhruv Mallick,palangeetika@example.com,8487005705,Kumbakonam,Andhra Pradesh,056100,2025-01-24,paid_search,VIP,True
CST2895,Yashvi Chaudry,ncheema@example.net,+913779836026,Bardhaman,Jharkhand,758746,2025-05-04,organic,VIP,True
CST2896,Hamsini Pai,barkhadyal@example.com,+910493860984,Alappuzha,Uttarakhand,599427,2025-09-08,paid_search,Premium,True
CST2897,Jagat Dara,wmammen@example.com,4522313856,Durgapur,Uttar Pradesh,666935,2025-05-20,organic,Premium,True
CST2898,Kamala Acharya,fbajwa@example.net,04496687709,Aurangabad,Punjab,833892,2026-02-27,social,Regular,True
CST2899,Rachita Gour,nikita38@example.com,4366548922,Hindupur,Karnataka,954720,2025-04-06,referral,VIP,True
CST2900,Zayan Bobal,uganesh@example.com,+911185129459,Shimoga,Mizoram,249243,2023-10-15,social,Premium,True
CST2901,Lila Dua,lajita20@example.net,+913944272625,Hajipur,West Bengal,747959,2025-03-20,email,Premium,True
CST2902,Chaman Prabhu,andrew69@example.net,00994349350,Pune,Madhya Pradesh,305289,2026-03-09,social,Regular,True
CST2903,Xiti Chacko,rachana76@example.net,+914840679718,Bokaro,Tripura,982004,2025-03-01,social,VIP,False
CST2904,Dakshesh Jain,vyanjana96@example.org,+914039811276,Bhavnagar,Meghalaya,637407,2026-04-27,referral,VIP,True
CST2905,Diya Gade,oseth@example.net,08132220257,Noida,Nagaland,809381,2023-11-19,email,Regular,True
CST2906,Forum Krish,kapurmatthew@example.net,+911183203005,Kurnool,Haryana,438845,2024-08-31,social,Premium,False
CST2907,Aarnav Gala,hemanichandra@example.net,+913966393457,Bhatpara,Punjab,670044,2025-04-24,social,VIP,False
CST2908,Owen Soni,vanshabarad@example.org,08589506806,Nashik,Rajasthan,008155,2025-05-04,organic,Premium,True
CST2909,Upasna Vaidya,charita20@example.com,05476799729,Sikar,Jharkhand,546612,2025-06-15,email,Premium,True
CST2910,Jasmit Dhingra,bhavna00@example.org,05175181440,Tiruvottiyur,Karnataka,607910,2024-11-01,organic,VIP,True
CST2911,Arunima Radhakrishnan,hmagar@example.org,1674717204,Kurnool,Sikkim,926350,2025-10-22,organic,VIP,True
CST2912,Deepa Tripathi,alkaradhakrishnan@example.org,2301596140,Thanjavur,Gujarat,511020,2026-05-26,paid_search,VIP,True
CST2913,Zashil Srivastava,bchowdhury@example.org,+916474352347,Hosur,Karnataka,523133,2025-11-16,email,Regular,True
CST2914,Waida Basu,horachristopher@example.org,00889589084,Gandhinagar,Uttarakhand,811488,2026-06-13,organic,Regular,True
CST2915,Aarush Jaggi,kdube@example.org,0296484606,Rajkot,Jharkhand,109331,2023-09-18,social,Premium,True
CST2916,Aadi Dugar,tristannarayan@example.org,7965820733,Ludhiana,Gujarat,893013,2023-09-19,referral,VIP,True
CST2917,Yashasvi Dhaliwal,hayrepatrick@example.net,03647300875,Cuttack,Sikkim,197827,2026-01-22,social,Premium,True
CST2918,Netra Roy,yashvithaker@example.org,+910156189048,Ichalkaranji,Chhattisgarh,252786,2023-12-30,referral,Regular,True
CST2919,Mohini Bali,udarshshankar@example.net,+910136265925,Mau,Tripura,093073,2024-12-31,email,Regular,True
CST2920,Brinda Dua,vansha34@example.com,+914345803332,Silchar,Manipur,829818,2026-04-19,email,VIP,True
CST2921,Tanay Narain,dbala@example.com,9806255344,Bhiwani,Odisha,012217,2025-07-07,organic,VIP,True
CST2922,Lila Devi,abutala@example.org,+916305949846,Faridabad,Telangana,591721,2026-03-22,organic,Regular,True
CST2923,Bhavya Nazareth,krishnanjalsa@example.net,+915864567455,Saharanpur,Chhattisgarh,154385,2025-11-12,social,VIP,True
CST2924,Veer Barman,obora@example.net,06004824215,Thoothukudi,Rajasthan,563259,2025-12-12,organic,Premium,True
CST2925,Ekantika Subramanian,ramanathanyashasvi@example.com,+910698364346,Sagar,Uttar Pradesh,646840,2025-12-12,organic,Regular,True
CST2926,Inaya Das,siddharth81@example.org,+915718146783,Tiruvottiyur,Assam,285695,2025-02-23,social,VIP,True
CST2927,Sathvik Chokshi,gramesh@example.org,+910866170103,Katihar,Jharkhand,871957,2025-09-16,referral,Premium,True
CST2928,Utkarsh Lad,raagini68@example.net,2933700494,Chandrapur,Himachal Pradesh,639019,2024-10-24,referral,VIP,True
CST2929,Arunima Aggarwal,orinderdeo@example.com,+917105760973,Satna,Gujarat,031685,2024-06-01,organic,VIP,True
CST2930,Hritik Madan,nissac@example.org,5572313155,Gudivada,Gujarat,857068,2023-11-17,referral,VIP,False
CST2931,Radha Manda,ompandit@example.org,05213163071,Phagwara,Assam,558603,2025-03-02,referral,VIP,False
CST2932,Irya Basu,indirarastogi@example.org,03689014743,Bhind,Punjab,526466,2026-01-05,social,Regular,False
CST2933,Qasim Prashad,hansnathan@example.com,+919262716459,Faridabad,Kerala,821396,2025-09-29,paid_search,Regular,True
CST2934,Yauvani Warrior,koshytripti@example.net,+915640458443,Kolhapur,Andhra Pradesh,115051,2024-07-26,social,Regular,False
CST2935,Siddharth Magar,peternaik@example.net,+910750920162,Suryapet,Punjab,449158,2025-10-21,referral,Premium,False
CST2936,Vihaan Ganesan,upadhriti77@example.org,2101490687,Aizawl,Punjab,460302,2024-09-13,referral,Regular,False
CST2937,Ekanta Goyal,aoak@example.org,+914398704515,Chapra,Uttarakhand,311829,2026-01-26,paid_search,Premium,True
CST2938,Xalak Palan,ramranveer@example.net,+919492857323,Bhubaneswar,Goa,398145,2025-01-30,organic,Regular,False
CST2939,Isaiah Raghavan,aarnavvyas@example.org,07524820688,Bokaro,Madhya Pradesh,280559,2023-12-16,referral,Regular,False
CST2940,Arin Pai,faqid89@example.net,0442200730,Mango,Gujarat,361371,2024-05-04,referral,Regular,True
CST2941,Sanya Narasimhan,dominicsura@example.org,07097035077,Muzaffarpur,Mizoram,031017,2025-01-03,organic,Premium,False
CST2942,Janani Narula,revasubramaniam@example.com,9272436763,Kottayam,Chhattisgarh,589359,2026-08-16,social,VIP,True
CST2943,Forum Agrawal,mugdhasagar@example.org,7133025021,Bhopal,Bihar,875644,2026-02-01,email,Regular,True
CST2944,Andrew Mangat,fsachar@example.net,+918453304355,Saharanpur,Odisha,372329,2026-07-13,referral,VIP,True
CST2945,Ekanta Kar,vohranaveen@example.org,+910744518016,Guntakal,Haryana,306002,2025-01-01,social,VIP,False
CST2946,Lekha Seth,lsankaran@example.org,+911561336238,Adoni,Karnataka,722835,2025-07-04,organic,VIP,True
CST2947,Hitesh Rattan,shivanidalal@example.net,2171757738,Mysore,Karnataka,613081,2025-08-08,referral,Regular,True
CST2948,Chandresh Devan,boasecharvi@example.org,+917476686647,Vijayanagaram,Nagaland,400516,2024-07-28,paid_search,Regular,True
CST2949,Raghav Bajwa,fjain@example.net,1353377837,Bongaigaon,Maharashtra,777793,2023-10-07,social,Regular,True
CST2950,Wishi Kar,mgade@example.org,04719006867,Haldia,West Bengal,705428,2024-12-17,organic,Premium,True
CST2951,Yashoda Varghese,poojaiyengar@example.net,05595389437,Pali,Jharkhand,641921,2024-12-03,referral,VIP,True
CST2952,Tanmayi Krishnan,choudhuryarin@example.net,3884122661,Shivpuri,Uttarakhand,324466,2024-11-13,referral,Premium,True
CST2953,Anirudh Sen,lchakrabarti@example.net,0571886267,Gurgaon,Himachal Pradesh,079777,2026-07-15,referral,Regular,True
CST2954,Ridhi Bali,mwagle@example.net,+916459716687,Kanpur,West Bengal,437381,2023-10-23,organic,Premium,True
CST2955,Rohan Sami,pinglenihal@example.org,05490570399,Parbhani,Goa,922237,2024-06-06,social,Regular,True
CST2956,Warjas Wason,rattannitesh@example.com,+911154850649,Bhubaneswar,Sikkim,284295,2023-09-24,paid_search,Regular,True
CST2957,Wyatt Cheema,charvishroff@example.net,05483030564,Ahmedabad,Andhra Pradesh,822063,2024-02-12,email,Premium,False
CST2958,Azad Chandra,liam57@example.net,4911503898,North Dumdum,Andhra Pradesh,316085,2024-05-17,organic,Premium,True
CST2959,Samarth Lalla,dayalsanya@example.org,1857789189,Malda,Manipur,853265,2024-09-22,paid_search,Regular,True
CST2960,Aradhana Chad,kamya94@example.org,+916884637794,Kakinada,Tamil Nadu,922632,2024-05-24,paid_search,Premium,False
CST2961,Parth Yadav,qdhillon@example.org,6297755429,Kozhikode,Chhattisgarh,579858,2025-08-04,referral,Premium,True
CST2962,Vamakshi Pau,hsaraf@example.com,8497322561,Bhalswa Jahangir Pur,Jharkhand,213665,2025-01-23,organic,Premium,True
CST2963,Dalbir Majumdar,oliverbhatnagar@example.net,+914860322856,Hyderabad,Chhattisgarh,351992,2024-07-02,email,Regular,True
CST2964,Ucchal Acharya,birarunima@example.net,5135459354,Kishanganj,Tamil Nadu,460352,2024-05-24,paid_search,Regular,True
CST2965,Shaurya Toor,samaxavier@example.com,08902649911,Erode,Himachal Pradesh,548083,2025-05-09,email,Premium,False
CST2966,Udant Thakur,echhabra@example.org,+916428636483,Mango,Assam,751625,2024-07-14,organic,Regular,False
CST2967,Balvan Oak,henrymurty@example.net,6573179079,Hindupur,Tamil Nadu,270049,2024-12-23,social,Premium,True
CST2968,Aarnav Patla,madhavikhare@example.net,7817297374,Surendranagar Dudhrej,Arunachal Pradesh,728706,2025-02-23,referral,VIP,False
CST2969,Aarav Misra,borraisha@example.org,+913506593934,Udupi,Tripura,009334,2025-11-07,organic,VIP,True
CST2970,Kavya Chacko,waliachatresh@example.org,2508244027,Sasaram,Meghalaya,006691,2025-06-13,referral,Regular,False
CST2971,Bhavya Biswas,ektamangat@example.net,02125654304,Phusro,Odisha,175794,2024-08-06,social,Premium,True
CST2972,Hamsini Mangat,kashvi35@example.net,+916148925426,Berhampur,Uttarakhand,180578,2026-05-10,paid_search,VIP,True
CST2973,Ekiya Lala,gabaumang@example.com,08737805935,Ambattur,Assam,065011,2024-04-15,email,Premium,True
CST2974,Faqid Goel,ojas22@example.org,0107076067,Jehanabad,Odisha,898284,2025-01-25,referral,Premium,True
CST2975,Keya Anand,yahvidalia@example.net,04597438292,Etawah,Arunachal Pradesh,071276,2025-12-20,email,Regular,True
CST2976,Chavvi Das,yugsankaran@example.org,2172732295,Jhansi,Himachal Pradesh,830052,2024-12-28,social,Premium,True
CST2977,Zayan Talwar,hemangpatla@example.org,01414815073,Solapur,Odisha,981269,2024-06-29,social,Regular,True
CST2978,Sarthak Chaudhuri,opatla@example.com,+910279010115,Proddatur,Bihar,092442,2024-12-17,paid_search,VIP,True
CST2979,Yoshita Sethi,anagi@example.org,09215957966,Ratlam,Sikkim,620145,2023-09-19,organic,Regular,True
CST2980,Dhruv Sharaf,shahaashi@example.net,2881563875,Ichalkaranji,Tamil Nadu,620453,2024-03-19,organic,Regular,False
CST2981,Yutika Pant,lsastry@example.org,+913348449643,Udupi,Gujarat,745794,2024-06-14,referral,Premium,True
CST2982,Kamya Chokshi,pauforum@example.net,+913031517695,Srinagar,Andhra Pradesh,352487,2025-03-18,organic,Regular,False
CST2983,Gaurika Dixit,apatil@example.net,+917773155168,Dhule,Jharkhand,801815,2023-10-27,organic,Premium,False
CST2984,Abha Sundaram,vritti59@example.org,3781293461,Medininagar,Sikkim,673738,2026-08-13,referral,VIP,True
CST2985,Yachana Balasubramanian,amruta27@example.org,1181785646,Dibrugarh,Odisha,941401,2026-06-20,social,VIP,False
CST2986,Yauvani Bali,ozamitali@example.net,+912869201810,Gopalpur,Bihar,911800,2024-01-16,email,VIP,True
CST2987,Daksha Mohanty,singhlekha@example.org,2551736922,Aurangabad,Punjab,457639,2023-11-20,social,VIP,True
CST2988,Vedant Goyal,lkale@example.org,+914947455403,Eluru,Kerala,439077,2025-12-09,paid_search,Premium,False
CST2989,Ridhi Anand,christophermurthy@example.com,05315437784,Rohtak,Uttarakhand,143963,2025-04-04,referral,Regular,True
CST2990,Deepa Zachariah,adwetakarnik@example.net,05748410357,Tirupati,Gujarat,660694,2024-03-08,email,Regular,True
CST2991,Bakhshi Sridhar,jmanne@example.com,+914370488343,Bhiwani,Mizoram,616067,2025-09-25,organic,Regular,True
CST2992,Pavani Thakkar,aashi89@example.net,09195811869,Madanapalle,West Bengal,374593,2025-07-13,paid_search,VIP,True
CST2993,Hitesh Basak,gauravsengupta@example.com,00318402314,Sultan Pur Majra,Assam,821459,2026-03-27,social,VIP,False
CST2994,Ati Khurana,eesha83@example.net,03452922685,Sonipat,Madhya Pradesh,321172,2025-02-03,paid_search,VIP,True
CST2995,Isaac Basak,dubeyjagdish@example.org,07139716879,Junagadh,Kerala,975850,2025-06-07,email,Premium,False
CST2996,Faqid Prakash,lallalogan@example.org,5875437750,Hindupur,Assam,837443,2024-01-16,referral,Premium,True
CST2997,William Kulkarni,radha95@example.org,+919619161002,Kavali,Andhra Pradesh,833108,2026-02-24,organic,VIP,False
CST2998,Arunima Tandon,dakshesh39@example.com,+915553323307,Tirunelveli,Gujarat,466669,2025-08-13,email,VIP,False
CST2999,Priya Hari,brijeshvohra@example.net,0762635190,Panvel,Karnataka,274108,2025-07-13,referral,Premium,True
CST3000,Tanmayi Goyal,manandatta@example.org,+917882906911,Sri Ganganagar,Odisha,732318,2024-10-08,referral,Premium,False
CST3001,Devika Hegde,william17@example.net,+917088121209,Surendranagar Dudhrej,Karnataka,665996,2024-11-24,organic,Regular,True
CST3002,Pooja Chaudhuri,mbajwa@example.net,01020328240,Bhalswa Jahangir Pur,Goa,289754,2026-08-12,social,VIP,True
CST3003,Manan Nagy,abhiramsekhon@example.org,+917313094135,Kishanganj,Andhra Pradesh,911945,2025-09-29,organic,Premium,False
CST3004,Turvi Subramaniam,guhaojasvi@example.com,+916921200083,Alwar,Madhya Pradesh,089338,2026-02-19,organic,Premium,True
CST3005,Upkaar Thakur,wableazad@example.com,4650055971,Bareilly,Madhya Pradesh,691157,2026-07-03,email,VIP,True
CST3006,David Chowdhury,kmutti@example.org,02181335768,Buxar,Maharashtra,689320,2025-01-20,social,Premium,True
CST3007,Bakhshi Choudhary,sibalmanan@example.org,3326478958,Sri Ganganagar,Manipur,257903,2025-11-09,email,Regular,True
CST3008,Shivansh Kanda,tdas@example.org,+911955928833,Nashik,Rajasthan,214695,2026-04-17,organic,Regular,True
CST3009,Tanveer Bajwa,osahni@example.net,4351819764,Sambhal,Assam,362522,2023-11-16,social,Regular,False
CST3010,Luke Bhasin,bhallamegha@example.com,+914084893101,Jammu,Chhattisgarh,956474,2026-02-15,referral,Regular,True
CST3011,Elijah Bir,chaturarai@example.org,+916405255062,Adoni,Tamil Nadu,775184,2024-05-04,referral,VIP,False
CST3012,Yuvraj Peri,ebatta@example.org,03829232234,Guntakal,Telangana,071570,2024-03-26,social,Regular,True
CST3013,Dayamai Rattan,charita51@example.com,06325180367,Bhatpara,Telangana,276351,2024-09-18,social,Premium,False
CST3014,Fitan Kade,bhavikaganguly@example.net,0550696735,Tadepalligudem,Maharashtra,307796,2024-08-08,email,Premium,False
CST3015,Meera Saraf,vedika37@example.org,09711352405,Kishanganj,Rajasthan,341715,2024-06-03,social,VIP,True
CST3016,Urmi Chakraborty,goleyatan@example.org,+914942337127,Nagaon,Goa,741549,2026-05-27,organic,Regular,False
CST3017,William Behl,raagini56@example.net,0375360382,Eluru,Gujarat,213246,2024-02-03,referral,Premium,True
CST3018,Udarsh Bhardwaj,borahiral@example.org,+918389327010,Shahjahanpur,Tripura,764140,2025-09-25,email,Premium,False
CST3019,Maya Raghavan,kashish90@example.com,+918087872318,Haridwar,Manipur,203924,2025-11-15,email,VIP,True
CST3020,Janani Badal,chakradhar05@example.com,+916266858570,Mehsana,Manipur,248940,2024-10-26,paid_search,VIP,True
CST3021,Vedika Dar,saumyamital@example.net,+917428557774,Amaravati,Nagaland,554443,2024-05-09,paid_search,Premium,True
CST3022,Karan Hari,bganesan@example.net,9010387592,Katni,Karnataka,730523,2024-10-31,paid_search,VIP,True
CST3023,Chakradhar Bajwa,chamelisabharwal@example.net,5346486128,Guntakal,Arunachal Pradesh,901245,2025-06-01,email,VIP,True
CST3024,Hiral Bhargava,lankagarima@example.com,+910639561163,Gaya,Uttar Pradesh,983912,2024-12-22,paid_search,VIP,False
CST3025,Qushi Shankar,lverma@example.net,+910153275463,Belgaum,Odisha,853902,2025-02-14,paid_search,Regular,True
CST3026,Anthony Divan,ssarin@example.com,03660381153,Rohtak,Manipur,833989,2026-01-12,organic,Premium,True
CST3027,Megha Mutti,eta45@example.org,2850291692,Ratlam,Tamil Nadu,911177,2024-06-19,organic,Premium,True
CST3028,Saksham Bhattacharyya,bsundaram@example.net,09157351636,Panchkula,Himachal Pradesh,835229,2024-03-09,social,Regular,False
CST3029,Tanvi Kulkarni,pathakvritti@example.net,07248763805,Adoni,Arunachal Pradesh,987911,2024-04-13,organic,Regular,False
CST3030,Ranbir Khalsa,sathvikrandhawa@example.org,01526615798,Guwahati,Jharkhand,359361,2025-11-19,organic,Regular,True
CST3031,Ojas Rastogi,hiteshchander@example.org,02060815512,Guntur,Bihar,302718,2024-12-19,email,Regular,True
CST3032,Raagini Kara,forumgola@example.com,+918018752780,Nangloi Jat,Andhra Pradesh,590246,2024-04-21,referral,VIP,False
CST3033,Warinder Barad,gauravoza@example.org,+916786663235,Ludhiana,Kerala,248917,2023-10-28,paid_search,Regular,True
CST3034,Pavani Sura,nicholas88@example.net,04988343297,Muzaffarpur,Haryana,177322,2024-05-31,email,VIP,True
CST3035,Arin Loke,ikbalkrishna@example.net,+913413511596,Tumkur,Goa,819090,2024-10-22,email,Premium,True
CST3036,Wazir Nair,aarnadutt@example.com,6893760621,Bettiah,Rajasthan,438063,2024-08-24,organic,Premium,False
CST3037,Harinakshi Pandey,chaudhurivincent@example.net,5271325297,Pondicherry,Uttar Pradesh,151422,2026-06-25,social,Premium,True
CST3038,Yuvraj Baral,anirudh98@example.net,04698919640,Salem,Haryana,265197,2025-05-13,email,Regular,True
CST3039,Triya Ramesh,chaayachauhan@example.org,8590388644,Madanapalle,Himachal Pradesh,762720,2025-12-06,paid_search,Regular,True
CST3040,Wishi Bahl,lucky79@example.org,+918172953087,Coimbatore,Assam,897899,2024-08-27,paid_search,Premium,True
CST3041,Garima Dave,dhingrarushil@example.com,4950297772,Barasat,Maharashtra,767355,2024-07-14,paid_search,Premium,True
CST3042,Rajeshri Saran,jagvidalal@example.org,04633392286,Tezpur,West Bengal,283715,2026-06-17,organic,Premium,True
CST3043,Avi Bains,omkaar41@example.net,7496144656,Jamalpur,Manipur,689404,2025-06-20,paid_search,Premium,True
CST3044,Suhani Barman,jhalak46@example.org,+917886812754,Dewas,Jharkhand,376573,2023-10-07,organic,VIP,False
CST3045,Ridhi Chahal,bhatnagarsai@example.net,04903645650,Kochi,Haryana,219180,2024-03-28,email,Premium,False
CST3046,Rehaan Vaidya,gsetty@example.net,09854790468,Dehradun,Odisha,231083,2024-05-19,social,Regular,True
CST3047,Darika Thakur,jagrati11@example.net,+911421734632,Hindupur,Himachal Pradesh,882915,2024-01-31,organic,Regular,False
CST3048,Ekta Sha,dewanreva@example.org,+917449155272,Sangli-Miraj & Kupwad,Punjab,897173,2025-08-25,referral,VIP,False
CST3049,Keya Gill,zmalhotra@example.net,+919313390334,Bidar,Madhya Pradesh,543293,2024-10-28,organic,Regular,True
CST3050,Deepa Dugar,patilkamya@example.net,06655816996,Panipat,Uttar Pradesh,902199,2024-01-27,organic,Regular,False
CST3051,Krish Patla,ibajaj@example.net,+910020231287,Hubli–Dharwad,Andhra Pradesh,165693,2024-06-13,referral,Regular,False
CST3052,Arya Setty,biyer@example.com,07589878972,Karawal Nagar,Assam,505913,2024-08-04,social,Regular,False
CST3053,Fariq Tandon,udarshsibal@example.net,7515462748,Thoothukudi,Tripura,671275,2024-08-06,organic,Premium,True
CST3054,Upadhriti Mangat,rsangha@example.net,03204208978,Bathinda,Mizoram,371862,2025-01-11,referral,VIP,False
CST3055,Meghana Iyengar,davidganguly@example.com,04508566614,Jehanabad,Haryana,423752,2024-08-17,referral,Regular,True
CST3056,Avi Bawa,routwarda@example.org,04772642602,Raiganj,Rajasthan,987953,2024-02-09,referral,Premium,False
CST3057,Yochana Saran,sawhneywidisha@example.net,6437876779,Lucknow,Assam,866453,2024-04-19,organic,VIP,True
CST3058,Ekanta Rajagopal,lborde@example.net,+910254143936,Ramgarh,Sikkim,122795,2024-05-19,email,Premium,True
CST3059,Unnati Kalita,wasondayamai@example.org,+913252065522,Katihar,Manipur,721622,2026-02-02,email,Regular,False
CST3060,Yachana Shenoy,radhamand@example.net,+912839439807,Ramagundam,Karnataka,719027,2026-07-16,referral,VIP,False
CST3061,Jeremiah Hora,danidarika@example.net,06959955006,Katni,Madhya Pradesh,740479,2024-06-09,paid_search,Premium,True
CST3062,Gabriel Raman,aarini91@example.net,04005123966,Begusarai,Uttar Pradesh,177681,2024-06-14,organic,Premium,True
CST3063,Bhavika Dass,nattsimon@example.net,+919885779143,Faridabad,Uttar Pradesh,280581,2024-11-10,social,VIP,True
CST3064,Kamala Sem,reyansh04@example.org,6069080286,Malda,Gujarat,419727,2025-10-10,social,VIP,True
CST3065,Yatin Buch,priya53@example.net,08238101085,Shimla,Bihar,246025,2026-03-23,referral,VIP,False
CST3066,Yuvraj Goswami,qbasak@example.com,+916352442705,Narasaraopet,Andhra Pradesh,635263,2025-03-02,social,Premium,True
CST3067,Liam Narayanan,samar42@example.org,06198563040,Ahmednagar,Jharkhand,751898,2024-04-23,email,Regular,True
CST3068,Umang Ramanathan,wadhwachaaya@example.net,08890648867,Karawal Nagar,Assam,476426,2024-12-12,social,Regular,True
CST3069,Amol Anand,zmadan@example.com,+918375284534,Bidhannagar,West Bengal,258895,2024-10-21,email,VIP,False
CST3070,Warinder De,spatel@example.net,06568900161,Parbhani,Kerala,114324,2026-02-08,social,VIP,False
CST3071,Bhanumati Karnik,ganesanzinal@example.org,3514063638,Thrissur,Jharkhand,079627,2025-08-17,email,VIP,True
CST3072,Dayamai Batra,udyatisoman@example.org,+910167534277,Barasat,Assam,564923,2024-10-22,email,VIP,True
CST3073,Guneet Arora,nchaudhuri@example.com,+916145020941,Nangloi Jat,Chhattisgarh,374314,2024-09-25,paid_search,Premium,True
CST3074,Upkaar Bhatt,krishaviswanathan@example.org,08511788691,Meerut,Chhattisgarh,591203,2025-04-16,email,Regular,True
CST3075,Hema Shah,osha13@example.org,8403537733,Bally,Tripura,201325,2026-03-11,email,VIP,True
CST3076,Henry Sawhney,abeer29@example.com,+912965285670,Ichalkaranji,Odisha,340549,2024-03-23,organic,VIP,True
CST3077,Frederick Narain,vrittiraju@example.com,9423535872,Tumkur,Odisha,307287,2024-12-23,organic,Regular,True
CST3078,Tanmayi Hora,baralsamar@example.net,04249796995,Sasaram,Maharashtra,101776,2025-12-22,paid_search,Regular,True
CST3079,Hemangini Pau,kraj@example.com,02127910156,Jamnagar,Haryana,973912,2026-05-22,paid_search,Premium,True
CST3080,Guneet Ghosh,omangal@example.org,05515895378,Rajpur Sonarpur,Arunachal Pradesh,314773,2025-02-16,email,Regular,True
CST3081,Amruta Kamdar,chandranpatil@example.org,7157444372,Ulhasnagar,Sikkim,803528,2025-03-27,paid_search,Regular,True
CST3082,Advay Patla,agastyasaha@example.com,+913578559970,Alwar,Andhra Pradesh,734854,2024-12-06,referral,VIP,False
CST3083,Dipta Oza,aishani39@example.com,+917811828440,Giridih,Meghalaya,133913,2024-08-08,social,VIP,True
CST3084,Aryan Lata,benjaminsamra@example.com,+913542851105,Ratlam,Rajasthan,198663,2026-01-23,referral,Premium,True
CST3085,Arunima Wagle,bsaxena@example.net,+916858919084,Karawal Nagar,Assam,187407,2025-04-24,social,Premium,True
CST3086,Keya Sangha,oscar83@example.org,07876140423,Ozhukarai,Telangana,956893,2024-01-13,organic,Regular,True
CST3087,Luke Natt,mandabahadurjit@example.org,7650775414,Hindupur,Odisha,604853,2025-12-05,referral,Regular,True
CST3088,Sara Parsa,gchoudhary@example.org,1293338496,Bharatpur,Manipur,555164,2023-12-04,paid_search,VIP,True
CST3089,William Virk,tbhatt@example.org,4821725832,Jammu,Goa,233963,2026-03-08,social,VIP,True
CST3090,Bimala Mahal,dasazaan@example.net,2519258748,Malegaon,Arunachal Pradesh,907429,2025-06-05,paid_search,VIP,True
CST3091,Jackson Chakrabarti,sundaramreva@example.org,+915040116123,Satna,Madhya Pradesh,983942,2025-04-30,social,VIP,False
CST3092,Bhavya Atwal,munianvi@example.org,+916450880665,Solapur,Assam,231107,2024-07-02,paid_search,VIP,True
CST3093,Champak Purohit,anay89@example.org,07659546705,Ramgarh,Kerala,098378,2025-06-04,organic,Regular,False
CST3094,Zilmil Jayaraman,ekantika20@example.org,+917328209153,Ambarnath,Bihar,158802,2025-03-08,organic,VIP,True
CST3095,Abhiram Borra,ybajaj@example.com,3406339087,Thrissur,Odisha,162944,2024-02-21,referral,Regular,False
CST3096,Vaishnavi Deshpande,agoel@example.org,+913065850399,Rampur,Arunachal Pradesh,039630,2026-04-22,social,Regular,False
CST3097,Bakhshi Baria,peterchoudhry@example.com,03996947194,Hindupur,Odisha,027510,2024-01-03,paid_search,Premium,True
CST3098,Maya Setty,parekhdev@example.net,03800792616,Siliguri,Mizoram,328291,2023-11-22,paid_search,VIP,True
CST3099,Hemal Krishnan,watikamajumdar@example.net,3387300279,Junagadh,Meghalaya,611284,2024-07-03,paid_search,Regular,True
CST3100,Parth Chacko,watikakarnik@example.net,7236832803,Mau,Jharkhand,317137,2023-10-02,email,Premium,False
CST3101,Widisha Ramaswamy,shaurya09@example.org,+912520398864,Akola,Uttar Pradesh,625607,2025-04-15,referral,Regular,True
CST3102,Girindra Handa,samaranne@example.net,+919500922465,Tinsukia,Punjab,203576,2024-04-25,social,VIP,False
CST3103,Anmol Desai,fzachariah@example.net,+915295660473,Bulandshahr,Madhya Pradesh,026558,2025-04-08,referral,VIP,False
CST3104,Janya Padmanabhan,ghoshaarna@example.net,5159985896,Ludhiana,Andhra Pradesh,081642,2026-08-17,email,Premium,False
CST3105,Hemangini Kulkarni,jackson65@example.com,8695639677,Medininagar,Odisha,168429,2024-07-04,paid_search,Premium,True
CST3106,Barkha Bhakta,nitesh11@example.com,+911246792559,Jamalpur,Sikkim,652312,2025-01-16,email,VIP,True
CST3107,Avni Handa,girikcheema@example.net,6709511953,Amravati,Tamil Nadu,868415,2025-12-10,email,Premium,True
CST3108,Riya Ravel,jai51@example.com,08901772710,Anand,Tamil Nadu,916845,2023-10-22,social,Premium,True
CST3109,Lohit Bhardwaj,ikshitadhar@example.com,04061005572,Kochi,Bihar,487188,2025-06-25,social,VIP,True
CST3110,Eiravati Sahni,owen36@example.com,+911131137865,Narasaraopet,Madhya Pradesh,835612,2025-02-19,paid_search,Premium,True
CST3111,Tanvi Raj,bravi@example.net,+917041066800,Bhubaneswar,Punjab,256479,2023-10-21,email,Premium,True
CST3112,Nachiket Mishra,bmanda@example.com,2399552044,Ulhasnagar,Himachal Pradesh,972830,2024-05-16,email,Regular,True
CST3113,Ekapad Mahal,parmargaurang@example.org,08491126346,Narasaraopet,Meghalaya,970279,2025-06-16,paid_search,Premium,True
CST3114,Aarini Dugar,mvasa@example.org,+914955711250,Warangal,Meghalaya,444061,2024-07-19,referral,Regular,True
CST3115,Nathan Mangal,warindersekhon@example.com,+912813162814,Firozabad,Haryana,731575,2024-08-26,email,Regular,True
CST3116,Sachi Palla,dvirk@example.net,04381429424,Giridih,Bihar,259741,2024-07-22,referral,Premium,True
CST3117,Finn Reddy,isaacshan@example.org,3716434577,Buxar,Odisha,322806,2023-10-16,paid_search,Premium,True
CST3118,Balhaar Verma,lroy@example.net,1796712723,Avadi,Sikkim,207818,2025-08-31,email,Premium,True
CST3119,Bhavika Merchant,rsaxena@example.org,02365804412,Amravati,Sikkim,038167,2025-12-21,referral,Premium,True
CST3120,Hiral Chowdhury,kaurraghav@example.com,0184070489,Nizamabad,Tripura,420415,2026-08-14,paid_search,Regular,False
CST3121,Manya Dass,cmurthy@example.net,+911377908214,Kurnool,Himachal Pradesh,594469,2025-10-16,organic,Premium,True
CST3122,Laksh Khanna,pauelijah@example.net,8760260590,Firozabad,Maharashtra,250869,2025-01-05,social,Premium,False
CST3123,Pahal Purohit,kallanirja@example.org,+914217100536,Mehsana,Manipur,419329,2025-06-01,referral,Premium,False
CST3124,Unni Modi,meghavasa@example.org,01325648801,Tinsukia,Maharashtra,267299,2024-04-11,paid_search,Regular,True
CST3125,Kiaan Venkataraman,etaagate@example.com,+918254739678,Satara,Arunachal Pradesh,480228,2023-12-19,paid_search,Premium,True
CST3126,Bhavika Cherian,fnori@example.org,+915869589913,Lucknow,Karnataka,110464,2025-10-11,organic,VIP,False
CST3127,Barkha Ranganathan,osahota@example.net,01155815226,Durg,Mizoram,292257,2024-12-12,social,Premium,True
CST3128,Urishilla Soman,abdul58@example.net,5158499195,Pune,Jharkhand,195163,2025-11-27,social,Regular,True
CST3129,Vanya Pathak,jai34@example.net,+919537458253,Malda,Maharashtra,748625,2024-01-26,email,Premium,True
CST3130,Charles Srivastava,ekantika60@example.org,3478743081,Kolkata,Chhattisgarh,476480,2026-01-10,email,Premium,False
CST3131,Abhiram Chander,ynagar@example.org,8728750576,Begusarai,Maharashtra,179920,2023-09-21,organic,Regular,True
CST3132,Gaurav Varty,chatura71@example.org,01881952508,Loni,Rajasthan,742154,2025-06-18,organic,Regular,True
CST3133,Patrick Seshadri,tanvivala@example.net,07939998118,Ongole,Rajasthan,574061,2026-03-06,organic,Regular,True
CST3134,Inaya Sankar,avni78@example.com,00013976889,Muzaffarpur,Mizoram,710038,2025-09-13,email,Premium,False
CST3135,Warinder Sarin,somsachi@example.net,+911608973418,Dewas,Tamil Nadu,575358,2023-12-01,social,Regular,False
CST3136,Pallavi Parekh,zaid41@example.net,08115946416,Arrah,Tripura,479362,2024-06-24,referral,Regular,True
CST3137,Chandresh Pant,perivanya@example.com,2275642820,Aligarh,Tripura,366195,2024-12-13,social,VIP,False
CST3138,Ria De,sachisahota@example.com,+911018490183,Medininagar,Tripura,770772,2026-08-19,email,VIP,False
CST3139,Raagini Agarwal,okrishnan@example.com,06684626076,Mirzapur,Uttar Pradesh,298392,2025-03-13,paid_search,VIP,True
CST3140,Akshay Suri,rbhatt@example.com,0624017633,Bilaspur,Kerala,877141,2025-03-29,paid_search,VIP,False
CST3141,Daniel Bhagat,ekala@example.net,+913894307977,Mira-Bhayandar,Telangana,985369,2025-01-15,paid_search,Regular,True
CST3142,Sanya Tiwari,ekiyakunda@example.org,3545565348,Guna,Gujarat,957597,2023-12-26,referral,VIP,True
CST3143,Widisha Purohit,taraisha@example.com,+912027275056,Jamalpur,Chhattisgarh,220477,2026-03-26,organic,VIP,True
CST3144,Yagnesh Krish,chanakya09@example.net,07008887643,Rajpur Sonarpur,Maharashtra,524645,2025-05-31,paid_search,Premium,True
CST3145,Janya Jaggi,dayita65@example.net,05649071480,Farrukhabad,Karnataka,432149,2025-04-13,organic,Premium,True
CST3146,Aachal Pandey,bathdiya@example.com,3206371386,Avadi,Assam,307957,2026-03-19,email,Premium,True
CST3147,Pahal Mutti,borranimrat@example.org,+918692303028,Ludhiana,Chhattisgarh,136943,2025-08-08,social,VIP,True
CST3148,Bhavya Kalla,falak21@example.net,01934729056,Bongaigaon,Manipur,637455,2025-01-19,paid_search,Regular,False
CST3149,Gaurika Mitter,saneorinder@example.org,+914745525980,Etawah,West Bengal,764643,2024-10-01,social,VIP,True
CST3150,Ekantika Ramakrishnan,hritikbasu@example.org,06907354954,Solapur,Uttar Pradesh,370556,2025-08-13,paid_search,Regular,True
CST3151,Shravya Shanker,mchoudhry@example.com,+917878726584,Ulhasnagar,Assam,931268,2024-11-22,organic,Premium,True
CST3152,Qasim Chawla,wahabparmer@example.org,5626064111,Bangalore,Punjab,014710,2024-04-13,organic,Regular,True
CST3153,Baljiwan Sharma,jalsa53@example.net,+913833838470,Adoni,Kerala,041405,2024-04-15,social,VIP,True
CST3154,Pushti Merchant,jayaramanvansha@example.net,8336372866,Phagwara,Rajasthan,337826,2025-09-27,organic,VIP,False
CST3155,Hritik Biswas,vbali@example.net,+917227930646,Karimnagar,West Bengal,019630,2025-12-22,organic,VIP,False
CST3156,Harsh Bal,ytaneja@example.com,2282818132,Karimnagar,Chhattisgarh,050231,2025-09-09,organic,Regular,True
CST3157,Champak Dasgupta,lshah@example.net,+918749535709,Sikar,Manipur,022070,2025-11-28,paid_search,Premium,False
CST3158,Bahadurjit Vaidya,kabir20@example.org,03292017085,Burhanpur,Manipur,298793,2024-05-23,social,Premium,False
CST3159,Lekha Basak,ayushman06@example.com,07816213339,Dharmavaram,Punjab,870478,2024-07-06,organic,VIP,True
CST3160,Gaurika Dar,nathrayaan@example.com,0503929691,North Dumdum,Maharashtra,561074,2025-04-15,referral,Premium,True
CST3161,Liam Patel,vdass@example.net,07914687012,Alwar,Andhra Pradesh,741588,2025-04-30,organic,VIP,True
CST3162,Niharika Chakraborty,xkarpe@example.net,+914144423219,Kolhapur,Odisha,334361,2024-05-05,email,Premium,True
CST3163,Oni Raj,nagyguneet@example.com,00409460017,Kalyan-Dombivli,Arunachal Pradesh,653999,2024-06-26,referral,Regular,False
CST3164,Devika Date,damyantichoudhury@example.com,05817723636,Satara,Odisha,746403,2023-10-29,social,VIP,True
CST3165,Bhanumati Tara,xavierbansal@example.com,+916824307075,Thoothukudi,Uttarakhand,789107,2024-06-04,paid_search,Regular,True
CST3166,Yashodhara Lal,daraaradhana@example.com,6151923476,Mango,Mizoram,146036,2024-01-19,social,VIP,True
CST3167,Pushti Chowdhury,gaurikuruvilla@example.org,06211308415,Moradabad,Arunachal Pradesh,459188,2024-03-09,social,Premium,False
CST3168,Gaurang Nagar,irege@example.org,6717568404,Rajpur Sonarpur,Jharkhand,938778,2025-02-15,paid_search,Regular,True
CST3169,Qadim Sridhar,bakhshi31@example.com,07334614702,Shimoga,Kerala,748777,2026-02-09,social,VIP,False
CST3170,William Dugar,nihal54@example.com,03985329951,Agra,Himachal Pradesh,644521,2025-09-19,paid_search,VIP,True
CST3171,Bishakha Balan,veer19@example.org,6895184503,Haldia,Mizoram,805445,2024-08-17,paid_search,Premium,True
CST3172,Dayita Talwar,ridhidora@example.net,08955129616,Bokaro,Bihar,732998,2025-12-01,paid_search,Premium,True
CST3173,Onveer Johal,tripti15@example.net,3440391820,Jodhpur,Karnataka,020721,2026-08-05,email,VIP,True
CST3174,Nitesh Sheth,savanturvi@example.org,00744496798,Gudivada,Madhya Pradesh,090961,2024-06-15,organic,Regular,True
CST3175,Isha Sehgal,vidhibalan@example.com,+917312931673,Amritsar,Mizoram,139744,2025-04-17,email,VIP,False
CST3176,Tanvi Nori,balasubramaniangautam@example.org,1354858641,Avadi,Gujarat,782568,2024-04-11,social,Premium,True
CST3177,Ayushman Bora,pdewan@example.com,2980365466,Avadi,Rajasthan,837104,2025-10-22,paid_search,VIP,True
CST3178,Warinder Sant,pahalbora@example.net,+913265769333,Akola,Haryana,842545,2024-06-23,paid_search,Premium,True
CST3179,Nachiket Narula,warinderbarad@example.com,+919814820040,Khora ,Uttarakhand,281666,2026-01-11,organic,Premium,True
CST3180,Megha Nigam,deepfrederick@example.net,03637489668,Ramagundam,Madhya Pradesh,633432,2024-05-25,social,Premium,False
CST3181,Ekalinga Saran,akala@example.com,+919358804162,Sambalpur,Uttarakhand,626208,2024-08-10,organic,Regular,True
CST3182,Tarak Ravi,upandya@example.net,+919993426294,Ambala,Goa,563490,2025-04-19,paid_search,VIP,True
CST3183,Vrinda Chaudhuri,dalaja25@example.net,+915826465002,Nellore,Himachal Pradesh,558817,2025-03-16,organic,Premium,False
CST3184,Amrita Mangat,unadkarni@example.com,0047770228,Kadapa,Maharashtra,028449,2026-03-26,social,VIP,False
CST3185,Yamini Nayar,sarrafchaaya@example.org,1069403263,Gwalior,Karnataka,613876,2025-03-11,social,VIP,True
CST3186,Tanay Padmanabhan,thomas49@example.net,08789824636,North Dumdum,Haryana,497957,2024-06-17,email,VIP,False
CST3187,Ekta Vig,azad42@example.com,00464484787,Raipur,Madhya Pradesh,031594,2024-03-18,email,Premium,True
CST3188,William Mittal,anatarajan@example.org,06176189575,Ramagundam,Tripura,541161,2024-06-11,email,VIP,True
CST3189,Tejas Lal,onveer38@example.com,4845128114,Danapur,Tripura,667806,2024-01-29,organic,Premium,True
CST3190,Amara Varughese,vrittimanne@example.com,8613659904,Khandwa,Karnataka,684007,2025-09-18,organic,Regular,True
CST3191,Madhavi Mitra,pborde@example.com,06150401740,Satara,Meghalaya,837573,2024-05-30,organic,Regular,True
CST3192,Nathaniel Chaudhary,madannathaniel@example.net,09053382395,Rohtak,Bihar,702178,2023-11-19,social,VIP,True
CST3193,Harsh Hari,vinayachakraborty@example.org,9715993247,Ulhasnagar,Punjab,921133,2024-09-05,email,Premium,True
CST3194,Kashish Borde,veda11@example.com,+911379404080,Noida,Tamil Nadu,587911,2024-01-25,email,Regular,True
CST3195,Benjamin Babu,tanaykhurana@example.net,+919150135162,Sangli-Miraj & Kupwad,Meghalaya,306601,2025-10-16,referral,VIP,True
CST3196,Unnati Contractor,devika26@example.net,1039681887,Sikar,Telangana,868798,2024-12-11,social,Premium,True
CST3197,Bishakha Kadakia,qiyengar@example.org,05487043653,Shivpuri,Sikkim,742593,2024-08-10,paid_search,Premium,True
CST3198,Daksh Grover,sherezayan@example.com,+918450938647,Bellary,Bihar,154684,2024-04-16,paid_search,Premium,True
CST3199,Luke Ravel,azaan51@example.com,03910920051,Morbi,Punjab,570671,2024-03-19,referral,Premium,True
CST3200,Neha Subramaniam,oviyasant@example.com,+911658548729,Bulandshahr,Punjab,699101,2025-02-02,paid_search,Premium,True
CST3201,Chameli Chahal,tanmayi87@example.net,5241413275,Varanasi,Nagaland,152892,2025-09-23,referral,Regular,True
CST3202,Chasmum Mani,wahab16@example.net,+915546555573,Hapur,Telangana,300632,2025-05-02,email,Regular,True
CST3203,Kevin Dutt,kamala25@example.org,+913046777974,Ambattur,Manipur,545767,2025-11-03,referral,Premium,True
CST3204,Chaitanya Cherian,ypalan@example.com,+910275967497,Gurgaon,Andhra Pradesh,548939,2023-10-21,paid_search,Regular,True
CST3205,Harini Srinivasan,advayprasad@example.com,+912700699677,Panchkula,Telangana,125056,2025-07-23,paid_search,VIP,True
CST3206,Naksh Kala,logan67@example.com,6022074777,Jaunpur,Chhattisgarh,749346,2026-06-26,social,Regular,True
CST3207,Waida Das,meeramangat@example.org,8424582696,Chittoor,Kerala,020868,2024-12-14,referral,Premium,True
CST3208,Ekaraj Swaminathan,akshayranganathan@example.com,1179544360,Bahraich,Kerala,909288,2025-10-14,social,VIP,True
CST3209,Yochana Prabhu,dalaja17@example.com,+915351193487,Phusro,Himachal Pradesh,339880,2023-11-26,referral,Regular,False
CST3210,Zaitra Gandhi,chayer@example.org,02416892639,Sikar,West Bengal,922089,2026-08-02,email,Regular,False
CST3211,Bhavani Sen,narulavivaan@example.net,3969563057,Jaipur,Jharkhand,946941,2023-09-28,referral,Regular,True
CST3212,Xiti Garde,ranganathandalaja@example.org,02669355494,Bardhaman,Kerala,566797,2024-12-10,social,VIP,False
CST3213,Hardik Rama,gmaster@example.net,7206587057,Phagwara,Himachal Pradesh,094667,2025-06-04,referral,Regular,True
CST3214,Abhimanyu Tripathi,vkumar@example.net,+918273880135,Gorakhpur,Rajasthan,954128,2024-10-05,referral,Premium,False
CST3215,Avni Sant,omkaar70@example.com,8213045735,Rampur,Arunachal Pradesh,877807,2024-12-31,referral,VIP,True
CST3216,Siddharth Kala,wriddhishbiswas@example.org,+913718667958,Karaikudi,Arunachal Pradesh,415099,2024-12-05,referral,Regular,True
CST3217,Yahvi Prasad,shivani32@example.net,02821265162,Ambattur,West Bengal,644051,2024-02-10,social,Regular,True
CST3218,Kamya Dara,sachi91@example.org,03916560057,Gorakhpur,Karnataka,635473,2026-07-22,paid_search,Regular,False
CST3219,Xalak Ramachandran,yagnesh94@example.com,4051394350,Tadipatri,Jharkhand,484748,2024-07-21,email,Premium,True
CST3220,Anjali Shukla,deshpandeansh@example.net,2436325922,Bangalore,Uttarakhand,079739,2025-08-09,email,Premium,True
CST3221,Aarini Dara,bbuch@example.net,7440286784,Raurkela Industrial Township,Himachal Pradesh,540647,2024-01-29,organic,Premium,True
CST3222,Pahal Chacko,ishanvirastogi@example.org,+915364593411,Bettiah,Maharashtra,419574,2026-05-04,email,Premium,True
CST3223,Chaitaly Mistry,hiteshswaminathan@example.net,06956000579,Mehsana,Karnataka,194275,2025-07-17,paid_search,VIP,True
CST3224,Eesha Gandhi,subramaniamyashasvi@example.org,6089104704,Chittoor,Assam,418621,2026-02-18,email,Premium,False
CST3225,Christopher Raju,onkar95@example.net,0265949159,Mango,Telangana,669307,2025-10-06,social,Regular,True
CST3226,Advik Master,ravalkamya@example.com,+919189857191,Anand,Arunachal Pradesh,165594,2025-05-29,email,VIP,False
CST3227,Wahab Patel,tbasu@example.net,2128863592,Hazaribagh,Chhattisgarh,643987,2025-05-08,paid_search,Premium,False
CST3228,Hitesh Chandran,falgunisodhi@example.net,+918747670333,Aligarh,Uttarakhand,743852,2025-05-20,referral,Regular,True
CST3229,Kamya Mohan,hredhaan26@example.net,3222239948,Jamnagar,Bihar,086390,2024-03-23,organic,Regular,True
CST3230,Kala Sundaram,bhallasamar@example.net,+919838025763,Mahbubnagar,Maharashtra,047777,2026-04-20,email,Regular,True
CST3231,Bina Tiwari,modyaashi@example.net,00442483589,Thoothukudi,Uttar Pradesh,442681,2025-12-12,social,VIP,False
CST3232,Baljiwan Doctor,bailbarkha@example.net,+917917250392,Kadapa,Gujarat,109954,2024-01-19,paid_search,VIP,False
CST3233,Krishna Badami,iyergaurangi@example.org,+910546794428,Gaya,Sikkim,990802,2026-02-20,paid_search,Premium,True
CST3234,Wridesh Andra,divyasha@example.net,9198721161,Durg,Jharkhand,579459,2023-10-15,paid_search,Regular,True
CST3235,Vritti Bhatnagar,gdugar@example.org,+912895513631,Surat,Uttarakhand,839923,2025-12-15,social,Premium,True
CST3236,Zansi Ramesh,robertdey@example.com,+919099490004,Bettiah,Himachal Pradesh,878134,2026-03-25,social,VIP,True
CST3237,Lucky Patla,upadhritidey@example.net,+919766485655,Kozhikode,Uttarakhand,754146,2023-10-19,paid_search,Regular,True
CST3238,Yagnesh Ramesh,mannandaksha@example.org,00037076407,Chennai,Madhya Pradesh,389584,2025-03-11,email,VIP,True
CST3239,Urvi Tak,yatin95@example.com,06814440368,Thoothukudi,Uttarakhand,101069,2025-06-20,email,Regular,False
CST3240,Raksha Chawla,wborah@example.com,1808155021,Saharsa,Andhra Pradesh,108207,2024-03-16,paid_search,Premium,True
CST3241,Onveer Kunda,leenabhardwaj@example.org,01956675384,Kurnool,West Bengal,767112,2024-12-01,paid_search,Premium,True
CST3242,Varsha Thaker,vvora@example.net,09067742719,Pondicherry,Chhattisgarh,341103,2023-09-18,paid_search,Regular,True
CST3243,Ekantika Mukherjee,nimratrajagopalan@example.org,3007260130,Mangalore,Himachal Pradesh,098488,2025-06-23,email,Regular,False
CST3244,Upasna Pant,nilimapau@example.net,6186257033,Khandwa,Rajasthan,181481,2025-03-17,organic,VIP,True
CST3245,Noah Goda,qshankar@example.net,5249052566,Firozabad,Manipur,057310,2023-08-29,referral,Premium,True
CST3246,Frederick Chhabra,fbali@example.net,+915464779228,Sambhal,Haryana,994374,2023-10-08,paid_search,Premium,False
CST3247,Abeer Narula,william87@example.net,+918472177783,Raebareli,Karnataka,728289,2024-03-15,paid_search,Premium,False
CST3248,Siya Pillai,dayalansh@example.net,7088453687,North Dumdum,Chhattisgarh,408559,2025-02-27,referral,Regular,True
CST3249,Krishna Rai,gautam69@example.net,03098233583,Jorhat,Sikkim,275171,2023-11-05,organic,Premium,True
CST3250,Amrita Narain,cshere@example.net,+914397854791,Thrissur,Haryana,282271,2026-06-18,social,Premium,True
CST3251,Warhi Nagi,fbedi@example.com,+911933241533,Hubli–Dharwad,Odisha,627478,2026-08-14,referral,VIP,True
CST3252,Chandresh Palan,echandra@example.org,06967764770,Sultan Pur Majra,Rajasthan,508779,2025-09-22,email,Regular,False
CST3253,Leena Tandon,raojanuja@example.com,06256656354,Raiganj,Uttarakhand,738575,2023-12-11,referral,VIP,True
CST3254,Keya Ahluwalia,aryadhruv@example.org,+914066330533,Bhiwani,Bihar,992752,2024-10-09,referral,Premium,True
CST3255,Udant Aggarwal,hayreharsh@example.org,+911846397674,Kochi,Punjab,089366,2025-11-15,social,VIP,False
CST3256,Hritik Datta,sarkaraashi@example.net,+911065920379,Ambala,Arunachal Pradesh,615796,2024-11-09,organic,Regular,False
CST3257,Lavanya Loke,ubikatak@example.net,07646971081,Hapur,Maharashtra,329265,2026-04-30,referral,VIP,False
CST3258,Hemal Lal,baghyawatinazareth@example.org,04104000778,Tadipatri,Rajasthan,436754,2026-04-23,referral,VIP,True
CST3259,Kalpit Lal,esaini@example.org,05248464783,Allahabad,Haryana,924722,2024-04-04,social,VIP,False
CST3260,Damyanti Viswanathan,voza@example.net,9498668391,Giridih,Andhra Pradesh,288497,2024-02-10,paid_search,Regular,True
CST3261,Widisha Yadav,balendrasani@example.net,6013623330,Secunderabad,Kerala,618480,2026-07-09,organic,Premium,False
CST3262,Pooja Dhawan,comararyan@example.net,7933157569,Ratlam,Jharkhand,206722,2025-10-03,email,Premium,True
CST3263,Ekanta Kannan,fdubey@example.org,+911475622405,Rajahmundry,Nagaland,560582,2024-09-28,referral,Premium,True
CST3264,Vincent Guha,manderekaja@example.com,06902179313,Silchar,Madhya Pradesh,026145,2026-06-26,social,Premium,True
CST3265,Udarsh Samra,caggarwal@example.com,+918935984917,Bally,Himachal Pradesh,551573,2025-07-26,paid_search,VIP,True
CST3266,Rajata Dar,lopadey@example.com,+915268634551,Morbi,Andhra Pradesh,869064,2024-12-22,paid_search,VIP,False
CST3267,Nihal Chatterjee,jairajmorar@example.com,08350187405,Berhampore,Telangana,164860,2025-03-22,email,Regular,True
CST3268,Jacob Narayan,harshil49@example.org,8824300799,Kolkata,Himachal Pradesh,772015,2026-05-05,referral,Regular,False
CST3269,Girik Bail,yashoda78@example.com,+918546659334,Nangloi Jat,Assam,474552,2026-03-12,referral,Regular,True
CST3270,Kavya Chaudry,ladlitripathi@example.net,+911416870059,Purnia,Telangana,201377,2024-06-28,organic,Regular,True
CST3271,Yash Sachdev,xbalasubramanian@example.org,8811709931,New Delhi,Uttarakhand,718033,2024-09-17,email,Premium,False
CST3272,Kamya Agate,anirudh27@example.com,+910750503105,New Delhi,Karnataka,545347,2025-02-25,organic,Premium,True
CST3273,Yuvraj Kibe,vasudha55@example.net,+918652275058,Aurangabad,Uttar Pradesh,274838,2024-07-30,organic,VIP,True
CST3274,Keya Purohit,asrinivas@example.org,1939334313,Panvel,Madhya Pradesh,630757,2026-06-23,social,Regular,True
CST3275,Vedhika Din,fwable@example.org,1918600144,Machilipatnam,Assam,066171,2024-01-01,social,Regular,True
CST3276,Anirudh Basak,omaharaj@example.org,00464753536,Sagar,Jharkhand,507606,2023-09-07,referral,VIP,False
CST3277,Maanav Ratta,divyamall@example.net,5267788999,Bhatpara,Punjab,547446,2024-10-31,referral,Premium,True
CST3278,Balhaar Char,advaithchar@example.com,+914672175116,Munger,Himachal Pradesh,169718,2023-11-17,paid_search,VIP,True
CST3279,Alexander Gulati,hamsinibumb@example.org,4767142978,Navi Mumbai,Nagaland,193253,2025-04-21,email,Regular,True
CST3280,Aayush Ahuja,palljanuja@example.com,6292472218,Panihati,Arunachal Pradesh,374936,2024-10-07,organic,Regular,True
CST3281,Gabriel Sinha,ekani67@example.net,+918000829429,Gopalpur,Sikkim,896059,2025-03-18,email,Premium,True
CST3282,Zashil Cherian,hitesh53@example.com,5695699355,Amroha,Mizoram,543698,2025-09-22,paid_search,Regular,True
CST3283,Chatresh Venkatesh,sdora@example.com,7620864504,Panvel,Telangana,843690,2025-05-22,referral,VIP,False
CST3284,Lekha Bava,msura@example.org,5594463095,Coimbatore,Uttar Pradesh,255268,2025-07-10,social,VIP,True
CST3285,Omya Murthy,imaran24@example.org,7057507360,Uluberia,Goa,729332,2025-11-27,social,VIP,True
CST3286,Unnati Dar,tsrinivas@example.com,08333215396,Panchkula,Jharkhand,421054,2024-07-12,email,Regular,True
CST3287,Parth Subramaniam,boralaksh@example.org,5028579719,Medininagar,Uttar Pradesh,651511,2025-04-24,paid_search,Premium,True
CST3288,Faras Tara,girishdoctor@example.com,09635992976,Siwan,Himachal Pradesh,950871,2026-05-26,email,VIP,False
CST3289,Alexander Din,adwetadhillon@example.net,+916959293993,Hosur,Tripura,992081,2024-03-20,organic,VIP,True
CST3290,Yashodhara Virk,gangulychandani@example.org,3929577033,Ichalkaranji,Madhya Pradesh,927181,2023-11-29,paid_search,Premium,True
CST3291,Dakshesh Loyal,sai83@example.net,0495973361,Eluru,Nagaland,057095,2025-03-08,social,Regular,False
CST3292,Vamakshi Chaudry,arjun81@example.org,8468425080,Baranagar,Uttarakhand,633005,2026-05-26,email,VIP,True
CST3293,Sathvik Samra,eshana38@example.net,+912368556774,Bijapur,Mizoram,893112,2024-08-17,social,Regular,True
CST3294,Aditya Pandya,sanghviryan@example.org,+918325443681,Hosur,Himachal Pradesh,602974,2026-06-21,organic,Regular,False
CST3295,Bhanumati Dhar,wardaarya@example.org,+916903616873,Bidar,Sikkim,441448,2025-10-10,paid_search,Premium,True
CST3296,Meghana Sen,brijeshsane@example.com,0562306465,Ramgarh,Nagaland,057121,2025-02-09,paid_search,VIP,True
CST3297,Lucky Dayal,jhavrishti@example.org,+919852337226,Jalna,Sikkim,443479,2026-06-20,paid_search,Premium,True
CST3298,Faraj Sankaran,nakshmani@example.net,07921224360,Thrissur,Sikkim,536261,2026-06-05,paid_search,Regular,True
CST3299,Theodore Sachdev,dhritidash@example.org,09808386000,Eluru,Odisha,832059,2024-03-26,referral,Regular,False
CST3300,William Bose,bhargavafaqid@example.net,+918316366795,Panihati,Telangana,803708,2025-02-15,organic,Regular,True
CST3301,Ishanvi Bumb,meghanalad@example.net,0235974418,Tadipatri,Tripura,358918,2026-06-23,paid_search,Premium,True
CST3302,Idika More,pmadan@example.com,03138009708,Nanded,Gujarat,981938,2025-11-10,organic,Premium,True
CST3303,Tara Chhabra,dominicoza@example.org,0273645869,Thiruvananthapuram,Goa,951136,2025-12-30,social,VIP,True
CST3304,Liam Malhotra,kchandran@example.net,0875780471,Karawal Nagar,Haryana,046440,2026-07-07,referral,Premium,True
CST3305,Ojas Anne,narya@example.net,09448047034,Katni,Tamil Nadu,619098,2025-07-08,paid_search,VIP,True
CST3306,Yauvani Agate,indalikumer@example.com,+916115821455,Bilaspur,Jharkhand,783043,2025-04-24,referral,VIP,False
CST3307,Aadhya Salvi,oeshi21@example.org,00441757626,Silchar,Jharkhand,776009,2026-04-27,referral,VIP,True
CST3308,Onveer Dora,ubhatnagar@example.org,3072724714,Gorakhpur,Rajasthan,685155,2026-04-13,paid_search,Regular,True
CST3309,Jalsa Bedi,avarty@example.net,3677455870,Kolhapur,Haryana,029263,2026-02-28,social,Regular,True
CST3310,Matthew Taneja,vedikabera@example.net,05114649142,Morena,Andhra Pradesh,544617,2025-06-01,referral,Regular,True
CST3311,Rachita Ratti,vdasgupta@example.com,+917336146329,Jalgaon,Manipur,740475,2025-11-24,referral,Regular,True
CST3312,Imaran Shah,sharaffinn@example.org,8374881182,Gangtok,Odisha,291720,2025-11-24,paid_search,Premium,False
CST3313,Yahvi Rau,oommenchandani@example.net,1224330745,Rajkot,Gujarat,113062,2025-04-10,organic,Regular,True
CST3314,Hemani Khare,brindasaraf@example.net,09283209843,Rampur,Tamil Nadu,486981,2024-05-28,email,VIP,True
CST3315,Jyoti Dave,bathquincy@example.net,6505322743,Bahraich,Rajasthan,206132,2024-12-13,social,Premium,False
CST3316,Aradhana Pillay,hardik03@example.com,+916813917605,Tirunelveli,Uttar Pradesh,714511,2025-04-11,referral,VIP,True
CST3317,Hiral Borah,adwetarandhawa@example.net,+916015747917,Bhalswa Jahangir Pur,Andhra Pradesh,139969,2025-12-31,organic,VIP,True
CST3318,Agastya Krishna,balendraghosh@example.org,06852241097,Phagwara,Rajasthan,366521,2025-07-07,organic,VIP,False
CST3319,Dominic Uppal,karafitan@example.org,+918122069118,Vadodara,Haryana,625243,2025-07-15,paid_search,Regular,True
CST3320,Charan Kala,pooja80@example.com,2722818930,Berhampur,Meghalaya,514276,2024-07-24,referral,Regular,False
CST3321,Vamakshi Deo,sneha80@example.org,3421846882,Maheshtala,Rajasthan,728839,2023-09-01,social,Regular,True
CST3322,Kavya Kala,aradhana74@example.org,+916134926936,Muzaffarnagar,Goa,181411,2025-09-02,paid_search,VIP,True
CST3323,Abhiram Badal,pinglepahal@example.net,+913030430929,Farrukhabad,Madhya Pradesh,953356,2024-11-27,organic,Premium,True
CST3324,Dhruv Sekhon,wrideshsen@example.net,9236806362,Karimnagar,Tamil Nadu,826327,2026-02-07,social,Premium,True
CST3325,Ranbir Mangal,adya93@example.org,+914762045916,Pali,Telangana,596866,2024-06-28,email,VIP,True
CST3326,Ladli Kamdar,rsingh@example.com,02087730615,Firozabad,Madhya Pradesh,652237,2026-02-02,organic,VIP,False
CST3327,Aadi Bose,tanvi78@example.org,+910281092895,Gwalior,Punjab,638499,2025-08-25,organic,Regular,True
CST3328,Raghav Agate,ucchal21@example.com,0036168927,Nangloi Jat,Odisha,149592,2023-11-14,email,VIP,False
CST3329,Max Mahal,chaudrymaanas@example.com,06863076385,Madhyamgram,Goa,387268,2025-12-29,paid_search,Regular,False
CST3330,Gagan Dixit,vbala@example.net,5501155127,Gurgaon,Maharashtra,982085,2025-01-05,organic,Premium,False
CST3331,Jonathan Tak,jack04@example.net,02979707599,Jalandhar,Karnataka,248340,2025-01-29,social,Regular,False
CST3332,Omya Srinivasan,upma81@example.org,03136558345,Mathura,Rajasthan,432948,2026-03-30,social,VIP,False
CST3333,Anmol Rout,harinakshiramachandran@example.net,+917152856827,Deoghar,West Bengal,087581,2025-05-27,paid_search,VIP,True
CST3334,Rishi Reddy,anirudhvohra@example.net,3543550565,Kollam,Andhra Pradesh,098625,2023-09-10,email,VIP,True
CST3335,Eshana Dara,emani@example.org,1778811264,Dehri,Mizoram,843283,2025-04-11,email,VIP,True
CST3336,Barkha Hegde,idass@example.org,+918666909026,Arrah,Chhattisgarh,700187,2025-05-15,email,Premium,False
CST3337,Forum Sodhi,ekothari@example.net,00873586652,Barasat,Mizoram,945600,2026-07-15,email,Regular,True
CST3338,Sanaya Om,ekani48@example.com,01972243795,Shahjahanpur,Mizoram,863128,2024-03-10,paid_search,Premium,False
CST3339,Chaman Mukhopadhyay,indirabaria@example.org,07260081697,Bidhannagar,Mizoram,108515,2025-01-12,organic,Premium,True
CST3340,Adweta Chana,ukapoor@example.org,00366056368,Thiruvananthapuram,Maharashtra,724871,2024-11-19,organic,Premium,False
CST3341,Arin Arya,falandugar@example.org,2007347363,Aizawl,Chhattisgarh,141078,2024-10-17,paid_search,Premium,False
CST3342,Kabir Baral,nishasuri@example.net,3394410592,New Delhi,Chhattisgarh,896902,2025-06-12,social,Premium,True
CST3343,Pahal Pillay,ladli71@example.org,09223529273,Nizamabad,Telangana,386035,2024-06-10,email,Regular,False
CST3344,Yashasvi Dutta,jasonranganathan@example.com,1731092401,Nagaon,Telangana,123144,2023-09-11,social,Premium,True
CST3345,Rohan Wali,david64@example.net,08560246458,Hubli–Dharwad,Goa,529636,2024-04-26,paid_search,Regular,True
CST3346,Bhavani Bains,pradhanrishi@example.org,08803267476,Naihati,Karnataka,794561,2024-04-13,email,Regular,True
CST3347,Zayyan Karnik,shenoyvarenya@example.com,08445218769,Morbi,Tripura,500846,2024-07-30,paid_search,VIP,True
CST3348,Nilima Bhardwaj,qpurohit@example.net,+910521280788,Ulhasnagar,Rajasthan,573561,2024-12-30,paid_search,VIP,False
CST3349,Harshil Sood,oviyabora@example.com,+919760587496,Gudivada,Uttarakhand,822938,2024-01-20,referral,Premium,True
CST3350,Zaid Agate,dnarasimhan@example.com,7575813661,Raichur,Assam,582454,2024-01-04,email,Premium,True
CST3351,Yadavi Sabharwal,kavyakothari@example.com,+911799721154,Alappuzha,Gujarat,247706,2024-08-07,social,Premium,True
CST3352,Eesha Chander,emandal@example.net,+918524042303,Bihar Sharif,Karnataka,513890,2024-08-04,organic,Regular,True
CST3353,Yashica Sachar,ishan@example.org,+915031766441,Kumbakonam,Odisha,469829,2025-05-27,email,VIP,False
CST3354,Dhruv Mishra,ssaraf@example.org,5661798139,Secunderabad,Manipur,124534,2023-11-09,referral,VIP,True
CST3355,Sanya Gandhi,ekalingapathak@example.net,+910725451025,Vijayawada,Bihar,319932,2026-06-08,email,VIP,True
CST3356,Nisha Thakkar,gauri50@example.org,4281478201,Asansol,Madhya Pradesh,913124,2025-07-29,paid_search,Premium,True
CST3357,Ekiya Sur,munichameli@example.com,0051216298,Jalandhar,Odisha,097196,2024-03-11,referral,VIP,True
CST3358,Atharv Bera,zilmil72@example.com,+911617918145,Tadepalligudem,Karnataka,184806,2025-09-25,paid_search,Premium,True
CST3359,Bina Chacko,abal@example.net,03359569227,Malda,Odisha,713451,2023-09-16,referral,VIP,False
CST3360,Rehaan Puri,qarin79@example.com,07777598777,Aurangabad,Himachal Pradesh,728571,2025-11-03,social,VIP,True
CST3361,Rachit Narang,ykakar@example.org,03943242674,Raichur,Madhya Pradesh,280823,2024-01-13,paid_search,Premium,True
CST3362,Qabil Bhavsar,nandajhalak@example.com,+915520139375,Tiruppur,Goa,011074,2024-10-24,organic,Regular,True
CST3363,George Badami,inayaratta@example.org,+917051331144,Davanagere,Tripura,609113,2024-03-12,organic,Premium,True
CST3364,Odika Buch,yadavi95@example.org,03196073964,Tumkur,Tripura,211039,2026-05-01,paid_search,VIP,True
CST3365,Libni Bakshi,ayushkamdar@example.net,8415019525,Darbhanga,Jharkhand,933122,2025-12-07,email,Premium,True
CST3366,Eshana Yadav,timothy72@example.org,+918019301360,Vasai-Virar,Chhattisgarh,953886,2023-09-13,paid_search,VIP,True
CST3367,Faras Lala,qramanathan@example.net,2540237391,Gaya,Bihar,025674,2023-09-09,social,Premium,True
CST3368,Azaan Mandal,nchatterjee@example.org,07209338242,Kumbakonam,Kerala,456449,2024-12-09,organic,Regular,True
CST3369,Bhanumati Halder,lkhare@example.net,05570520916,Mangalore,Telangana,574853,2024-12-02,paid_search,Regular,False
CST3370,Lopa Batra,rajuwahab@example.com,+917899533927,Ballia,Tripura,135680,2023-11-28,paid_search,VIP,True
CST3371,Oviya Sane,xrau@example.com,+912221748829,Raebareli,Tripura,738364,2025-08-03,referral,Premium,True
CST3372,Balendra Sama,nadkarniupadhriti@example.org,+919807064903,Begusarai,Telangana,646237,2024-11-19,email,Premium,False
CST3373,Irya Madan,kavyadoshi@example.com,03020154179,Asansol,Himachal Pradesh,698568,2026-01-04,social,Premium,True
CST3374,Kevin Mandal,gdugar@example.com,+918387073431,Aizawl,Uttarakhand,741345,2025-03-13,email,VIP,False
CST3375,Laban Ganesh,kamala77@example.net,+912764282029,Patiala,Andhra Pradesh,886909,2025-05-16,paid_search,Premium,True
CST3376,Chavvi Naik,akshay18@example.net,4161506628,Rajkot,Himachal Pradesh,816325,2026-02-28,paid_search,Premium,True
CST3377,Yahvi Manda,ucchalmanda@example.org,+917307004634,Avadi,Mizoram,428763,2025-09-25,referral,Premium,False
CST3378,Ojasvi Kumer,hamsini84@example.com,5701049788,Saharanpur,Telangana,401297,2026-05-27,organic,Premium,True
CST3379,Eiravati Goel,ishanvi31@example.net,2415231163,Pallavaram,Odisha,891138,2026-07-27,referral,Premium,False
CST3380,Abeer Madan,diyamukherjee@example.org,08309232961,Kozhikode,Arunachal Pradesh,000053,2026-02-11,referral,VIP,True
CST3381,Anusha Nath,viraj43@example.org,6466955841,Imphal,Meghalaya,431554,2023-09-22,social,Premium,True
CST3382,Harita Gill,mitalchatresh@example.net,7119518510,Ichalkaranji,Punjab,822404,2026-01-06,organic,VIP,True
CST3383,Nimrat Chandran,wbehl@example.com,7712548792,Panihati,West Bengal,277486,2025-06-10,email,Regular,False
CST3384,Warda Varty,swamyekiya@example.net,+916250551297,New Delhi,Madhya Pradesh,599131,2024-02-28,referral,Premium,True
CST3385,Mugdha Biswas,ubatta@example.net,3458748301,Burhanpur,Gujarat,138343,2025-09-18,referral,Regular,False
CST3386,Faris Dugal,triyaganesh@example.org,04728620195,Jalandhar,Arunachal Pradesh,313620,2026-01-24,referral,VIP,True
CST3387,Forum Sen,hswaminathan@example.net,01635470066,Bikaner,Assam,665957,2026-06-13,referral,VIP,True
CST3388,Theodore Padmanabhan,lalaabdul@example.org,+915411875637,Bulandshahr,Telangana,216515,2023-09-05,paid_search,Premium,True
CST3389,Jagdish Bajaj,nitesh94@example.org,+911149296608,Kakinada,Gujarat,998769,2025-05-01,email,VIP,True
CST3390,Ranbir Cheema,charita04@example.org,07622789464,Thanjavur,Rajasthan,742101,2023-09-28,organic,Regular,True
CST3391,Zehaan Kala,omya82@example.com,+910176423944,Gorakhpur,Gujarat,413597,2024-05-12,social,VIP,True
CST3392,Mohammed Dara,lgolla@example.net,09538413923,Sikar,Gujarat,462469,2024-01-27,organic,Premium,True
CST3393,Nilima Bajwa,pdas@example.net,04511636518,Sagar,Bihar,300380,2025-02-09,social,Regular,True
CST3394,Zaid Dixit,harya@example.org,5525207588,Dewas,Telangana,568330,2026-03-24,referral,VIP,False
CST3395,Ojasvi Zacharia,thamanosha@example.org,1454062772,Bally,Nagaland,928884,2023-11-04,social,Premium,True
CST3396,Megha Vala,joshibalhaar@example.org,+911398761013,Bangalore,Bihar,556426,2024-11-23,social,Regular,True
CST3397,Devika Ganesh,falan49@example.com,04596318076,Varanasi,Tamil Nadu,108683,2026-02-15,paid_search,Premium,True
CST3398,Ria Chanda,pushti95@example.net,04374524487,Anantapuram,Bihar,582747,2023-11-21,social,Premium,True
CST3399,Dhriti Krishnan,esubramanian@example.net,08274634232,Nagpur,Tripura,054878,2024-03-03,paid_search,Regular,True
CST3400,Yashasvi Memon,charan56@example.org,+916182288992,Udupi,Kerala,335184,2024-06-10,email,VIP,True
CST3401,Ria Brahmbhatt,toorveer@example.com,9164320796,North Dumdum,Odisha,282526,2025-09-04,paid_search,Premium,True
CST3402,Jagvi Radhakrishnan,sanebrijesh@example.net,2367376738,Suryapet,Gujarat,822932,2024-02-23,paid_search,VIP,False
CST3403,Chandresh Chanda,manbirraj@example.net,1051890273,Nandyal,Madhya Pradesh,065197,2023-12-13,paid_search,Regular,True
CST3404,Ladli Shah,mohini74@example.com,5058561119,Kozhikode,Madhya Pradesh,786199,2026-01-05,paid_search,VIP,True
CST3405,Nachiket Nazareth,murtyaradhana@example.org,5502395098,Dharmavaram,Mizoram,542021,2024-07-03,social,Premium,True
CST3406,Priya Chand,nkalla@example.org,9697518419,Tadepalligudem,Assam,062820,2024-11-02,referral,VIP,False
CST3407,Reva Korpal,darpan58@example.net,+917325239918,Kurnool,Punjab,836459,2024-12-05,paid_search,Regular,False
CST3408,Chameli Baral,advikwadhwa@example.org,01599437670,Latur,Arunachal Pradesh,138852,2026-02-04,paid_search,Regular,True
CST3409,Quincy Dhillon,semdeepa@example.net,9317349313,Davanagere,West Bengal,659549,2026-07-16,social,VIP,True
CST3410,Dhruv Suresh,varshasarin@example.net,4051334993,Kolhapur,Karnataka,067009,2024-08-21,email,VIP,False
CST3411,Neha Oommen,ishita31@example.net,04348446044,Aurangabad,Uttar Pradesh,415606,2024-07-08,social,Premium,True
CST3412,Yagnesh Dhillon,vanshabaria@example.net,+919073260914,Morena,Bihar,380882,2025-03-06,referral,VIP,True
CST3413,Naksh Handa,akrishnan@example.net,06731853174,Dindigul,Uttar Pradesh,842503,2023-09-04,email,Premium,True
CST3414,Eta Talwar,triya40@example.com,7558413531,Serampore,Uttar Pradesh,348215,2024-08-24,organic,Premium,False
CST3415,Faras Ghosh,sakshamgopal@example.net,+919621928127,North Dumdum,Kerala,793580,2026-06-22,email,VIP,True
CST3416,Upadhriti Keer,gunbir22@example.net,02459419394,Mysore,Chhattisgarh,129488,2025-09-17,email,Premium,False
CST3417,Chakrika Saini,asarna@example.org,+910324765688,Hazaribagh,Goa,250832,2025-06-21,referral,VIP,True
CST3418,Qarin Gill,brardayita@example.org,0260759790,Jabalpur,Manipur,293072,2024-08-08,referral,Premium,True
CST3419,Zarna Ganesan,pmurthy@example.org,4565954674,Gangtok,Arunachal Pradesh,586264,2026-03-19,email,VIP,True
CST3420,Chameli Bakshi,shenoyvasudha@example.com,04890221563,Vasai-Virar,Punjab,990168,2025-07-10,referral,Premium,True
CST3421,Advik Kant,lchadha@example.net,00151770215,Kottayam,Uttar Pradesh,336838,2025-05-17,paid_search,Regular,True
CST3422,Jagat Venkatesh,fitanchopra@example.com,3819379151,Bilaspur,Karnataka,188132,2026-03-01,social,Regular,True
CST3423,Forum Pingle,qsani@example.net,06729860939,Katihar,Jharkhand,292441,2025-10-03,organic,Premium,True
CST3424,Jeet Ganguly,tnagar@example.org,8492806172,Danapur,Bihar,783962,2024-03-26,social,Regular,True
CST3425,Veer Nazareth,morararunima@example.org,01436080841,Narasaraopet,Gujarat,300483,2026-07-14,social,Regular,True
CST3426,Bhavika Mannan,gavin23@example.net,+913369052618,Nanded,Gujarat,271827,2023-09-17,organic,Premium,True
CST3427,Krishna Gulati,lankaneel@example.org,01664292085,Sasaram,Bihar,059219,2024-01-20,social,Regular,False
CST3428,Hitesh Sur,falanbatra@example.net,6309810411,Surendranagar Dudhrej,Sikkim,478418,2024-06-28,paid_search,Regular,True
CST3429,Gaurika Deshmukh,garya@example.net,+914815268025,Hosur,Gujarat,677297,2025-07-24,organic,VIP,True
CST3430,Jack Sahni,jaiwali@example.org,03801240145,Jodhpur,Odisha,478693,2024-07-30,social,Premium,False
CST3431,Michael Shukla,hthaman@example.org,+910168367069,Kolhapur,Tripura,622534,2024-04-30,social,VIP,True
CST3432,Riya Sarna,anaynarayan@example.org,06366552752,Phusro,Gujarat,996931,2025-03-15,social,Regular,True
CST3433,Meera Jani,dipta57@example.net,+916291072416,Vellore,Arunachal Pradesh,971977,2026-08-27,paid_search,VIP,True
CST3434,Triya Viswanathan,darsh04@example.com,03620880584,Latur,Uttarakhand,451970,2023-12-30,email,VIP,True
CST3435,Amol Swamy,bhavnanagarajan@example.net,04935837586,Udupi,Rajasthan,822376,2025-11-10,organic,VIP,True
CST3436,Lekha Chakrabarti,jairaj36@example.com,+919992686481,Kanpur,Uttar Pradesh,790308,2025-11-20,referral,Premium,False
CST3437,Raksha Madan,utkarshkashyap@example.net,2479559779,Udaipur,Kerala,598948,2023-10-03,referral,Regular,True
CST3438,Bhanumati Basak,rajajackson@example.net,05833576705,Jorhat,Arunachal Pradesh,029859,2026-03-19,social,VIP,True
CST3439,Quincy Taneja,kavya89@example.net,07348299807,Meerut,Andhra Pradesh,445075,2023-12-31,referral,Premium,True
CST3440,Bhavya Sarna,vanyabedi@example.org,+916929734807,Bareilly,Assam,109141,2025-03-07,organic,VIP,True
CST3441,Yadavi Chowdhury,pranitchana@example.com,01757698930,Jodhpur,Karnataka,682918,2024-03-24,email,Regular,True
CST3442,Dhruv Wable,xraghavan@example.net,5092287799,Danapur,Sikkim,318159,2026-05-25,referral,Premium,True
CST3443,Warjas Kalla,charchakradev@example.net,0364403538,Kumbakonam,Tripura,176783,2025-05-22,social,VIP,False
CST3444,Arunima Rajan,abhiramhayer@example.com,04032529259,Bhusawal,Assam,304882,2023-09-09,social,VIP,True
CST3445,Riya Mall,hritik53@example.net,6040290403,Bharatpur,Andhra Pradesh,424003,2024-05-27,email,VIP,True
CST3446,Agastya Keer,waidabalan@example.org,+910450301472,Allahabad,Uttar Pradesh,021719,2024-10-22,social,Regular,True
CST3447,Tanmayi Badal,chakradhartalwar@example.org,+917375768129,Ramgarh,Uttar Pradesh,293855,2024-08-05,email,Regular,False
CST3448,Divya Hegde,robert07@example.com,00884635778,Hyderabad,Andhra Pradesh,051388,2025-08-24,paid_search,Regular,True
CST3449,Ryan Chandra,sudiksha03@example.com,02252807637,Bahraich,West Bengal,742888,2025-04-05,email,VIP,True
CST3450,Nachiket Seth,mranganathan@example.com,07602726336,Etawah,Meghalaya,783553,2026-03-18,paid_search,VIP,True
CST3451,Bakhshi Sachdev,daksh46@example.org,8137226856,Tiruchirappalli,Karnataka,669461,2025-04-05,social,Regular,False
CST3452,Darika Desai,yuvrajchoudhry@example.net,+914930922038,Kharagpur,Odisha,686986,2026-02-22,organic,VIP,True
CST3453,Jeremiah Reddy,patilbhavya@example.net,1725851015,Patiala,Uttarakhand,833681,2023-10-16,email,Premium,True
CST3454,Veda Grewal,leena40@example.org,08211884996,Latur,Tripura,516696,2024-03-31,organic,VIP,True
CST3455,Yashvi Parikh,karfalguni@example.org,+915335466006,Khammam,Uttar Pradesh,718820,2024-08-03,social,VIP,True
CST3456,Waida Thaman,udantwadhwa@example.com,02021781321,Bally,Jharkhand,012921,2025-04-08,organic,Regular,True
CST3457,Dhriti Deep,ranbir30@example.net,04063943114,Buxar,Sikkim,815504,2025-04-14,referral,VIP,True
CST3458,Waida Kibe,agarwalnicholas@example.org,+915616263683,Udupi,Jharkhand,134663,2025-05-04,referral,Regular,True
CST3459,Bahadurjit Apte,hyogi@example.com,09113009114,Farrukhabad,Andhra Pradesh,948862,2026-08-18,paid_search,VIP,True
CST3460,Yachana Rau,upkaar77@example.net,8118367682,Lucknow,Assam,846062,2023-11-30,email,Premium,True
CST3461,Nidra Pai,hjayaraman@example.com,1597227657,Pondicherry,Mizoram,855633,2025-02-03,social,VIP,True
CST3462,Januja Murty,rajeshridixit@example.org,02136864239,Bidar,Madhya Pradesh,015815,2025-08-25,paid_search,VIP,True
CST3463,Amaira Zachariah,chanchal38@example.org,+915483680813,Sambalpur,Maharashtra,129863,2024-07-09,organic,Regular,False
CST3464,Nakul Om,ekapad04@example.net,5327409661,Bhalswa Jahangir Pur,Chhattisgarh,722262,2024-10-07,paid_search,Regular,True
CST3465,Nathan Iyengar,minhasvansha@example.org,9281141569,Chittoor,Himachal Pradesh,977467,2023-08-31,email,Regular,True
CST3466,Aadi Bhavsar,vhans@example.com,8893112911,Solapur,Odisha,461101,2026-03-10,organic,Premium,True
CST3467,Siya Pai,bumbamrita@example.com,03194659214,Dharmavaram,Uttarakhand,742026,2024-10-01,organic,VIP,False
CST3468,Mekhala Mani,kalabarad@example.com,1289817865,Bardhaman,Tamil Nadu,460141,2025-10-08,social,Regular,True
CST3469,Shivani Bora,isaiahprabhakar@example.org,0776372556,Imphal,Mizoram,446402,2024-08-10,social,VIP,True
CST3470,Chandran Bajwa,jack66@example.com,+914728149198,Bally,Bihar,815514,2026-06-24,organic,VIP,True
CST3471,Darsh Swamy,laban20@example.net,+911084731465,Bulandshahr,Maharashtra,566318,2025-12-07,organic,Regular,True
CST3472,Wyatt Memon,qkapadia@example.org,2998835902,Avadi,Tripura,174787,2024-03-23,email,Regular,True
CST3473,Dakshesh Palla,qmenon@example.net,+916193967681,Agra,Himachal Pradesh,719693,2026-05-25,social,VIP,True
CST3474,Mitesh Seth,gabriel13@example.org,+918730997637,Mirzapur,Kerala,676691,2026-03-10,email,Regular,True
CST3475,Krisha Dhawan,januja63@example.com,3569038065,Arrah,Tripura,812028,2023-12-08,organic,VIP,True
CST3476,Pooja Palla,divya82@example.com,6835096457,Bettiah,Goa,396055,2024-10-06,paid_search,VIP,True
CST3477,Faraj Balan,qmaharaj@example.org,+913679259228,Hosur,Jharkhand,610424,2025-10-29,email,VIP,True
CST3478,Aarini Ben,sethihema@example.net,06553834463,Ongole,Tamil Nadu,447453,2026-01-24,social,VIP,True
CST3479,Pranit Subramanian,adwetadalia@example.org,8761252695,Gandhinagar,Meghalaya,685795,2025-09-17,paid_search,VIP,True
CST3480,Harshil Mukhopadhyay,amrutachander@example.org,+911004398265,Avadi,Uttar Pradesh,618644,2025-09-16,paid_search,Premium,False
CST3481,Balvan Pillai,kapurjagvi@example.org,6742408230,Tiruchirappalli,Himachal Pradesh,554680,2024-09-09,paid_search,Regular,False
CST3482,Libni Zacharia,dayamaimody@example.org,04348159116,Sangli-Miraj & Kupwad,Telangana,986422,2024-11-06,referral,Regular,True
CST3483,Samaksh Srinivas,leela46@example.com,+914582172733,Shahjahanpur,Assam,255366,2024-04-02,referral,Premium,True
CST3484,Suhani Varma,zpall@example.org,+913596845302,Cuttack,Telangana,132390,2025-09-19,referral,Premium,False
CST3485,Harsh Zachariah,zkhanna@example.net,+911994811289,Bathinda,Tripura,516397,2023-08-30,organic,Regular,False
CST3486,Yashvi Munshi,bdugal@example.org,9550772983,Gopalpur,Punjab,412664,2024-05-17,social,Premium,False
CST3487,Vanya Patla,harinakshidesai@example.net,09723972920,Rajpur Sonarpur,Himachal Pradesh,014651,2025-05-26,paid_search,VIP,True
CST3488,Ryan Golla,kashvideep@example.com,1749793009,Kottayam,Tripura,075119,2026-06-16,email,Regular,False
CST3489,Oeshi Virk,khans@example.net,07814237937,Patna,Uttarakhand,177211,2024-06-11,email,Regular,True
CST3490,Manan Upadhyay,joshua74@example.net,+918188750691,Bidhannagar,Haryana,394664,2023-09-02,referral,VIP,True
CST3491,Ira Virk,ktalwar@example.org,9229068907,Pudukkottai,Goa,702157,2024-03-08,referral,VIP,True
CST3492,Yashoda Mahal,harshil90@example.net,6816200090,Latur,Uttar Pradesh,548538,2024-07-10,referral,Regular,True
CST3493,Balendra Keer,hemangdeo@example.org,0593042118,Uluberia,Assam,718580,2023-12-22,organic,VIP,True
CST3494,Ikshita Menon,mukhopadhyayharsh@example.com,7062419601,Mahbubnagar,Odisha,644825,2024-10-19,organic,Regular,True
CST3495,Qushi Kaul,yashvi07@example.org,+919164030820,Etawah,Meghalaya,080351,2025-09-22,organic,VIP,True
CST3496,Arjun Char,reddysara@example.net,+914437584609,Gandhidham,Andhra Pradesh,359073,2024-11-06,email,Premium,True
CST3497,Imaran Sheth,anamikamall@example.com,02783845385,Amroha,Punjab,452038,2026-03-25,social,VIP,True
CST3498,Unnati Butala,dubegopal@example.net,+916560497319,Bhavnagar,Jharkhand,518467,2025-02-05,social,Regular,True
CST3499,Mohini Gopal,theodorekorpal@example.org,06776944405,Katni,Rajasthan,320381,2024-07-05,paid_search,Premium,True
CST3500,Ikbal Varughese,hbatta@example.com,+916537825878,Chapra,Madhya Pradesh,073975,2024-02-11,social,Premium,True
CST3501,Ekansh Barad,qborra@example.org,+915696967295,Delhi,West Bengal,428980,2026-08-26,paid_search,Premium,True
CST3502,Qushi Madan,devrastogi@example.net,01328188589,Tumkur,Punjab,516941,2024-12-23,email,VIP,True
CST3503,Yochana Zacharia,msura@example.net,09315702169,Hazaribagh,West Bengal,750882,2024-05-25,referral,Regular,True
CST3504,Vasudha Dora,ekta79@example.com,+910922072092,Ujjain,Himachal Pradesh,249455,2025-01-27,social,Regular,True
CST3505,Vasudha Balakrishnan,settyaahana@example.com,8510928708,Singrauli,Gujarat,451662,2025-03-04,social,VIP,True
CST3506,Nidhi Basak,tparmer@example.org,8236877174,Amaravati,Assam,715428,2026-07-22,referral,Regular,False
CST3507,Jyoti Agarwal,mkapadia@example.net,+913350653246,Adoni,Andhra Pradesh,661748,2024-09-30,email,Premium,True
CST3508,Hamsini Brar,ati10@example.org,+912941569896,Mangalore,Chhattisgarh,884707,2026-02-15,organic,Regular,True
CST3509,Ridhi Sodhi,praneel36@example.com,6033672562,Amaravati,Tripura,918391,2025-07-05,referral,VIP,True
CST3510,Girik Goda,ekapad61@example.net,+914300380319,Kulti,Assam,668492,2025-12-29,email,Premium,True
CST3511,Aarnav Comar,chaitaly56@example.org,05091005721,Satara,Arunachal Pradesh,470963,2025-11-18,referral,Regular,True
CST3512,Nicholas Yohannan,nathan14@example.net,5992589731,Danapur,Tamil Nadu,568155,2026-02-28,social,Premium,True
CST3513,Anya Bawa,deepbrijesh@example.net,9999925396,Siwan,Tripura,595784,2024-12-14,email,Regular,True
CST3514,Upasna Tank,vedapalan@example.org,+910445445909,Raurkela Industrial Township,Andhra Pradesh,402853,2024-06-14,organic,Regular,True
CST3515,Rudra Yogi,sanghvichatresh@example.org,6499204023,Varanasi,West Bengal,925591,2023-12-19,organic,VIP,True
CST3516,Aachal Mukhopadhyay,prashaddaniel@example.net,05065747111,Mira-Bhayandar,Goa,190825,2026-04-05,organic,Regular,True
CST3517,Aryan Chaudhari,contractorjagdish@example.net,+917768649765,Mango,Uttarakhand,223514,2025-03-29,referral,Premium,False
CST3518,Pavani Kata,madanjagdish@example.net,00923862026,Nangloi Jat,Manipur,226912,2024-07-19,organic,VIP,True
CST3519,Udant Saraf,veda91@example.org,+918333980452,Danapur,Mizoram,552241,2025-12-05,paid_search,VIP,True
CST3520,Vaishnavi Sekhon,aradhanasarraf@example.org,+917536234747,Sultan Pur Majra,Madhya Pradesh,514868,2024-09-02,paid_search,Premium,False
CST3521,Caleb Golla,nbumb@example.org,04282602051,Darbhanga,Jharkhand,452576,2025-01-16,organic,Premium,False
CST3522,Neel Andra,chowdhurygirik@example.com,6659862910,Tiruppur,Tripura,508143,2025-03-19,email,Regular,True
CST3523,Prisha Mand,katadalbir@example.com,+918199751500,Ujjain,Kerala,777120,2026-07-14,paid_search,Premium,True
CST3524,Sneha Misra,sanesamuel@example.org,7230681608,Pudukkottai,Sikkim,497870,2024-05-25,paid_search,VIP,False
CST3525,Bimala Bala,triya40@example.net,2411428401,Hajipur,Mizoram,398594,2024-12-18,organic,VIP,True
CST3526,William Madan,lakshchaudhuri@example.net,+911424549454,Raichur,Kerala,810815,2023-10-14,paid_search,Premium,True
CST3527,Onkar Sheth,devankritika@example.net,3011138095,Ghaziabad,Assam,855927,2025-07-08,email,Regular,False
CST3528,Geetika Badal,zparmer@example.com,07539215880,Suryapet,Gujarat,840218,2025-08-24,paid_search,VIP,True
CST3529,Aarini Kalita,hbir@example.com,+911153025038,Berhampore,Mizoram,034727,2024-10-15,social,Regular,True
CST3530,Pavani Contractor,ridhipuri@example.com,03948127082,Kanpur,Sikkim,528814,2024-01-14,email,Premium,False
CST3531,Indali Khurana,dhaliwalkritika@example.net,05844682253,Vijayanagaram,Kerala,268068,2026-02-11,organic,VIP,True
CST3532,Chaitaly Bobal,lekhabajwa@example.net,07421788657,Bhopal,Arunachal Pradesh,210442,2024-06-26,referral,Premium,False
CST3533,Yash Dyal,bahrireva@example.net,08346868056,Kochi,Manipur,961100,2025-10-24,paid_search,Premium,True
CST3534,Balveer Sibal,nishamodi@example.com,00922178820,Mau,Uttar Pradesh,157116,2024-02-27,organic,Premium,True
CST3535,Siya Sastry,atoor@example.net,02626419533,Korba,Telangana,659185,2024-06-29,referral,Regular,False
CST3536,Vinaya Garg,bobalbhavika@example.com,+918085349338,Hyderabad,Himachal Pradesh,020564,2024-02-18,referral,VIP,True
CST3537,Sarthak Chad,kakarsara@example.org,00260831588,Kumbakonam,Chhattisgarh,635621,2026-04-13,paid_search,Premium,True
CST3538,Aachal Swaminathan,godamadhav@example.com,7938998875,Bally,Tamil Nadu,957113,2025-10-31,email,VIP,True
CST3539,Bahadurjit Vaidya,theodorenarain@example.net,+914373851065,Sultan Pur Majra,Gujarat,489474,2026-01-24,referral,VIP,False
CST3540,Yashodhara Malhotra,baghyawati19@example.net,+916591319123,Amritsar,Gujarat,037438,2025-06-09,referral,Premium,True
CST3541,Kala Nadig,dlanka@example.org,1747397715,Bhilai,Bihar,385690,2026-06-06,referral,VIP,True
CST3542,Gunbir Badal,ysankar@example.com,4324116100,Narasaraopet,West Bengal,448511,2024-01-11,email,Regular,True
CST3543,Anita Sarin,teerthseshadri@example.net,05032945305,Surendranagar Dudhrej,Uttarakhand,454429,2025-07-09,email,Regular,True
CST3544,Indrajit Narasimhan,dhingranoah@example.net,08914056791,Loni,Gujarat,417508,2026-07-10,social,VIP,True
CST3545,Ikshita Kumar,opillay@example.net,+915722600492,Gangtok,Bihar,260393,2023-09-12,email,Premium,False
CST3546,Kevin Devan,oscarkarnik@example.net,+916773202604,Gandhinagar,Goa,759924,2025-08-07,paid_search,VIP,False
CST3547,Faraj Brar,wriddhish96@example.net,08733630698,Raebareli,Sikkim,536338,2024-10-30,email,Regular,True
CST3548,Harrison Barman,bimala69@example.com,6798880549,Kurnool,Sikkim,097104,2025-04-29,email,Premium,True
CST3549,Rushil Iyer,alkathakur@example.net,06375298440,Varanasi,Tripura,523949,2025-10-13,paid_search,Regular,True
CST3550,Joshua Shah,sastrylaksh@example.net,+916957698677,Alappuzha,Madhya Pradesh,502053,2026-05-14,organic,Regular,False
CST3551,Vrishti Dar,brahmbhattmeera@example.com,01754403532,Pali,Jharkhand,074370,2025-01-02,paid_search,Regular,True
CST3552,Oni Verma,finnthaker@example.org,4462997389,Gandhidham,Kerala,291553,2026-08-27,social,VIP,True
CST3553,Urvashi Dada,meghana17@example.com,5826853117,Gurgaon,West Bengal,712070,2025-03-09,organic,Regular,True
CST3554,Pahal Reddy,lkhurana@example.org,1322905683,Phusro,Uttarakhand,614336,2024-11-06,email,Premium,True
CST3555,Bhanumati Sem,tanaybhat@example.net,09377808170,Rourkela,Mizoram,709920,2024-10-07,organic,VIP,True
CST3556,Ryan Sen,girik41@example.org,04508326946,Nagercoil,Maharashtra,347300,2026-01-23,organic,VIP,False
CST3557,Wyatt Chatterjee,hamsinisachar@example.net,1528459435,Nagercoil,Manipur,028790,2024-01-22,social,Regular,True
CST3558,Udant Goyal,aarnavkari@example.net,+911054385082,Madanapalle,Uttarakhand,331235,2024-06-13,email,Premium,False
CST3559,Manthan Kuruvilla,bavahemal@example.org,3909738550,Shimla,Himachal Pradesh,441536,2026-07-01,social,VIP,True
CST3560,Yachana Tank,upadhyayqarin@example.net,02619468015,Uluberia,Kerala,516024,2026-08-07,social,Premium,False
CST3561,Anvi Desai,zayan99@example.net,06173684139,Nagaon,Karnataka,131540,2026-07-25,organic,Premium,False
CST3562,Rachana Mohanty,nimratom@example.org,3316112570,Agra,West Bengal,789962,2024-03-03,social,Premium,True
CST3563,Geetika Ganguly,oscar55@example.net,+913564073892,Ahmednagar,Odisha,171034,2024-10-20,referral,Regular,True
CST3564,Nihal Dhillon,chaayasetty@example.com,+918046632263,Satna,Gujarat,911119,2024-08-10,email,Regular,True
CST3565,Advik Tara,cmammen@example.com,+914173340502,Mathura,Andhra Pradesh,026602,2026-02-17,organic,Regular,True
CST3566,Vrinda Dua,chakrabartinilima@example.net,8856995153,Udaipur,Andhra Pradesh,110273,2026-08-20,organic,Premium,True
CST3567,Indali Kumar,pbabu@example.com,+918977620781,Nagaon,Karnataka,863423,2023-09-02,social,Regular,True
CST3568,Falak Sawhney,karati@example.org,+919975151535,Madurai,Punjab,731689,2025-11-11,referral,Regular,False
CST3569,Frado Bhandari,fchacko@example.net,+911197978097,Phusro,Assam,059154,2026-01-06,paid_search,Premium,True
CST3570,Bhanumati Sagar,zaitratiwari@example.net,+916117032829,Hazaribagh,Sikkim,861233,2025-04-30,referral,Premium,True
CST3571,Eshana Sami,munshiekta@example.org,+913081411994,Saharsa,Punjab,024759,2024-07-10,email,Premium,True
CST3572,Jagvi Gade,sacharmadhav@example.com,+916985794946,Chandigarh,Nagaland,424776,2025-09-12,email,Premium,True
CST3573,Nidra Biswas,ichopra@example.com,5403850872,Sirsa,Uttar Pradesh,910223,2024-04-29,referral,Regular,True
CST3574,Rachita Srinivas,rshah@example.org,+917628029946,Thrissur,West Bengal,591732,2025-01-26,social,VIP,False
CST3575,Aarini Divan,ekbalsekhon@example.com,05581066599,Satna,Assam,687869,2025-03-03,referral,Regular,True
CST3576,Dhruv Kakar,amallick@example.net,7062924233,Guwahati,Rajasthan,225372,2024-11-29,social,VIP,True
CST3577,Lopa Bhattacharyya,watika62@example.net,03348469118,Gurgaon,Andhra Pradesh,281934,2026-07-16,paid_search,Regular,True
CST3578,Gautam Yadav,anirudh86@example.net,01366878386,Kavali,Uttar Pradesh,754595,2025-08-03,social,VIP,True
CST3579,Farhan Savant,xminhas@example.com,+910825482756,Gwalior,Gujarat,021727,2025-10-05,social,VIP,True
CST3580,Jyoti Bassi,wazirsidhu@example.net,00836245625,Amritsar,Chhattisgarh,829341,2024-04-04,paid_search,Regular,True
CST3581,Gunbir Arora,advikbarad@example.org,+911779140408,Ongole,Telangana,372084,2025-02-21,social,Premium,True
CST3582,Chameli Sehgal,brahmbhattchaaya@example.net,+911812748802,Imphal,Manipur,389562,2025-10-15,email,Premium,True
CST3583,Libni Naik,meghayadav@example.net,2299118847,Jodhpur,Arunachal Pradesh,587437,2026-07-25,referral,Regular,True
CST3584,Darpan Sarna,dhawanimaran@example.com,2642907396,Bardhaman,Bihar,833998,2024-10-01,email,Premium,True
CST3585,Hemangini Yogi,tristan26@example.com,05013065336,Farrukhabad,Chhattisgarh,156442,2026-08-08,organic,Premium,True
CST3586,Sathvik Sant,fradomodi@example.org,+914369226334,Darbhanga,Andhra Pradesh,244205,2025-06-17,paid_search,Premium,True
CST3587,Pooja Chawla,soodbhanumati@example.com,6106937263,Shimoga,Bihar,910826,2025-01-19,paid_search,Premium,True
CST3588,Vasatika Tiwari,chaitaly23@example.com,1495794914,Pali,Tamil Nadu,070555,2025-12-24,paid_search,Premium,True
CST3589,Yashvi Ratti,ladli74@example.com,00946385688,Haridwar,Madhya Pradesh,210434,2024-03-30,referral,Regular,True
CST3590,Neel Madan,teerthtata@example.com,01574813502,Akola,Sikkim,572797,2025-10-03,organic,Premium,False
CST3591,Upkaar Soni,mchopra@example.org,2329870056,Coimbatore,Rajasthan,273017,2024-04-11,referral,VIP,True
CST3592,Xiti Mital,edhithadugal@example.org,+914736330002,Jamnagar,Mizoram,793370,2024-07-23,email,Premium,True
CST3593,Kamya Sen,zashilsachdev@example.net,8634586793,Bellary,Nagaland,752669,2026-07-18,email,Regular,True
CST3594,Vrishti Parsa,finn84@example.net,+917881737333,Tiruchirappalli,Mizoram,962990,2025-10-06,organic,VIP,False
CST3595,Radhika Reddy,gopalsunder@example.org,2764143373,Yamunanagar,Rajasthan,723533,2026-07-08,organic,VIP,True
CST3596,Ranveer Chana,xhayer@example.org,+913951284849,Guntakal,Madhya Pradesh,448139,2024-04-01,referral,Premium,True
CST3597,Krishna Dasgupta,bhargavajagat@example.com,0086729954,Rourkela,Jharkhand,581789,2023-09-17,organic,VIP,True
CST3598,Balveer Puri,taknilima@example.com,3389943443,Bhopal,Uttarakhand,379608,2025-10-30,email,Premium,True
CST3599,Charles Goel,dassyadavi@example.com,06154604842,Surendranagar Dudhrej,Punjab,014304,2023-09-02,referral,VIP,False
CST3600,Laban Kala,kbhasin@example.org,3383407981,Hospet,Arunachal Pradesh,935724,2025-02-28,social,VIP,False
CST3601,Elijah Pandit,divyasunder@example.net,00663979732,Tumkur,Karnataka,630660,2024-10-24,referral,Premium,False
CST3602,Onveer Seshadri,inayakale@example.com,08061419459,Nangloi Jat,Bihar,549530,2023-09-04,social,VIP,True
CST3603,Jairaj Sekhon,hritik40@example.org,00367042799,Meerut,Madhya Pradesh,023946,2026-07-03,social,Regular,True
CST3604,Damyanti Chatterjee,urishillalalla@example.net,03217547855,Tumkur,Chhattisgarh,370314,2025-03-28,organic,Premium,True
CST3605,Avni Pillay,henryradhakrishnan@example.net,4489794595,Jaunpur,Tamil Nadu,066071,2024-08-29,email,Premium,True
CST3606,Nitara Radhakrishnan,yachanabuch@example.com,2802029906,Nagpur,Bihar,712592,2025-08-02,paid_search,Premium,True
CST3607,Yash Shenoy,upasnagupta@example.com,5060113607,Mehsana,Assam,019699,2025-10-05,referral,VIP,True
CST3608,Kai Warrior,tripti31@example.org,5048143333,Panchkula,Assam,083835,2026-01-28,paid_search,VIP,True
CST3609,Ronith Balasubramanian,aarushmallick@example.net,1320424755,Mirzapur,Gujarat,671654,2026-05-23,referral,VIP,True
CST3610,Jeremiah Rajagopal,lsinghal@example.org,4557297277,Gopalpur,Assam,570958,2026-05-26,paid_search,Premium,True
CST3611,Tara Babu,fiyaz40@example.org,09398044569,Jehanabad,Assam,000250,2023-09-17,email,VIP,True
CST3612,Nidhi Ratti,ridhi42@example.org,6949592559,Shahjahanpur,West Bengal,115077,2024-07-06,referral,VIP,True
CST3613,Wakeeta Ramaswamy,dassbanjeet@example.com,05534658291,Secunderabad,Mizoram,437798,2025-06-23,paid_search,Premium,False
CST3614,Lakshmi Virk,atitak@example.org,2506242075,Pimpri-Chinchwad,Assam,659712,2026-04-05,organic,Regular,True
CST3615,Damini Dada,cmangal@example.org,+911322599049,Sultan Pur Majra,Himachal Pradesh,499027,2025-08-14,paid_search,Premium,True
CST3616,Anirudh Sinha,ekantika67@example.org,6759535382,Gangtok,Himachal Pradesh,904737,2025-01-30,social,Regular,False
CST3617,Chandani Som,manya21@example.net,+912201930036,Jalna,Tamil Nadu,825554,2025-12-24,referral,Regular,True
CST3618,Anay Gopal,parekhwriddhish@example.net,4701353220,Dharmavaram,Manipur,025601,2026-04-28,organic,VIP,True
CST3619,Nidhi Pillay,dashwidisha@example.org,+914747088006,Mathura,Odisha,191701,2026-04-05,organic,Regular,True
CST3620,Kabir Oza,lavanya74@example.org,+912930291970,Haldia,Odisha,926765,2023-10-13,organic,Regular,True
CST3621,Warda Khare,hmukhopadhyay@example.net,+911274587733,Moradabad,Tripura,479689,2023-08-31,paid_search,Regular,False
CST3622,Aadhya Saha,shivanitailor@example.org,09237262222,Kottayam,Chhattisgarh,963848,2024-02-07,paid_search,Regular,True
CST3623,Aahana Srinivasan,ysen@example.org,4945575677,Ahmednagar,Goa,891582,2025-05-01,social,Premium,False
CST3624,Falak Ramachandran,samarthakkar@example.net,08224366372,Haldia,Madhya Pradesh,934946,2026-05-14,referral,Regular,True
CST3625,Aishani Hegde,saksham65@example.com,2750022342,Nanded,Rajasthan,628543,2025-06-25,paid_search,VIP,True
CST3626,Darsh Sinha,hansjason@example.org,5763057525,Tiruchirappalli,Chhattisgarh,751441,2025-07-17,social,Premium,True
CST3627,Aarush Balasubramanian,chandrafrado@example.org,08655547603,South Dumdum,Andhra Pradesh,254211,2023-11-23,referral,Premium,True
CST3628,Wazir Banik,okeer@example.net,4316010564,Meerut,Tripura,459923,2026-04-23,paid_search,Premium,True
CST3629,Logan Ramanathan,hemanivaidya@example.org,+919432878435,Sultan Pur Majra,Andhra Pradesh,792016,2025-12-21,organic,VIP,True
CST3630,Unnati Sarkar,gaurangupadhyay@example.org,04169739559,Mahbubnagar,Assam,505781,2024-07-20,email,Premium,True
CST3631,Aarna Palla,nehapalla@example.com,4123949375,Meerut,Arunachal Pradesh,877888,2024-01-13,organic,Premium,False
CST3632,Tanish Din,kala16@example.com,+913974302086,Sangli-Miraj & Kupwad,Rajasthan,974927,2023-12-03,referral,VIP,False
CST3633,Siddharth Bandi,ekta45@example.org,+915644179473,Ahmedabad,West Bengal,039642,2023-11-11,organic,Premium,True
CST3634,Mugdha Agarwal,xchadha@example.org,01387200852,Mumbai,Sikkim,245234,2023-12-24,referral,Premium,False
CST3635,Balhaar Gandhi,snaik@example.net,04442435228,Jamnagar,West Bengal,167264,2025-04-24,social,Regular,True
CST3636,Ubika Jha,mahalfrederick@example.org,+913420208755,Kozhikode,Tamil Nadu,980993,2023-12-31,paid_search,Premium,True
CST3637,Chatura Bhatia,gkumer@example.org,9299455258,Nandyal,Andhra Pradesh,432293,2024-01-28,social,Premium,True
CST3638,Zilmil Sur,nidra99@example.net,0703521185,Rajpur Sonarpur,Uttar Pradesh,823094,2025-02-22,organic,Regular,True
CST3639,Karan Chandra,aarushbains@example.org,9036253633,Ratlam,Sikkim,009233,2024-06-21,paid_search,Premium,True
CST3640,Yashvi Singhal,rayanusha@example.com,0753389381,Machilipatnam,Tamil Nadu,716945,2023-12-26,social,Regular,True
CST3641,Henry Basu,yachanasood@example.net,3477707704,Sasaram,Madhya Pradesh,424214,2025-10-29,paid_search,Premium,False
CST3642,Jacob Chokshi,oanne@example.com,+913537638716,Pimpri-Chinchwad,Punjab,371786,2025-07-26,paid_search,Regular,True
CST3643,Christopher Wali,gsundaram@example.com,00488699961,Uluberia,Nagaland,411727,2026-03-09,email,Premium,False
CST3644,Radha Grewal,ijayaatwal@example.com,+917817569138,Malegaon,Punjab,086800,2026-01-25,paid_search,Premium,False
CST3645,Urmi Chaudhary,ykeer@example.net,1202085258,Ludhiana,Nagaland,010010,2024-05-11,referral,Premium,True
CST3646,George Soni,rachitsathe@example.net,08955360768,Hajipur,Assam,333509,2024-12-28,social,VIP,True
CST3647,Avni Chada,girindra80@example.org,+919414210710,Dibrugarh,West Bengal,157310,2024-05-27,referral,Regular,False
CST3648,Jalsa Sen,ayaankarpe@example.org,+919108075680,Hospet,Rajasthan,139744,2025-11-06,organic,VIP,False
CST3649,Balhaar Parmar,kabirchawla@example.org,05686977797,Thrissur,Telangana,095495,2026-04-03,email,VIP,True
CST3650,Anirudh Chana,ssandal@example.org,+919900348232,Anantapur,Odisha,010987,2026-02-13,social,Premium,True
CST3651,Jagat Saha,yachanamann@example.com,+917940159098,Firozabad,Himachal Pradesh,822737,2025-11-20,social,VIP,True
CST3652,Eesha Pal,mohini35@example.org,6217506232,Berhampur,Sikkim,840521,2024-07-15,referral,Regular,True
CST3653,Garima Oza,lohit44@example.com,+916848324936,Warangal,Maharashtra,807274,2025-11-07,paid_search,Regular,True
CST3654,Vincent Sachdeva,rohan26@example.com,2357454334,Bally,Telangana,491326,2025-12-28,social,Premium,False
CST3655,Gaurav Ratta,nissac@example.org,02725100703,Dharmavaram,Gujarat,653090,2024-06-12,referral,Regular,True
CST3656,Indali Sachdeva,leenasubramanian@example.com,01694853332,Karaikudi,Gujarat,322636,2026-03-25,paid_search,Regular,True
CST3657,Aishani Merchant,ishanvi60@example.org,2210320057,Serampore,Mizoram,117709,2026-05-10,paid_search,Premium,True
CST3658,Abdul Raval,frado07@example.org,01311574328,Nanded,Bihar,729964,2026-02-12,social,VIP,True
CST3659,Amara Sawhney,varghesebishakha@example.com,+913687034099,Chandigarh,West Bengal,908787,2025-08-12,social,VIP,True
CST3660,Qabil Naik,owen74@example.org,+912690194922,Ajmer,Gujarat,577031,2026-03-11,social,Regular,True
CST3661,Ethan Subramaniam,wablechakrika@example.com,2516338039,Durg,Odisha,853231,2025-02-11,email,Premium,True
CST3662,Victor Rau,gautami86@example.net,+911918580736,Danapur,Sikkim,720572,2023-09-26,paid_search,VIP,True
CST3663,Devansh Rattan,singhlibni@example.net,02217588597,Dewas,Telangana,504199,2025-04-06,referral,VIP,False
CST3664,Ansh Guha,lopa45@example.com,9577253608,Tenali,Punjab,512809,2024-11-24,social,VIP,True
CST3665,Yuvraj Bora,praneelsingh@example.net,00902000978,Jalandhar,Uttar Pradesh,498906,2025-10-10,referral,Regular,True
CST3666,Ansh Dixit,yoshita48@example.org,9803378559,Aurangabad,Rajasthan,113433,2026-08-23,paid_search,VIP,True
CST3667,Harini Kuruvilla,ldass@example.org,3477994672,Sikar,Chhattisgarh,469829,2026-06-28,email,Premium,True
CST3668,Meera Murthy,cnarain@example.com,+919277098902,Arrah,Uttarakhand,942139,2023-09-15,email,Regular,False
CST3669,Farhan Dua,pahalpandey@example.org,+915144877461,Jamshedpur,Assam,104651,2026-07-30,social,Premium,True
CST3670,Kalpit Vasa,vupadhyay@example.com,9132233207,Pondicherry,Bihar,183039,2026-03-18,organic,VIP,True
CST3671,Dalaja Gara,madanfalguni@example.org,01321124497,Kadapa,Goa,153338,2023-11-14,referral,Premium,True
CST3672,Yatin Naik,trivenigulati@example.org,+918263772681,Burhanpur,Karnataka,747273,2024-08-22,social,Regular,True
CST3673,Peter Sibal,surimahika@example.org,08848538650,Siwan,Meghalaya,818214,2024-02-04,paid_search,Premium,True
CST3674,David Rao,anirudh52@example.org,9478007004,Dhanbad,Assam,202742,2025-05-01,social,VIP,True
CST3675,Logan Kumer,thakerzashil@example.org,6517106177,Madanapalle,Uttarakhand,632278,2026-03-08,referral,VIP,True
CST3676,Harinakshi Kumar,bchandra@example.org,+913877841295,Thiruvananthapuram,Punjab,262981,2025-07-05,organic,Premium,True
CST3677,Bishakha Walia,kalejackson@example.com,07841639966,Bhiwandi,Telangana,106967,2023-10-20,paid_search,Regular,True
CST3678,Chakrika Parikh,dubeyekaja@example.org,+918769847136,Chandigarh,Assam,496896,2024-07-01,paid_search,Regular,True
CST3679,Gautami Gour,ekapadmaharaj@example.org,07781446645,Latur,Telangana,965776,2024-09-06,referral,Regular,True
CST3680,Baghyawati Padmanabhan,swaminathangaurika@example.org,00673648756,Guntur,Odisha,246786,2024-10-31,paid_search,Premium,True
CST3681,Eiravati Sandhu,dyaladvay@example.org,09704284054,Karawal Nagar,Arunachal Pradesh,523634,2025-10-10,social,Regular,True
CST3682,Yatin Bains,isaxena@example.net,01401494988,Loni,Rajasthan,732706,2026-01-07,email,Premium,True
CST3683,Vidhi Sood,elijahkapadia@example.net,01849193275,Amritsar,Punjab,244129,2025-08-06,organic,Premium,True
CST3684,Nicholas Khurana,hshenoy@example.net,+912721455702,Gaya,Tripura,268469,2026-06-21,social,Premium,False
CST3685,David Chand,balendranarayan@example.net,08283809196,North Dumdum,Sikkim,990715,2024-02-03,social,Regular,True
CST3686,Dominic Saxena,karanprabhu@example.org,+913517327460,Nashik,Gujarat,804282,2023-12-29,organic,Premium,False
CST3687,Ucchal Dada,hemang32@example.net,+913703828374,Malegaon,Manipur,543660,2024-06-12,referral,Premium,True
CST3688,Aadi Muni,darika23@example.net,03274191160,Moradabad,Mizoram,402634,2025-04-20,social,Regular,True
CST3689,Aryan Barad,ekalingasharaf@example.com,+912809846066,Bidhannagar,Chhattisgarh,237577,2024-06-12,referral,VIP,True
CST3690,Ubika Kaul,pcherian@example.com,6393822970,Jamshedpur,Manipur,147567,2024-10-13,paid_search,Premium,True
CST3691,Zayyan Shetty,mparmar@example.org,05360512047,Thrissur,Jharkhand,247590,2026-06-06,social,Premium,True
CST3692,Qarin Sood,somandaksh@example.net,04469412527,Rourkela,Uttar Pradesh,932406,2024-02-11,organic,Regular,True
CST3693,Aarush Bandi,golemanthan@example.org,04390922093,Kishanganj,Andhra Pradesh,004894,2025-11-04,organic,VIP,True
CST3694,Gayathri Chanda,mangatharshil@example.com,+919617627685,Tirunelveli,Tripura,734872,2024-03-08,social,Premium,True
CST3695,Balveer Biswas,jhalak95@example.org,03304522399,Coimbatore,Goa,516105,2025-01-20,referral,Regular,True
CST3696,Vasatika Jayaraman,nnarain@example.net,2203560944,Giridih,Gujarat,072056,2024-07-16,referral,Premium,True
CST3697,Logan Ratti,bimala61@example.net,+917066185293,Srinagar,Goa,982172,2024-06-12,organic,VIP,True
CST3698,Harinakshi Chahal,ldoshi@example.com,02623114339,Sultan Pur Majra,Gujarat,045739,2025-08-27,organic,Regular,True
CST3699,Vivaan Iyengar,puriyashica@example.net,02624954966,Karnal,Himachal Pradesh,562835,2024-05-31,social,VIP,True
CST3700,Manya Bora,froy@example.net,+911230107975,Bokaro,Telangana,464265,2025-08-17,referral,VIP,True
CST3701,Libni Bhardwaj,yashica17@example.org,+912993633258,Kozhikode,Maharashtra,622075,2026-08-20,paid_search,VIP,False
CST3702,Yug Raval,mittaldevansh@example.org,+910492877729,Medininagar,Maharashtra,123582,2025-01-16,referral,VIP,True
CST3703,Chakrika Goda,madhavi18@example.com,05709874924,Rampur,Jharkhand,487241,2026-08-14,social,VIP,True
CST3704,Daksh Varty,bhanumati42@example.net,03362584353,Bhusawal,Jharkhand,485232,2026-08-16,email,VIP,True
CST3705,Kashvi Setty,bandichakrika@example.com,00512729969,Anantapuram,Kerala,479501,2023-12-03,referral,Regular,True
CST3706,Gabriel Majumdar,gaganramanathan@example.net,+917123441593,Surendranagar Dudhrej,Uttarakhand,344247,2026-06-15,email,Regular,True
CST3707,Ishani Roy,oscar66@example.org,07494538313,Jamnagar,Tripura,656093,2025-01-26,email,Regular,False
CST3708,Nicholas Baral,qarin29@example.com,02851527068,Aurangabad,Arunachal Pradesh,694129,2023-11-07,organic,VIP,True
CST3709,Gautami Oak,lsastry@example.com,07566046896,Alappuzha,Himachal Pradesh,612802,2025-07-26,social,Premium,True
CST3710,Luke Srinivasan,isaac32@example.org,7124391257,Visakhapatnam,Tamil Nadu,172905,2024-06-11,organic,VIP,True
CST3711,Gagan Magar,girish96@example.net,3582814377,Fatehpur,Meghalaya,938620,2024-03-11,social,Regular,True
CST3712,Janya Garde,aishani24@example.org,+918472815686,Belgaum,Punjab,398951,2023-10-13,organic,Premium,True
CST3713,Omaja Nori,janakijhaveri@example.com,06261879991,Bikaner,Jharkhand,379694,2026-08-15,email,Regular,True
CST3714,Umang Kuruvilla,qadimvenkatesh@example.net,03353040185,Mahbubnagar,Goa,273389,2024-05-30,email,Regular,True
CST3715,Luke Narasimhan,chakrika97@example.org,+914187302448,Kharagpur,Punjab,019668,2026-06-07,paid_search,Premium,True
CST3716,Advay Sampath,jananidass@example.net,04382683470,Amritsar,Jharkhand,838194,2025-12-05,organic,Premium,True
CST3717,Upasna Prabhu,swaminathansamuel@example.net,9777551437,Alwar,Andhra Pradesh,109031,2026-05-21,organic,VIP,False
CST3718,Pooja Sem,radhika98@example.net,+917680709483,Bhiwandi,Manipur,372877,2026-01-12,paid_search,Premium,True
CST3719,Udant De,vermabalendra@example.com,03520080770,Hubli–Dharwad,Uttar Pradesh,220505,2024-06-10,referral,Premium,True
CST3720,Vasudha Sabharwal,frau@example.org,+914294790450,Patiala,Himachal Pradesh,153036,2026-06-18,organic,Regular,True
CST3721,Vrinda Nair,watika39@example.com,01578206027,Korba,Punjab,882235,2026-07-20,paid_search,Premium,True
CST3722,Brinda Gola,girishdugar@example.org,+910867505196,Serampore,Tripura,482431,2023-11-13,social,Premium,True
CST3723,Vinaya Mutti,anandkavya@example.org,+918250340376,Bongaigaon,Arunachal Pradesh,876688,2025-12-11,referral,Premium,True
CST3724,Alexander Dhingra,qkala@example.net,+917916705060,Nanded,Sikkim,744346,2025-04-15,referral,VIP,False
CST3725,Avi Kanda,cnagi@example.org,4001178976,Raichur,Odisha,085569,2023-10-10,referral,Premium,True
CST3726,Nathan Mukherjee,gparikh@example.net,+919135343934,Karimnagar,Tamil Nadu,356118,2026-05-11,social,VIP,True
CST3727,Waida Sen,chasmum38@example.net,+912729550531,Faridabad,Assam,177265,2024-02-09,referral,Premium,True
CST3728,Nisha Kibe,irachoudhury@example.org,00570114295,Kurnool,West Bengal,760191,2024-06-24,email,Regular,True
CST3729,Reyansh Upadhyay,raksha49@example.org,09399345075,Vijayawada,Uttar Pradesh,734913,2026-05-18,paid_search,VIP,False
CST3730,Chatura Din,alexandersarin@example.com,+916491420355,Shivpuri,West Bengal,431817,2024-04-04,paid_search,VIP,False
CST3731,Saanvi Bora,fswaminathan@example.net,2240297418,Morbi,Gujarat,323446,2025-09-29,paid_search,Premium,True
CST3732,Dalaja Lad,balaychaaya@example.org,02012941209,Pimpri-Chinchwad,West Bengal,199021,2025-12-06,referral,VIP,False
CST3733,Guneet Wable,daninisha@example.net,07422054591,Guna,Himachal Pradesh,483580,2023-10-17,referral,Regular,True
CST3734,Sathvik Dugar,ravelchanakya@example.org,+916129110672,Guntakal,Jharkhand,196202,2024-05-19,social,Premium,True
CST3735,Warhi Sur,madhaviratti@example.com,1110510970,Chandigarh,Andhra Pradesh,311423,2025-02-06,organic,VIP,False
CST3736,Kamya Raja,nazarethutkarsh@example.net,9682374065,Hindupur,Rajasthan,279237,2025-11-05,paid_search,Premium,True
CST3737,Barkha Ben,jonathan86@example.com,+918612037640,Bareilly,Tamil Nadu,637856,2023-09-14,email,VIP,False
CST3738,Mugdha Kunda,nathanwason@example.net,08871963865,Noida,Uttar Pradesh,203798,2025-12-21,social,VIP,True
CST3739,Chaaya Doshi,manddhriti@example.net,+911860904148,Ambala,Arunachal Pradesh,078905,2024-08-10,social,VIP,True
CST3740,Harini Gola,yatin09@example.net,+911919507613,Alappuzha,Punjab,967920,2025-07-23,email,Regular,True
CST3741,Nidhi Sehgal,saramammen@example.org,+916692001952,Rajkot,Tripura,200690,2025-09-16,paid_search,Regular,True
CST3742,Girindra Baria,upadhritikumar@example.net,08845746602,Kakinada,Nagaland,150991,2024-12-26,social,Premium,True
CST3743,Orinder Sheth,ekiyabarman@example.org,3522940724,Jalna,Tripura,222277,2025-04-26,paid_search,Premium,False
CST3744,Wridesh Arora,karnikdamyanti@example.org,05235089221,Bhopal,Arunachal Pradesh,307660,2025-01-09,paid_search,VIP,True
CST3745,Nirja Deshpande,gagan28@example.org,5401206330,Bidar,Punjab,796533,2024-07-16,referral,Regular,True
CST3746,Vasudha Virk,ulal@example.com,05791811733,Sonipat,Tamil Nadu,151552,2024-10-08,organic,VIP,True
CST3747,Banjeet Desai,hsaha@example.org,8168182111,Jamnagar,Assam,008487,2023-10-27,email,Regular,False
CST3748,Girindra Mani,zansi22@example.com,+917402293999,Sambalpur,Nagaland,077670,2026-08-19,paid_search,VIP,True
CST3749,Siddharth Nagar,bhagatbhavini@example.org,3108550339,Purnia,Sikkim,569296,2023-09-18,paid_search,VIP,True
CST3750,Kala Trivedi,tandonzansi@example.net,+915108954533,Tiruvottiyur,Bihar,537926,2025-09-14,paid_search,Premium,True
CST3751,Yochana Kibe,palanbishakha@example.com,+919776553761,Bellary,Chhattisgarh,821845,2025-09-01,paid_search,Premium,False
CST3752,Gautami Sur,kavyasehgal@example.org,8570016000,Giridih,Bihar,614328,2024-08-10,referral,Regular,False
CST3753,Hamsini Anand,qhora@example.com,+911298853011,Ongole,Madhya Pradesh,960668,2025-08-12,organic,Regular,True
CST3754,Oni Ganguly,advikroy@example.org,0977649018,Panchkula,Haryana,494474,2026-02-01,organic,VIP,True
CST3755,Vyanjana Bhatt,acharyachakrika@example.com,9107119518,Kalyan-Dombivli,Andhra Pradesh,989214,2025-04-25,referral,Premium,False
CST3756,Yasti Venkatesh,anjalilata@example.net,08470521472,Anantapur,Mizoram,737602,2024-03-01,email,Premium,False
CST3757,Karan Ramachandran,ekiyabansal@example.net,9051009746,Guna,Punjab,389924,2023-11-12,referral,Premium,True
CST3758,Aarini Majumdar,champak00@example.com,00773797699,Kulti,Kerala,815261,2025-03-09,paid_search,Regular,False
CST3759,Bimala Dave,wadhwavinaya@example.org,4237340499,Satna,Gujarat,478905,2025-06-25,referral,VIP,True
CST3760,Neha Chaudhari,hmadan@example.com,9804094574,Phagwara,Tamil Nadu,989093,2025-04-14,social,VIP,False
CST3761,Arunima Shetty,vasudhabaral@example.org,+910097634850,Malda,Tripura,687470,2026-06-26,paid_search,Premium,False
CST3762,Karan Thaman,rajeshri62@example.com,02669886107,Bharatpur,Haryana,814564,2026-02-05,paid_search,Regular,True
CST3763,Keya Toor,dhingrajagrati@example.org,9143705993,Guntakal,Himachal Pradesh,996112,2024-02-10,organic,VIP,False
CST3764,Varsha Lanka,biswaschaaya@example.net,03049280224,Gudivada,Haryana,732467,2024-12-17,organic,VIP,True
CST3765,Isha Luthra,rudrachaudhari@example.org,07268543815,Srikakulam,Manipur,751052,2023-12-10,social,Premium,True
CST3766,Anika Borra,chandanirout@example.com,+919850553600,Bhilwara,Uttar Pradesh,130394,2026-03-02,paid_search,Regular,True
CST3767,Zayyan Nair,tanishraju@example.org,8274145383,Vadodara,Odisha,059407,2024-04-04,email,Premium,False
CST3768,Rachana Arora,banerjeearadhana@example.org,08469223223,Rampur,Manipur,415545,2025-05-07,email,Premium,True
CST3769,Ranveer Varkey,nnayak@example.net,09184969428,Tirunelveli,Tamil Nadu,941626,2026-01-16,paid_search,VIP,True
CST3770,Jatin Prashad,uwali@example.com,07015367966,Raipur,Haryana,620914,2025-05-30,referral,Premium,True
CST3771,Ekansh Chana,tellamegha@example.org,0234155531,Sri Ganganagar,Uttar Pradesh,910123,2024-12-20,email,VIP,False
CST3772,Ojas Dayal,ihans@example.org,6102847004,Agartala,Uttarakhand,764780,2024-04-02,organic,Regular,True
CST3773,Irya Wable,iramakrishnan@example.org,00286437441,Kolhapur,Assam,385460,2025-12-11,paid_search,Premium,True
CST3774,Mohammed Gulati,orinder12@example.org,+917082190761,Siliguri,Nagaland,034329,2026-08-21,referral,VIP,True
CST3775,Raghav Keer,rgulati@example.com,3067778312,South Dumdum,Andhra Pradesh,848974,2026-03-31,email,Regular,True
CST3776,Michael Andra,isaxena@example.net,+910890491903,Surendranagar Dudhrej,Nagaland,968586,2024-06-19,referral,VIP,False
CST3777,Leena Pingle,harinakshidhawan@example.com,9362366710,Agra,Uttarakhand,310865,2025-05-07,paid_search,Premium,True
CST3778,Zansi Mukhopadhyay,qsane@example.org,4984162221,Patiala,Rajasthan,010980,2024-09-21,paid_search,VIP,True
CST3779,Upadhriti Loke,tanay96@example.org,+911309572896,Mysore,Assam,934324,2024-01-09,email,Premium,True
CST3780,Ati Ratti,kaulranbir@example.net,+916098638968,Kozhikode,Tamil Nadu,189909,2025-04-12,referral,Regular,True
CST3781,Daniel Dixit,divanishanvi@example.com,2276863571,Bareilly,Jharkhand,932970,2025-09-21,referral,VIP,True
CST3782,Adya Manne,isaiah27@example.com,00103814162,Dindigul,Haryana,341461,2023-10-23,referral,Premium,True
CST3783,Hitesh Rao,diyabatra@example.com,05808364577,Ratlam,Gujarat,782675,2024-02-28,social,VIP,True
CST3784,Urvi Loke,kashish25@example.org,2381801333,Madurai,Odisha,092867,2023-10-21,email,Premium,True
CST3785,Qasim Nath,bosedivya@example.org,+913351314222,Loni,Madhya Pradesh,630279,2025-04-18,email,Regular,True
CST3786,Orinder Prashad,thakeromaja@example.com,+916841565218,Anantapur,Sikkim,890296,2024-08-21,social,VIP,True
CST3787,Yashodhara Behl,vaidyaaashi@example.net,09728158304,Anantapuram,Uttarakhand,392749,2024-01-05,social,VIP,True
CST3788,Damini Rastogi,lipika89@example.org,08519795080,Fatehpur,Haryana,244177,2024-04-14,social,Premium,True
CST3789,Ishwar Desai,roysamarth@example.org,3955116238,New Delhi,Manipur,832860,2025-04-16,referral,VIP,True
CST3790,Advika Bera,warriorranveer@example.com,0080007487,Dehri,Jharkhand,453794,2024-09-05,social,VIP,True
CST3791,Chandresh Boase,ssangha@example.net,9453031286,Bardhaman,Himachal Pradesh,645824,2026-05-08,social,Regular,True
CST3792,Mekhala Kalita,maniyashasvi@example.com,0520538005,Gandhinagar,Jharkhand,540339,2024-02-20,email,VIP,False
CST3793,Sarthak Sinha,ekale@example.net,00994470232,Kottayam,Kerala,289734,2024-08-02,social,Regular,True
CST3794,Darpan Badami,kabir66@example.com,+914932568390,Hindupur,Nagaland,297650,2024-05-11,social,VIP,False
CST3795,Warinder Bala,kamala03@example.com,0492460262,Thrissur,Tamil Nadu,005842,2025-01-17,paid_search,Regular,True
CST3796,Zaitra Kala,kamyasama@example.org,00686523568,Etawah,Uttarakhand,313263,2024-03-19,organic,VIP,True
CST3797,Turvi Shenoy,mdewan@example.net,03454713301,Ghaziabad,West Bengal,615566,2025-05-23,paid_search,Regular,True
CST3798,Azaan Varma,nidrabains@example.com,1594295635,Karimnagar,Punjab,769793,2024-10-04,paid_search,Regular,True
CST3799,Deepa Garg,merchantnicholas@example.org,+912363500887,Rajkot,Arunachal Pradesh,737786,2025-07-12,organic,Regular,True
CST3800,Riya Dutt,dhingramahika@example.org,3546503451,Tenali,Mizoram,341571,2024-03-05,referral,Premium,False
CST3801,Nitesh Shere,nathan67@example.net,9198473557,Raiganj,Gujarat,024911,2025-10-24,social,Premium,True
CST3802,Chaitaly Kapur,triveni05@example.net,9815226410,Ramgarh,Nagaland,027352,2025-07-16,paid_search,VIP,True
CST3803,Harinakshi Borde,urvithakur@example.net,1566736670,Amravati,Bihar,058588,2024-10-12,social,VIP,True
CST3804,Udarsh Wable,lbhalla@example.net,04876939519,Hindupur,Tamil Nadu,195274,2024-05-26,referral,Premium,True
CST3805,Banjeet Master,gmaharaj@example.org,01218234859,Thiruvananthapuram,Uttarakhand,730655,2025-04-08,referral,VIP,False
CST3806,Vrinda Trivedi,sridharjalsa@example.net,3946643132,Unnao,Mizoram,525632,2026-03-02,social,Regular,True
CST3807,Aahana Bail,igera@example.com,2232433400,Jamnagar,Rajasthan,059014,2024-02-08,paid_search,VIP,True
CST3808,Lohit Bains,srivastavaanjali@example.com,00498832189,Raebareli,Rajasthan,051593,2026-07-07,organic,VIP,False
CST3809,Hema Chacko,kai45@example.com,+918934271690,Nizamabad,Telangana,583392,2024-06-26,paid_search,VIP,True
CST3810,Hema Karan,zaitrabarad@example.com,06445925509,Panvel,Tamil Nadu,565299,2024-02-25,referral,VIP,True
CST3811,Ekiya Prakash,chhabrayagnesh@example.com,+914659816828,Rewa,Uttarakhand,791129,2026-05-09,paid_search,VIP,True
CST3812,Veda Soni,mdixit@example.com,00857904035,Srinagar,Uttarakhand,550207,2026-01-14,referral,Premium,True
CST3813,Isha Nair,gaurikabajwa@example.net,06510055910,Thanjavur,Uttar Pradesh,183847,2025-01-24,organic,Premium,True
CST3814,Orinder Patel,knaidu@example.com,+917326224892,Kakinada,Punjab,963277,2024-06-09,paid_search,Premium,True
CST3815,Megha Bhagat,tprasad@example.net,09902878336,Dhule,Goa,845732,2025-08-02,paid_search,Premium,True
CST3816,Anjali Borra,brinda10@example.org,5731913919,Naihati,Chhattisgarh,524798,2026-07-13,organic,VIP,True
CST3817,Jatin Agate,mohammed54@example.org,04228374887,Chittoor,Uttar Pradesh,745022,2026-06-03,social,VIP,True
CST3818,Ekta Mahal,lakshmishenoy@example.net,5398122280,Ulhasnagar,Uttarakhand,702166,2025-11-04,referral,Regular,True
CST3819,Karan Varghese,dyalkavya@example.net,+911953505813,Cuttack,Meghalaya,985902,2024-09-21,social,VIP,True
CST3820,Harshil Kunda,jaggixiti@example.net,8005203048,Ghaziabad,Nagaland,688792,2026-05-17,social,Regular,True
CST3821,Raghav Dugar,atharv71@example.com,05212314434,Ozhukarai,Bihar,254043,2026-02-12,referral,Regular,True
CST3822,Dalbir Nagy,takhemal@example.net,+914919800053,Dehri,Meghalaya,842931,2025-09-22,social,Regular,True
CST3823,Unni Buch,ekalingakapur@example.org,+913029672343,Ongole,Jharkhand,928834,2024-07-20,social,Premium,True
CST3824,Bahadurjit Nagar,charanmane@example.net,5877854629,Vijayawada,Tamil Nadu,054913,2025-01-31,social,VIP,True
CST3825,Udyati Raman,karayashodhara@example.org,+915390963947,Ratlam,Sikkim,509944,2024-06-08,social,Regular,True
CST3826,Arya Gupta,kannanekapad@example.org,2545182229,Korba,Kerala,248685,2025-08-06,organic,Regular,False
CST3827,Garima Vig,virajoommen@example.org,+910807513737,Kavali,Kerala,933922,2023-11-19,social,Regular,False
CST3828,Nirja Narain,rauchandani@example.net,09013639992,Kurnool,Meghalaya,613165,2026-01-03,referral,Premium,True
CST3829,Bimala Butala,falgunichaudhary@example.com,09590205017,Vellore,Goa,779913,2025-02-21,social,Regular,False
CST3830,Tanveer Ghose,hritik35@example.net,03561606431,Panchkula,Uttar Pradesh,417978,2024-06-05,referral,VIP,True
CST3831,Chandani Puri,patilradhika@example.net,00473780201,Raipur,Goa,453821,2024-11-17,referral,VIP,False
CST3832,Damini Sengupta,varenya65@example.com,+916122541434,Kadapa,Gujarat,983135,2023-12-08,paid_search,Regular,True
CST3833,Yatin Patil,sanghvigaurav@example.com,7675368635,Hubli–Dharwad,Sikkim,699183,2024-02-21,referral,Premium,False
CST3834,Luke Swaminathan,dattaucchal@example.net,+918178446560,Bhilai,Uttar Pradesh,591058,2023-10-11,email,VIP,True
CST3835,Devansh Hegde,sathekrish@example.com,+915401786483,Motihari,Mizoram,129717,2024-01-16,organic,Premium,False
CST3836,Udarsh Dugal,noah27@example.org,5382557481,Dehradun,Uttar Pradesh,678069,2026-01-09,referral,Premium,True
CST3837,Finn Bal,omlall@example.net,+910722560193,Naihati,Manipur,744279,2025-12-23,email,VIP,False
CST3838,Maya Nadkarni,aghose@example.net,06424360220,Madurai,West Bengal,907055,2023-09-13,referral,Premium,True
CST3839,Zaitra Saran,tellaurvashi@example.org,+913270898186,Anantapur,Nagaland,106419,2024-10-08,email,Premium,True
CST3840,Xalak Basak,anika83@example.org,8513508417,Morena,Rajasthan,080132,2025-07-29,email,VIP,True
CST3841,Samuel Sandal,sandalekani@example.com,07318696287,Sangli-Miraj & Kupwad,Goa,841846,2024-06-11,referral,Regular,False
CST3842,Unnati Rajan,daminiwagle@example.org,+911071771139,Nagercoil,Rajasthan,932278,2025-08-18,social,Regular,True
CST3843,Kevin Divan,abeerdoctor@example.net,+910333461671,Surat,Arunachal Pradesh,447778,2023-12-15,referral,VIP,False
CST3844,Nimrat Sharma,dvenkataraman@example.com,+917599580810,Bijapur,Tripura,726025,2023-12-08,email,Regular,False
CST3845,Ira Khalsa,varsha48@example.net,4106504938,Alwar,Telangana,639795,2025-06-25,email,Regular,True
CST3846,Raagini Nagarajan,nadkarniorinder@example.net,1779043848,Imphal,West Bengal,730824,2025-10-03,organic,Premium,True
CST3847,Niharika Hora,gauri87@example.com,8603292481,Proddatur,Himachal Pradesh,810060,2024-11-14,referral,Premium,True
CST3848,Kashish Brar,ishanvipau@example.com,1615942870,Jorhat,Tamil Nadu,824142,2025-12-20,social,Regular,True
CST3849,Sanaya Kala,urvisoman@example.com,0571108342,Dhanbad,Goa,832363,2024-03-05,social,Premium,True
CST3850,Ryan Issac,lohitsha@example.org,06212835896,Allahabad,Andhra Pradesh,964744,2026-01-12,referral,Regular,True
CST3851,Damyanti Balan,sswamy@example.org,09960819824,Narasaraopet,Manipur,541249,2024-05-22,paid_search,VIP,True
CST3852,Isaiah Varghese,shanyahvi@example.com,0506739568,Chittoor,Rajasthan,347800,2024-02-18,referral,VIP,True
CST3853,Ryan Narasimhan,manbirahluwalia@example.net,07303808306,Faridabad,Kerala,025835,2023-09-30,organic,VIP,False
CST3854,Ranveer Shah,qbasak@example.org,6808544389,Guntur,Nagaland,906784,2024-03-18,referral,Premium,True
CST3855,Rudra Raghavan,sudikshalalla@example.org,+911088024780,Gudivada,Tamil Nadu,927503,2024-03-04,referral,Premium,False
CST3856,Pushti Khanna,ramanathanupasna@example.net,07601939565,Kollam,Haryana,696402,2025-11-05,referral,VIP,True
CST3857,Triya Joshi,pnaidu@example.net,+915194807862,Motihari,Goa,232450,2023-12-15,paid_search,VIP,True
CST3858,Aashi Dyal,chokshiekanta@example.com,5899622156,Latur,Telangana,747626,2024-12-16,organic,Premium,False
CST3859,Manya Sabharwal,qnarang@example.com,3369544719,Silchar,Maharashtra,706435,2026-08-25,social,Premium,True
CST3860,Zansi Basu,elal@example.org,4110783529,Kottayam,Gujarat,233894,2025-12-22,paid_search,Regular,True
CST3861,Shivansh Sampath,ekbaldutt@example.net,+912744708067,Unnao,Karnataka,576335,2026-07-27,email,Premium,False
CST3862,Patrick Thaker,trivenikota@example.org,+918532422931,Bihar Sharif,Goa,834939,2026-05-18,referral,VIP,False
CST3863,Veer Chaudry,fdevan@example.com,7438288728,Panipat,Telangana,143850,2026-01-31,social,Premium,True
CST3864,Jagvi Borah,qtandon@example.com,06230022917,Singrauli,Madhya Pradesh,019707,2025-08-05,paid_search,Regular,True
CST3865,Ekbal Kalla,victor78@example.org,05471600942,Gandhinagar,Jharkhand,545931,2026-08-03,referral,VIP,True
CST3866,Agastya Kala,qmaharaj@example.org,+911327310432,Maheshtala,Karnataka,926864,2025-04-28,referral,Regular,True
CST3867,Tanvi Bhandari,fsem@example.net,08816823577,Aurangabad,Bihar,379294,2025-10-06,organic,Regular,True
CST3868,Ishani Dixit,sridharaarna@example.org,+911193627052,Rewa,Kerala,052285,2025-07-11,organic,Regular,True
CST3869,Warjas Mahal,japte@example.net,8039314736,Bhind,Karnataka,023820,2023-12-06,organic,Regular,True
CST3870,Priya Kale,rakshapalan@example.org,0112450424,Baranagar,Tripura,807469,2026-07-22,social,Premium,False
CST3871,Omkaar D’Alia,mannangirindra@example.net,08755953494,Kishanganj,Sikkim,923273,2024-02-26,organic,Regular,True
CST3872,Ethan Rai,bhavika30@example.com,9456970696,Ahmednagar,Odisha,332168,2024-08-27,social,VIP,True
CST3873,Yashodhara Jaggi,sehgalupma@example.com,07206148566,Erode,Tamil Nadu,642486,2025-04-13,organic,Premium,True
CST3874,Udant Varty,jhaveripratyush@example.net,08869753219,Bhind,Arunachal Pradesh,936265,2025-06-04,referral,Premium,True
CST3875,Raghav Swamy,warinderbansal@example.net,09839894513,Kollam,Bihar,092665,2025-10-27,paid_search,Premium,False
CST3876,Jalsa Shah,sinhajeevika@example.com,03405162679,Sri Ganganagar,Arunachal Pradesh,673723,2025-10-26,social,Premium,True
CST3877,Gaurang Bhardwaj,mahika42@example.com,4624126448,Sirsa,Arunachal Pradesh,849185,2025-02-02,organic,VIP,False
CST3878,Faras Gara,ymurty@example.com,1781892044,Tiruppur,Punjab,797155,2025-01-16,email,Regular,True
CST3879,Harini Jayaraman,kalpitkannan@example.net,+914367949216,Thrissur,Kerala,492690,2026-04-10,paid_search,VIP,True
CST3880,Varenya Trivedi,gkohli@example.com,+919209974569,Ahmednagar,Punjab,283290,2024-09-18,social,VIP,True
CST3881,Widisha Char,jack89@example.org,+910237977363,Warangal,Madhya Pradesh,971305,2025-03-24,paid_search,Regular,True
CST3882,George Sabharwal,dprasad@example.net,0158723174,Serampore,Himachal Pradesh,515993,2025-04-15,organic,Regular,True
CST3883,Sai Purohit,baghyawatijohal@example.org,8184834760,Burhanpur,Tripura,468549,2026-02-27,social,Regular,False
CST3884,Baghyawati Sarkar,elijah00@example.net,06546078120,Bidar,Nagaland,799809,2026-01-02,social,Premium,False
CST3885,Anirudh Lall,aachalsahni@example.org,+910946128171,Hospet,Kerala,274777,2025-08-31,referral,Premium,True
CST3886,Aadi Khanna,pbali@example.org,+911621676216,Saharsa,Jharkhand,162003,2026-01-30,paid_search,Premium,True
CST3887,Jacob Upadhyay,dhawanchaaya@example.net,+913828084692,Orai,West Bengal,829670,2026-03-18,organic,Regular,True
CST3888,Tara Solanki,veer52@example.org,+916332762344,Haridwar,Manipur,992151,2026-07-06,paid_search,Premium,False
CST3889,Yug Ravi,maya04@example.org,1099462704,Srinagar,Maharashtra,138768,2026-03-18,email,Regular,True
CST3890,Lucky Prakash,barmanluke@example.org,3385633511,Sultan Pur Majra,Haryana,507279,2024-07-21,email,Premium,True
CST3891,Rushil Suri,jhayatin@example.net,+919677329077,Ajmer,Tripura,015755,2024-11-24,social,Premium,True
CST3892,Jack Dua,kala03@example.org,+910287448355,Tiruppur,Manipur,352055,2026-08-20,referral,Regular,True
CST3893,Faris Dhingra,yperi@example.org,3426309219,Ambarnath,Odisha,793023,2024-09-17,referral,Premium,True
CST3894,Bhavika Rao,urishilla48@example.net,7219719499,Baranagar,Uttar Pradesh,385665,2026-08-10,referral,Regular,False
CST3895,Chaitaly Sengupta,dhruvbahri@example.org,01287814511,Ludhiana,Gujarat,629854,2026-04-19,organic,Regular,True
CST3896,Warda Pall,dhriti47@example.com,+917234566343,Mangalore,Uttar Pradesh,749772,2026-08-13,referral,VIP,True
CST3897,Anika Subramaniam,champak77@example.com,9669989251,Vellore,Tripura,879901,2026-07-07,organic,Regular,True
CST3898,Jagat Goswami,sachi73@example.com,+913612397873,Jodhpur,Manipur,510978,2025-09-21,organic,Regular,False
CST3899,Ikbal Varma,bhargavaatharv@example.com,7030295935,Tenali,Mizoram,523083,2024-11-19,paid_search,VIP,True
CST3900,Unnati Garde,prakashqushi@example.org,+917610554802,Jamnagar,Tamil Nadu,393730,2026-03-16,email,VIP,True
CST3901,Ronith Baral,agarwalryan@example.org,01714366710,Bihar Sharif,Odisha,966858,2025-05-27,email,VIP,True
CST3902,Jagvi Mohan,dugarbrinda@example.net,2388541968,Bhubaneswar,Andhra Pradesh,885799,2025-01-01,referral,VIP,True
CST3903,Caleb Saxena,suhani24@example.com,9901679853,Bijapur,Rajasthan,929012,2025-05-01,email,VIP,True
CST3904,Gautam Varkey,yutika42@example.net,06513251317,Amroha,Assam,157495,2025-10-31,referral,VIP,False
CST3905,Frederick Chauhan,gvenkatesh@example.org,+919636536292,Karaikudi,West Bengal,087817,2024-01-08,referral,Premium,True
CST3906,Eta Khare,hdutta@example.net,7433174023,Patna,Madhya Pradesh,872459,2024-01-21,organic,Premium,True
CST3907,Samuel Mitter,zchokshi@example.com,04823248301,Chapra,Andhra Pradesh,729746,2024-07-21,social,Premium,True
CST3908,Vrinda Sane,ati32@example.org,+913543378682,Farrukhabad,Mizoram,284160,2024-06-17,paid_search,VIP,True
CST3909,Chaitaly Dugar,harishpradhan@example.com,7019982612,Rohtak,Maharashtra,967479,2026-02-02,paid_search,VIP,True
CST3910,Anya Seshadri,luckymanda@example.org,7426581570,Rourkela,Goa,457535,2023-10-12,email,VIP,True
CST3911,Chatresh Tara,uchander@example.com,+912859381959,Singrauli,Nagaland,986258,2026-07-25,referral,VIP,True
CST3912,Rushil Kar,esinghal@example.org,3807943969,Gulbarga,Assam,317743,2023-10-01,social,Regular,True
CST3913,Dipta Wali,sethiisha@example.com,01569301092,Udaipur,Sikkim,587109,2026-04-03,social,VIP,True
CST3914,Chaitaly Thakur,owalla@example.com,+914638217432,Kottayam,Himachal Pradesh,506492,2024-08-21,organic,VIP,False
CST3915,Yauvani Dey,chamanchahal@example.com,0997978696,Ambarnath,Andhra Pradesh,940565,2025-11-14,referral,Premium,False
CST3916,Pratyush Subramaniam,shaamol@example.org,6598759774,Kochi,Arunachal Pradesh,453654,2026-07-25,referral,Regular,True
CST3917,Xavier Kumar,pchaudhuri@example.com,+912856953337,Ambarnath,Bihar,713851,2024-08-26,paid_search,Regular,True
CST3918,Isha Nori,bbatta@example.org,+918171264706,Aurangabad,Gujarat,340085,2025-03-18,referral,Regular,False
CST3919,Deepa Soni,balasubramaniananay@example.net,02608846126,Khora ,Andhra Pradesh,851044,2026-07-03,email,Regular,True
CST3920,Megha Som,jeremiahkrishnamurthy@example.org,5684918882,Aurangabad,Tamil Nadu,328043,2024-06-27,paid_search,Premium,True
CST3921,Nathaniel Borde,ubalakrishnan@example.com,06080195229,Amravati,West Bengal,216721,2025-10-29,paid_search,Regular,True
CST3922,Nirja Nigam,vaidyajeevika@example.com,+919561102064,Kota,Tamil Nadu,048628,2025-05-13,referral,VIP,True
CST3923,Chakrika Sankar,samramatthew@example.net,02360883342,Suryapet,Bihar,386028,2025-06-09,social,VIP,True
CST3924,Oeshi Dhar,parmararunima@example.org,7007028455,Noida,Maharashtra,366196,2023-09-02,email,Premium,True
CST3925,Neel Bajwa,kabirdevi@example.net,7900594713,Arrah,Haryana,950952,2024-11-30,referral,VIP,True
CST3926,Kiaan Bail,wridesh74@example.org,01200987194,Dhanbad,Goa,490078,2024-05-29,email,VIP,True
CST3927,Diya Dugar,gargpranit@example.com,+913006125403,Raebareli,Odisha,942302,2025-10-06,referral,VIP,True
CST3928,Nimrat Walia,isaiahshan@example.net,+911009661193,Lucknow,Arunachal Pradesh,370682,2025-10-20,email,Regular,True
CST3929,Harinakshi Ramaswamy,yohannanaahana@example.com,02849913101,Hospet,Punjab,560089,2026-08-22,referral,Regular,True
CST3930,Chaitaly Kota,jacobrama@example.net,00747398056,Ranchi,Kerala,492781,2024-07-05,social,Regular,False
CST3931,Ekansh Thaker,harinakshi20@example.net,08112933687,Maheshtala,Uttar Pradesh,760402,2024-10-29,organic,Premium,True
CST3932,Tamanna Biswas,wazir00@example.com,+917823962574,Kulti,Odisha,074035,2025-07-29,referral,Regular,True
CST3933,Azad Vig,knarayan@example.net,9926848373,Etawah,Telangana,889228,2023-10-27,referral,Premium,True
CST3934,Madhav Ganesh,opai@example.com,9293018885,Ichalkaranji,Karnataka,604011,2024-08-25,paid_search,Premium,True
CST3935,Aarnav Desai,samar99@example.org,+910392546992,Khandwa,Madhya Pradesh,980606,2024-03-09,email,Premium,True
CST3936,Indira Bedi,sahadakshesh@example.com,+912767471574,Surat,Madhya Pradesh,652385,2025-09-05,social,VIP,True
CST3937,Leena Viswanathan,chanderisaiah@example.org,+918241618435,Tiruppur,Tripura,872305,2026-02-16,email,VIP,True
CST3938,Yochana Tailor,jagratimahajan@example.org,+916790953488,Allahabad,Goa,995837,2025-02-14,social,VIP,False
CST3939,Guneet Sathe,rishi85@example.org,5190834024,Ajmer,Karnataka,072512,2023-12-01,referral,VIP,True
CST3940,Nimrat Dani,tarasom@example.org,02499078146,Anantapuram,Jharkhand,364465,2025-08-03,social,Premium,True
CST3941,Amruta Gola,vanya09@example.net,9765332915,Nanded,Assam,482937,2026-05-19,organic,Regular,True
CST3942,Bhavini Sarraf,oscardhar@example.com,3898464444,Raebareli,Uttar Pradesh,042912,2023-12-03,email,Premium,True
CST3943,Hamsini Vora,tanejagabriel@example.com,+913930610921,Mirzapur,Punjab,205320,2023-08-28,organic,Premium,True
CST3944,Yamini Garg,mandalwazir@example.org,+915080982550,Mango,Karnataka,941660,2025-04-03,paid_search,Regular,True
CST3945,Gunbir Shenoy,gaurika35@example.com,02129709270,Shivpuri,Bihar,111287,2025-08-19,referral,VIP,False
CST3946,Lajita Behl,chandranparikh@example.net,5367660444,Jalandhar,Manipur,742758,2024-05-11,paid_search,Premium,True
CST3947,Anay Pillai,chatreshmadan@example.net,0231539721,Jabalpur,Bihar,282080,2024-07-16,paid_search,Premium,True
CST3948,Irya Dara,aarini21@example.org,0044468339,Dibrugarh,Assam,724077,2026-03-09,referral,VIP,True
CST3949,William Lalla,chaturasundaram@example.com,+918046405095,Kamarhati,Chhattisgarh,944346,2026-03-07,paid_search,VIP,False
CST3950,Ekaja Munshi,zehaanthaman@example.com,9791020178,Kochi,Tripura,358470,2024-01-16,email,Premium,False
CST3951,Hemangini De,jsha@example.net,09350322268,Ulhasnagar,Mizoram,293573,2024-07-23,social,VIP,True
CST3952,Om Gala,divyanayar@example.org,06872334145,Bellary,Haryana,031253,2025-09-22,paid_search,Regular,True
CST3953,Yahvi Chand,januja02@example.net,1258841447,Mau,Tamil Nadu,170826,2025-04-14,social,VIP,True
CST3954,Yagnesh Mann,christopher37@example.com,00139586995,Kanpur,Rajasthan,580204,2025-11-22,paid_search,VIP,True
CST3955,Brinda Sandal,bahadurjit31@example.org,3254084667,Khammam,West Bengal,301440,2026-02-06,social,VIP,True
CST3956,Ishanvi Sodhi,usuri@example.net,+918262319595,Tezpur,Odisha,483336,2026-04-13,social,Premium,True
CST3957,Raghav Shroff,yashodajha@example.net,05081355558,Chinsurah,Telangana,132854,2025-07-22,referral,Regular,True
CST3958,Yamini Tandon,umang87@example.com,+910144599826,Kochi,Andhra Pradesh,939452,2025-06-13,social,Regular,True
CST3959,Vidhi Ramakrishnan,pandra@example.org,+918000791368,Ghaziabad,Mizoram,441710,2024-09-01,referral,Premium,True
CST3960,Barkha Gopal,samakshdasgupta@example.com,+910897698139,Aizawl,West Bengal,432925,2024-07-30,paid_search,VIP,True
CST3961,Ekantika Nanda,yasti75@example.com,6617042042,Sirsa,Chhattisgarh,030971,2023-10-08,email,Premium,True
CST3962,Qushi Anand,lmodi@example.org,03358995870,Gulbarga,Tripura,357466,2025-03-02,social,Premium,True
CST3963,Januja Krishna,vyanjana02@example.com,8794744624,Rourkela,Madhya Pradesh,504911,2026-07-13,referral,VIP,False
CST3964,Urmi Datta,dhritideol@example.org,04988649317,Tadipatri,Karnataka,063672,2024-10-11,referral,VIP,False
CST3965,Dayita Sandal,raaginiratta@example.org,9352222884,Aligarh,Bihar,005583,2025-07-28,social,VIP,True
CST3966,Victor Raval,dakshesh47@example.net,2700930813,Bongaigaon,Uttar Pradesh,523301,2023-10-28,organic,Premium,True
CST3967,Balhaar Baria,balendra66@example.net,04247999033,Sri Ganganagar,Jharkhand,253771,2025-12-16,referral,Premium,True
CST3968,Simon Mody,jalsa58@example.com,6046305973,Lucknow,Goa,430781,2026-05-21,email,Premium,True
CST3969,Ladli Bhardwaj,stailor@example.org,8907678597,Rajpur Sonarpur,Karnataka,020030,2023-11-24,referral,VIP,False
CST3970,Forum Sabharwal,vchowdhury@example.net,2609138812,Kanpur,West Bengal,051014,2025-11-20,referral,VIP,True
CST3971,Hitesh More,singhnidhi@example.com,+917533543669,Saharanpur,Nagaland,223805,2023-11-07,social,Regular,True
CST3972,Viraj Sastry,jai01@example.net,06961094059,Loni,Meghalaya,565845,2024-06-22,paid_search,VIP,True
CST3973,Harinakshi Kakar,grewallavanya@example.com,07924578351,Ludhiana,West Bengal,177415,2024-07-30,organic,Regular,False
CST3974,Neha Ghosh,gtiwari@example.net,+912753487076,Gudivada,Sikkim,117925,2023-09-04,paid_search,VIP,True
CST3975,Finn Devi,kundakashvi@example.com,0912449240,Madurai,Chhattisgarh,758235,2026-07-08,social,VIP,True
CST3976,Advay Acharya,omajakala@example.org,9900223734,Shimoga,Karnataka,316843,2026-06-22,paid_search,Regular,True
CST3977,Lopa Golla,yauvanikaur@example.net,07668937948,Jamshedpur,Tripura,633835,2026-08-14,organic,Regular,True
CST3978,Chanakya Kade,ria28@example.com,8501950216,Pali,Madhya Pradesh,667307,2025-01-01,paid_search,Premium,True
CST3979,Vidhi Baral,dnori@example.com,+911753738461,Belgaum,Jharkhand,612543,2025-09-27,email,Regular,False
CST3980,Janaki Mistry,omishasingh@example.net,+912521610113,Bidar,Rajasthan,170508,2024-04-28,social,VIP,True
CST3981,Ojasvi Kapadia,priyakeer@example.com,3950068906,Panchkula,Madhya Pradesh,528471,2025-07-12,organic,VIP,True
CST3982,Qushi Arya,mahikaparmar@example.com,+911031699309,Ahmednagar,West Bengal,991321,2023-11-28,organic,Regular,True
CST3983,Gayathri Chacko,guneet73@example.org,1102967012,Patiala,Sikkim,878461,2026-01-26,paid_search,Premium,True
CST3984,Lila Chandra,leeladugal@example.net,+918369505828,Kumbakonam,Haryana,158541,2026-02-24,paid_search,Regular,True
CST3985,Yachana Mammen,yashodatrivedi@example.org,06192364751,Mira-Bhayandar,Andhra Pradesh,450082,2026-07-28,organic,Regular,False
CST3986,Max Srivastava,ria32@example.com,07679453396,Suryapet,Gujarat,461019,2025-01-25,email,Premium,True
CST3987,Neel Zachariah,birati@example.com,01453401220,Cuttack,Uttar Pradesh,490782,2026-07-07,referral,VIP,True
CST3988,Laksh Khalsa,ekaraj97@example.org,03327215859,Tumkur,Andhra Pradesh,707306,2025-06-23,organic,VIP,False
CST3989,Barkha Patla,nagiurmi@example.org,05637330470,Ulhasnagar,Andhra Pradesh,962798,2026-01-08,referral,VIP,True
CST3990,Unnati Sant,charanraman@example.com,+917399217718,Loni,Tamil Nadu,955833,2025-02-24,email,VIP,True
CST3991,Alka Sethi,chakradevmangat@example.com,+916891149517,Guntur,Maharashtra,983510,2026-03-13,organic,VIP,False
CST3992,Upma Nagy,maanasvarghese@example.com,+919419191726,Rajkot,Gujarat,294021,2024-05-06,email,Premium,True
CST3993,Charan Mukherjee,joshiabeer@example.net,9998056247,Gandhidham,Rajasthan,744159,2025-12-24,referral,Premium,False
CST3994,Orinder Kapur,sridharjanya@example.com,05165235230,Chandigarh,Nagaland,040345,2025-03-15,paid_search,Premium,True
CST3995,Rushil Kannan,wridesh13@example.net,5997514085,Bellary,Rajasthan,884397,2026-06-24,paid_search,VIP,False
CST3996,Upadhriti Chandran,hemanginipau@example.com,4653122198,Danapur,Chhattisgarh,175156,2025-09-03,social,Premium,False
CST3997,Hardik Mukherjee,shivani63@example.net,5038521468,Serampore,Sikkim,857001,2025-05-29,referral,Regular,False
CST3998,David Apte,jalsa42@example.org,6957517415,Firozabad,Mizoram,878397,2023-11-01,email,VIP,False
CST3999,Vrishti Date,pushti87@example.net,+910097831371,Purnia,Madhya Pradesh,147927,2025-07-06,email,VIP,True
CST4000,Shravya Palan,nitesh66@example.org,5599182051,Junagadh,Kerala,729681,2026-05-11,social,VIP,True
CST4001,Pooja Singh,forumbiswas@example.net,03622198862,Begusarai,Karnataka,937065,2023-11-24,social,Regular,True
CST4002,Upadhriti Sane,warjas40@example.net,5829617734,Ranchi,Chhattisgarh,710996,2024-04-19,social,VIP,False
CST4003,Ira Wadhwa,zgarg@example.com,09571130806,Darbhanga,Punjab,938967,2025-08-20,social,Regular,True
CST4004,Peter Verma,vincent66@example.org,+919642051455,Jalandhar,Mizoram,662278,2026-06-22,organic,Premium,True
CST4005,Ishani Saini,cwali@example.net,08221769131,Allahabad,Punjab,798549,2025-03-16,email,Regular,True
CST4006,Warinder Sant,rajmaya@example.com,6637531444,Bokaro,Kerala,255923,2026-03-03,email,Premium,False
CST4007,Teerth Lad,bhavnakanda@example.com,+917030251072,Navi Mumbai,Tamil Nadu,929154,2024-08-27,referral,Regular,True
CST4008,Urishilla Sood,max77@example.com,3218959504,Buxar,Tamil Nadu,401176,2025-03-10,paid_search,Premium,True
CST4009,Lila Kumar,arunima93@example.org,+916094011896,Singrauli,Assam,223990,2024-06-08,organic,VIP,True
CST4010,Gautami Agate,bmangal@example.org,+915530434916,Pimpri-Chinchwad,Telangana,050111,2023-11-11,social,Regular,True
CST4011,Vinaya Sethi,brindamuni@example.net,+911692229446,Chennai,Bihar,739326,2025-02-28,organic,Premium,True
CST4012,Ikshita Dhar,balhaardhar@example.net,9571643871,Deoghar,Goa,432387,2025-03-08,social,Regular,True
CST4013,Zaid Amble,george84@example.org,01086990561,Bongaigaon,Bihar,591720,2024-07-25,social,Premium,True
CST4014,Qarin Desai,abhardwaj@example.org,06736519701,Jehanabad,West Bengal,839465,2023-10-29,email,Regular,False
CST4015,Mugdha Pradhan,sameshaggarwal@example.net,05625578641,Etawah,Punjab,282152,2025-09-14,organic,VIP,False
CST4016,Gagan Agate,akumar@example.com,0821996185,Fatehpur,Goa,081227,2024-10-21,email,VIP,True
CST4017,Mohammed Sami,agatejagdish@example.com,9095554953,Korba,Karnataka,459305,2024-04-18,email,Premium,False
CST4018,Raagini Sridhar,madhavisabharwal@example.net,8935877812,Ambarnath,Telangana,958956,2025-05-25,email,Regular,True
CST4019,Veda Kar,forummane@example.com,5950736209,Hajipur,Chhattisgarh,674828,2024-10-07,organic,Regular,True
CST4020,Prisha Warrior,qasimkala@example.net,+918207745737,Ludhiana,Tamil Nadu,801493,2025-03-15,social,Premium,True
CST4021,Maya Talwar,asant@example.net,+918463543823,Giridih,Mizoram,516792,2024-09-21,organic,Regular,False
CST4022,Wishi Pandey,bhardwajmohini@example.org,+910430763453,Jalgaon,Chhattisgarh,035714,2024-07-17,paid_search,Regular,False
CST4023,Xavier Khalsa,adyakrishnan@example.com,+919677754025,Jaipur,Haryana,291290,2024-01-28,organic,Regular,True
CST4024,Timothy Lad,laban78@example.org,0017840295,Dindigul,Punjab,046232,2025-07-23,paid_search,VIP,True
CST4025,Tamanna Baral,chasmumkara@example.net,06756591420,Gangtok,Karnataka,242407,2025-08-19,social,Regular,False
CST4026,Saumya Bhatti,eshan@example.net,02396883723,Guntur,Manipur,973923,2026-04-15,email,Regular,True
CST4027,Chaman Kalla,nathankata@example.com,0223771014,Solapur,Kerala,671510,2023-12-04,paid_search,VIP,True
CST4028,Laksh Patla,jsem@example.org,+911969368484,Rohtak,Gujarat,336225,2024-01-28,social,Regular,True
CST4029,Kamala Batra,yasti71@example.com,8564123134,Karnal,Tripura,900894,2026-07-30,paid_search,VIP,True
CST4030,Harrison Pathak,abhimanyuborah@example.net,+917988344688,Shimoga,Odisha,469644,2024-01-12,social,Regular,True
CST4031,Pratyush Wagle,hema25@example.net,06300005370,Deoghar,Uttarakhand,196106,2024-01-22,paid_search,Premium,False
CST4032,Priya Vig,vermajasmit@example.org,03420732363,Jalandhar,Goa,325137,2025-04-19,referral,Premium,True
CST4033,Fariq Tata,batwal@example.com,08756881410,Visakhapatnam,Arunachal Pradesh,423812,2026-02-01,email,Regular,True
CST4034,Watika Tank,srinivasanadvik@example.com,09972733256,Cuttack,Meghalaya,842633,2025-01-08,social,Premium,True
CST4035,Dominic Narayanan,sidhugeetika@example.org,+914386922507,Morena,Andhra Pradesh,015849,2025-06-05,email,Regular,True
CST4036,Megha Bose,tripti60@example.org,5192707840,Kollam,Maharashtra,955549,2025-12-11,referral,VIP,False
CST4037,Samuel Banik,lupadhyay@example.net,1226533026,Varanasi,Uttar Pradesh,794306,2026-05-11,paid_search,Premium,True
CST4038,Brijesh Dhar,lakshit29@example.com,4298022533,Amravati,Tripura,039076,2024-09-09,organic,Regular,True
CST4039,Hema Goda,bishakhamukherjee@example.net,+919329010956,Munger,Assam,074025,2024-06-11,social,Regular,True
CST4040,Arya Cherian,bhaktajagat@example.net,9553700340,Yamunanagar,Mizoram,905834,2025-03-22,referral,VIP,True
CST4041,Anvi Gala,krishnakhare@example.com,09410065776,Ghaziabad,Assam,586522,2025-01-03,social,Premium,True
CST4042,Christopher Warrior,nitaradoctor@example.net,08362181740,Gangtok,Assam,451100,2025-06-12,organic,Regular,True
CST4043,Tanmayi Gill,kabirbora@example.com,06256054366,Sri Ganganagar,Goa,916943,2025-05-09,organic,Regular,True
CST4044,Lavanya Iyengar,saradasgupta@example.net,7648389399,Hospet,Punjab,668734,2024-10-20,social,Premium,True
CST4045,Girik Ramesh,ishanvi02@example.net,+910202419778,Kurnool,Tamil Nadu,192536,2024-03-23,referral,Premium,False
CST4046,Radha Devan,aadhyapalla@example.net,+912233223978,Adoni,Haryana,204321,2024-08-24,referral,VIP,True
CST4047,Wazir Majumdar,dshere@example.org,7757411297,Ambarnath,Tamil Nadu,527047,2024-01-07,referral,Regular,True
CST4048,Samar Raj,chandanilad@example.net,+918545285385,Jhansi,Karnataka,445708,2024-08-24,paid_search,Premium,True
CST4049,Karan Balan,george20@example.org,00105661993,Amritsar,Andhra Pradesh,864560,2025-09-12,organic,VIP,True
CST4050,Jagat Datta,karaudarsh@example.net,05445694885,Latur,Uttar Pradesh,742489,2026-06-01,paid_search,Regular,True
CST4051,Xavier Vyas,achana@example.com,5224086585,Vellore,Tamil Nadu,758583,2025-11-19,organic,Regular,True
CST4052,Azad Sekhon,ikshitaprabhakar@example.net,02552484086,Jehanabad,Kerala,448309,2024-11-05,email,Premium,True
CST4053,Qabil Sami,abha05@example.com,4341384506,Sirsa,Manipur,776769,2025-07-02,organic,Regular,True
CST4054,Naksh Menon,omammen@example.org,3117302945,Sambalpur,Mizoram,208764,2025-08-23,email,Regular,True
CST4055,Yashasvi Gill,saksham15@example.org,07244053933,Satara,Mizoram,095055,2025-10-10,organic,Premium,True
CST4056,Elijah Menon,amrita63@example.org,7222938121,Raichur,Tripura,161873,2026-04-30,organic,Regular,True
CST4057,Chameli Deo,buchomkaar@example.net,+915106720799,Surendranagar Dudhrej,Andhra Pradesh,733817,2024-07-10,social,Regular,True
CST4058,Sachi Lall,shettyhemang@example.org,08743419237,Morbi,Kerala,209504,2025-04-15,paid_search,VIP,True
CST4059,Theodore Rege,advaith81@example.net,1928472417,Katni,Gujarat,362772,2024-01-07,referral,Regular,True
CST4060,Zashil Chaudry,bhandarivinaya@example.net,05462175848,Chinsurah,Sikkim,542493,2026-04-16,paid_search,Regular,True
CST4061,Edhitha Nagarajan,brijesh31@example.org,+915367276045,Uluberia,Meghalaya,964198,2026-05-29,referral,Regular,True
CST4062,Ojas Malhotra,horacharita@example.org,+911656192446,Udaipur,Chhattisgarh,076623,2026-08-24,referral,Regular,True
CST4063,Guneet Bahri,jairajchoudhury@example.org,04817914503,Hazaribagh,Manipur,397077,2024-08-29,paid_search,VIP,True
CST4064,Jairaj Guha,mallhiral@example.org,00667736006,Lucknow,Telangana,508086,2023-10-31,paid_search,Regular,False
CST4065,Zansi Ghose,khoslaarjun@example.org,+915255828987,Bulandshahr,Rajasthan,263806,2025-07-08,organic,Regular,False
CST4066,Ucchal Khanna,yashvi82@example.net,+915262480808,Rajpur Sonarpur,Goa,676824,2025-04-01,paid_search,Premium,False
CST4067,Raksha Parekh,lajitasaraf@example.com,03155278646,Amritsar,Tamil Nadu,273975,2023-11-03,organic,VIP,True
CST4068,Anirudh Hayer,smangal@example.org,02220088639,Coimbatore,Andhra Pradesh,970798,2025-12-17,organic,VIP,True
CST4069,Janaki Narayanan,vedant65@example.com,+917672613741,Rajpur Sonarpur,Tripura,953322,2025-03-10,organic,Regular,False
CST4070,Chaaya Nazareth,brattan@example.net,06276091961,Pondicherry,Telangana,316210,2025-06-18,referral,Regular,True
CST4071,Priya Naidu,anamikamohan@example.org,8905171894,Kozhikode,Meghalaya,980564,2023-09-12,email,Regular,False
CST4072,Lohit Saini,dgupta@example.org,0411413894,Meerut,West Bengal,036229,2025-01-07,referral,Premium,True
CST4073,Nidhi Muni,samuelkurian@example.org,+910196053124,Kamarhati,Maharashtra,737650,2024-04-07,email,Premium,True
CST4074,Gaurika Wagle,bishakha62@example.net,05110798194,Ajmer,Arunachal Pradesh,996035,2026-02-23,organic,Premium,True
CST4075,Wishi Jani,gabakala@example.org,+919583870328,Bhopal,Karnataka,959672,2024-10-19,paid_search,Regular,True
CST4076,Anthony Ravi,daksha34@example.org,01460286635,Guntakal,Goa,263099,2024-06-08,email,Premium,True
CST4077,Yug Pingle,meghana22@example.net,+914163851440,Kadapa,Assam,719170,2026-01-09,referral,Premium,True
CST4078,Falan Sharma,parsamax@example.com,2387895062,Dindigul,Punjab,881691,2025-04-14,email,Regular,True
CST4079,Girindra Mukhopadhyay,reva68@example.net,+916883690874,Yamunanagar,Sikkim,153816,2026-02-11,referral,Premium,True
CST4080,Warjas Tara,munshiharrison@example.net,7156053493,Bilaspur,Haryana,407717,2026-03-14,organic,VIP,False
CST4081,Jhalak Baral,bhatnagaryashvi@example.net,+913224337457,Giridih,Telangana,472455,2025-04-01,referral,Premium,True
CST4082,Lipika Chokshi,prakashdarika@example.net,+916750869515,Dehradun,Mizoram,945068,2026-02-15,social,Premium,True
CST4083,Amrita Rama,hiral74@example.net,+919461253063,Kumbakonam,Manipur,217329,2023-11-19,referral,Regular,True
CST4084,Agastya Iyer,vyasimaran@example.org,00081133393,Indore,Himachal Pradesh,915185,2026-03-27,referral,Premium,True
CST4085,Bachittar Kaul,gavinbal@example.net,+919379552629,Panipat,Chhattisgarh,704984,2024-12-05,paid_search,VIP,True
CST4086,Timothy Wadhwa,hemangini33@example.net,05433966933,Udupi,Sikkim,769772,2026-08-20,organic,VIP,False
CST4087,Ayush Bhattacharyya,samakshmodi@example.net,9419522132,Ozhukarai,Meghalaya,613412,2023-09-29,social,VIP,True
CST4088,Nisha Babu,udixit@example.net,+914054138928,Ulhasnagar,Mizoram,377024,2024-01-02,organic,VIP,True
CST4089,Kabir Wagle,caleb03@example.org,00605092405,Indore,Madhya Pradesh,492576,2025-02-11,email,Premium,True
CST4090,Yachana Nori,upkaar85@example.org,+918499146194,Rourkela,Rajasthan,744847,2024-11-20,organic,Premium,True
CST4091,Gabriel Madan,dominickashyap@example.org,+919458370138,Panipat,Himachal Pradesh,985898,2024-03-16,referral,Premium,True
CST4092,Ayaan Bhagat,pkhanna@example.net,02343805189,Rajkot,Nagaland,533447,2025-06-25,organic,VIP,True
CST4093,Nidra Panchal,neelimanayak@example.com,+917268738334,Sasaram,Rajasthan,613246,2024-01-20,referral,Regular,True
CST4094,Wahab Tiwari,rnagi@example.org,02763832658,Chittoor,Jharkhand,168504,2024-09-28,organic,VIP,False
CST4095,Yatan Narayan,damyanti95@example.net,+915214492717,Suryapet,Manipur,835045,2025-07-06,organic,Premium,True
CST4096,Gauri Ganguly,balvan18@example.com,+916238660708,Kakinada,Gujarat,715272,2025-05-14,paid_search,VIP,False
CST4097,Reyansh Batta,krama@example.com,+918132587848,Meerut,Uttarakhand,378828,2025-01-20,referral,VIP,True
CST4098,Omkaar Mangat,jagatrau@example.net,8791301342,Kolhapur,Meghalaya,386388,2026-01-13,email,Regular,True
CST4099,Zayyan Tank,qloke@example.org,1756123899,Satara,Rajasthan,144939,2025-04-23,referral,VIP,True
CST4100,Yashodhara Kata,isaiahvenkatesh@example.org,01143744174,Faridabad,West Bengal,873503,2026-08-26,organic,Premium,False
CST4101,Yachana Jain,atharvsastry@example.net,6026166142,Rajpur Sonarpur,Uttar Pradesh,299124,2024-02-03,email,VIP,True
CST4102,Wakeeta Dubey,duttavritti@example.net,6038580669,Erode,Manipur,196345,2025-08-23,email,Regular,True
CST4103,Priya Kapadia,vvora@example.org,+919370949361,Moradabad,Sikkim,690061,2024-05-07,email,VIP,True
CST4104,Advay Hayer,kritika31@example.com,+915994829636,Rohtak,Uttarakhand,176700,2026-02-20,email,Regular,False
CST4105,Xiti Mukherjee,tarak93@example.org,3864426534,Ahmedabad,Tamil Nadu,411409,2025-07-07,paid_search,VIP,False
CST4106,Jonathan Saini,biswasdevansh@example.net,+917515705381,Nangloi Jat,Uttarakhand,398912,2025-01-18,referral,VIP,True
CST4107,Jackson Shetty,gangulytara@example.com,8481739480,Guntur,Haryana,235558,2024-02-14,email,Regular,True
CST4108,Gayathri Narayan,mohantychakradhar@example.net,+917740924772,Mahbubnagar,Tripura,954520,2024-10-24,organic,Regular,False
CST4109,Utkarsh Varty,wazir66@example.com,2625548488,Patna,Maharashtra,256644,2024-06-27,email,VIP,False
CST4110,Tanveer Bhasin,nkala@example.org,+919849670561,Kota,Maharashtra,553203,2025-12-27,organic,Premium,False
CST4111,Libni Gulati,rachitgala@example.com,+911647056177,Karimnagar,Maharashtra,310490,2025-03-24,social,Premium,False
CST4112,Anmol Pai,nhegde@example.com,+915017086644,Surat,Uttar Pradesh,780316,2026-03-19,email,VIP,True
CST4113,Hemang Nanda,qhegde@example.org,+916426855179,Eluru,Bihar,952800,2023-12-22,social,Regular,False
CST4114,Vivaan Sathe,ria08@example.net,03107482424,Surendranagar Dudhrej,Telangana,975475,2024-02-08,organic,VIP,True
CST4115,Yauvani Varma,oviya48@example.net,5442391447,Danapur,Telangana,957623,2025-08-13,paid_search,Premium,True
CST4116,Kamala Modi,wyattnarang@example.com,00452490065,Shivpuri,Kerala,244691,2026-07-10,social,VIP,True
CST4117,Advik Sanghvi,rajanyutika@example.org,2823652815,Tiruvottiyur,Arunachal Pradesh,363878,2026-06-10,organic,Regular,True
CST4118,Zaid Kala,ishaanravel@example.net,4970030857,Bharatpur,Bihar,168520,2026-05-14,organic,Regular,False
CST4119,Triya Saxena,gangulykrishna@example.org,3805587646,Phagwara,Goa,235459,2024-01-23,organic,Premium,True
CST4120,Dipta Malhotra,rachit44@example.com,7776674075,Raipur,Maharashtra,466510,2025-01-25,organic,VIP,False
CST4121,Gopal Karnik,tandonnihal@example.net,04570032405,Panipat,Rajasthan,390085,2026-06-07,social,Regular,True
CST4122,Siddharth Kalita,gautamibuch@example.org,4414353719,New Delhi,Andhra Pradesh,135357,2025-12-05,email,VIP,True
CST4123,George Narang,vrindaupadhyay@example.net,04155505741,Serampore,Bihar,049713,2024-11-03,email,VIP,False
CST4124,Aarnav Shetty,zayyan60@example.org,+917777028166,Vellore,Haryana,437831,2024-10-20,paid_search,Regular,True
CST4125,Manthan Varghese,hemanginisuresh@example.net,+919675546102,Tiruppur,Goa,239184,2026-07-15,email,VIP,False
CST4126,Naveen Som,robert47@example.org,+912137079394,Shimoga,Telangana,705671,2025-04-11,email,VIP,False
CST4127,Ekiya Sathe,aashi24@example.org,02029574164,Danapur,Himachal Pradesh,134701,2026-03-15,paid_search,Regular,True
CST4128,Megha Mukhopadhyay,adweta83@example.com,+918937054579,Ghaziabad,Andhra Pradesh,309426,2025-05-25,social,Regular,True
CST4129,Meghana Gupta,khatrihemani@example.org,8376996588,Ongole,Goa,228629,2024-04-27,social,Regular,True
CST4130,Meera Grewal,dubeyashica@example.com,+913115653090,Dehradun,Nagaland,748862,2024-01-12,organic,VIP,True
CST4131,Jagvi Patil,munshiwarjas@example.net,+912304894569,Muzaffarnagar,Mizoram,327199,2023-09-24,referral,Regular,False
CST4132,Veda Kaur,kswamy@example.org,+914314660885,Jalna,Mizoram,066404,2024-05-25,social,VIP,True
CST4133,Yatan Sridhar,beradarpan@example.net,3907206679,Raichur,Madhya Pradesh,457063,2025-07-09,paid_search,Premium,True
CST4134,Ayaan Prashad,moraromisha@example.com,6998433397,North Dumdum,Tripura,037396,2026-04-10,paid_search,VIP,False
CST4135,Isaac Bhargava,kadeirya@example.com,03185540229,Dibrugarh,Karnataka,648804,2026-02-28,email,Regular,True
CST4136,Azad Swaminathan,cpai@example.net,08684788566,Shahjahanpur,Sikkim,931797,2026-08-21,email,Premium,True
CST4137,William Sanghvi,qarin55@example.org,03885982850,Eluru,Himachal Pradesh,490569,2026-06-19,social,Premium,True
CST4138,Vritti Luthra,cpai@example.com,04485478983,Thiruvananthapuram,Arunachal Pradesh,110629,2023-09-07,paid_search,VIP,True
CST4139,Indali Virk,proy@example.com,08885372447,Kanpur,Manipur,174533,2026-04-09,paid_search,Regular,True
CST4140,Baghyawati D’Alia,pdoctor@example.org,04312215972,Raichur,Andhra Pradesh,367408,2025-06-08,social,Regular,True
CST4141,Gaurang Bhakta,orindergulati@example.net,+912186716183,Satna,Tamil Nadu,554029,2025-05-18,paid_search,VIP,True
CST4142,Quincy Lalla,sbhalla@example.org,+914409143779,Alwar,Meghalaya,327130,2026-08-12,email,Regular,True
CST4143,Chanakya Modi,aishaniroy@example.net,5751822710,Orai,Bihar,592529,2025-06-09,email,Premium,False
CST4144,Yatan Chowdhury,nairnilima@example.net,7542550458,Adoni,Kerala,929582,2025-09-10,organic,VIP,False
CST4145,Tripti Lad,radha56@example.com,+917251400796,Maheshtala,Mizoram,036547,2025-09-25,organic,VIP,False
CST4146,Devika Doshi,dhriti60@example.com,+913728454012,Thiruvananthapuram,Himachal Pradesh,660479,2026-08-14,organic,VIP,True
CST4147,Ekalinga Bhargava,xsarin@example.com,+916353748960,Gandhidham,Nagaland,627147,2025-05-22,email,Premium,True
CST4148,Jasmit Kota,sherepavani@example.com,+918339148426,Hapur,Jharkhand,013379,2023-10-03,email,Regular,False
CST4149,Laksh Agate,guhaavni@example.org,03614405298,Burhanpur,Sikkim,079904,2024-06-25,referral,VIP,False
CST4150,Siddharth Solanki,praneel61@example.net,+910838149412,Belgaum,Meghalaya,358762,2026-03-18,social,VIP,True
CST4151,Max Basak,shethekantika@example.org,6012241611,Jodhpur,Chhattisgarh,739786,2026-04-05,paid_search,VIP,False
CST4152,Avi Batra,kashvideshmukh@example.org,8638279841,Raiganj,Uttarakhand,299033,2024-06-05,social,Premium,True
CST4153,Nakul Rastogi,michaelgarg@example.net,08629410659,Kota,Nagaland,195034,2025-11-02,organic,VIP,True
CST4154,Damini Raj,xkade@example.net,4901734224,Bharatpur,Gujarat,466343,2026-04-17,referral,VIP,True
CST4155,Abhiram Cheema,siya61@example.com,07707590471,Saharsa,Odisha,087356,2024-11-03,email,Premium,True
CST4156,Yutika Bail,calebmisra@example.org,+910975209766,Mirzapur,Chhattisgarh,272677,2025-07-23,social,VIP,True
CST4157,Christopher Sengupta,manya32@example.net,+917515546371,Mathura,Rajasthan,617961,2024-10-25,referral,VIP,True
CST4158,Raghav Khosla,gollavictor@example.org,00350684755,Kishanganj,West Bengal,263376,2026-02-14,email,VIP,True
CST4159,Waida Mital,nbhattacharyya@example.org,5327543258,Mangalore,Rajasthan,436665,2025-04-11,social,VIP,True
CST4160,Jeremiah Tara,mannanchanakya@example.org,03874056982,Faridabad,Nagaland,810282,2025-04-13,email,Regular,True
CST4161,Yashodhara Mital,mohini48@example.net,8355028554,Kottayam,Andhra Pradesh,232017,2023-10-09,social,Premium,True
CST4162,Ekaraj Mahal,tara11@example.org,6941739733,Amroha,Maharashtra,946470,2024-01-28,social,Regular,True
CST4163,Hemani Naik,dayamaibanik@example.net,+914433039553,Siliguri,Madhya Pradesh,296883,2023-09-10,referral,Premium,False
CST4164,Aahana Vig,noridaniel@example.com,09444705672,Alappuzha,Maharashtra,559113,2026-02-07,organic,VIP,True
CST4165,Ansh Choudhry,oni50@example.org,09037341954,Sambhal,Meghalaya,950299,2024-09-06,organic,Premium,False
CST4166,Nathaniel Kohli,wyattsanghvi@example.net,6437380266,Sambalpur,Rajasthan,873352,2026-03-17,organic,VIP,False
CST4167,Samaksh Sama,ndeep@example.org,+916916365646,Kozhikode,West Bengal,565304,2024-06-15,organic,VIP,True
CST4168,Siddharth Doshi,chanakyabasak@example.com,3952754720,Noida,Meghalaya,301838,2026-07-28,email,VIP,True
CST4169,Mitesh Chander,jairajprabhu@example.org,03111581928,Aurangabad,Himachal Pradesh,733923,2025-11-01,referral,Premium,False
CST4170,Ria Narang,jtiwari@example.org,5414073498,Bikaner,Himachal Pradesh,224034,2026-01-14,paid_search,VIP,False
CST4171,Faris Divan,ishita50@example.org,7038613928,Khora ,Goa,783400,2025-08-06,email,VIP,True
CST4172,Harsh Hans,samesh13@example.net,+911710274937,Pallavaram,Uttar Pradesh,636021,2025-09-12,social,Regular,True
CST4173,Lopa Chander,pranav62@example.com,09735822230,Kadapa,Arunachal Pradesh,600401,2025-08-04,organic,VIP,True
CST4174,Gaurangi Pillai,rmander@example.com,03482154441,Nangloi Jat,Goa,539149,2025-11-08,social,VIP,True
CST4175,Samaksh Mangat,venkataramanpriya@example.com,5820186730,Nandyal,Gujarat,183040,2025-08-25,paid_search,VIP,True
CST4176,Banjeet Deshpande,joza@example.org,07810952797,Tumkur,Gujarat,985978,2026-01-30,paid_search,VIP,True
CST4177,Aarna Kamdar,bina77@example.org,04349445466,Gandhinagar,Karnataka,047649,2023-12-09,email,Regular,True
CST4178,Zashil Tara,daramichael@example.org,+914362597846,Hosur,Uttar Pradesh,590848,2026-04-10,referral,Premium,True
CST4179,Tejas Sachdev,bhavya26@example.com,0818827424,Dhule,Uttar Pradesh,451382,2024-06-27,email,Regular,True
CST4180,Sara Oommen,danielbhavsar@example.org,4248768184,Guntur,Bihar,912659,2026-01-30,social,VIP,True
CST4181,Sai Sharma,gautamikala@example.net,+911140701477,Durgapur,Odisha,172304,2025-12-02,referral,Premium,True
CST4182,Charan Kar,tmitter@example.net,5579235947,Ramagundam,Meghalaya,451437,2025-09-22,organic,Premium,False
CST4183,Pavani Dhingra,menonadya@example.net,00189072964,Durgapur,Mizoram,425064,2025-04-13,organic,Premium,True
CST4184,Turvi Gala,abhiramchaudhary@example.net,+917554670496,Panchkula,Assam,793654,2023-12-16,organic,Regular,True
CST4185,Akshay Chauhan,jayaramanbhavani@example.net,+917173742265,Raiganj,West Bengal,818590,2024-07-14,organic,Regular,True
CST4186,Ekaraj Chacko,gchoudhary@example.net,+912488580377,Thoothukudi,Haryana,743503,2023-10-26,email,Regular,False
CST4187,Fiyaz Butala,shahakshay@example.com,+919899457078,Varanasi,Jharkhand,709937,2024-11-10,referral,Regular,True
CST4188,Oeshi Sekhon,brahmbhattomaja@example.org,2554183017,Chandrapur,Tripura,285551,2024-07-16,referral,Premium,True
CST4189,Aadi Cherian,obasu@example.com,+910104148377,Sirsa,Manipur,098095,2025-04-16,paid_search,VIP,True
CST4190,Varsha Chakrabarti,harsh64@example.com,+915199090741,Bidar,Sikkim,038543,2023-10-17,paid_search,Regular,True
CST4191,Eiravati Krishnamurthy,chakradev17@example.org,07414427935,Gandhidham,Rajasthan,477266,2026-06-16,referral,Regular,False
CST4192,Ekanta Chaudry,kalaharish@example.com,+912938478676,Siwan,Haryana,423913,2024-04-07,social,VIP,False
CST4193,Advay Dora,zgara@example.com,06242668012,Tiruchirappalli,Haryana,342783,2026-03-21,social,Regular,True
CST4194,Chatresh Zachariah,msura@example.net,6599651331,Khora ,Bihar,562351,2023-12-31,paid_search,VIP,True
CST4195,Jalsa Raju,kiaanmody@example.net,04989406879,Nashik,Andhra Pradesh,951500,2024-03-02,referral,Regular,True
CST4196,Nikita Bahri,finnchaudry@example.org,+915016393777,Nanded,Andhra Pradesh,686128,2025-11-02,referral,Regular,True
CST4197,Warda Khosla,tankmaya@example.org,+916406060796,Singrauli,Assam,881154,2026-01-29,referral,VIP,True
CST4198,Ekaraj Rajagopalan,ubhattacharyya@example.org,+914591546845,Chapra,Chhattisgarh,148538,2024-11-25,referral,VIP,True
CST4199,Daniel Prasad,nirjanatt@example.com,02738281670,Ambarnath,Himachal Pradesh,557848,2025-01-01,referral,VIP,False
CST4200,Aryan Warrior,kashish71@example.net,06568775934,Udupi,Andhra Pradesh,395716,2025-10-05,referral,VIP,True
CST4201,Aayush Chandran,sarrafcharan@example.org,07560069972,Dharmavaram,Nagaland,672646,2024-06-04,paid_search,Premium,True
CST4202,Laban Dhaliwal,anaydyal@example.net,+910052719053,Jammu,Nagaland,486242,2025-07-14,social,Regular,True
CST4203,David Patil,gabriel44@example.com,+913879891249,Sagar,Karnataka,070870,2025-05-22,social,Premium,True
CST4204,Chakradhar Bhat,shankartimothy@example.net,01010056547,Jalandhar,Maharashtra,095107,2025-06-28,social,Regular,False
CST4205,Samar Narayan,ochakraborty@example.org,2865205216,Motihari,Telangana,346713,2025-11-20,email,Premium,True
CST4206,Teerth Uppal,syadav@example.org,+910227105347,Gaya,Gujarat,397682,2025-11-28,email,VIP,True
CST4207,Rajata Shah,danielbhalla@example.com,+913616413455,Silchar,Goa,042222,2025-10-21,referral,VIP,True
CST4208,Riya Peri,oshroff@example.com,05349987077,Bhatpara,Mizoram,214349,2026-01-24,social,Premium,True
CST4209,Tripti Krish,darika79@example.org,5721844874,Shahjahanpur,Nagaland,400685,2026-07-25,organic,Premium,True
CST4210,Karan Natarajan,snarayan@example.org,+918948961272,Haldia,Uttarakhand,499111,2025-12-29,email,Regular,True
CST4211,Bahadurjit Wali,jparikh@example.org,+911594665109,Tiruchirappalli,Mizoram,006984,2025-04-19,email,Premium,True
CST4212,Balveer Toor,shravyachandra@example.org,08107200501,Gudivada,Kerala,479048,2025-09-03,paid_search,VIP,True
CST4213,Yash Ratta,nisha22@example.com,02422668593,Udupi,Madhya Pradesh,539826,2024-01-22,organic,VIP,False
CST4214,Caleb Manne,stak@example.com,08786411435,Nashik,Chhattisgarh,669982,2024-07-28,organic,VIP,True
CST4215,Veda Puri,nehanori@example.com,+914295564881,Bellary,West Bengal,628054,2025-03-12,organic,Regular,True
CST4216,Onkar Nayak,pallayushman@example.org,+918781246649,Dhanbad,Karnataka,465113,2023-09-22,referral,Regular,True
CST4217,Ojasvi Doctor,tristan14@example.org,05405496590,Kozhikode,Karnataka,860493,2025-01-17,social,Regular,True
CST4218,Ridhi Chander,girindra78@example.com,+911294647447,Latur,Assam,272314,2026-07-07,paid_search,VIP,True
CST4219,Samar Ganesh,subramanianwyatt@example.org,+914675961370,Mango,Tamil Nadu,271603,2026-05-03,social,Regular,True
CST4220,Ekaraj Memon,ekanirattan@example.org,8679101379,Gorakhpur,Assam,856656,2025-11-15,email,Regular,True
CST4221,Nihal Bains,jagat37@example.net,04149879197,Warangal,Meghalaya,206036,2024-07-21,referral,Premium,True
CST4222,Vansha Vala,yash58@example.net,9163320530,Kochi,Haryana,452424,2026-02-23,referral,VIP,True
CST4223,Arjun Upadhyay,pandyaronith@example.net,+911164977209,Kozhikode,Andhra Pradesh,809508,2024-09-11,social,Premium,True
CST4224,Alka Vala,voommen@example.net,+919587348566,Mahbubnagar,Gujarat,809327,2023-10-17,referral,VIP,True
CST4225,Qushi Shenoy,amaira46@example.org,+916665688403,Burhanpur,Nagaland,711275,2024-07-14,paid_search,Regular,True
CST4226,Gunbir Munshi,wableekanta@example.com,+912666065088,Anantapuram,Tripura,470093,2026-02-16,email,VIP,True
CST4227,Tara Kalla,yash76@example.com,9999297020,Narasaraopet,Uttar Pradesh,340355,2025-10-28,referral,VIP,False
CST4228,Tamanna Wali,baljiwannigam@example.com,6289369025,Bidar,Tripura,280978,2026-01-03,organic,VIP,True
CST4229,Naveen Edwin,arunimasarna@example.org,05344829498,Davanagere,Karnataka,164697,2025-06-23,organic,Regular,True
CST4230,Radhika Chandra,ayush73@example.com,+916747421158,Hapur,Mizoram,597522,2025-10-17,social,Premium,True
CST4231,Zilmil Mahajan,ydayal@example.net,1235885553,Indore,Nagaland,081583,2023-12-07,referral,Regular,True
CST4232,Amaira Chhabra,bimala29@example.com,2936314910,Dibrugarh,Arunachal Pradesh,794498,2024-02-26,paid_search,Premium,True
CST4233,Aishani Nigam,balandaniel@example.org,05612676817,Tinsukia,Haryana,840178,2023-12-23,organic,Premium,True
CST4234,Shivani Gaba,bsane@example.com,+910011246983,Bahraich,West Bengal,760574,2026-01-13,organic,VIP,True
CST4235,Lipika Sur,zaitramuni@example.net,+916300502863,Rajkot,Tripura,090682,2023-11-15,email,VIP,True
CST4236,Reva Mall,vivaanpadmanabhan@example.com,9752989381,Ambattur,Meghalaya,362055,2024-04-26,social,Regular,True
CST4237,Darsh Chhabra,xsankaran@example.net,3203824068,Eluru,Telangana,258797,2023-12-29,organic,Premium,True
CST4238,Yashica Joshi,sanyamishra@example.com,2994070548,Ramagundam,Meghalaya,328739,2024-04-27,referral,Regular,True
CST4239,Vanya Bail,tarakkrish@example.org,+912530902793,Agartala,Himachal Pradesh,966673,2026-01-19,referral,Regular,True
CST4240,Yoshita Bhakta,viswanathangautam@example.com,7851716117,Meerut,Karnataka,509824,2025-02-01,referral,Premium,False
CST4241,Naveen Brar,bmukherjee@example.com,05685758449,Chittoor,Uttar Pradesh,427135,2024-10-15,email,Premium,True
CST4242,Rayaan Minhas,srinivasmason@example.net,04724198295,Karawal Nagar,Maharashtra,331761,2024-08-25,social,Premium,True
CST4243,Lajita Pal,yshan@example.com,+911727492793,Guntur,Andhra Pradesh,369446,2025-11-19,paid_search,Premium,True
CST4244,Anita Ray,peripavani@example.org,4364498158,Jabalpur,Telangana,105756,2025-02-18,social,Regular,True
CST4245,Anita Sanghvi,vmall@example.org,08944341916,Warangal,Andhra Pradesh,436540,2023-12-10,social,Premium,False
CST4246,Karan Verma,chandran55@example.net,05299965690,Loni,Gujarat,246280,2025-08-19,organic,VIP,True
CST4247,Guneet Garg,kharequshi@example.com,05684030599,Dhule,Madhya Pradesh,139823,2026-04-25,social,VIP,True
CST4248,Prisha Sarraf,buchwahab@example.org,05233631174,Rohtak,Tamil Nadu,631474,2025-07-25,referral,Regular,True
CST4249,Gopal Chandran,viraj72@example.com,05990373546,Jammu,Goa,367890,2024-03-19,social,Regular,True
CST4250,Dayita Som,okumer@example.org,04705568835,Bhimavaram,Manipur,908756,2025-05-01,paid_search,Regular,True
CST4251,Lopa Bora,meera74@example.net,2632315375,Siliguri,West Bengal,163780,2025-01-20,social,VIP,True
CST4252,Noah Chanda,nagarajanvinaya@example.com,+916978221868,Karaikudi,Kerala,175958,2026-05-29,paid_search,VIP,True
CST4253,Nachiket Mody,diyade@example.net,8375587919,Mangalore,Goa,456999,2024-11-15,paid_search,Regular,True
CST4254,Hitesh Chacko,ayush22@example.org,+919395264250,Navi Mumbai,Meghalaya,636137,2025-08-31,email,Regular,False
CST4255,Madhavi Apte,hbobal@example.org,8750139431,Madhyamgram,West Bengal,035429,2024-06-19,paid_search,Regular,True
CST4256,Bishakha Bhardwaj,yashdugar@example.net,00780224012,Kollam,Karnataka,691521,2024-10-25,social,VIP,True
CST4257,Nakul De,unni77@example.net,03219702778,Pudukkottai,Himachal Pradesh,870509,2024-11-27,paid_search,VIP,False
CST4258,Ayushman Halder,ydasgupta@example.net,+912334885258,Muzaffarpur,Bihar,477174,2025-04-09,social,Regular,True
CST4259,Darpan Jha,vincentsuresh@example.org,05045170730,Mahbubnagar,Manipur,732717,2026-06-13,referral,Regular,True
CST4260,Azad Badal,malhotrajatin@example.org,8382129894,Alwar,Kerala,693541,2025-11-07,organic,VIP,True
CST4261,Vrishti Shroff,sekhonanya@example.net,5111903492,Ranchi,Manipur,198238,2026-02-01,email,Premium,True
CST4262,Abeer Bali,ojas09@example.com,06615900115,Karimnagar,Uttarakhand,134728,2024-04-28,paid_search,VIP,True
CST4263,Ganga Mody,xavierprasad@example.org,6415279372,Ghaziabad,Karnataka,258516,2024-02-19,organic,Regular,False
CST4264,Chanakya Ganesan,ysami@example.net,06690726455,Mira-Bhayandar,Uttarakhand,269114,2025-04-28,email,Regular,False
CST4265,Arin Khurana,dasguptadeepa@example.net,01694156725,Korba,Manipur,727254,2026-05-31,organic,VIP,False
CST4266,Vasatika Parsa,muniqarin@example.com,03065913182,Saharsa,Madhya Pradesh,049791,2024-01-20,email,Regular,True
CST4267,Ria Sen,fmani@example.net,+916574039986,Kolkata,Odisha,133711,2025-09-06,organic,VIP,True
CST4268,Udarsh Sunder,keergunbir@example.net,+911590325911,Jodhpur,Telangana,623011,2026-01-06,paid_search,Regular,False
CST4269,Finn Ghose,mkala@example.net,+911187026956,Giridih,Chhattisgarh,167579,2025-11-21,email,Premium,True
CST4270,Ekaraj Seth,krisha76@example.com,08137049240,Davanagere,Tripura,247137,2026-04-22,paid_search,Premium,True
CST4271,Victor Rajagopal,urishilla23@example.com,+911497175108,Bahraich,Haryana,576296,2025-06-19,paid_search,VIP,True
CST4272,Ria Khanna,btella@example.net,6201335742,Mathura,Assam,794555,2025-04-07,organic,Regular,True
CST4273,Abhiram Lanka,balhaar78@example.net,5604940661,Patiala,Maharashtra,790795,2025-11-29,social,VIP,True
CST4274,Hemani Ram,sanghaansh@example.com,06752088039,Darbhanga,Kerala,427140,2026-06-10,paid_search,Premium,True
CST4275,Umang Rattan,hkaur@example.org,9045206536,Moradabad,Andhra Pradesh,169359,2023-09-21,email,Regular,False
CST4276,Nitesh Atwal,jhaveer@example.net,+912881600264,Dehradun,Nagaland,843119,2024-06-19,email,Premium,False
CST4277,Raksha Dey,hayersuhani@example.net,07467428860,Deoghar,Karnataka,803409,2024-02-09,email,VIP,True
CST4278,Baljiwan Bhattacharyya,qbava@example.org,7110346888,Ozhukarai,Bihar,450252,2024-05-22,email,VIP,True
CST4279,Sachi Sankaran,orindergolla@example.org,9704342049,Hazaribagh,Goa,772955,2025-03-28,organic,VIP,True
CST4280,Siddharth Trivedi,bparekh@example.com,03459944204,Guwahati,Mizoram,043334,2024-03-25,paid_search,VIP,True
CST4281,Jeet Arya,hema66@example.com,+910464239015,Bhalswa Jahangir Pur,Chhattisgarh,916569,2025-04-10,paid_search,Regular,True
CST4282,Harini Kibe,sengaurav@example.net,9097396834,Tiruchirappalli,Meghalaya,834222,2024-08-24,referral,Premium,True
CST4283,Wyatt Oza,nehamandal@example.net,+912184592370,Berhampore,Punjab,329620,2023-08-31,paid_search,VIP,True
CST4284,Girish Borde,lukepandey@example.net,06113649699,Katni,Gujarat,919888,2024-02-03,organic,VIP,True
CST4285,Wakeeta Gera,iiyengar@example.net,08219343130,Ghaziabad,Uttar Pradesh,274383,2025-03-30,social,VIP,True
CST4286,Falak Vig,chandani00@example.com,+911956534122,Hubli–Dharwad,Chhattisgarh,598427,2026-08-09,organic,VIP,False
CST4287,Oviya Nayar,vrinda44@example.org,1667095985,Bettiah,Manipur,542619,2025-02-04,social,VIP,True
CST4288,Liam Bansal,pbal@example.com,08548504106,Raipur,Jharkhand,771302,2024-01-26,organic,Premium,True
CST4289,Thomas Tata,wardadixit@example.org,+914399062241,Hapur,Madhya Pradesh,090004,2026-08-05,paid_search,Regular,True
CST4290,Gautami Bal,chanchalmistry@example.net,+913083252989,Mira-Bhayandar,Odisha,076099,2024-11-30,organic,Premium,True
CST4291,Jagvi Gupta,dsarna@example.net,08878268097,Mangalore,West Bengal,405651,2025-03-31,referral,Premium,True
CST4292,Tripti Rajan,owenlal@example.com,3439216721,Jalandhar,Assam,962348,2025-06-19,paid_search,VIP,False
CST4293,Aarini Chanda,hiral12@example.com,00911846753,Aligarh,Mizoram,288199,2025-05-15,email,Premium,False
CST4294,Aarna Muni,geetikakulkarni@example.org,+914056050118,Katihar,Tripura,293335,2025-05-09,paid_search,Premium,True
CST4295,Harsh Seshadri,upasna18@example.org,4025539008,Gopalpur,Arunachal Pradesh,536165,2024-11-04,organic,Premium,True
CST4296,Sara Das,chanchalsen@example.com,+910173868160,Farrukhabad,Tamil Nadu,406561,2023-09-18,paid_search,Regular,True
CST4297,Chaman Bali,ssama@example.com,2368376242,Morena,Rajasthan,700150,2024-08-31,organic,VIP,True
CST4298,Upkaar Prabhakar,vigaditya@example.net,+918484642346,Siwan,Jharkhand,028073,2024-12-11,email,VIP,True
CST4299,Gopal Chokshi,aom@example.net,7920485929,Berhampore,Meghalaya,664592,2025-01-15,email,VIP,True
CST4300,Yuvraj Sengupta,doctorpranit@example.net,01912369408,Nangloi Jat,Telangana,705343,2024-06-15,paid_search,Premium,True
CST4301,Gabriel Bhargava,gaurikashroff@example.com,+912478131014,Siwan,Assam,838499,2024-02-29,email,VIP,True
CST4302,Upkaar Dhingra,paiansh@example.org,8945074808,Ambattur,Jharkhand,371648,2025-08-12,paid_search,Regular,False
CST4303,Devansh Dani,dugalabhiram@example.org,+915042246053,Gandhinagar,Tamil Nadu,218255,2025-11-17,social,Premium,True
CST4304,Isaiah Lala,kevin45@example.com,2329889035,Giridih,Mizoram,447956,2024-11-28,social,VIP,False
CST4305,Samar Nagarajan,agatefalan@example.com,8963064273,Ambarnath,Mizoram,418870,2024-06-24,email,Regular,False
CST4306,Jason Jha,ishaansaha@example.com,+912808509928,Agartala,Andhra Pradesh,565900,2024-01-04,paid_search,Premium,True
CST4307,Lopa Memon,emangat@example.org,03848069310,Patiala,Odisha,316295,2023-09-17,email,Premium,True
CST4308,Arya Sandhu,zjaggi@example.org,4762411507,Kochi,Gujarat,417459,2026-08-22,referral,Premium,True
CST4309,Oni Ray,sodhigaurav@example.org,9734096273,Panvel,Manipur,259933,2024-10-02,social,VIP,True
CST4310,Vedhika Keer,champak67@example.com,+918290158501,Kulti,Karnataka,300716,2023-09-10,paid_search,VIP,True
CST4311,Quincy Yohannan,gavinsaraf@example.com,06530977428,Jamshedpur,West Bengal,573781,2024-06-28,organic,Regular,True
CST4312,Warjas Sarma,suhani42@example.com,6718713465,Malda,Meghalaya,603564,2024-12-26,social,VIP,True
CST4313,Ubika Samra,sameshlanka@example.net,3195060146,Warangal,Meghalaya,466196,2026-04-10,social,Regular,False
CST4314,Ekani Tella,qthaker@example.org,01987657978,Jaunpur,Meghalaya,209800,2026-02-14,social,Premium,False
CST4315,Adweta Mistry,bassitanvi@example.net,+911869208630,Rajpur Sonarpur,Mizoram,824727,2024-03-12,referral,Regular,False
CST4316,Zaitra Chopra,paichatresh@example.com,06762871402,Giridih,Uttar Pradesh,588154,2025-06-20,referral,Premium,True
CST4317,Chandran Parsa,kalpitgole@example.net,5607530045,Raebareli,Uttarakhand,420999,2025-07-02,organic,VIP,True
CST4318,Anjali Rai,alexander05@example.com,+916564229599,Nandyal,Haryana,320587,2025-09-19,social,Premium,False
CST4319,Vrinda Rege,rohanbutala@example.net,07900572377,Gandhinagar,Assam,144059,2023-09-22,paid_search,Premium,True
CST4320,Balhaar Saraf,vaishnavisaran@example.net,9595406093,Chinsurah,Gujarat,475947,2024-09-28,referral,VIP,True
CST4321,Jagvi Wali,baghyawatichauhan@example.net,4821258383,Guntakal,Madhya Pradesh,754683,2026-07-01,social,VIP,False
CST4322,Warhi Dora,robert24@example.com,9514072517,Sambhal,Punjab,775933,2023-09-17,referral,VIP,True
CST4323,Lucky Salvi,kapadiaayaan@example.org,8651538599,Bhalswa Jahangir Pur,Himachal Pradesh,825193,2026-02-18,email,Premium,True
CST4324,Dakshesh Mani,vedhikamohanty@example.com,9439739117,Bhopal,Nagaland,303317,2024-01-25,referral,Regular,True
CST4325,Reva Tata,eyadav@example.org,+910789878841,Firozabad,Mizoram,077410,2024-05-30,organic,Premium,True
CST4326,Lavanya Dar,jkaul@example.org,02096251450,Bahraich,Kerala,488741,2025-11-01,organic,VIP,False
CST4327,Netra Magar,bhavnachahal@example.net,+914083880072,Hindupur,Karnataka,578697,2023-10-17,email,VIP,False
CST4328,Anita Barad,zbuch@example.net,+918844093574,Thanjavur,Haryana,379828,2025-02-15,referral,VIP,True
CST4329,Indali Taneja,gavin24@example.com,+917444642871,Belgaum,Himachal Pradesh,180400,2026-03-09,paid_search,Premium,True
CST4330,Indira Dar,ywadhwa@example.org,+916613679144,Ballia,Manipur,798378,2024-10-27,email,Premium,False
CST4331,Charvi Sastry,bobalavi@example.net,+918728354717,Pune,Meghalaya,951802,2024-04-30,social,VIP,True
CST4332,Sanya Sahni,deraghav@example.org,00625178668,Lucknow,Sikkim,657299,2026-02-22,email,Regular,True
CST4333,Urishilla Nayar,banjeettara@example.org,8998619478,Motihari,Uttar Pradesh,717665,2025-05-25,referral,VIP,False
CST4334,Michael Krishna,jhaverinaksh@example.net,6392488744,Madanapalle,Maharashtra,191570,2024-07-13,social,Regular,True
CST4335,Niharika Chawla,pinglejagrati@example.org,+913794803994,Tumkur,Meghalaya,617513,2026-08-24,email,VIP,True
CST4336,Owen Dey,babuteerth@example.net,6837006575,Bidhannagar,Goa,278443,2026-05-09,paid_search,Premium,True
CST4337,Eiravati Saraf,caleb70@example.com,6238446497,Kakinada,Karnataka,745571,2023-10-07,social,Regular,False
CST4338,Naveen Loke,tbalay@example.org,02123415252,Kamarhati,Kerala,705093,2024-07-28,paid_search,Regular,True
CST4339,Aadi Nazareth,chackoamruta@example.com,+913864342831,Hubli–Dharwad,Andhra Pradesh,696096,2026-07-05,paid_search,Regular,True
CST4340,Dominic Chandran,janaki09@example.net,2357176526,Rewa,Kerala,248499,2025-04-11,referral,VIP,True
CST4341,Ronith Iyengar,tara77@example.com,04012668218,Phagwara,West Bengal,087245,2026-07-05,social,Regular,True
CST4342,Gagan Kakar,zmalhotra@example.net,+910983271377,Purnia,Kerala,130600,2023-09-08,paid_search,VIP,True
CST4343,Qabil Mangat,bhardwajomkaar@example.com,05668358044,Satara,Telangana,918651,2023-12-23,paid_search,Premium,False
CST4344,Kavya Mand,pathakbimala@example.net,+910249854363,Rajahmundry,Jharkhand,628620,2025-02-28,paid_search,Premium,True
CST4345,Sneha Bajaj,skhatri@example.com,5625055274,Kavali,Uttarakhand,846205,2023-10-13,email,Regular,False
CST4346,Chakrika Mangat,koshybalveer@example.org,0883432292,Vellore,Haryana,673101,2025-02-09,organic,VIP,True
CST4347,Yutika Guha,cbabu@example.net,3352246394,Mahbubnagar,Tamil Nadu,146127,2026-01-19,referral,VIP,True
CST4348,Ekantika Borah,onveer55@example.net,8038793002,Raipur,Chhattisgarh,800661,2025-07-16,email,VIP,True
CST4349,Om Prabhakar,libnisaha@example.com,00416995437,Erode,Gujarat,845333,2026-02-10,social,VIP,True
CST4350,Kashish Kaul,yadavamruta@example.org,02664203442,Panihati,Odisha,126588,2023-11-26,email,Regular,False
CST4351,Aarav Bhatnagar,januja21@example.org,5822891874,Ballia,Haryana,743372,2025-02-15,social,VIP,True
CST4352,Riya Dhar,rattadavid@example.org,08795802101,Kavali,Odisha,084815,2025-12-20,referral,VIP,True
CST4353,Tripti Rai,utkarshseth@example.net,+915352572343,Suryapet,Assam,317676,2025-03-02,email,Regular,True
CST4354,Nandini Kalita,mitterfrado@example.net,4608662900,Guntur,Telangana,366712,2026-04-30,social,Regular,True
CST4355,Pranit Sathe,iravel@example.org,+911875163826,Bettiah,Madhya Pradesh,415774,2023-10-14,paid_search,Premium,True
CST4356,Janya Ghosh,vsunder@example.org,7832298765,Amroha,Kerala,581981,2025-07-19,email,VIP,True
CST4357,Bhavya Taneja,nidraganesh@example.net,01380526812,Cuttack,Haryana,173962,2023-11-18,paid_search,VIP,True
CST4358,Mohammed Hari,yutikasom@example.net,05372375456,Thiruvananthapuram,Uttarakhand,332964,2024-12-22,paid_search,Regular,False
CST4359,Abhiram Varghese,tanay29@example.net,+919639550392,Guntur,Uttarakhand,357611,2025-11-02,organic,Regular,True
CST4360,Anjali Nayak,mkeer@example.com,1245822084,Tinsukia,Haryana,657107,2025-10-22,organic,Regular,True
CST4361,Oni Pau,emutti@example.org,+914154953415,Jabalpur,Maharashtra,524056,2024-05-27,email,VIP,True
CST4362,Eshana Swamy,fwadhwa@example.org,04450074929,Panvel,Madhya Pradesh,739621,2025-11-05,referral,VIP,True
CST4363,Bimala Mann,wakeeta47@example.org,07224807702,Ahmednagar,Jharkhand,184190,2025-06-01,paid_search,Premium,False
CST4364,Bhavika Kari,xuppal@example.org,+919540209490,Karawal Nagar,Gujarat,378840,2026-02-12,referral,Premium,True
CST4365,Mahika Mand,vgade@example.net,+913198034674,Hosur,Mizoram,754563,2025-12-29,organic,VIP,True
CST4366,Ati Kari,satwal@example.org,+916077984391,Begusarai,Jharkhand,851589,2025-10-03,referral,Regular,True
CST4367,Vansha Tella,yutika42@example.com,+915864215057,Unnao,Assam,146595,2025-01-01,paid_search,Premium,True
CST4368,Amol Randhawa,yagnesh79@example.com,00762444046,Malegaon,Karnataka,369402,2024-10-04,social,VIP,True
CST4369,Rohan Palla,upma64@example.net,07288744439,Hazaribagh,Haryana,413418,2023-11-01,paid_search,Premium,True
CST4370,George Tak,dalalrobert@example.org,7705571980,Indore,Uttar Pradesh,830126,2025-08-29,email,Premium,True
CST4371,Warda Goda,advaysalvi@example.com,03825811027,Tirupati,Maharashtra,581305,2024-11-13,referral,Premium,True
CST4372,Raagini Sinha,anyabalasubramanian@example.com,0587784201,Jamshedpur,Himachal Pradesh,835850,2024-05-09,email,Regular,False
CST4373,Tanvi Chandra,vedhika32@example.net,6617930487,Bilaspur,Kerala,575996,2024-03-16,social,VIP,True
CST4374,Nakul Kumer,chawlaikbal@example.com,1390134758,Jammu,Bihar,383983,2023-09-24,referral,VIP,False
CST4375,Arya Lad,vyanjana22@example.net,+911997574475,Kozhikode,Chhattisgarh,550126,2024-05-10,paid_search,Regular,True
CST4376,Oni Mall,vsandal@example.org,5340157044,Tiruchirappalli,Haryana,575867,2024-12-23,organic,VIP,True
CST4377,Qasim Dhawan,senguptadalaja@example.net,9009479676,Karaikudi,Meghalaya,492205,2026-03-06,referral,Regular,True
CST4378,Zansi Rai,ade@example.org,+914035483510,Malegaon,Arunachal Pradesh,171688,2025-11-15,paid_search,VIP,True
CST4379,Amrita Jhaveri,hemangsampath@example.net,07686488690,Bhagalpur,Madhya Pradesh,530985,2023-09-16,email,Regular,True
CST4380,Warhi Kale,deyrajeshri@example.org,02707411926,Bellary,Uttar Pradesh,864367,2024-10-08,organic,Regular,True
CST4381,Krishna Sankar,murtyekapad@example.net,06176762725,Chennai,Manipur,237839,2025-11-01,email,VIP,True
CST4382,Waida Karan,bhargavayuvraj@example.org,6355999322,Korba,Assam,819040,2025-04-23,email,Premium,True
CST4383,Harinakshi Walia,yuvraj05@example.net,+918944777561,Hajipur,Mizoram,215920,2024-02-09,referral,VIP,False
CST4384,Arjun Narang,kala22@example.com,04126046542,Gurgaon,Arunachal Pradesh,953839,2024-08-07,referral,Regular,True
CST4385,Yamini Bora,hredhaanray@example.org,00268358055,Giridih,Tamil Nadu,323583,2024-12-15,organic,Regular,True
CST4386,Banjeet Buch,yashawiniahluwalia@example.org,3486689602,Bhiwani,Tamil Nadu,489636,2025-03-09,paid_search,VIP,True
CST4387,Tristan Agarwal,hemani32@example.net,08808367147,Bathinda,Maharashtra,183375,2024-04-30,referral,Premium,True
CST4388,Yashasvi Rama,eiravati90@example.org,+913075478120,Rewa,Manipur,025451,2026-03-05,email,Regular,True
CST4389,Ranbir Parmer,qradhakrishnan@example.net,7366826685,Purnia,Sikkim,404287,2026-06-23,referral,Premium,True
CST4390,Dayita Kakar,rachitdhingra@example.net,08256173200,Nanded,Kerala,927834,2024-01-19,referral,Regular,True
CST4391,Janaki Balasubramanian,wdube@example.com,+919254750139,Ambala,Uttarakhand,921164,2024-01-04,social,VIP,True
CST4392,Vedant Gulati,sandalsai@example.org,02496952504,Nandyal,Haryana,914029,2023-09-28,paid_search,Regular,False
CST4393,Abeer Kohli,rajuaditya@example.com,06908511043,Gulbarga,Sikkim,593674,2024-04-22,social,Premium,False
CST4394,Amara Palan,sarabarad@example.com,4754182168,Anand,Uttar Pradesh,935647,2023-10-30,paid_search,Premium,True
CST4395,Udarsh Goda,yparekh@example.net,03354721661,Bilaspur,Sikkim,881413,2024-12-01,social,VIP,False
CST4396,Vrishti Bansal,sachipingle@example.com,2733915786,Pali,Kerala,675722,2025-11-07,email,VIP,True
CST4397,Finn Barman,ekapadkhosla@example.net,4446487200,Sultan Pur Majra,Punjab,017511,2023-11-01,social,Premium,True
CST4398,Aarna Khosla,balaqarin@example.com,+912398552467,Barasat,Punjab,147079,2024-11-04,social,VIP,True
CST4399,Kashish Nagy,sherebakhshi@example.com,+911303366166,Jamshedpur,West Bengal,078243,2024-04-22,referral,VIP,True
CST4400,Kabir Gaba,ymittal@example.net,+917310227824,Srikakulam,Himachal Pradesh,672154,2024-07-24,referral,Premium,False
CST4401,Osha Tella,cbobal@example.com,00165277145,Guna,Punjab,496654,2025-10-09,referral,Regular,True
CST4402,Jason Sethi,vrishti69@example.com,+917561389912,Bhilai,Manipur,422381,2025-11-07,social,Premium,True
CST4403,Ekanta Acharya,ojas46@example.net,+910970814383,Durgapur,Rajasthan,695035,2024-12-19,organic,Premium,False
CST4404,Yuvraj Bali,anikachakrabarti@example.com,6304625817,Katni,Rajasthan,330830,2025-12-28,referral,Premium,True
CST4405,Inaya Parmer,nikitasethi@example.org,06703742451,Tirunelveli,Chhattisgarh,064920,2024-08-17,organic,Premium,True
CST4406,Champak Mand,nathan17@example.org,+912905920258,Madhyamgram,Kerala,766500,2024-06-10,social,Regular,True
CST4407,Isha Desai,omishakhare@example.net,9265564800,Tirupati,Telangana,572571,2024-06-17,social,Premium,True
CST4408,Girish Rao,pratyushpanchal@example.com,04628913941,Kalyan-Dombivli,Uttarakhand,321571,2025-05-25,email,Premium,True
CST4409,Deepa Comar,vyohannan@example.net,+914972845750,Gorakhpur,Tamil Nadu,347066,2024-07-14,referral,Regular,True
CST4410,Max Bava,vidhi58@example.net,02549356230,Bathinda,Madhya Pradesh,761465,2024-08-12,email,Regular,True
CST4411,Prisha Nadig,dominicbalakrishnan@example.net,+916662673007,Karimnagar,Tripura,370052,2025-11-05,paid_search,Premium,False
CST4412,Atharv Mukherjee,aradhana35@example.com,+910047949264,Serampore,Gujarat,709156,2025-07-31,organic,VIP,True
CST4413,Advik Bera,nathaniel30@example.com,05042367975,Amroha,Chhattisgarh,492847,2025-10-06,organic,VIP,True
CST4414,Lohit Sani,kuriantejas@example.net,1820063296,Bhagalpur,Kerala,871001,2024-09-02,paid_search,Premium,True
CST4415,Deepa Nanda,bhattlajita@example.org,04836922035,Ichalkaranji,Rajasthan,797856,2024-08-30,email,VIP,True
CST4416,Anjali Chandra,frastogi@example.net,7171818660,Bhiwani,Goa,720799,2026-05-22,social,VIP,False
CST4417,Jagat Babu,anusha40@example.com,08489611605,Muzaffarnagar,Goa,325805,2024-02-20,social,VIP,True
CST4418,Yashvi Lala,qrattan@example.com,+914913981001,Nagercoil,Madhya Pradesh,084340,2025-07-31,email,VIP,True
CST4419,Advaith Nagy,suhanichawla@example.com,4032465466,Bharatpur,Karnataka,153361,2025-10-19,referral,VIP,True
CST4420,Isaiah Balasubramanian,lokeshravya@example.net,+911724354931,Munger,Meghalaya,435351,2024-02-07,organic,Premium,True
CST4421,Aarush Tripathi,tejaskadakia@example.org,06355301297,Faridabad,Rajasthan,846245,2024-06-04,paid_search,Regular,False
CST4422,Jack Prashad,fmunshi@example.com,5632249112,Meerut,Manipur,570076,2025-09-07,organic,Premium,True
CST4423,Yagnesh Sidhu,bhagattamanna@example.com,+916718772103,Hajipur,Karnataka,154595,2023-10-19,referral,VIP,True
CST4424,Adya Dhar,baljiwan75@example.net,+910852348470,Chandigarh,Sikkim,547018,2024-05-10,paid_search,VIP,True
CST4425,Yashodhara Apte,trivedibarkha@example.net,8683643662,Miryalaguda,Tripura,859930,2025-02-10,paid_search,VIP,False
CST4426,Bhavya Ramesh,vrishtimutti@example.net,+911694763427,Bhilai,Jharkhand,341723,2025-11-03,referral,Regular,False
CST4427,Dominic Palan,varghesedominic@example.net,8063054618,Barasat,Karnataka,247006,2025-12-28,social,Premium,True
CST4428,Arin Nath,upadhritirastogi@example.net,05776446089,Sambhal,Chhattisgarh,986874,2025-07-02,referral,Regular,False
CST4429,Omya Tripathi,mallickjackson@example.org,09725218545,Satara,Gujarat,508716,2024-05-22,paid_search,Premium,True
CST4430,Gopal Chauhan,cherianbhavika@example.org,+918804874821,Nashik,Arunachal Pradesh,242781,2025-03-21,organic,Premium,False
CST4431,Owen Gulati,vamakshi52@example.net,7241289898,Madanapalle,Karnataka,570100,2025-07-18,email,VIP,True
CST4432,Rajeshri Chahal,pradhankavya@example.com,+918135986632,Shahjahanpur,Tripura,408688,2026-07-28,social,Regular,True
CST4433,Finn Choudhury,mannyochana@example.org,+914948798828,Dharmavaram,Meghalaya,085886,2024-03-29,referral,Premium,True
CST4434,Aarav Mannan,ethantoor@example.net,7626112956,Mysore,Jharkhand,937627,2024-06-03,paid_search,Regular,True
CST4435,Kai Halder,chandran54@example.org,00096870155,Alappuzha,Haryana,729849,2024-08-17,email,Premium,True
CST4436,Orinder Sarma,dugalliam@example.org,+917500365841,Coimbatore,Tripura,128373,2026-06-07,email,VIP,True
CST4437,Ekanta Virk,yutika45@example.net,+918409122208,Nangloi Jat,Karnataka,959546,2024-12-12,social,Premium,False
CST4438,Lila Contractor,riya69@example.com,9960674068,Ratlam,Himachal Pradesh,213715,2025-09-25,email,Premium,False
CST4439,Upkaar Sule,bavamatthew@example.com,05427521390,Gurgaon,Bihar,832829,2024-10-22,social,VIP,False
CST4440,Neel Minhas,deshpandeorinder@example.net,02058352922,Orai,Uttarakhand,782257,2023-10-15,paid_search,VIP,False
CST4441,Aarini Raj,cbiswas@example.org,1204584265,Imphal,Bihar,929367,2026-04-23,paid_search,Premium,False
CST4442,Karan Subramaniam,madhavmore@example.net,5459381672,Phagwara,Manipur,723315,2026-05-08,referral,VIP,True
CST4443,Nicholas Raval,datepraneel@example.net,+919454189418,Dehri,Tamil Nadu,862957,2024-08-29,social,VIP,True
CST4444,Wakeeta Sandal,esubramaniam@example.com,0867969961,Anantapuram,Uttarakhand,124849,2025-05-29,referral,VIP,True
CST4445,Pushti Munshi,maya20@example.com,05378872612,Bardhaman,Rajasthan,987003,2024-06-25,social,Premium,True
CST4446,Hitesh Choudhury,max27@example.net,+917094585874,Chinsurah,Jharkhand,225612,2025-08-24,referral,Regular,True
CST4447,Hemangini Bhardwaj,chowdhuryhritik@example.com,9329415538,Pallavaram,Goa,961064,2024-03-29,organic,Premium,True
CST4448,Chatresh Pandya,owenminhas@example.com,06548234296,Ratlam,Mizoram,940521,2024-04-26,paid_search,Premium,True
CST4449,Jason Mody,rajata63@example.org,09948685476,Vasai-Virar,Bihar,403052,2025-04-03,paid_search,Regular,True
CST4450,Anamika Parsa,fredericksachar@example.com,+912365743342,Sultan Pur Majra,Maharashtra,130123,2026-08-19,paid_search,VIP,False
CST4451,Warjas Nair,ramasanaya@example.com,+918434723852,Silchar,Goa,864420,2025-09-01,paid_search,VIP,True
CST4452,Upadhriti Pal,nnayar@example.net,+917528851667,Dehri,Maharashtra,932766,2026-03-12,referral,VIP,False
CST4453,Charles Agarwal,pushtibose@example.com,4673195368,Vadodara,West Bengal,330855,2026-07-12,email,VIP,False
CST4454,Zaitra Iyengar,lankanimrat@example.com,3480789180,Jamshedpur,Nagaland,985943,2025-07-24,email,Premium,True
CST4455,Chameli Master,cgarde@example.org,7029679297,Secunderabad,Chhattisgarh,608033,2026-07-31,email,Premium,True
CST4456,Darpan Dara,qanne@example.org,03991131321,Satara,Himachal Pradesh,848118,2025-05-07,paid_search,Premium,True
CST4457,Isaac Chander,tristan69@example.net,2906261490,Bikaner,Madhya Pradesh,449773,2024-06-22,social,Premium,True
CST4458,Aarini Kulkarni,modyekavir@example.org,+913736674503,Hajipur,Uttarakhand,765593,2025-02-10,organic,Regular,True
CST4459,Urvi Devi,adyachacko@example.org,09454678279,Nellore,Mizoram,911177,2024-04-17,organic,VIP,False
CST4460,Arya Ghose,sathvik17@example.com,04526226160,Hapur,Punjab,872636,2025-07-07,paid_search,Premium,True
CST4461,Ishanvi Jayaraman,harrisonbandi@example.org,+914208964863,Kishanganj,Karnataka,975138,2024-10-17,email,Premium,True
CST4462,Nachiket Chacko,kulkarnibina@example.org,+917867891417,Thane,Nagaland,584794,2026-02-07,organic,Premium,False
CST4463,Falguni Buch,bbabu@example.com,9098823608,Tumkur,Uttarakhand,294729,2025-09-24,email,VIP,False
CST4464,Eshana Grover,bhatanjali@example.net,+915604414337,Panihati,Madhya Pradesh,114778,2023-11-12,email,VIP,False
CST4465,Vasudha Babu,anjalisinghal@example.org,3334040845,Indore,Chhattisgarh,638373,2025-05-24,paid_search,VIP,True
CST4466,Sachi Vora,jagvi50@example.com,4143382940,Bhusawal,Manipur,589746,2025-09-22,email,Premium,True
CST4467,Gaurangi Contractor,atharv09@example.net,+915192714797,Nashik,Telangana,135790,2023-10-08,paid_search,Regular,True
CST4468,Hemani Kumer,ubora@example.com,03531973080,Muzaffarnagar,Uttar Pradesh,224375,2025-12-24,referral,VIP,True
CST4469,Abdul Ben,udarshramaswamy@example.com,+917543898529,Guntur,Tripura,643645,2024-02-15,referral,Premium,False
CST4470,Advika Swaminathan,qabilaggarwal@example.org,2623616620,Asansol,Maharashtra,696836,2024-05-17,organic,VIP,True
CST4471,Raagini Bhatti,oakbarkha@example.com,06119630499,Sasaram,Uttar Pradesh,306367,2024-04-15,organic,VIP,True
CST4472,Banjeet Modi,ykaur@example.com,+918818529879,Meerut,Bihar,988012,2025-10-13,social,VIP,True
CST4473,Zayan Wadhwa,hredhaanbhardwaj@example.org,3123167130,Pondicherry,Odisha,515485,2025-05-13,referral,Regular,False
CST4474,Yug Tak,sarkardayamai@example.com,09186278552,Bettiah,Nagaland,998706,2025-06-10,organic,Regular,True
CST4475,Aadi Tailor,janiethan@example.org,+912555630025,Bihar Sharif,Uttarakhand,577654,2023-09-23,referral,Premium,True
CST4476,Gauri Ghosh,minhasrachana@example.org,+911204267841,Orai,Meghalaya,428117,2025-10-23,email,Regular,False
CST4477,Watika Upadhyay,omtamanna@example.net,08875750628,Kirari Suleman Nagar,Odisha,063336,2025-05-21,social,VIP,True
CST4478,Faras Bala,chadvaishnavi@example.org,+919822217106,Dharmavaram,Tamil Nadu,318383,2024-01-26,paid_search,Premium,True
CST4479,Triveni Rana,egade@example.org,04413204566,Suryapet,Telangana,658108,2024-01-03,social,Regular,False
CST4480,Ria Rajagopalan,megha36@example.org,4269780188,Shivpuri,Haryana,483065,2025-10-18,paid_search,Premium,True
CST4481,Anya Chander,ilalla@example.com,4686412134,Katihar,Rajasthan,175565,2024-03-27,organic,Regular,False
CST4482,Christopher Dewan,raybishakha@example.com,6913964914,Sultan Pur Majra,Sikkim,321330,2024-06-08,email,Regular,True
CST4483,Warjas Kant,ronithchoudhury@example.com,00546757778,Dindigul,Chhattisgarh,294983,2025-09-20,paid_search,Regular,True
CST4484,Warhi Kumer,pillaivarenya@example.com,5116032930,Madhyamgram,Karnataka,143087,2026-08-16,email,Premium,True
CST4485,Krisha Baria,jhagaurangi@example.com,+913712940145,Salem,Jharkhand,833542,2026-05-31,email,Regular,False
CST4486,Panini Hayre,agastyaparmer@example.com,00905264412,Arrah,Gujarat,172653,2025-06-13,social,VIP,True
CST4487,Odika Gopal,girishgupta@example.net,00563691715,Shimla,Uttar Pradesh,966777,2024-05-09,social,Premium,True
CST4488,Ekbal Bumb,damini96@example.org,07168366453,Bilaspur,Sikkim,381260,2024-06-16,social,VIP,True
CST4489,Ikshita Hegde,kapoorlavanya@example.org,+915768641627,Bikaner,Andhra Pradesh,215181,2024-09-10,organic,Premium,True
CST4490,Advik Srinivasan,tanviprabhu@example.org,07940506318,Jaipur,Goa,042830,2025-05-31,referral,Premium,True
CST4491,Mekhala Nayar,sarthakchokshi@example.net,09946986130,Shimla,Karnataka,317758,2025-06-09,referral,VIP,True
CST4492,Jagat Manne,jason13@example.org,+910331677247,Bellary,Sikkim,224794,2024-01-12,email,Premium,True
CST4493,Daksh Ben,upall@example.com,+915374543985,Dharmavaram,Himachal Pradesh,063249,2024-05-01,organic,Premium,True
CST4494,Kamya Mohanty,jeet76@example.com,9364445298,Mango,Sikkim,708573,2023-12-01,paid_search,Regular,True
CST4495,Netra Ranganathan,paninihora@example.net,03109932023,Bettiah,Arunachal Pradesh,164664,2026-06-18,social,Premium,True
CST4496,Yoshita Deshmukh,kratta@example.com,+917871084903,Tirunelveli,Odisha,109253,2024-03-11,social,Regular,False
CST4497,Jack Samra,upkaar04@example.org,02607052525,Satna,Manipur,469445,2026-04-27,email,Regular,True
CST4498,Lila Anand,harishnarula@example.com,+919272381961,Fatehpur,Punjab,014565,2024-09-23,email,Premium,False
CST4499,Vrinda Krishnamurthy,bhavnabalan@example.com,03689602803,Junagadh,Sikkim,696112,2024-02-27,referral,Regular,True
CST4500,Raagini Sabharwal,aroraabeer@example.org,09064238066,Kottayam,Jharkhand,818341,2026-07-25,email,Premium,True
CST4501,Yashica Bala,beraishani@example.org,+919642434269,Karimnagar,Tamil Nadu,132365,2025-03-22,email,VIP,False
CST4502,Inaya Atwal,pchowdhury@example.net,0036208264,Davanagere,Uttarakhand,366800,2023-09-29,organic,VIP,True
CST4503,Yug Acharya,amrutagarde@example.org,09328531596,Satara,Himachal Pradesh,363591,2026-03-11,email,VIP,True
CST4504,Mekhala Pau,xpalla@example.com,09958112118,Berhampore,Goa,439792,2025-03-09,referral,Premium,True
CST4505,Arin Halder,ganga14@example.net,06520664443,Aligarh,Goa,811389,2024-03-15,organic,Premium,True
CST4506,Harshil Vasa,nachiketsahota@example.org,+912643182040,Ambattur,Tamil Nadu,969092,2025-12-06,referral,Regular,True
CST4507,Atharv Sidhu,narangmadhavi@example.net,06549708911,Nellore,Manipur,608354,2026-07-10,social,Premium,False
CST4508,Qushi Chopra,ysarkar@example.org,0883868512,Kota,Mizoram,538028,2025-07-27,organic,Premium,True
CST4509,Mitali Parsa,sara17@example.org,1459032436,Durg,Assam,528212,2026-01-23,paid_search,Premium,True
CST4510,Vrinda Sachdev,lila94@example.net,6943333550,Nagercoil,Maharashtra,216720,2026-04-05,organic,Regular,True
CST4511,Vasudha Shanker,eseshadri@example.net,5105396959,Gaya,Meghalaya,356253,2023-09-26,social,Premium,True
CST4512,Vamakshi Gera,gaurikala@example.com,+913279316554,Phusro,Haryana,930323,2024-05-14,paid_search,Premium,False
CST4513,Adya Sani,knarayan@example.org,+918312549306,Agra,Bihar,382809,2026-08-18,social,Premium,True
CST4514,Ati Bal,jonathandey@example.org,06210832738,Raurkela Industrial Township,Tripura,223444,2024-10-25,social,VIP,False
CST4515,Saksham Pillay,tejas28@example.org,3261573813,Suryapet,Goa,992664,2025-12-06,paid_search,VIP,True
CST4516,Chaitaly Keer,vasudha42@example.com,+917397905631,Avadi,Tamil Nadu,904881,2026-03-05,email,VIP,True
CST4517,Saksham Merchant,vargheseandrew@example.net,5421665327,Dehradun,Goa,859714,2024-02-06,organic,Regular,False
CST4518,Idika Dugar,opatil@example.net,03895121786,Bhavnagar,Jharkhand,248896,2024-02-04,organic,Regular,True
CST4519,Sathvik Goyal,patrickramanathan@example.org,2243754526,Secunderabad,Odisha,761531,2025-12-30,social,VIP,True
CST4520,Ekaraj Saha,wazir70@example.net,+911649399245,Chandigarh,Punjab,532717,2025-09-28,organic,Premium,True
CST4521,Hemang Mane,rgoda@example.org,+918013116080,Ambattur,Nagaland,251107,2023-11-26,social,Premium,True
CST4522,Divya Deshmukh,yashicaraval@example.net,+913241239877,Aurangabad,Haryana,082827,2026-04-29,social,Regular,False
CST4523,Brinda Walla,flalla@example.net,01311332466,Agra,Manipur,261815,2025-08-11,email,Premium,True
CST4524,Raksha Soni,tanveer65@example.net,+915830182353,Pali,Odisha,868247,2026-03-01,organic,Regular,False
CST4525,Adya Rau,fdate@example.com,6764718009,Gandhidham,Telangana,985930,2026-07-03,organic,Premium,True
CST4526,Wishi Ratti,barmanrishi@example.com,+912267857033,Gaya,Jharkhand,227308,2024-08-16,paid_search,VIP,False
CST4527,Yashica Khatri,tatazashil@example.com,+911410660577,Fatehpur,Telangana,182596,2026-05-04,organic,Regular,False
CST4528,Vrinda Arya,banikranveer@example.com,2611885393,Bhimavaram,Bihar,588083,2025-03-31,email,VIP,False
CST4529,Bhavini Jain,unazareth@example.com,7825339784,Kottayam,Assam,057535,2023-10-28,email,VIP,False
CST4530,Aayush Solanki,dharwarjas@example.org,0607222808,Narasaraopet,Karnataka,071609,2025-04-29,referral,Premium,True
CST4531,Azad Varma,rajuethan@example.org,03726603684,Vijayanagaram,Rajasthan,531326,2024-04-08,paid_search,Premium,True
CST4532,Ria Desai,mekhaladeo@example.com,02371195582,Satna,Tamil Nadu,988830,2023-10-02,social,Regular,False
CST4533,Falguni Mammen,varkeyzarna@example.org,+911009797430,Agartala,Maharashtra,557664,2024-09-17,referral,Regular,False
CST4534,Jack Madan,gadejasmit@example.com,+914580853571,Davanagere,Kerala,292629,2024-11-17,email,VIP,True
CST4535,Atharv Raval,farhanbal@example.net,6815205718,Jehanabad,Sikkim,810776,2026-06-22,organic,VIP,True
CST4536,Vihaan Kota,bansalrajata@example.net,5111190315,Baranagar,Telangana,785656,2025-12-19,email,Regular,False
CST4537,Baghyawati Kale,oamble@example.net,0461716773,Howrah,Uttar Pradesh,760895,2024-06-09,paid_search,Premium,False
CST4538,Balendra Chacko,jayaramanamruta@example.org,00996921736,Sikar,Uttar Pradesh,662817,2023-11-22,email,VIP,True
CST4539,Laksh Ramakrishnan,yashodakota@example.net,6093124045,Satna,Karnataka,413291,2025-07-18,social,Premium,True
CST4540,Urishilla Puri,panini79@example.org,3455822534,Jabalpur,Tripura,085902,2025-01-17,paid_search,Premium,False
CST4541,Anamika Balakrishnan,varenyavaidya@example.net,+916158713108,Navi Mumbai,Telangana,764072,2025-08-23,referral,Regular,True
CST4542,Kala Goswami,nishamunshi@example.net,8461176807,Jhansi,Rajasthan,089897,2024-05-12,email,Regular,True
CST4543,Meghana Sarin,etakunda@example.org,02342670965,Tiruvottiyur,Karnataka,023078,2024-11-20,social,VIP,True
CST4544,Aarnav Char,yadavi70@example.net,05600067642,Jabalpur,Uttarakhand,406827,2025-12-02,organic,Regular,True
CST4545,Nilima Ramanathan,ranveerchhabra@example.net,+915005657550,Shimoga,Assam,552168,2023-11-26,organic,Premium,True
CST4546,Omkaar Din,turvirau@example.net,+910979215067,Ulhasnagar,Manipur,786336,2024-08-10,email,VIP,False
CST4547,Manbir Dhawan,simonkhalsa@example.com,09786369615,Bikaner,Sikkim,352800,2023-11-19,social,Premium,True
CST4548,Darsh Sood,dgoyal@example.org,0918254641,Burhanpur,Mizoram,049474,2026-02-08,referral,Premium,True
CST4549,Januja Thaker,mekhala13@example.com,1184458350,Sangli-Miraj & Kupwad,Meghalaya,969179,2025-05-09,referral,Regular,True
CST4550,Pratyush Warrior,harshilkumer@example.org,8439561318,Ramagundam,Goa,595568,2025-11-19,organic,Regular,True
CST4551,Odika Bhalla,sundergirish@example.com,0750281680,Munger,Maharashtra,477142,2024-02-23,organic,VIP,True
CST4552,Manan Dani,qadimnagy@example.net,3619239560,Allahabad,Karnataka,452336,2025-11-12,social,VIP,True
CST4553,Umang Khatri,hedwin@example.com,+916680949687,Thiruvananthapuram,Mizoram,814036,2023-12-17,email,Premium,True
CST4554,Yash Nagi,ghoseishaan@example.org,8655714386,Madanapalle,Haryana,471057,2025-11-30,social,VIP,True
CST4555,Manthan Rattan,patilbalendra@example.org,09764428621,Varanasi,Assam,157533,2025-06-16,social,Regular,True
CST4556,Nilima Bhatt,fpall@example.net,0219684004,Siliguri,Karnataka,216542,2025-04-04,social,Regular,True
CST4557,Unni Mann,yashasvipatel@example.net,08862862808,Sonipat,Telangana,598288,2026-03-13,social,Regular,False
CST4558,Fitan Saxena,veda16@example.com,01451119869,Raiganj,Maharashtra,645346,2024-01-15,social,Regular,True
CST4559,Madhav Parmer,ibadal@example.org,09978116609,Haldia,Madhya Pradesh,287475,2023-09-17,social,Regular,False
CST4560,Rayaan Dey,pandityochana@example.com,08451321224,Akola,Rajasthan,415994,2023-10-30,social,Premium,False
CST4561,Onkar Agate,simon66@example.net,+919577924351,Dharmavaram,Punjab,245773,2025-06-07,organic,Regular,True
CST4562,Janya Uppal,leenaarora@example.com,4228807427,Dehradun,Madhya Pradesh,550907,2025-07-27,referral,VIP,True
CST4563,Urmi Prabhakar,harshdeol@example.org,02434062582,Muzaffarpur,Jharkhand,931702,2024-09-01,social,VIP,True
CST4564,Nicholas Bera,nidhiaurora@example.net,+911974126474,Durgapur,Goa,928031,2024-07-15,social,Regular,True
CST4565,Isha Cheema,vermachakradev@example.com,9863554975,Ahmednagar,Kerala,194441,2026-05-19,paid_search,Regular,True
CST4566,Gautami Bora,jeetsetty@example.org,6714186853,Bhalswa Jahangir Pur,Arunachal Pradesh,680713,2025-06-06,organic,VIP,True
CST4567,Girindra Ranganathan,ayaanpall@example.com,00842948557,Maheshtala,Tamil Nadu,755869,2023-10-29,referral,Regular,True
CST4568,Harrison Vohra,contractoronveer@example.net,08569514949,Rohtak,Uttar Pradesh,378743,2024-10-15,social,Premium,False
CST4569,Ekbal Dhaliwal,manbir23@example.net,08594517908,Hospet,Jharkhand,257775,2025-08-22,social,Premium,True
CST4570,Harshil Mangat,urvi62@example.com,+911419341593,Hajipur,Arunachal Pradesh,781517,2025-09-01,organic,Regular,True
CST4571,Kevin Thakur,buchkaran@example.net,06398882910,Kanpur,Karnataka,404361,2024-01-07,paid_search,Premium,False
CST4572,Yug Chakrabarti,panini34@example.com,+915097952061,Jabalpur,Sikkim,208334,2025-10-13,email,Premium,True
CST4573,Ganga Gole,eiravati92@example.org,9915912300,Bikaner,Bihar,336472,2025-11-21,organic,Regular,True
CST4574,Aayush Khare,wbhakta@example.com,8689576498,Gulbarga,Madhya Pradesh,148462,2025-06-21,paid_search,Premium,True
CST4575,Chaman Sekhon,indalikanda@example.com,06331227965,Bangalore,Uttar Pradesh,608506,2025-07-13,social,VIP,True
CST4576,Avni Lall,oeshi68@example.org,5476880005,Jamalpur,Bihar,378654,2024-11-13,social,Premium,True
CST4577,Isaac Sastry,osuri@example.com,2438542104,Chapra,Nagaland,078814,2026-01-04,social,Premium,True
CST4578,Onveer Zacharia,harshil59@example.com,+915658819409,Bhalswa Jahangir Pur,West Bengal,286345,2025-07-19,organic,Regular,False
CST4579,Anmol Sachdev,kala06@example.com,+918832878709,Raichur,Tripura,204144,2024-11-12,email,Regular,True
CST4580,Aarna Wali,yasti38@example.com,01930316319,Nadiad,Andhra Pradesh,903618,2025-01-31,email,Premium,False
CST4581,Falguni Balan,rdoshi@example.net,1019116775,Mau,Kerala,184954,2026-03-18,organic,Premium,False
CST4582,Pushti Oak,naveenkapoor@example.net,09967011212,Bellary,Bihar,947549,2024-05-28,organic,Premium,True
CST4583,Jack Gupta,balvan69@example.com,+914810370467,Alwar,Tripura,030653,2024-02-21,social,VIP,True
CST4584,Neel Agarwal,daksheshnarayan@example.com,3266236615,Bhagalpur,Tripura,173169,2024-04-12,paid_search,Regular,True
CST4585,Shivansh Madan,harinakshi86@example.com,04089789201,Mangalore,Andhra Pradesh,507842,2024-01-15,referral,Premium,False
CST4586,Dominic Lall,chasmumpuri@example.com,2966786528,Dhanbad,Karnataka,470537,2024-05-29,email,VIP,True
CST4587,Krish Sethi,reva45@example.com,3203622695,Hubli–Dharwad,Telangana,013856,2026-05-31,email,Premium,True
CST4588,Charan Buch,dvyas@example.org,4664870512,Ghaziabad,Maharashtra,218457,2024-03-09,social,Premium,True
CST4589,Gaurang Vyas,eahluwalia@example.org,07972759693,Dindigul,Maharashtra,694529,2025-09-28,referral,Regular,True
CST4590,Anusha Manda,vihaansaran@example.net,03304343414,Nagaon,Manipur,016501,2026-03-22,paid_search,VIP,True
CST4591,Adya Parsa,ikeer@example.net,+911501372564,Barasat,Mizoram,583454,2025-09-11,organic,Regular,True
CST4592,Gunbir Mahajan,ekanisrinivas@example.net,+911919387529,Hapur,Haryana,993383,2025-09-11,social,VIP,False
CST4593,Netra Tara,bedigeetika@example.com,02525766871,Raipur,Karnataka,383987,2026-01-16,social,VIP,True
CST4594,Ojas Halder,jsabharwal@example.net,8258936670,Bahraich,Gujarat,966892,2025-06-07,paid_search,Regular,True
CST4595,Baghyawati Shere,achand@example.org,08498882662,Mau,Madhya Pradesh,035384,2024-04-25,email,Premium,True
CST4596,Jeevika Natarajan,sanayasachar@example.org,2648422559,Raebareli,West Bengal,731098,2026-07-12,referral,Premium,True
CST4597,Chandani Suresh,odika18@example.net,04666109034,Amaravati,Tripura,259264,2024-05-04,organic,Premium,True
CST4598,Lila Bakshi,balveerchahal@example.org,+911828957650,Haldia,Nagaland,636798,2026-07-10,social,Premium,True
CST4599,Zarna Roy,wazirpathak@example.org,07670846085,Hapur,Madhya Pradesh,611273,2023-10-08,referral,Regular,True
CST4600,Pranit Mahajan,jchada@example.com,8056252783,Kozhikode,Maharashtra,705939,2024-01-19,paid_search,Regular,True
CST4601,Warinder Pant,yaminibir@example.org,07846228354,Khandwa,Odisha,206363,2025-08-01,referral,VIP,False
CST4602,Abhimanyu Sarna,udarshnayak@example.org,4951005052,Aurangabad,Madhya Pradesh,397913,2026-06-02,social,VIP,False
CST4603,Ojasvi Kulkarni,rehaan98@example.com,09865572304,Vijayawada,Chhattisgarh,551679,2025-03-31,paid_search,Regular,False
CST4604,Triya Venkatesh,chakrikade@example.com,+916811866164,Vijayanagaram,Gujarat,637830,2026-04-24,email,Regular,True
CST4605,Om Thakur,samarth99@example.net,3156634863,Bhusawal,Kerala,440605,2025-02-14,paid_search,Premium,True
CST4606,Aachal Pandya,vedikathaker@example.com,6498931092,Ichalkaranji,Maharashtra,352088,2024-03-30,paid_search,Regular,False
CST4607,Neel Trivedi,ekaja31@example.org,8080486511,Mau,Meghalaya,247869,2025-10-04,organic,Regular,True
CST4608,Ira Keer,samar84@example.net,7489306826,Gaya,Uttarakhand,555825,2026-02-14,email,Premium,True
CST4609,Chaaya Bal,isaiah34@example.org,+917631856683,Sambhal,Tamil Nadu,148799,2024-02-13,email,Premium,True
CST4610,Ronith Garg,fgolla@example.org,0642645977,Lucknow,Bihar,324443,2025-06-11,organic,Regular,True
CST4611,Nimrat Munshi,wrideshjain@example.org,0299621587,Nashik,Kerala,687021,2025-03-29,email,Premium,True
CST4612,Om Dugar,ramanathaneta@example.org,+911369127872,Dhule,Rajasthan,843076,2026-06-25,paid_search,VIP,False
CST4613,Bachittar Sagar,chatresh80@example.org,8708580632,Tezpur,Maharashtra,900520,2025-05-11,organic,Regular,True
CST4614,Upasna Murthy,rdhaliwal@example.org,+914281258547,Udaipur,Assam,002656,2025-01-29,email,VIP,True
CST4615,Dev Bali,pbala@example.com,+911337423536,Bhagalpur,Tamil Nadu,752735,2024-08-30,organic,VIP,False
CST4616,Hemal Magar,frederickramaswamy@example.net,+910414627464,Alappuzha,Manipur,638104,2023-11-05,referral,VIP,True
CST4617,Leela Kala,aahanapathak@example.net,+913139964289,Sambalpur,Tripura,662594,2024-12-26,email,VIP,False
CST4618,Jyoti Nanda,yamini64@example.net,03403390212,Avadi,Punjab,578846,2025-03-17,email,VIP,False
CST4619,Aarush Kaur,quincyrai@example.org,9839863270,Patiala,Maharashtra,366635,2024-02-02,referral,VIP,True
CST4620,Laksh Mohanty,udyatitata@example.com,+919140779908,Muzaffarnagar,Jharkhand,969603,2025-04-19,email,Regular,True
CST4621,Onkar Lal,gavin15@example.org,+910697510629,Fatehpur,Chhattisgarh,503096,2026-01-24,email,Regular,True
CST4622,Amol Gole,tarasarna@example.org,4433826095,Kozhikode,Sikkim,218560,2024-06-13,organic,Regular,True
CST4623,Rushil Andra,anshravi@example.net,+911212518681,Gandhinagar,Goa,370742,2025-05-26,organic,VIP,True
CST4624,Warjas Hora,tjhaveri@example.com,+916929515310,Patiala,Madhya Pradesh,735250,2023-11-26,email,VIP,True
CST4625,Devika Tandon,dayita10@example.net,+914810903089,Satna,Himachal Pradesh,616502,2026-08-17,referral,Regular,False
CST4626,Saumya Dhillon,frado19@example.net,+914347657450,Ghaziabad,West Bengal,275455,2025-10-20,email,Premium,True
CST4627,Kalpit Palan,nissac@example.org,07451362987,Asansol,Madhya Pradesh,606176,2025-03-01,social,Premium,True
CST4628,Theodore D’Alia,bumbsamaksh@example.net,+913870039841,Thoothukudi,West Bengal,356278,2026-04-28,email,Premium,False
CST4629,Azad Goel,guneet39@example.net,08200310290,Nizamabad,Sikkim,092122,2025-02-27,email,VIP,False
CST4630,Tristan Brar,laksh70@example.net,01064087892,Etawah,Telangana,191680,2026-04-07,referral,VIP,False
CST4631,Ladli Barad,sai18@example.net,9619971669,Kalyan-Dombivli,Goa,933202,2026-01-09,social,VIP,True
CST4632,Manbir Koshy,avni32@example.net,+915887035148,Begusarai,Haryana,365229,2025-07-19,organic,Regular,True
CST4633,Lavanya Madan,dalajaborra@example.net,6224094760,Adoni,Manipur,939846,2024-06-26,organic,VIP,True
CST4634,Imaran Shankar,varsha99@example.net,07399186058,Chittoor,Goa,423069,2025-11-05,referral,VIP,True
CST4635,Daniel Parmer,qbasu@example.org,04932478419,Anantapuram,Meghalaya,823134,2024-08-22,organic,Regular,False
CST4636,Baljiwan Sekhon,sridharchanakya@example.net,02344680424,Medininagar,Karnataka,269297,2023-11-28,referral,Regular,False
CST4637,Alexander Rama,riyadugar@example.org,2706651085,Mira-Bhayandar,Kerala,897629,2024-07-30,paid_search,Regular,True
CST4638,Eesha Zacharia,mammenradha@example.com,06226105109,Etawah,Uttarakhand,364213,2026-01-06,paid_search,VIP,True
CST4639,Bahadurjit Solanki,hkalla@example.net,+912236051404,Allahabad,Kerala,760592,2024-10-20,organic,Regular,False
CST4640,Pahal Palla,vigbalvan@example.org,8340646946,Nadiad,Tripura,053581,2026-01-27,email,Regular,True
CST4641,Veer Barad,nkibe@example.org,09349946032,Surat,Uttarakhand,280713,2024-10-13,organic,Premium,False
CST4642,Wishi Hayre,ladudyati@example.net,03524671317,Kalyan-Dombivli,Arunachal Pradesh,729992,2024-02-17,email,Premium,True
CST4643,Chasmum Keer,onide@example.org,+917577425372,Ludhiana,Madhya Pradesh,555499,2026-05-01,referral,Premium,True
CST4644,Aadhya Manda,jeevika58@example.net,8751333645,Pondicherry,Goa,994236,2024-07-12,organic,VIP,False
CST4645,Devansh Dash,tejas60@example.net,+915949229827,Narasaraopet,Meghalaya,112086,2024-11-20,social,VIP,True
CST4646,Gaurika Deep,parekhvasudha@example.com,00905640914,Nagercoil,Madhya Pradesh,259654,2026-02-18,referral,Premium,False
CST4647,Om Dara,deshmukhjanuja@example.org,+916694370958,Anantapur,Gujarat,867294,2026-08-06,organic,Premium,False
CST4648,Aarini Ganguly,uraman@example.net,4415941143,Bilaspur,Telangana,883243,2025-10-07,social,Regular,True
CST4649,Sanaya Kala,omyadalal@example.net,01841286384,Tenali,Assam,902083,2025-12-30,organic,Regular,True
CST4650,Faras Panchal,brijeshmenon@example.org,05928831104,Kochi,Karnataka,331732,2023-09-16,email,VIP,True
CST4651,Oliver Sheth,ramaswamyaarnav@example.org,+911730658604,Kishanganj,Manipur,076268,2023-09-29,referral,VIP,True
CST4652,Gaurangi Pillai,jaibakshi@example.com,6649529861,Raiganj,Manipur,767769,2024-09-15,social,VIP,True
CST4653,Gaurangi Som,xsastry@example.org,8188795973,Gandhidham,Goa,074174,2025-01-12,referral,Premium,True
CST4654,Chakradev Kala,banand@example.com,09606798317,Jabalpur,Uttarakhand,724998,2024-11-02,organic,Premium,False
CST4655,Guneet Sur,yashvi09@example.org,08975711726,Howrah,Nagaland,289052,2024-12-24,paid_search,Regular,True
CST4656,Ekiya Ben,joshinaksh@example.org,+918355990770,Nizamabad,Rajasthan,609792,2026-07-16,paid_search,Premium,False
CST4657,Jai Apte,bimala29@example.net,07152327475,North Dumdum,Mizoram,746043,2026-08-21,referral,Regular,True
CST4658,Harita Narain,soak@example.org,08427109363,Firozabad,Arunachal Pradesh,942589,2024-04-17,social,Premium,True
CST4659,Zansi Dua,barkha18@example.net,+919019352890,Ambattur,Manipur,158751,2025-11-25,email,Regular,False
CST4660,Jagrati Chaudhary,braraarav@example.org,7801212337,Bareilly,Gujarat,751228,2024-09-17,referral,Premium,True
CST4661,Falguni Taneja,gayathrisood@example.com,1759655086,Ludhiana,Mizoram,469668,2026-06-27,paid_search,Regular,True
CST4662,Aachal Vala,kmanda@example.net,8349146084,Malda,Haryana,741817,2024-03-31,referral,Regular,True
CST4663,Girik Bhagat,nadignachiket@example.net,2505744211,Rohtak,Odisha,686355,2024-09-28,email,Premium,True
CST4664,Oeshi Mander,soodlohit@example.net,0278046625,Bhagalpur,Odisha,873139,2024-05-27,email,Regular,True
CST4665,Yagnesh Bail,doshilila@example.org,+914505159406,Tezpur,Andhra Pradesh,100482,2023-11-08,email,VIP,True
CST4666,Chaitanya Doctor,wridesh10@example.org,3136888413,Bilaspur,Rajasthan,899308,2024-05-30,email,Premium,False
CST4667,Dev Bali,veer40@example.com,05510361714,Jamalpur,Bihar,864635,2026-06-02,social,Regular,True
CST4668,Arunima Mangal,daniel83@example.org,05158171728,Satara,Madhya Pradesh,627121,2025-09-23,paid_search,VIP,False
CST4669,Jagrati Dash,viswanathanmatthew@example.org,01485886541,Rohtak,Jharkhand,575668,2025-12-01,email,VIP,True
CST4670,Libni Arora,sathvikbatta@example.com,9368345897,Rajahmundry,Uttar Pradesh,510984,2023-10-07,referral,Regular,True
CST4671,Manbir Din,caleb53@example.com,07369778934,Bokaro,Meghalaya,231186,2025-11-21,organic,Regular,True
CST4672,Parth Kurian,oommenturvi@example.net,7442677681,Patna,Manipur,284930,2025-11-03,email,Regular,True
CST4673,Eshana Chanda,anika42@example.org,00643320741,Agartala,West Bengal,427274,2023-12-18,email,Regular,True
CST4674,Sachi Manda,libniwable@example.com,7202576516,Ballia,Goa,833461,2024-08-13,referral,Regular,True
CST4675,Darpan Jain,tanmayidara@example.org,4200690655,Patna,Sikkim,302709,2025-01-01,social,Premium,True
CST4676,Jairaj Sane,gayathri35@example.org,+918237856325,Nandyal,Madhya Pradesh,227055,2024-07-22,referral,VIP,True
CST4677,Rehaan Mammen,watikabalasubramanian@example.com,04080363857,Jalna,Goa,307571,2024-10-17,social,Regular,True
CST4678,Devansh D’Alia,timothy61@example.org,6413565828,Ujjain,Maharashtra,791126,2025-04-12,social,Regular,True
CST4679,Yashica Bal,faras81@example.org,04189578560,Satna,Sikkim,518803,2025-08-30,paid_search,Regular,True
CST4680,Max Sharma,htata@example.org,6510377889,Kadapa,Madhya Pradesh,762395,2026-01-21,email,Premium,True
CST4681,Rajeshri Salvi,chakradevpadmanabhan@example.net,+913105188616,Bhimavaram,Maharashtra,108169,2025-06-23,paid_search,Regular,True
CST4682,Rajata Vora,kalasachi@example.com,1848117463,Deoghar,Uttarakhand,577235,2023-12-31,social,VIP,False
CST4683,Dalbir Johal,maniishita@example.org,+913442587536,Mau,Uttarakhand,906492,2024-02-24,email,Premium,False
CST4684,Yahvi Pillay,ekantika82@example.com,+919346211144,Hosur,Gujarat,323833,2025-09-07,social,VIP,True
CST4685,Madhavi Cheema,dugalnathaniel@example.com,1982653427,Hajipur,Telangana,543315,2025-01-04,organic,Regular,False
CST4686,Vamakshi Butala,yuvraj62@example.com,09511408145,Rohtak,Meghalaya,730455,2026-02-09,email,VIP,True
CST4687,Azad Vasa,quincy26@example.com,03357670187,Junagadh,Chhattisgarh,499721,2024-06-24,paid_search,Regular,False
CST4688,Pahal Mittal,atharvdara@example.com,+911534365123,Pimpri-Chinchwad,Arunachal Pradesh,460686,2025-07-28,organic,Premium,True
CST4689,Bhavna Barad,hdeo@example.com,05913770344,Shahjahanpur,Arunachal Pradesh,258247,2024-07-16,social,Regular,False
CST4690,Chaman Ravel,ethan05@example.net,+915621638136,Sultan Pur Majra,Punjab,223914,2024-11-15,organic,Regular,True
CST4691,Jack Narain,qthakur@example.org,08251366766,Faridabad,Telangana,074988,2026-04-07,organic,Regular,True
CST4692,Yoshita Bora,vanya75@example.net,3963515080,Dharmavaram,Haryana,962070,2024-07-25,referral,Premium,True
CST4693,Ekansh Luthra,chakrabortyradha@example.net,+916187146000,Panihati,Jharkhand,270599,2023-12-15,organic,Regular,True
CST4694,Chameli Saxena,edin@example.com,00258218822,Kanpur,Haryana,138490,2025-02-07,email,Premium,True
CST4695,Kamala Bhatti,yatinkapadia@example.net,5455055179,Coimbatore,Assam,940029,2025-09-17,paid_search,VIP,False
CST4696,Nimrat Minhas,cnarain@example.net,06815781789,Jabalpur,Assam,810380,2024-03-27,social,Regular,False
CST4697,Benjamin Banerjee,aditya26@example.com,2103533025,Fatehpur,Odisha,525585,2025-08-07,organic,Premium,True
CST4698,Pooja Chauhan,swaminathanlipika@example.org,01126779356,Jaipur,Tripura,266092,2024-03-12,social,VIP,True
CST4699,Vedant Sharma,inaya25@example.net,+910618070968,Asansol,Uttarakhand,117852,2025-07-11,social,VIP,True
CST4700,Nirja Dugar,urishilla31@example.org,05625300811,Nangloi Jat,Gujarat,486606,2024-12-04,email,Premium,True
CST4701,Chameli Iyer,udant45@example.org,8669209897,Hubli–Dharwad,Rajasthan,709159,2025-02-09,referral,Premium,True
CST4702,Fiyaz Naidu,samuel34@example.com,5823122680,Kochi,Karnataka,277937,2024-06-30,social,Premium,False
CST4703,Om Batra,prege@example.com,+916854813012,Panvel,Meghalaya,565833,2024-03-02,paid_search,Premium,False
CST4704,Jason Oak,qraman@example.net,+919976323891,Gwalior,Odisha,398478,2024-09-27,social,Premium,True
CST4705,Falak Kade,labangulati@example.net,+915873218658,Bhilai,Assam,758356,2025-08-31,email,Regular,True
CST4706,Nilima Mohan,david22@example.com,+915029361349,Anantapur,Himachal Pradesh,903951,2026-02-11,email,Premium,True
CST4707,Teerth Arora,bhasinfrado@example.org,5623749730,Kurnool,Arunachal Pradesh,607670,2025-04-05,organic,Regular,True
CST4708,Qabil Mannan,nakshjhaveri@example.com,+914112222014,Amroha,Sikkim,437035,2024-02-24,paid_search,VIP,False
CST4709,Chakradev Prabhu,zrattan@example.net,+911887291229,Dibrugarh,Kerala,255754,2026-01-22,paid_search,Premium,True
CST4710,Amrita Manda,upadhritireddy@example.com,0862616717,Khandwa,Haryana,105426,2025-05-15,referral,VIP,False
CST4711,Kamya Sarraf,samiharrison@example.net,8389486918,Saharsa,Maharashtra,212497,2025-02-14,organic,Regular,False
CST4712,Lakshmi Boase,sekhonmugdha@example.net,+917514472911,Nagaon,Bihar,902151,2025-02-27,organic,VIP,True
CST4713,Udyati Tara,indira45@example.org,+915921370446,Barasat,Haryana,712959,2025-05-03,paid_search,Premium,True
CST4714,Inaya Nagar,lajita95@example.com,02714858171,Ahmedabad,Jharkhand,221462,2025-02-19,paid_search,VIP,True
CST4715,Ikshita Gera,raghavsetty@example.com,9789974120,Nagpur,Andhra Pradesh,734570,2024-11-17,paid_search,VIP,False
CST4716,Madhav Kannan,xgolla@example.com,+912088994026,Amroha,Tamil Nadu,984010,2026-05-22,paid_search,VIP,False
CST4717,Oviya Nigam,vritti79@example.org,03299853522,Tiruvottiyur,Goa,557793,2024-09-28,referral,Regular,True
CST4718,Tanay Wali,ldeep@example.net,4113583765,Kozhikode,Himachal Pradesh,575120,2023-11-02,organic,Regular,False
CST4719,Rishi Mitter,qdua@example.net,+914605009721,Bharatpur,Karnataka,625444,2024-05-28,referral,Regular,True
CST4720,Vincent Soni,urvibora@example.net,+912910816003,Shivpuri,Kerala,148809,2026-05-15,email,Premium,True
CST4721,Fitan Patel,isarma@example.net,+912599900788,Sonipat,Odisha,246766,2024-09-09,organic,VIP,True
CST4722,Nachiket Bahri,ayaan83@example.net,+914930782866,Tezpur,Andhra Pradesh,765948,2025-06-29,email,VIP,True
CST4723,Divya Arora,zarya@example.org,05792646778,Siliguri,Andhra Pradesh,404843,2026-02-08,social,VIP,False
CST4724,Patrick Rattan,aarnavcherian@example.com,+919322663616,Akola,Telangana,077912,2024-02-24,referral,Premium,True
CST4725,Utkarsh Bhattacharyya,maxlata@example.com,2934691657,Proddatur,Gujarat,555846,2024-02-15,organic,Regular,True
CST4726,Ladli Dani,talwarreyansh@example.net,07068787950,Nagercoil,Assam,367672,2025-03-02,paid_search,Premium,True
CST4727,Janya Sha,theodore74@example.net,06231723332,Ajmer,Karnataka,896620,2024-08-23,referral,VIP,True
CST4728,Ronith Gokhale,mratta@example.org,08922727977,Saharanpur,Odisha,010684,2025-09-12,social,VIP,True
CST4729,Dipta Sheth,warriorsachi@example.net,+914533125851,Sikar,Jharkhand,363371,2025-12-23,organic,Regular,True
CST4730,Aahana Mander,opradhan@example.net,02663009029,Kottayam,Uttarakhand,288045,2024-01-01,social,VIP,True
CST4731,Raagini Kibe,leena28@example.net,8714881049,Raipur,Tripura,585935,2026-01-23,email,Premium,True
CST4732,Qarin Kapoor,ishaan56@example.org,4935492005,Bhopal,Goa,380688,2024-03-26,social,Premium,True
CST4733,Rayaan Rau,zehaanmall@example.net,7592614312,Gaya,Maharashtra,062660,2025-05-15,paid_search,Regular,True
CST4734,Daniel Padmanabhan,qabil99@example.com,09698070987,Raiganj,Kerala,531302,2024-07-19,paid_search,Premium,False
CST4735,Teerth Natt,ikakar@example.com,+916718384018,Khora ,Gujarat,508653,2023-11-16,paid_search,Regular,False
CST4736,Omisha Ramaswamy,dchandra@example.net,1752324492,Burhanpur,Karnataka,539371,2024-11-08,referral,Regular,True
CST4737,Azaan Badami,pushtikeer@example.net,1199555189,Karimnagar,Jharkhand,857886,2026-08-13,paid_search,Premium,False
CST4738,Jonathan Sangha,deshmukhlajita@example.net,3199939445,Salem,Uttarakhand,317582,2025-08-27,social,VIP,False
CST4739,Ayaan Guha,tristan62@example.com,01178542492,Avadi,Madhya Pradesh,127983,2025-04-12,organic,Regular,True
CST4740,Noah Mander,bhavnarana@example.org,6636117532,Karnal,Kerala,377421,2026-03-16,organic,VIP,True
CST4741,Simon Chada,suhani11@example.net,0170681707,Ramagundam,Uttar Pradesh,971364,2025-10-14,referral,Premium,True
CST4742,Vedika Chatterjee,radhikabadal@example.net,+910707631775,Fatehpur,Sikkim,488182,2025-06-13,paid_search,Premium,True
CST4743,Lekha Bala,rpanchal@example.com,+916520931370,Gangtok,Kerala,533953,2025-08-26,organic,Regular,False
CST4744,Udant Solanki,kavyadhar@example.net,+910237600389,Tiruppur,Mizoram,180881,2026-07-29,social,Premium,True
CST4745,Ekansh Nigam,behljeet@example.net,6486591650,Thane,Haryana,782037,2025-01-20,social,VIP,False
CST4746,Liam Anand,xaggarwal@example.net,01173836280,Aligarh,Punjab,388580,2025-06-12,social,Regular,True
CST4747,Shaurya Bali,omyabhattacharyya@example.com,2165422930,Thane,Manipur,680139,2026-04-30,referral,Regular,False
CST4748,Janaki Bala,edhithabalakrishnan@example.net,3594291839,Mirzapur,Bihar,259711,2024-06-02,paid_search,Regular,True
CST4749,Ekantika Dayal,zehaanperi@example.org,7389796275,Mau,Kerala,831806,2025-09-22,email,Premium,True
CST4750,Libni Kari,gkeer@example.com,4618694871,South Dumdum,Madhya Pradesh,348102,2024-12-25,paid_search,VIP,True
CST4751,Gopal Sanghvi,dgola@example.org,+918856836119,Ajmer,West Bengal,017084,2024-09-25,referral,Premium,True
CST4752,Jalsa Morar,williamtank@example.org,05659984506,Bidar,Tamil Nadu,144277,2026-01-26,organic,Regular,True
CST4753,Pooja Rama,sarthak21@example.com,+919150022596,Morbi,Assam,550077,2024-08-27,social,Premium,True
CST4754,Jairaj Kapur,choudhurythomas@example.org,+911578062902,Baranagar,Maharashtra,494047,2024-07-23,referral,Regular,True
CST4755,Rudra Vyas,pkhosla@example.net,+919389762782,Morena,Assam,267864,2024-11-04,organic,VIP,False
CST4756,Netra Randhawa,tankhemang@example.net,02848622248,Kamarhati,Uttar Pradesh,168235,2024-09-29,email,Premium,True
CST4757,Wriddhish Gopal,upasna13@example.com,3658118000,Bhiwani,Punjab,101776,2025-01-05,email,Premium,False
CST4758,Zaid Bhatia,isarin@example.com,04228247231,Rajpur Sonarpur,Odisha,697360,2024-08-07,organic,VIP,True
CST4759,Nimrat Batra,cchowdhury@example.net,+911763841235,Muzaffarnagar,Uttar Pradesh,031217,2024-01-09,social,Regular,True
CST4760,Balhaar Korpal,sachdevharsh@example.org,7027817140,Dindigul,Himachal Pradesh,950019,2024-02-18,email,VIP,True
CST4761,Vasatika Prashad,eshana86@example.org,0064351663,Rajpur Sonarpur,Assam,420033,2024-07-05,paid_search,Premium,True
CST4762,Jagdish Chadha,whans@example.net,2884318808,Tiruppur,Telangana,257260,2023-11-05,referral,Regular,True
CST4763,Manan Wagle,nilimasengupta@example.net,02954672180,Vijayanagaram,Tripura,239470,2025-01-01,email,VIP,True
CST4764,Mohammed Sha,klad@example.com,8189752179,Rohtak,Arunachal Pradesh,242403,2024-03-12,organic,VIP,True
CST4765,Prisha Barman,kdada@example.com,06496719091,Bhubaneswar,Madhya Pradesh,597591,2026-02-03,paid_search,VIP,True
CST4766,Unnati Chowdhury,dsheth@example.net,5493618035,Dhule,Arunachal Pradesh,601809,2026-07-08,referral,Regular,True
CST4767,Leena Bandi,harirudra@example.net,5083912944,Kurnool,Madhya Pradesh,728743,2025-07-30,paid_search,Regular,True
CST4768,Damini Ganesan,wriddhishdevi@example.org,04178748807,Ambarnath,Himachal Pradesh,005586,2025-02-24,social,Premium,False
CST4769,Vritti Shanker,ddin@example.org,06804645307,Kirari Suleman Nagar,Telangana,095719,2026-03-13,social,Regular,True
CST4770,Banjeet Toor,dwable@example.org,9135789628,Chittoor,Tripura,311086,2025-01-12,email,VIP,True
CST4771,Harrison Dutta,pdin@example.net,2943337419,Mumbai,Haryana,707876,2025-04-24,paid_search,VIP,True
CST4772,Ishanvi Jayaraman,tejas22@example.net,02558037625,Hajipur,Assam,674828,2024-12-29,email,VIP,False
CST4773,Faras Bhatia,fhalder@example.net,5074200549,Jamalpur,West Bengal,789581,2024-08-22,paid_search,Premium,True
CST4774,Victor Babu,pranit19@example.net,02205652359,Korba,West Bengal,850750,2026-03-25,social,Premium,True
CST4775,Noah Ghosh,saanvibaria@example.org,9058887020,Morena,Telangana,941006,2025-05-25,organic,Regular,False
CST4776,Chanakya Barad,rajkevin@example.net,04938959951,Hajipur,Nagaland,417341,2025-06-04,email,Premium,False
CST4777,Samaksh Pillay,girindrabanerjee@example.org,+919148602481,Mirzapur,Punjab,156229,2025-12-18,organic,VIP,False
CST4778,Frederick Kamdar,matthewben@example.net,06060996470,Rampur,Madhya Pradesh,949531,2026-05-29,paid_search,VIP,False
CST4779,Yutika Lall,moreira@example.org,+910601648828,Bathinda,Nagaland,585588,2026-03-22,email,Regular,True
CST4780,Dev Kamdar,diyagala@example.com,0183298361,Bihar Sharif,Meghalaya,055997,2025-02-21,organic,Regular,True
CST4781,Zayyan Oak,uiyengar@example.net,07317725879,Jhansi,Himachal Pradesh,548935,2024-10-08,social,Premium,True
CST4782,Gaurang Nadkarni,zansicheema@example.com,00217487415,Rajahmundry,Maharashtra,589398,2024-03-23,paid_search,VIP,False
CST4783,Falak Doshi,jainchandran@example.net,9559677700,Gwalior,Assam,456210,2024-07-15,paid_search,Premium,True
CST4784,Lekha Bassi,ishasubramanian@example.net,2323223772,Etawah,Madhya Pradesh,116044,2024-02-22,referral,Premium,True
CST4785,Yashodhara Baral,vivaankibe@example.com,+918060665236,Giridih,Kerala,632376,2024-06-11,paid_search,Regular,False
CST4786,Frado Pal,lajitaparmar@example.com,05663549350,Tenali,Arunachal Pradesh,065249,2025-05-19,referral,VIP,False
CST4787,Eesha Loyal,sanya07@example.org,09927004415,Jorhat,Nagaland,137448,2024-06-21,paid_search,Regular,True
CST4788,Chasmum Mahajan,gaurika69@example.com,0280755721,Ratlam,Uttar Pradesh,108265,2024-12-16,referral,Regular,False
CST4789,Lopa Kumer,amol57@example.net,+915054000197,Pondicherry,Odisha,337167,2023-09-21,organic,Regular,True
CST4790,Eshana Edwin,peterkashyap@example.com,+916696455484,Ajmer,Gujarat,759592,2024-12-02,paid_search,VIP,True
CST4791,Anya Bera,mitalvanya@example.org,+911804399809,Aligarh,Chhattisgarh,010279,2025-12-18,email,Regular,False
CST4792,Wridesh Dua,tanviacharya@example.net,+911100605770,Vadodara,Telangana,780744,2024-02-29,social,Premium,True
CST4793,Logan Chahal,ishanvihanda@example.org,3093705547,Tirunelveli,Madhya Pradesh,060545,2026-01-25,social,VIP,True
CST4794,Nakul Goyal,ykari@example.net,5152060852,Amravati,Kerala,422909,2023-10-28,organic,Regular,True
CST4795,Sara Sagar,rattiabhimanyu@example.org,03345999346,Kalyan-Dombivli,Manipur,315077,2025-01-30,paid_search,VIP,True
CST4796,Triveni Kulkarni,zansibhatt@example.org,05120978361,Jammu,Manipur,173872,2026-08-03,email,Premium,True
CST4797,Anjali Mallick,ekiya84@example.net,8462410150,South Dumdum,Bihar,858383,2026-06-19,organic,Premium,True
CST4798,Fariq Kumar,yashvigaba@example.com,2700837974,Kottayam,Kerala,605745,2025-01-22,referral,Premium,False
CST4799,Dhriti Kala,rayaan06@example.org,9651650983,Jabalpur,Maharashtra,486647,2024-04-13,social,VIP,True
CST4800,Nikita Suri,wrideshdara@example.net,07624779030,Asansol,Arunachal Pradesh,975781,2026-04-06,paid_search,Regular,True
CST4801,Nirja Nagy,vansha35@example.com,9291045617,Unnao,Maharashtra,585749,2024-04-26,referral,Regular,True
CST4802,Lajita Agate,hbiswas@example.net,4272984497,Kavali,Goa,664800,2023-11-23,social,VIP,True
CST4803,Lohit Muni,calebparekh@example.org,09804806845,Jammu,Gujarat,137349,2025-08-31,referral,VIP,True
CST4804,Tripti Ben,netra00@example.com,+914349503434,Karnal,Assam,854469,2024-03-29,organic,Premium,True
CST4805,Pahal Varty,xrajagopalan@example.com,09510160525,South Dumdum,Tripura,118279,2026-05-24,paid_search,VIP,True
CST4806,Ishaan Rastogi,chakrikabail@example.net,3415007955,Ujjain,Kerala,316827,2025-07-09,paid_search,Premium,True
CST4807,Jackson Chadha,psuresh@example.com,06860689377,Nellore,Odisha,262157,2026-08-17,email,VIP,True
CST4808,Ishwar Sachar,mishratripti@example.com,02666661717,Ujjain,Odisha,333666,2024-06-18,paid_search,Premium,True
CST4809,Isha Trivedi,abasak@example.org,4181019769,Hosur,Sikkim,515634,2023-12-25,referral,Regular,True
CST4810,Inaya Sule,ramaswamyalexander@example.net,5171550062,Gandhidham,Nagaland,093275,2024-06-10,social,Regular,True
CST4811,Robert Mutti,vasudha99@example.org,00447804940,Tumkur,Gujarat,666955,2025-05-26,email,VIP,True
CST4812,Praneel Varty,chaudryurishilla@example.org,9409249424,Jamnagar,Tripura,842546,2023-11-22,referral,Premium,True
CST4813,Wazir Gola,dhawanishanvi@example.com,6965060613,Tumkur,Kerala,969585,2026-06-26,organic,VIP,True
CST4814,Riya Baria,ramachatura@example.net,01463108438,Kolhapur,Assam,773836,2025-10-05,social,Regular,True
CST4815,Brinda Kumer,inarayan@example.org,05801831551,Nashik,Karnataka,865890,2024-05-15,email,VIP,False
CST4816,Kamya Mahal,hamsininarain@example.org,06977107577,Machilipatnam,Nagaland,655550,2026-06-15,paid_search,Premium,True
CST4817,Aryan Iyengar,chawlazayyan@example.net,+912833128426,Kanpur,Assam,451203,2023-10-21,paid_search,VIP,True
CST4818,Pahal Doctor,kkrishna@example.org,4356864855,Kulti,Madhya Pradesh,509993,2023-11-10,paid_search,VIP,True
CST4819,Jasmit Dubey,lipika49@example.com,+912164999458,Raichur,Sikkim,892440,2026-06-09,organic,VIP,True
CST4820,Hiral Shetty,baghyawatikaur@example.net,+912372515220,Jaipur,Goa,979597,2025-10-16,paid_search,Regular,True
CST4821,Kevin Ahluwalia,raolakshit@example.com,+913834812502,Gaya,Manipur,058397,2025-06-04,organic,VIP,True
CST4822,Shravya Pal,farhan20@example.org,+919290031915,Hindupur,Arunachal Pradesh,154232,2024-08-22,paid_search,Regular,True
CST4823,Mahika Chawla,hbehl@example.com,7439662836,Kollam,Arunachal Pradesh,179747,2025-08-31,social,VIP,True
CST4824,Yasti Dalal,bhavsaryashawini@example.net,09121088360,Mumbai,Jharkhand,807831,2025-05-04,email,Premium,True
CST4825,Rudra Sur,chakrabortydaksha@example.com,02299647155,Bihar Sharif,Himachal Pradesh,217226,2026-02-06,organic,VIP,True
CST4826,Zaid Chacko,balasubramanianneel@example.com,01905163504,Aizawl,Tripura,944467,2024-02-03,referral,VIP,True
CST4827,Varenya Chauhan,sibalaayush@example.net,+914969804856,Coimbatore,Manipur,236349,2025-09-16,organic,VIP,True
CST4828,Upadhriti Dhar,csagar@example.com,02697059722,Morena,Goa,280945,2024-03-23,email,Regular,True
CST4829,Bhavini Gour,siddharthsom@example.com,6313802481,Meerut,Assam,054228,2023-09-19,paid_search,VIP,True
CST4830,Wazir Morar,zpingle@example.org,4831540576,Bokaro,Bihar,365831,2026-02-04,organic,VIP,True
CST4831,Abha Kar,shivanisarna@example.net,0770379127,Serampore,Himachal Pradesh,621240,2026-03-30,email,Regular,True
CST4832,Pratyush Dhar,pkata@example.org,6700786552,Nagaon,Andhra Pradesh,107279,2026-01-26,paid_search,Premium,True
CST4833,Ekbal Uppal,riahayre@example.org,9374816023,Maheshtala,Jharkhand,848813,2026-01-27,referral,Regular,True
CST4834,Fariq Uppal,ozatanvi@example.net,+915329670935,Jodhpur,Rajasthan,517052,2023-10-11,referral,VIP,True
CST4835,Omya Gera,sehgalchaaya@example.com,01023820513,Khammam,Andhra Pradesh,274182,2026-05-01,email,VIP,False
CST4836,Warinder Chokshi,janitarak@example.org,+913276438028,Imphal,Manipur,945740,2025-10-02,social,Premium,True
CST4837,Nilima Bail,mgole@example.org,07118117590,Yamunanagar,Mizoram,025867,2026-07-15,referral,VIP,True
CST4838,Gabriel Deshpande,mgara@example.com,5887703914,Chapra,Manipur,051316,2025-06-13,social,Premium,True
CST4839,Karan Mannan,upasnadar@example.org,+912841935692,Malda,Meghalaya,221732,2024-11-21,email,Premium,True
CST4840,Janani Korpal,varmarobert@example.com,09236112043,Delhi,Sikkim,045876,2025-09-04,social,Premium,True
CST4841,Faras Deol,janujasahni@example.org,5951052968,Buxar,Kerala,288659,2025-09-16,email,VIP,True
CST4842,Oliver Sharma,lilaparekh@example.com,6722428013,Barasat,Himachal Pradesh,320974,2024-11-13,referral,VIP,True
CST4843,Irya Kashyap,bhavsarwarjas@example.org,+913186861857,Bareilly,Tripura,437429,2025-10-10,referral,VIP,False
CST4844,Samaksh Nagi,yloyal@example.org,07977075658,Ludhiana,Himachal Pradesh,968881,2024-12-13,referral,Regular,True
CST4845,Girindra Panchal,xmemon@example.org,+915676158118,Asansol,Manipur,686080,2025-01-18,referral,VIP,True
CST4846,Chandresh Kashyap,fradosami@example.net,00071045304,Jaunpur,Madhya Pradesh,559347,2025-12-17,paid_search,Premium,True
CST4847,Ishwar Sinha,krishchakraborty@example.org,6150346882,Varanasi,Odisha,562531,2025-03-19,paid_search,Premium,True
CST4848,Rehaan Bhatnagar,baghyawati17@example.com,08432147451,Jodhpur,Assam,598868,2024-10-31,email,Premium,True
CST4849,Kabir Lal,pranav73@example.org,09167809864,Kurnool,Manipur,387240,2024-05-27,paid_search,Regular,True
CST4850,Warinder Madan,lavanyaandra@example.org,+919569876167,Jhansi,Tripura,895623,2024-05-12,email,Premium,False
CST4851,Tanmayi Palla,jasmit88@example.net,+916394778935,Saharsa,Punjab,017013,2026-01-03,referral,Premium,True
CST4852,Omaja Mangal,hredhaan44@example.net,08353529080,Yamunanagar,Mizoram,964020,2026-01-13,organic,VIP,True
CST4853,Robert Tripathi,jeet17@example.org,+913065874277,Secunderabad,Madhya Pradesh,378619,2025-11-16,paid_search,Regular,False
CST4854,Kalpit Sathe,brijeshthaman@example.net,+912245680342,Davanagere,Odisha,249394,2025-08-13,paid_search,Regular,True
CST4855,Chaaya Yohannan,advikawable@example.org,+918521604673,Salem,Meghalaya,019631,2026-04-16,organic,Regular,True
CST4856,Xavier Lal,henry17@example.net,07499789906,Anand,Andhra Pradesh,704340,2025-03-27,social,Regular,False
CST4857,Yashawini Tiwari,jayaramanveer@example.org,3755651867,Tumkur,Sikkim,660595,2026-04-17,organic,Regular,True
CST4858,Urishilla Rao,swaminathanbrijesh@example.net,+919699944052,Saharanpur,Telangana,345915,2026-05-30,social,VIP,False
CST4859,Aahana Ahuja,harinakshi62@example.com,09378008523,Akola,Manipur,879610,2025-10-07,paid_search,Premium,True
CST4860,Vrinda Yohannan,bimala69@example.org,03830207282,Shahjahanpur,Telangana,016686,2025-06-06,social,Premium,True
CST4861,Nisha Srinivasan,prakashgabriel@example.net,+918503121511,Gangtok,Chhattisgarh,421853,2025-03-01,organic,Premium,True
CST4862,Lavanya Saini,siya57@example.net,06211920287,Noida,Arunachal Pradesh,287673,2023-09-05,paid_search,Regular,False
CST4863,Rachana Bal,geetikazachariah@example.org,01396667024,Rajahmundry,Haryana,028936,2025-02-07,social,Regular,True
CST4864,Gunbir Tella,harini19@example.com,+916714359571,Shivpuri,Jharkhand,854647,2024-11-30,paid_search,VIP,True
CST4865,Nakul Jayaraman,wasonzilmil@example.org,+918854066203,South Dumdum,Andhra Pradesh,496127,2026-01-13,referral,VIP,True
CST4866,Banjeet Mittal,qsachar@example.com,9816758631,Bharatpur,Goa,636562,2026-06-03,organic,Premium,True
CST4867,Hitesh Hegde,vkuruvilla@example.org,+910398860128,Amravati,Karnataka,261950,2024-07-23,organic,VIP,True
CST4868,Nathan Chakraborty,karaishita@example.org,+917129558561,Ambala,Kerala,147317,2025-11-27,organic,Premium,False
CST4869,Nirja Pillai,ygola@example.net,01656960705,Sangli-Miraj & Kupwad,Jharkhand,390089,2024-04-01,paid_search,VIP,False
CST4870,Jeevika Mitra,ishaan43@example.org,06738069688,Meerut,Karnataka,504944,2025-05-14,paid_search,Premium,True
CST4871,Zinal Bora,rsagar@example.net,1232588618,Surendranagar Dudhrej,Andhra Pradesh,151087,2025-12-06,organic,Premium,False
CST4872,Avi Sarraf,urvashiravi@example.com,6364714366,Chittoor,Chhattisgarh,442535,2024-11-20,social,Regular,True
CST4873,Ojasvi Raghavan,ibiswas@example.org,03728606940,Solapur,Gujarat,658885,2025-02-18,referral,VIP,True
CST4874,Amrita Bhatti,dubeyviraj@example.net,5312868655,Akola,Nagaland,672446,2024-08-30,social,VIP,True
CST4875,David Chandra,sarthak12@example.org,05933958694,Gandhinagar,Goa,208645,2025-12-29,email,Regular,True
CST4876,Tara Comar,sbhat@example.com,6290197112,Rajpur Sonarpur,Punjab,361832,2025-11-26,email,Premium,False
CST4877,Ekbal Dubey,orinderoommen@example.net,03422865247,Madanapalle,Karnataka,620432,2023-12-27,social,Premium,True
CST4878,Kavya Sekhon,vboase@example.com,03053688175,Pallavaram,West Bengal,128740,2024-06-22,organic,VIP,True
CST4879,Dayita Sachdev,hamsini53@example.org,9418753731,Agra,Karnataka,151099,2025-10-09,referral,Regular,True
CST4880,Jasmit Thakkar,bassiyauvani@example.com,1313185242,Chandrapur,Andhra Pradesh,866393,2025-05-21,paid_search,Premium,True
CST4881,Jasmit Basu,mcheema@example.org,6425821664,Ballia,Odisha,544514,2023-11-02,social,Regular,True
CST4882,Amruta Upadhyay,sarinomya@example.org,+916093756298,Varanasi,Tripura,995580,2024-06-01,referral,Regular,True
CST4883,Kamala Bava,yashvijhaveri@example.net,00130499085,Pimpri-Chinchwad,Manipur,690646,2026-03-23,email,Premium,True
CST4884,Arunima Kanda,bhandariadya@example.org,2584066602,Karnal,Punjab,182730,2026-08-03,paid_search,VIP,False
CST4885,Naksh Chopra,baradturvi@example.org,+913687455218,Vasai-Virar,Kerala,768714,2024-02-21,social,Regular,False
CST4886,Zayan Khatri,khareadya@example.com,03454042083,Kanpur,Karnataka,323168,2023-09-09,social,Premium,False
CST4887,Maanas Patel,mkothari@example.net,6696022371,Surat,Punjab,837170,2025-08-01,organic,Regular,True
CST4888,Indrajit Tailor,naiduekaja@example.com,+915823292738,Ajmer,Andhra Pradesh,277765,2026-06-20,email,Regular,True
CST4889,Ekta Behl,jlad@example.org,2609836609,Baranagar,Maharashtra,970116,2025-12-21,organic,Regular,True
CST4890,Advay Mukhopadhyay,brahmbhattaradhana@example.org,1001646246,Deoghar,Sikkim,407405,2025-05-23,email,Premium,True
CST4891,Nitesh Dubey,oeshigole@example.org,02621317499,Indore,Madhya Pradesh,075778,2025-02-23,paid_search,Premium,True
CST4892,Nandini Vohra,hchakrabarti@example.net,07317251048,Jehanabad,Mizoram,157696,2024-03-20,organic,Regular,True
CST4893,Kalpit Desai,onimohan@example.com,8365180980,Gandhinagar,Telangana,767764,2026-04-28,referral,Regular,True
CST4894,Gaurang Dutt,keeryashasvi@example.com,+916091186615,Gangtok,Bihar,639691,2024-01-23,organic,Regular,True
CST4895,Chatresh Ray,xdixit@example.org,+918547920364,Bijapur,Mizoram,133529,2024-02-13,organic,Premium,False
CST4896,Wyatt Tak,arunimakanda@example.com,7850160664,Ujjain,Odisha,065999,2023-10-05,social,Premium,True
CST4897,Avni Kamdar,pahalpalla@example.org,7962768443,Ongole,Rajasthan,419797,2024-08-04,email,Regular,True
CST4898,Gavin Kala,jmenon@example.com,05476344707,Ambala,Punjab,458491,2024-06-07,social,Premium,False
CST4899,Jagdish Puri,shivansh54@example.org,+910033776139,Guwahati,Himachal Pradesh,941273,2025-03-04,email,Premium,True
CST4900,Rachita Kamdar,ranamitali@example.net,6452428064,Cuttack,Maharashtra,678267,2023-10-09,referral,VIP,True
CST4901,Garima Dass,kritika62@example.org,8833685130,Indore,Manipur,895823,2024-04-26,organic,Regular,False
CST4902,Sathvik Gokhale,chandran14@example.com,9678157223,Aurangabad,Arunachal Pradesh,700300,2025-06-30,email,VIP,True
CST4903,Amrita Gill,nkhosla@example.net,02408699808,Tadepalligudem,Telangana,590411,2026-01-21,paid_search,Premium,False
CST4904,Patrick Lal,mishraryan@example.net,03044486564,Panihati,Manipur,085072,2024-04-12,paid_search,Regular,True
CST4905,Bhanumati Chowdhury,panchalkalpit@example.com,3047558667,Kharagpur,Telangana,364599,2026-01-29,referral,Regular,True
CST4906,Thomas Radhakrishnan,daksha02@example.net,04760904439,Guna,Madhya Pradesh,182761,2026-05-22,organic,VIP,False
CST4907,Prisha Rout,libni27@example.net,00174158797,Ujjain,Sikkim,700744,2026-05-18,email,VIP,True
CST4908,Nimrat Tripathi,gbobal@example.com,+914698521098,Junagadh,Telangana,214252,2025-03-18,paid_search,Premium,True
CST4909,Praneel Walla,samraurmi@example.org,0417357586,Hapur,Gujarat,211794,2026-07-18,referral,Premium,True
CST4910,Edhitha Choudhary,dcheema@example.net,09379371867,Ludhiana,Telangana,133854,2023-11-10,paid_search,Premium,True
CST4911,Divya Subramanian,xbabu@example.net,7196802268,Mira-Bhayandar,Chhattisgarh,786507,2024-02-10,email,Regular,True
CST4912,Anita Saini,kalitabrinda@example.net,06723628856,Bidar,Arunachal Pradesh,114947,2024-08-11,paid_search,VIP,True
CST4913,Tanveer Chakrabarti,veer58@example.net,1667612440,Ujjain,Gujarat,610060,2024-05-12,organic,VIP,True
CST4914,Aditya Kumar,bhavna79@example.org,02591224817,Bathinda,Haryana,549792,2024-06-21,referral,Regular,True
CST4915,Bimala Ramesh,trivenijohal@example.org,8028945313,Bhalswa Jahangir Pur,Tripura,348277,2025-10-31,email,Premium,True
CST4916,Sathvik Bhatia,abdulramakrishnan@example.org,+916854334985,Ozhukarai,Tamil Nadu,034108,2024-02-29,email,VIP,True
CST4917,Indali Morar,udarsh67@example.org,+918403977399,Ichalkaranji,Arunachal Pradesh,476707,2024-05-05,email,Regular,False
CST4918,Zaid Ganesan,masondas@example.org,4586522417,Tadipatri,Manipur,402735,2024-01-20,social,Regular,True
CST4919,Inaya Chand,ijaya04@example.com,05931822472,Amravati,Sikkim,616875,2024-08-27,organic,Premium,True
CST4920,Aarav Mital,jeremiahatwal@example.com,+912416370776,Nagpur,Tamil Nadu,647604,2026-07-03,social,Premium,True
CST4921,Mohammed Viswanathan,bhavikatandon@example.org,+915793863898,Belgaum,Andhra Pradesh,868924,2026-02-26,referral,VIP,True
CST4922,Dalaja Wable,fandra@example.net,+919303758463,Tinsukia,Chhattisgarh,743311,2024-07-17,referral,VIP,False
CST4923,Nitara Nori,avideol@example.com,2854473358,Tadepalligudem,Rajasthan,939322,2025-11-08,referral,Premium,True
CST4924,Edhitha Kashyap,kondaliam@example.org,06427910764,Chennai,Mizoram,857548,2023-11-17,organic,Premium,True
CST4925,Dalaja Bhatnagar,kotharidayita@example.com,08940945074,Sri Ganganagar,West Bengal,951373,2026-03-12,email,Regular,True
CST4926,Isaac Raman,jkumer@example.com,4670649591,Noida,Bihar,611193,2025-10-15,paid_search,VIP,False
CST4927,Yashawini Sami,csandal@example.com,4229971007,Begusarai,Manipur,248392,2025-12-18,social,Regular,True
CST4928,Ijaya Mander,dhawanindira@example.net,+915978368975,Alwar,Himachal Pradesh,311059,2024-06-21,social,Regular,True
CST4929,Rayaan Halder,balakrishnanleena@example.org,+916617096471,Jalgaon,Telangana,381953,2024-03-11,referral,Premium,True
CST4930,Odika Bail,ganesankrishna@example.org,+915453024844,Korba,Uttar Pradesh,945404,2026-06-07,social,Regular,True
CST4931,Varsha Ghosh,xkonda@example.net,7096323845,Bhiwani,Maharashtra,061243,2025-03-20,social,VIP,False
CST4932,Rayaan Kala,okanda@example.com,06397380918,Asansol,Bihar,001468,2025-12-25,organic,Premium,False
CST4933,Ekani Issac,iryashroff@example.net,+914756515173,Haldia,Uttarakhand,463720,2023-09-02,social,VIP,True
CST4934,Pooja Kadakia,chadhakevin@example.org,+915331802852,Ranchi,Nagaland,315635,2023-09-02,social,VIP,True
CST4935,Faris Lad,manbir71@example.com,+918539553427,Faridabad,Mizoram,811583,2026-01-07,email,VIP,True
CST4936,Omisha Maharaj,darpanmagar@example.org,1958008150,Jamalpur,Tamil Nadu,065014,2025-01-09,email,Premium,False
CST4937,Nandini Padmanabhan,davidwagle@example.org,+918814165286,Berhampur,Maharashtra,426552,2025-10-13,referral,VIP,True
CST4938,Vedant Lad,royhardik@example.com,07085805720,Rajahmundry,Arunachal Pradesh,634698,2025-08-14,email,Regular,False
CST4939,Viraj Kunda,xchopra@example.net,1025346157,Giridih,Goa,437172,2024-02-14,social,Regular,True
CST4940,Xalak Doshi,obir@example.org,0386454500,Bhimavaram,Karnataka,592905,2026-08-27,social,Regular,False
CST4941,Prisha Atwal,anirudhlad@example.net,2085953456,Bhilwara,Kerala,905782,2025-05-11,email,Premium,False
CST4942,Vivaan Lad,gsinha@example.org,09860059979,Ichalkaranji,Madhya Pradesh,870820,2024-10-12,social,Regular,False
CST4943,Ekiya Kumar,jasmit53@example.org,7980016682,Adoni,Mizoram,089626,2024-05-21,social,Regular,True
CST4944,Fariq Babu,singhallipika@example.org,+910491063536,Vadodara,Bihar,531646,2024-04-20,social,Premium,False
CST4945,Ekbal Natt,meghana45@example.net,04732509838,Saharsa,Goa,667488,2025-02-21,referral,Premium,True
CST4946,Ishani Shenoy,sarkarisha@example.net,+918229595971,Gopalpur,Jharkhand,810125,2024-06-09,email,VIP,True
CST4947,Balhaar Balay,fsalvi@example.org,08965055966,Bidhannagar,Assam,409918,2026-06-03,social,Regular,True
CST4948,Wridesh Zacharia,henrykapur@example.net,1835047774,Danapur,Jharkhand,724608,2026-06-25,organic,VIP,True
CST4949,Urishilla Gara,umang11@example.com,07339337363,Tumkur,Madhya Pradesh,428778,2026-04-04,paid_search,Regular,False
CST4950,Warinder Karan,fwadhwa@example.com,1012767083,Panchkula,Mizoram,387429,2024-08-19,referral,Regular,True
CST4951,Bhavini Sundaram,chawlaridhi@example.com,+919773416985,Madhyamgram,Nagaland,066497,2025-11-18,email,Regular,False
CST4952,Wazir Tella,raksha59@example.com,+911678164800,Kolkata,Sikkim,485620,2024-10-18,referral,Premium,True
CST4953,Tanish Bansal,brahmbhattmohammed@example.net,03374027460,Buxar,Andhra Pradesh,945677,2024-06-08,paid_search,Premium,False
CST4954,Jack Kumer,devangautami@example.com,0535509144,Nellore,Nagaland,069067,2025-01-17,social,VIP,True
CST4955,Harrison Barman,naraingayathri@example.org,+913537134263,Bathinda,Manipur,271838,2024-01-28,organic,Premium,True
CST4956,Vedhika Bora,oakabeer@example.com,+912774080152,Pali,Jharkhand,176730,2026-01-05,paid_search,Premium,True
CST4957,Aarini Sethi,chaitalykoshy@example.org,5386535092,Giridih,Uttar Pradesh,236186,2025-02-20,referral,VIP,True
CST4958,Falak Puri,tanaysarkar@example.com,05107476627,Rampur,Jharkhand,338027,2024-06-06,organic,Regular,True
CST4959,Pahal Thaman,tarakpurohit@example.org,09745733589,Bathinda,Tamil Nadu,428066,2025-05-29,social,VIP,True
CST4960,Eshana Dugal,omthaman@example.org,+910984154908,Pondicherry,Madhya Pradesh,459614,2025-11-21,email,VIP,True
CST4961,Sneha Dugar,oscar75@example.org,08750382231,Coimbatore,Mizoram,439180,2023-09-05,organic,Regular,True
CST4962,Keya Hans,umahal@example.net,00911127376,Kolhapur,Haryana,889642,2025-05-18,email,Regular,False
CST4963,Omkaar Kulkarni,harsh78@example.org,5180195409,Khammam,Meghalaya,367852,2026-07-31,organic,VIP,True
CST4964,Janaki Ahuja,natarajanrachana@example.net,00353849200,Howrah,Gujarat,861474,2026-04-28,referral,VIP,True
CST4965,Widisha Kanda,kviswanathan@example.org,00362413962,Karimnagar,Maharashtra,527459,2024-03-12,email,Premium,True
CST4966,Hemal Sodhi,urvashicontractor@example.net,06807124216,Hyderabad,Assam,354590,2024-11-10,email,VIP,True
CST4967,Panini Dhingra,dhriti76@example.org,+919798640827,Shivpuri,Punjab,148666,2025-04-14,paid_search,VIP,True
CST4968,Peter Kalla,jalsadutta@example.net,07848175915,Nangloi Jat,Assam,405975,2025-12-05,organic,Premium,True
CST4969,Amrita Butala,divya36@example.net,9386468074,Baranagar,Chhattisgarh,914041,2025-02-14,organic,VIP,True
CST4970,Laban Mitter,regejanani@example.net,1845823413,Nandyal,Odisha,262655,2024-10-23,paid_search,VIP,True
CST4971,Sudiksha Chhabra,peter22@example.net,05109156179,Nizamabad,Goa,062754,2025-11-09,paid_search,VIP,False
CST4972,Oviya Deshmukh,voraazad@example.net,+912359948928,Bhind,Karnataka,075393,2025-10-14,referral,Premium,True
CST4973,Harini Sandal,pushtishukla@example.org,+913828336632,Ahmedabad,Jharkhand,095247,2026-05-16,referral,Premium,True
CST4974,Bina Khosla,ichandra@example.com,+911993277273,Panvel,Odisha,408538,2024-08-29,referral,Premium,True
CST4975,Xiti Seth,gabrielzacharia@example.org,2850316186,Anand,Mizoram,575442,2026-01-01,paid_search,VIP,True
CST4976,Oeshi Lala,xalak51@example.net,04388863886,Siliguri,Tripura,013473,2026-05-25,email,Regular,False
CST4977,Indira Soni,xaviervarghese@example.com,6526958088,Chandigarh,West Bengal,294285,2026-02-03,paid_search,Premium,True
CST4978,Zayyan Ramaswamy,kabir25@example.com,0615434306,Katihar,Manipur,311023,2026-01-12,social,Regular,True
CST4979,Nathan Taneja,darshjha@example.net,+915290295578,Jorhat,Andhra Pradesh,664464,2025-04-17,social,VIP,False
CST4980,Sanya Lata,yatandubey@example.com,0729202890,Ulhasnagar,Uttar Pradesh,344528,2026-07-18,social,Regular,False
CST4981,Ekantika Kara,satheoeshi@example.com,02452300276,Hubli–Dharwad,Odisha,246439,2024-02-24,referral,Premium,False
CST4982,Isaiah Kashyap,tara42@example.com,5090002337,Ramagundam,West Bengal,708763,2023-11-12,organic,Premium,True
CST4983,Brinda Gill,wriddhishchakraborty@example.net,7228259518,Kottayam,Goa,544111,2025-09-19,paid_search,VIP,True
CST4984,Ronith Tara,achaudhuri@example.com,+916434380272,Vellore,West Bengal,477261,2025-03-27,paid_search,Premium,False
CST4985,Devika Sharma,jhajhalak@example.com,3141307612,Mango,Tripura,260813,2024-08-28,paid_search,VIP,False
CST4986,Hema Nigam,vermawyatt@example.org,01450217129,Medininagar,Manipur,112460,2024-09-28,paid_search,VIP,True
CST4987,William Bajwa,vasudhayadav@example.org,07563602533,Jalna,Uttarakhand,906285,2024-02-12,social,Premium,True
CST4988,Abha Pant,rajadalbir@example.org,00270708145,Purnia,Nagaland,653271,2025-05-09,referral,VIP,True
CST4989,Jai Contractor,vasana07@example.net,00188552941,Kishanganj,Andhra Pradesh,007346,2026-06-13,organic,Regular,True
CST4990,Jyoti Vig,ekarajmaster@example.net,05480308450,Bhilwara,Kerala,892952,2024-08-03,referral,Regular,True
CST4991,Yuvraj Menon,banjeet43@example.com,0519995624,Jaunpur,Punjab,310075,2023-12-03,social,VIP,True
CST4992,Gagan Atwal,umang86@example.org,06682456901,Shivpuri,Maharashtra,591163,2023-10-15,social,VIP,False
CST4993,Faras Cherian,maanav59@example.com,+917939985222,Anand,Rajasthan,062894,2026-07-10,email,VIP,True
CST4994,Priya Agrawal,nicholaschana@example.com,07939558500,Jalna,Tamil Nadu,460474,2024-12-28,social,Regular,True
CST4995,Kamya Mohan,gayathri90@example.com,00551900592,Bhagalpur,Himachal Pradesh,046322,2025-01-29,organic,Regular,True
CST4996,Jatin Shetty,dnarang@example.org,09243360525,Erode,Meghalaya,335886,2024-07-28,organic,Premium,False
CST4997,Sneha Khare,agatevasatika@example.net,09869980136,Gwalior,Tripura,729089,2024-06-23,social,Regular,True
CST4998,Adweta Kuruvilla,mandaldiya@example.org,+914446835712,Vasai-Virar,Haryana,499201,2023-10-15,email,VIP,True
CST4999,Luke Prashad,fsengupta@example.org,09396064115,Anantapuram,Maharashtra,785951,2024-07-15,social,Regular,True
CST5000,Gagan Bhardwaj,dakshanne@example.com,09452263312,Bharatpur,Assam,753951,2025-11-22,referral,Regular,False
