delivery_id,order_id,order_date,estimated_delivery_date,delivered_date,delivery_partner,delivery_status
DLV00001,ORD00001,2025-07-03,2025-07-05,,Ecom Express,Failed
DLV00002,ORD00002,2025-10-15,2025-10-21,,XpressBees,Delayed
DLV00003,ORD00003,2025-01-31,2025-02-02,,DTDC,Failed
DLV00004,ORD00004,2025-09-30,2025-10-06,2025-10-08,Delhivery,Delivered
DLV00005,ORD00005,2025-10-27,2025-11-01,,Delhivery,Out for Delivery
DLV00006,ORD00006,2025-04-03,2025-04-10,,Blue Dart,Out for Delivery
DLV00007,ORD00007,2025-05-03,2025-05-06,,Blue Dart,Failed
DLV00008,ORD00008,2025-10-23,2025-10-30,,Delhivery,Delayed
DLV00009,ORD00009,2025-12-06,2025-12-10,,XpressBees,In Transit
DLV00010,ORD00010,2025-11-19,2025-11-22,2025-11-22,Blue Dart,Delivered
DLV00011,ORD00011,2025-07-01,2025-07-06,,DTDC,In Transit
DLV00012,ORD00012,2025-06-05,2025-06-08,,DTDC,Failed
DLV00013,ORD00013,2025-07-11,2025-07-14,,Ecom Express,Out for Delivery
DLV00014,ORD00014,2025-04-29,2025-05-01,,Blue Dart,In Transit
DLV00015,ORD00015,2025-04-11,2025-04-17,,DTDC,Failed
DLV00016,ORD00016,2025-08-07,2025-08-14,,Blue Dart,Delayed
DLV00017,ORD00017,2025-02-10,2025-02-17,,Delhivery,Delayed
DLV00018,ORD00018,2025-07-21,2025-07-25,,Ecom Express,In Transit
DLV00019,ORD00019,2025-10-12,2025-10-17,,DTDC,Delayed
DLV00020,ORD00020,2025-11-07,2025-11-13,,Delhivery,In Transit
DLV00021,ORD00021,2025-05-11,2025-05-13,,DTDC,In Transit
DLV00022,ORD00022,2025-04-26,2025-04-28,,Blue Dart,Out for Delivery
DLV00023,ORD00023,2025-06-26,2025-06-29,,Blue Dart,Delayed
DLV00024,ORD00024,2025-01-31,2025-02-03,,Ecom Express,Delayed
DLV00025,ORD00025,2025-01-12,2025-01-18,2025-01-21,Delhivery,Delivered
DLV00026,ORD00026,2025-10-17,2025-10-20,,DTDC,Delayed
DLV00027,ORD00027,2025-10-28,2025-11-02,,Delhivery,Out for Delivery
DLV00028,ORD00028,2025-03-12,2025-03-15,,Ecom Express,Delayed
DLV00029,ORD00029,2025-09-14,2025-09-19,,Ecom Express,Out for Delivery
DLV00030,ORD00030,2025-03-28,2025-03-30,,Blue Dart,Failed
DLV00031,ORD00031,2025-01-23,2025-01-30,,Ecom Express,Failed
DLV00032,ORD00032,2025-06-21,2025-06-24,,Ecom Express,Out for Delivery
DLV00033,ORD00033,2025-10-01,2025-10-05,2025-10-08,Ecom Express,Delivered
DLV00034,ORD00034,2025-02-25,2025-02-27,,DTDC,Out for Delivery
DLV00035,ORD00035,2025-12-29,2026-01-03,,DTDC,Delayed
DLV00036,ORD00036,2025-06-28,2025-07-04,,DTDC,In Transit
DLV00037,ORD00037,2025-09-24,2025-09-30,,XpressBees,In Transit
DLV00038,ORD00038,2025-10-15,2025-10-18,2025-10-21,Ecom Express,Delivered
DLV00039,ORD00039,2025-05-20,2025-05-26,,Blue Dart,Out for Delivery
DLV00040,ORD00040,2025-01-04,2025-01-10,2025-01-09,Ecom Express,Delivered
DLV00041,ORD00041,2025-06-05,2025-06-11,,Delhivery,Failed
DLV00042,ORD00042,2025-05-21,2025-05-26,,Blue Dart,Out for Delivery
DLV00043,ORD00043,2025-06-15,2025-06-19,,Blue Dart,Out for Delivery
DLV00044,ORD00044,2025-01-26,2025-01-30,,DTDC,Delayed
DLV00045,ORD00045,2025-02-26,2025-03-05,,Ecom Express,Out for Delivery
DLV00046,ORD00046,2025-04-10,2025-04-12,,Delhivery,Delayed
DLV00047,ORD00047,2025-01-06,2025-01-12,,DTDC,Failed
DLV00048,ORD00048,2025-09-05,2025-09-12,,XpressBees,Failed
DLV00049,ORD00049,2025-07-22,2025-07-24,,Ecom Express,Failed
DLV00050,ORD00050,2025-08-24,2025-08-31,,Ecom Express,Delayed
DLV00051,ORD00051,2025-07-27,2025-07-31,,Ecom Express,Out for Delivery
DLV00052,ORD00052,2025-12-28,2026-01-03,2026-01-04,Ecom Express,Delivered
DLV00053,ORD00053,2025-11-30,2025-12-03,,Ecom Express,Out for Delivery
DLV00054,ORD00054,2025-04-27,2025-04-29,,XpressBees,Out for Delivery
DLV00055,ORD00055,2025-01-25,2025-02-01,,DTDC,Out for Delivery
DLV00056,ORD00056,2025-11-21,2025-11-26,,Delhivery,In Transit
DLV00057,ORD00057,2025-08-26,2025-09-01,2025-09-01,Blue Dart,Delivered
DLV00058,ORD00058,2025-04-09,2025-04-11,,Ecom Express,Out for Delivery
DLV00059,ORD00059,2025-10-15,2025-10-18,2025-10-20,Blue Dart,Delivered
DLV00060,ORD00060,2025-03-23,2025-03-25,,Ecom Express,Delayed
DLV00061,ORD00061,2025-10-19,2025-10-22,,DTDC,In Transit
DLV00062,ORD00062,2025-03-19,2025-03-25,,XpressBees,Delayed
DLV00063,ORD00063,2025-03-12,2025-03-16,,DTDC,In Transit
DLV00064,ORD00064,2025-06-04,2025-06-10,,XpressBees,Out for Delivery
DLV00065,ORD00065,2025-05-23,2025-05-28,,XpressBees,Out for Delivery
DLV00066,ORD00066,2025-09-09,2025-09-16,,XpressBees,Delayed
DLV00067,ORD00067,2025-01-17,2025-01-23,,Blue Dart,In Transit
DLV00068,ORD00068,2025-10-10,2025-10-13,,DTDC,Out for Delivery
DLV00069,ORD00069,2025-03-31,2025-04-02,,DTDC,Delayed
DLV00070,ORD00070,2025-12-13,2025-12-15,2025-12-15,Ecom Express,Delivered
DLV00071,ORD00071,2025-03-09,2025-03-14,,Ecom Express,In Transit
DLV00072,ORD00072,2025-02-12,2025-02-17,,DTDC,Failed
DLV00073,ORD00073,2025-12-27,2026-01-02,2026-01-03,DTDC,Delivered
DLV00074,ORD00074,2025-12-30,2026-01-02,,XpressBees,Out for Delivery
DLV00075,ORD00075,2025-10-12,2025-10-16,,DTDC,Out for Delivery
DLV00076,ORD00076,2025-01-09,2025-01-12,,Delhivery,Delayed
DLV00077,ORD00077,2025-03-07,2025-03-11,,XpressBees,Failed
DLV00078,ORD00078,2025-11-12,2025-11-14,,Ecom Express,Out for Delivery
DLV00079,ORD00079,2025-10-29,2025-10-31,,Delhivery,In Transit
DLV00080,ORD00080,2025-10-15,2025-10-21,,Delhivery,Out for Delivery
DLV00081,ORD00081,2025-03-04,2025-03-07,,XpressBees,In Transit
DLV00082,ORD00082,2025-06-24,2025-06-29,,Blue Dart,Out for Delivery
DLV00083,ORD00083,2025-03-27,2025-03-29,,DTDC,Out for Delivery
DLV00084,ORD00084,2025-05-04,2025-05-07,,Ecom Express,Delayed
DLV00085,ORD00085,2025-07-06,2025-07-13,,Blue Dart,Delayed
DLV00086,ORD00086,2025-12-27,2025-12-29,,Ecom Express,Delayed
DLV00087,ORD00087,2025-02-26,2025-02-28,,Blue Dart,Failed
DLV00088,ORD00088,2025-09-29,2025-10-06,,Ecom Express,Out for Delivery
DLV00089,ORD00089,2025-05-11,2025-05-17,2025-05-19,XpressBees,Delivered
DLV00090,ORD00090,2025-12-25,2025-12-27,,Ecom Express,Delayed
DLV00091,ORD00091,2025-10-07,2025-10-10,,DTDC,Failed
DLV00092,ORD00092,2025-10-17,2025-10-19,,XpressBees,Failed
DLV00093,ORD00093,2025-11-15,2025-11-18,,DTDC,Out for Delivery
DLV00094,ORD00094,2025-07-29,2025-08-02,2025-08-05,Delhivery,Delivered
DLV00095,ORD00095,2025-02-25,2025-03-04,,XpressBees,In Transit
DLV00096,ORD00096,2025-02-19,2025-02-24,,DTDC,Delayed
DLV00097,ORD00097,2025-12-29,2026-01-03,,Ecom Express,Delayed
DLV00098,ORD00098,2025-01-11,2025-01-13,2025-01-15,Delhivery,Delivered
DLV00099,ORD00099,2025-09-17,2025-09-19,,Blue Dart,Failed
DLV00100,ORD00100,2025-02-08,2025-02-10,,Delhivery,Delayed
DLV00101,ORD00101,2025-02-09,2025-02-13,,XpressBees,In Transit
DLV00102,ORD00102,2025-06-26,2025-07-01,2025-06-30,DTDC,Delivered
DLV00103,ORD00103,2025-01-15,2025-01-18,,Blue Dart,Delayed
DLV00104,ORD00104,2025-04-08,2025-04-15,,Delhivery,Delayed
DLV00105,ORD00105,2025-11-13,2025-11-17,2025-11-19,Ecom Express,Delivered
DLV00106,ORD00106,2025-08-08,2025-08-10,,DTDC,In Transit
DLV00107,ORD00107,2025-09-13,2025-09-17,,Blue Dart,In Transit
DLV00108,ORD00108,2025-11-13,2025-11-20,,DTDC,Delayed
DLV00109,ORD00109,2025-09-27,2025-10-03,2025-10-04,Ecom Express,Delivered
DLV00110,ORD00110,2025-09-08,2025-09-12,,Ecom Express,Out for Delivery
DLV00111,ORD00111,2025-07-14,2025-07-17,,Ecom Express,Out for Delivery
DLV00112,ORD00112,2025-07-04,2025-07-09,,Blue Dart,Failed
DLV00113,ORD00113,2025-11-13,2025-11-17,,Ecom Express,Failed
DLV00114,ORD00114,2025-03-15,2025-03-18,,Delhivery,Out for Delivery
DLV00115,ORD00115,2025-06-06,2025-06-08,,XpressBees,Delayed
DLV00116,ORD00116,2025-05-20,2025-05-23,,XpressBees,Failed
DLV00117,ORD00117,2025-01-26,2025-02-01,2025-02-01,XpressBees,Delivered
DLV00118,ORD00118,2025-05-07,2025-05-14,,DTDC,Delayed
DLV00119,ORD00119,2025-04-16,2025-04-21,2025-04-22,Blue Dart,Delivered
DLV00120,ORD00120,2025-02-27,2025-03-05,,Blue Dart,Failed
DLV00121,ORD00121,2025-05-21,2025-05-24,2025-05-25,Ecom Express,Delivered
DLV00122,ORD00122,2025-05-14,2025-05-19,,Delhivery,Delayed
DLV00123,ORD00123,2025-03-28,2025-04-01,,DTDC,Out for Delivery
DLV00124,ORD00124,2025-07-07,2025-07-11,,Blue Dart,Delayed
DLV00125,ORD00125,2025-02-28,2025-03-06,2025-03-07,Delhivery,Delivered
DLV00126,ORD00126,2025-04-12,2025-04-15,2025-04-15,XpressBees,Delivered
DLV00127,ORD00127,2025-03-04,2025-03-11,,XpressBees,Out for Delivery
DLV00128,ORD00128,2025-04-22,2025-04-29,,DTDC,In Transit
DLV00129,ORD00129,2025-03-26,2025-04-02,,Delhivery,Failed
DLV00130,ORD00130,2025-09-27,2025-10-04,,Delhivery,Failed
DLV00131,ORD00131,2025-06-04,2025-06-08,,Delhivery,In Transit
DLV00132,ORD00132,2025-06-27,2025-06-29,,Delhivery,Failed
DLV00133,ORD00133,2025-03-01,2025-03-04,,Delhivery,Delayed
DLV00134,ORD00134,2025-11-04,2025-11-07,,Delhivery,Delayed
DLV00135,ORD00135,2025-07-27,2025-08-01,,DTDC,Failed
DLV00136,ORD00136,2025-01-13,2025-01-15,,DTDC,Failed
DLV00137,ORD00137,2025-10-06,2025-10-13,2025-10-16,Ecom Express,Delivered
DLV00138,ORD00138,2025-04-01,2025-04-08,,XpressBees,Out for Delivery
DLV00139,ORD00139,2025-06-13,2025-06-19,,XpressBees,In Transit
DLV00140,ORD00140,2025-05-01,2025-05-03,,Blue Dart,Failed
DLV00141,ORD00141,2025-09-14,2025-09-19,,Ecom Express,Out for Delivery
DLV00142,ORD00142,2025-03-15,2025-03-22,,Ecom Express,Failed
DLV00143,ORD00143,2025-02-02,2025-02-07,,Blue Dart,Out for Delivery
DLV00144,ORD00144,2025-11-09,2025-11-12,,Ecom Express,In Transit
DLV00145,ORD00145,2025-09-04,2025-09-10,,Delhivery,Failed
DLV00146,ORD00146,2025-09-07,2025-09-10,,Ecom Express,Delayed
DLV00147,ORD00147,2025-09-11,2025-09-18,2025-09-17,XpressBees,Delivered
DLV00148,ORD00148,2025-06-26,2025-06-30,,DTDC,Out for Delivery
DLV00149,ORD00149,2025-09-11,2025-09-16,,Delhivery,In Transit
DLV00150,ORD00150,2025-10-14,2025-10-17,,DTDC,Failed
DLV00151,ORD00151,2025-10-26,2025-11-01,,XpressBees,In Transit
DLV00152,ORD00152,2025-05-17,2025-05-24,,Ecom Express,Failed
DLV00153,ORD00153,2025-03-14,2025-03-21,,Ecom Express,Delayed
DLV00154,ORD00154,2025-10-06,2025-10-08,,Delhivery,Failed
DLV00155,ORD00155,2025-06-05,2025-06-12,2025-06-11,DTDC,Delivered
DLV00156,ORD00156,2025-01-02,2025-01-04,,XpressBees,In Transit
DLV00157,ORD00157,2025-04-11,2025-04-13,2025-04-16,XpressBees,Delivered
DLV00158,ORD00158,2025-05-16,2025-05-21,,Blue Dart,In Transit
DLV00159,ORD00159,2025-01-13,2025-01-18,2025-01-20,Blue Dart,Delivered
DLV00160,ORD00160,2025-11-08,2025-11-14,,XpressBees,Failed
DLV00161,ORD00161,2025-04-08,2025-04-13,,XpressBees,In Transit
DLV00162,ORD00162,2025-12-07,2025-12-10,,XpressBees,Failed
DLV00163,ORD00163,2025-01-16,2025-01-18,2025-01-18,Delhivery,Delivered
DLV00164,ORD00164,2025-07-23,2025-07-27,,XpressBees,Delayed
DLV00165,ORD00165,2025-09-03,2025-09-08,2025-09-08,DTDC,Delivered
DLV00166,ORD00166,2025-02-13,2025-02-18,,DTDC,In Transit
DLV00167,ORD00167,2025-05-30,2025-06-05,2025-06-05,XpressBees,Delivered
DLV00168,ORD00168,2025-09-10,2025-09-14,,Blue Dart,Out for Delivery
DLV00169,ORD00169,2025-10-27,2025-10-31,,XpressBees,In Transit
DLV00170,ORD00170,2025-11-18,2025-11-24,,DTDC,Out for Delivery
DLV00171,ORD00171,2025-05-21,2025-05-28,,XpressBees,Failed
DLV00172,ORD00172,2025-02-17,2025-02-24,,DTDC,In Transit
DLV00173,ORD00173,2025-09-27,2025-10-02,2025-10-02,XpressBees,Delivered
DLV00174,ORD00174,2025-06-24,2025-06-27,,Delhivery,In Transit
DLV00175,ORD00175,2025-09-07,2025-09-14,,XpressBees,Out for Delivery
DLV00176,ORD00176,2025-07-07,2025-07-14,,Blue Dart,Delayed
DLV00177,ORD00177,2025-12-06,2025-12-10,,Delhivery,In Transit
DLV00178,ORD00178,2025-07-18,2025-07-24,,Blue Dart,Failed
DLV00179,ORD00179,2025-02-27,2025-03-05,2025-03-05,Blue Dart,Delivered
DLV00180,ORD00180,2025-04-27,2025-05-01,,DTDC,Out for Delivery
DLV00181,ORD00181,2025-09-19,2025-09-22,,Blue Dart,In Transit
DLV00182,ORD00182,2025-03-17,2025-03-22,,Ecom Express,Failed
DLV00183,ORD00183,2025-12-30,2026-01-05,,Ecom Express,Delayed
DLV00184,ORD00184,2025-10-01,2025-10-05,,XpressBees,Out for Delivery
DLV00185,ORD00185,2025-03-06,2025-03-12,,Delhivery,In Transit
DLV00186,ORD00186,2025-09-09,2025-09-16,2025-09-16,Ecom Express,Delivered
DLV00187,ORD00187,2025-03-02,2025-03-06,,Blue Dart,In Transit
DLV00188,ORD00188,2025-02-24,2025-02-28,,DTDC,Delayed
DLV00189,ORD00189,2025-09-30,2025-10-05,,Ecom Express,Failed
DLV00190,ORD00190,2025-06-12,2025-06-16,,Delhivery,Failed
DLV00191,ORD00191,2025-06-25,2025-06-29,,XpressBees,Delayed
DLV00192,ORD00192,2025-12-26,2025-12-30,,XpressBees,In Transit
DLV00193,ORD00193,2025-08-19,2025-08-25,,Blue Dart,Delayed
DLV00194,ORD00194,2025-05-17,2025-05-23,,Ecom Express,Out for Delivery
DLV00195,ORD00195,2025-11-23,2025-11-25,,Delhivery,Failed
DLV00196,ORD00196,2025-04-18,2025-04-21,2025-04-24,Delhivery,Delivered
DLV00197,ORD00197,2025-06-21,2025-06-28,,Blue Dart,Failed
DLV00198,ORD00198,2025-04-17,2025-04-20,2025-04-20,Ecom Express,Delivered
DLV00199,ORD00199,2025-04-20,2025-04-23,,Ecom Express,Delayed
DLV00200,ORD00200,2025-09-28,2025-10-01,,DTDC,Failed
DLV00201,ORD00201,2025-05-06,2025-05-09,2025-05-10,Blue Dart,Delivered
DLV00202,ORD00202,2025-09-22,2025-09-29,,DTDC,In Transit
DLV00203,ORD00203,2025-08-29,2025-08-31,2025-09-03,Ecom Express,Delivered
DLV00204,ORD00204,2025-02-28,2025-03-03,,Ecom Express,In Transit
DLV00205,ORD00205,2025-08-01,2025-08-04,,Ecom Express,Failed
DLV00206,ORD00206,2025-12-30,2026-01-06,2026-01-07,Delhivery,Delivered
DLV00207,ORD00207,2025-11-10,2025-11-12,,Blue Dart,Failed
DLV00208,ORD00208,2025-06-01,2025-06-05,2025-06-05,DTDC,Delivered
DLV00209,ORD00209,2025-11-12,2025-11-14,,XpressBees,In Transit
DLV00210,ORD00210,2025-08-07,2025-08-12,,XpressBees,Failed
DLV00211,ORD00211,2025-12-04,2025-12-08,,XpressBees,Failed
DLV00212,ORD00212,2025-07-29,2025-07-31,,Blue Dart,Failed
DLV00213,ORD00213,2025-12-06,2025-12-11,,Blue Dart,Failed
DLV00214,ORD00214,2025-01-16,2025-01-19,,Ecom Express,Out for Delivery
DLV00215,ORD00215,2025-07-25,2025-07-28,,XpressBees,In Transit
DLV00216,ORD00216,2025-09-20,2025-09-25,2025-09-26,DTDC,Delivered
DLV00217,ORD00217,2025-09-17,2025-09-21,,DTDC,Delayed
DLV00218,ORD00218,2025-10-22,2025-10-27,,XpressBees,In Transit
DLV00219,ORD00219,2025-09-01,2025-09-04,,Blue Dart,Delayed
DLV00220,ORD00220,2025-10-03,2025-10-05,,Delhivery,Delayed
DLV00221,ORD00221,2025-08-22,2025-08-27,,Delhivery,Failed
DLV00222,ORD00222,2025-07-10,2025-07-17,,DTDC,Out for Delivery
DLV00223,ORD00223,2025-06-01,2025-06-05,,DTDC,Failed
DLV00224,ORD00224,2025-03-10,2025-03-12,,Blue Dart,Out for Delivery
DLV00225,ORD00225,2025-10-31,2025-11-07,2025-11-07,DTDC,Delivered
DLV00226,ORD00226,2025-01-30,2025-02-04,,Delhivery,In Transit
DLV00227,ORD00227,2025-01-22,2025-01-26,2025-01-29,DTDC,Delivered
DLV00228,ORD00228,2025-03-16,2025-03-22,2025-03-25,DTDC,Delivered
DLV00229,ORD00229,2025-12-25,2025-12-31,,Ecom Express,In Transit
DLV00230,ORD00230,2025-12-30,2026-01-03,,XpressBees,Out for Delivery
DLV00231,ORD00231,2025-07-20,2025-07-26,,Blue Dart,In Transit
DLV00232,ORD00232,2025-10-20,2025-10-27,,Blue Dart,In Transit
DLV00233,ORD00233,2025-05-10,2025-05-12,,Blue Dart,Delayed
DLV00234,ORD00234,2025-05-27,2025-05-31,,Ecom Express,Out for Delivery
DLV00235,ORD00235,2025-12-13,2025-12-15,2025-12-16,DTDC,Delivered
DLV00236,ORD00236,2025-04-24,2025-04-27,2025-04-26,XpressBees,Delivered
DLV00237,ORD00237,2025-10-08,2025-10-14,,Ecom Express,Out for Delivery
DLV00238,ORD00238,2025-03-10,2025-03-13,2025-03-14,Ecom Express,Delivered
DLV00239,ORD00239,2025-08-04,2025-08-07,,Blue Dart,Out for Delivery
DLV00240,ORD00240,2025-09-25,2025-09-28,,XpressBees,In Transit
DLV00241,ORD00241,2025-01-23,2025-01-27,,Delhivery,Delayed
DLV00242,ORD00242,2025-04-05,2025-04-11,2025-04-13,Ecom Express,Delivered
DLV00243,ORD00243,2025-06-24,2025-06-29,,DTDC,Delayed
DLV00244,ORD00244,2025-04-28,2025-05-03,,Ecom Express,Out for Delivery
DLV00245,ORD00245,2025-03-12,2025-03-15,,Ecom Express,Failed
DLV00246,ORD00246,2025-01-10,2025-01-14,,Ecom Express,Delayed
DLV00247,ORD00247,2025-06-18,2025-06-24,,Blue Dart,Failed
DLV00248,ORD00248,2025-01-08,2025-01-13,,XpressBees,In Transit
DLV00249,ORD00249,2025-01-26,2025-01-28,,Blue Dart,Failed
DLV00250,ORD00250,2025-06-06,2025-06-09,,Delhivery,Delayed
DLV00251,ORD00251,2025-07-13,2025-07-19,,DTDC,Out for Delivery
DLV00252,ORD00252,2025-10-20,2025-10-24,,XpressBees,Out for Delivery
DLV00253,ORD00253,2025-11-10,2025-11-17,2025-11-20,Delhivery,Delivered
DLV00254,ORD00254,2025-04-23,2025-04-25,2025-04-26,Delhivery,Delivered
DLV00255,ORD00255,2025-08-11,2025-08-17,,Blue Dart,Delayed
DLV00256,ORD00256,2025-06-18,2025-06-24,,Delhivery,In Transit
DLV00257,ORD00257,2025-04-11,2025-04-16,2025-04-18,Blue Dart,Delivered
DLV00258,ORD00258,2025-12-03,2025-12-07,,Delhivery,Delayed
DLV00259,ORD00259,2025-12-24,2025-12-30,,Blue Dart,Failed
DLV00260,ORD00260,2025-06-21,2025-06-25,,DTDC,In Transit
DLV00261,ORD00261,2025-08-06,2025-08-10,,Delhivery,Delayed
DLV00262,ORD00262,2025-02-25,2025-03-01,2025-03-01,Ecom Express,Delivered
DLV00263,ORD00263,2025-12-02,2025-12-06,,Ecom Express,Delayed
DLV00264,ORD00264,2025-06-13,2025-06-19,,Blue Dart,Out for Delivery
DLV00265,ORD00265,2025-12-08,2025-12-15,,Delhivery,Out for Delivery
DLV00266,ORD00266,2025-09-28,2025-09-30,,Delhivery,Failed
DLV00267,ORD00267,2025-04-30,2025-05-07,,XpressBees,Failed
DLV00268,ORD00268,2025-11-22,2025-11-24,,Ecom Express,Failed
DLV00269,ORD00269,2025-10-24,2025-10-27,2025-10-28,DTDC,Delivered
DLV00270,ORD00270,2025-03-06,2025-03-13,2025-03-14,Blue Dart,Delivered
DLV00271,ORD00271,2025-10-29,2025-11-02,,Ecom Express,In Transit
DLV00272,ORD00272,2025-04-11,2025-04-14,2025-04-14,Delhivery,Delivered
DLV00273,ORD00273,2025-12-22,2025-12-27,2025-12-30,Ecom Express,Delivered
DLV00274,ORD00274,2025-02-18,2025-02-22,,Blue Dart,Out for Delivery
DLV00275,ORD00275,2025-08-23,2025-08-29,,Blue Dart,Out for Delivery
DLV00276,ORD00276,2025-09-26,2025-09-29,,Delhivery,Out for Delivery
DLV00277,ORD00277,2025-02-23,2025-02-27,,Ecom Express,Failed
DLV00278,ORD00278,2025-05-20,2025-05-26,,DTDC,In Transit
DLV00279,ORD00279,2025-04-30,2025-05-04,,Delhivery,Failed
DLV00280,ORD00280,2025-08-05,2025-08-09,,Blue Dart,Failed
DLV00281,ORD00281,2025-10-30,2025-11-02,,DTDC,In Transit
DLV00282,ORD00282,2025-10-03,2025-10-06,,XpressBees,In Transit
DLV00283,ORD00283,2025-01-25,2025-01-31,,Ecom Express,Failed
DLV00284,ORD00284,2025-08-19,2025-08-24,,XpressBees,In Transit
DLV00285,ORD00285,2025-07-26,2025-07-28,,XpressBees,In Transit
DLV00286,ORD00286,2025-09-26,2025-10-03,2025-10-02,DTDC,Delivered
DLV00287,ORD00287,2025-06-01,2025-06-04,,DTDC,Out for Delivery
DLV00288,ORD00288,2025-03-13,2025-03-15,,XpressBees,In Transit
DLV00289,ORD00289,2025-11-02,2025-11-08,,XpressBees,In Transit
DLV00290,ORD00290,2025-07-12,2025-07-17,,Delhivery,In Transit
DLV00291,ORD00291,2025-12-16,2025-12-21,,DTDC,Delayed
DLV00292,ORD00292,2025-03-23,2025-03-25,2025-03-26,Ecom Express,Delivered
DLV00293,ORD00293,2025-10-19,2025-10-26,2025-10-25,Ecom Express,Delivered
DLV00294,ORD00294,2025-10-01,2025-10-05,,DTDC,Out for Delivery
DLV00295,ORD00295,2025-10-14,2025-10-20,,Ecom Express,Delayed
DLV00296,ORD00296,2025-04-01,2025-04-05,,Delhivery,In Transit
DLV00297,ORD00297,2025-10-10,2025-10-16,,XpressBees,Failed
DLV00298,ORD00298,2025-01-15,2025-01-22,,Delhivery,Failed
DLV00299,ORD00299,2025-04-04,2025-04-06,,Blue Dart,Failed
DLV00300,ORD00300,2025-05-04,2025-05-09,,DTDC,Delayed
DLV00301,ORD00301,2025-12-19,2025-12-23,2025-12-24,Ecom Express,Delivered
DLV00302,ORD00302,2025-11-26,2025-11-28,,Delhivery,Out for Delivery
DLV00303,ORD00303,2025-12-14,2025-12-16,,XpressBees,Out for Delivery
DLV00304,ORD00304,2025-04-10,2025-04-14,,XpressBees,Delayed
DLV00305,ORD00305,2025-03-13,2025-03-17,,DTDC,Delayed
DLV00306,ORD00306,2025-08-22,2025-08-28,,XpressBees,Out for Delivery
DLV00307,ORD00307,2025-04-29,2025-05-01,2025-05-03,Ecom Express,Delivered
DLV00308,ORD00308,2025-11-20,2025-11-23,,Ecom Express,Delayed
DLV00309,ORD00309,2025-10-24,2025-10-31,,XpressBees,Failed
DLV00310,ORD00310,2025-12-26,2026-01-01,,Ecom Express,Delayed
DLV00311,ORD00311,2025-04-12,2025-04-15,,Ecom Express,Delayed
DLV00312,ORD00312,2025-10-02,2025-10-07,,Ecom Express,Out for Delivery
DLV00313,ORD00313,2025-02-13,2025-02-20,,Ecom Express,Out for Delivery
DLV00314,ORD00314,2025-12-05,2025-12-07,2025-12-08,Delhivery,Delivered
DLV00315,ORD00315,2025-05-01,2025-05-04,,Ecom Express,Out for Delivery
DLV00316,ORD00316,2025-04-17,2025-04-20,,Delhivery,Failed
DLV00317,ORD00317,2025-10-22,2025-10-29,2025-10-30,DTDC,Delivered
DLV00318,ORD00318,2025-03-26,2025-03-28,,Ecom Express,Delayed
DLV00319,ORD00319,2025-02-10,2025-02-14,,Ecom Express,Delayed
DLV00320,ORD00320,2025-10-20,2025-10-24,2025-10-25,Ecom Express,Delivered
DLV00321,ORD00321,2025-07-05,2025-07-10,,DTDC,Out for Delivery
DLV00322,ORD00322,2025-06-11,2025-06-13,,XpressBees,Failed
DLV00323,ORD00323,2025-10-16,2025-10-22,,Ecom Express,Delayed
DLV00324,ORD00324,2025-03-13,2025-03-16,,Delhivery,Out for Delivery
DLV00325,ORD00325,2025-07-27,2025-08-02,,DTDC,Out for Delivery
DLV00326,ORD00326,2025-12-07,2025-12-14,,Ecom Express,Delayed
DLV00327,ORD00327,2025-08-31,2025-09-05,,Ecom Express,Delayed
DLV00328,ORD00328,2025-10-11,2025-10-13,,Ecom Express,Delayed
DLV00329,ORD00329,2025-01-10,2025-01-14,2025-01-13,Blue Dart,Delivered
DLV00330,ORD00330,2025-07-19,2025-07-21,,Delhivery,Delayed
DLV00331,ORD00331,2025-01-27,2025-02-01,,Delhivery,Out for Delivery
DLV00332,ORD00332,2025-03-29,2025-04-02,,Ecom Express,In Transit
DLV00333,ORD00333,2025-11-13,2025-11-16,2025-11-15,Ecom Express,Delivered
DLV00334,ORD00334,2025-10-05,2025-10-10,,XpressBees,Delayed
DLV00335,ORD00335,2025-11-16,2025-11-21,,Blue Dart,In Transit
DLV00336,ORD00336,2025-06-13,2025-06-15,,XpressBees,Delayed
DLV00337,ORD00337,2025-01-14,2025-01-17,,Delhivery,Failed
DLV00338,ORD00338,2025-02-04,2025-02-06,,DTDC,Delayed
DLV00339,ORD00339,2025-08-27,2025-08-31,2025-09-02,Blue Dart,Delivered
DLV00340,ORD00340,2025-10-06,2025-10-09,2025-10-11,Blue Dart,Delivered
DLV00341,ORD00341,2025-07-19,2025-07-25,,XpressBees,Out for Delivery
DLV00342,ORD00342,2025-06-04,2025-06-06,,DTDC,Out for Delivery
DLV00343,ORD00343,2025-12-07,2025-12-13,2025-12-15,Blue Dart,Delivered
DLV00344,ORD00344,2025-06-13,2025-06-16,,DTDC,Delayed
DLV00345,ORD00345,2025-02-07,2025-02-14,,DTDC,Delayed
DLV00346,ORD00346,2025-11-19,2025-11-25,,Delhivery,In Transit
DLV00347,ORD00347,2025-07-27,2025-07-30,,Blue Dart,Delayed
DLV00348,ORD00348,2025-11-11,2025-11-14,2025-11-16,Ecom Express,Delivered
DLV00349,ORD00349,2025-12-10,2025-12-15,,Blue Dart,Delayed
DLV00350,ORD00350,2025-03-22,2025-03-26,,XpressBees,Delayed
DLV00351,ORD00351,2025-07-18,2025-07-22,,DTDC,In Transit
DLV00352,ORD00352,2025-01-21,2025-01-27,,DTDC,Delayed
DLV00353,ORD00353,2025-05-05,2025-05-11,,XpressBees,Delayed
DLV00354,ORD00354,2025-07-21,2025-07-24,,XpressBees,Delayed
DLV00355,ORD00355,2025-04-24,2025-04-27,,XpressBees,Delayed
DLV00356,ORD00356,2025-04-30,2025-05-07,,DTDC,Delayed
DLV00357,ORD00357,2025-12-19,2025-12-22,,XpressBees,In Transit
DLV00358,ORD00358,2025-03-06,2025-03-12,,Blue Dart,Out for Delivery
DLV00359,ORD00359,2025-05-24,2025-05-31,,XpressBees,Failed
DLV00360,ORD00360,2025-01-08,2025-01-10,,XpressBees,Failed
DLV00361,ORD00361,2025-01-14,2025-01-20,2025-01-19,Ecom Express,Delivered
DLV00362,ORD00362,2025-02-22,2025-02-25,2025-02-24,Blue Dart,Delivered
DLV00363,ORD00363,2025-04-02,2025-04-08,,DTDC,In Transit
DLV00364,ORD00364,2025-03-27,2025-03-31,,Blue Dart,Delayed
DLV00365,ORD00365,2025-08-06,2025-08-13,,DTDC,Delayed
DLV00366,ORD00366,2025-03-23,2025-03-26,,XpressBees,Out for Delivery
DLV00367,ORD00367,2025-12-27,2026-01-02,,XpressBees,Failed
DLV00368,ORD00368,2025-07-24,2025-07-30,2025-08-01,Delhivery,Delivered
DLV00369,ORD00369,2025-08-28,2025-09-01,,Blue Dart,Out for Delivery
DLV00370,ORD00370,2025-06-04,2025-06-06,,Delhivery,Failed
DLV00371,ORD00371,2025-03-16,2025-03-21,,Blue Dart,Out for Delivery
DLV00372,ORD00372,2025-03-02,2025-03-04,,DTDC,In Transit
DLV00373,ORD00373,2025-01-05,2025-01-11,,Delhivery,Failed
DLV00374,ORD00374,2025-07-27,2025-08-01,2025-08-04,Ecom Express,Delivered
DLV00375,ORD00375,2025-07-11,2025-07-18,,Ecom Express,Failed
DLV00376,ORD00376,2025-06-30,2025-07-04,,Ecom Express,Out for Delivery
DLV00377,ORD00377,2025-11-28,2025-12-03,,Blue Dart,Out for Delivery
DLV00378,ORD00378,2025-10-06,2025-10-10,,Blue Dart,Out for Delivery
DLV00379,ORD00379,2025-05-21,2025-05-24,,DTDC,Out for Delivery
DLV00380,ORD00380,2025-05-15,2025-05-17,,Blue Dart,Failed
DLV00381,ORD00381,2025-04-30,2025-05-05,2025-05-06,Blue Dart,Delivered
DLV00382,ORD00382,2025-07-04,2025-07-08,,XpressBees,Failed
DLV00383,ORD00383,2025-11-29,2025-12-04,,Ecom Express,Delayed
DLV00384,ORD00384,2025-09-29,2025-10-03,,Ecom Express,In Transit
DLV00385,ORD00385,2025-12-02,2025-12-09,,XpressBees,In Transit
DLV00386,ORD00386,2025-05-31,2025-06-03,,Ecom Express,Delayed
DLV00387,ORD00387,2025-01-08,2025-01-14,,Delhivery,Failed
DLV00388,ORD00388,2025-03-06,2025-03-09,,Delhivery,Failed
DLV00389,ORD00389,2025-06-27,2025-07-04,,Ecom Express,In Transit
DLV00390,ORD00390,2025-01-27,2025-01-31,,XpressBees,In Transit
DLV00391,ORD00391,2025-08-02,2025-08-09,,Blue Dart,Delayed
DLV00392,ORD00392,2025-05-08,2025-05-14,2025-05-13,Blue Dart,Delivered
DLV00393,ORD00393,2025-01-01,2025-01-05,,Delhivery,Failed
DLV00394,ORD00394,2025-05-15,2025-05-17,,Delhivery,Failed
DLV00395,ORD00395,2025-04-21,2025-04-25,,XpressBees,Failed
DLV00396,ORD00396,2025-03-16,2025-03-20,,Ecom Express,In Transit
DLV00397,ORD00397,2025-02-14,2025-02-21,,Delhivery,Delayed
DLV00398,ORD00398,2025-08-12,2025-08-19,,Ecom Express,Failed
DLV00399,ORD00399,2025-06-16,2025-06-20,,XpressBees,Failed
DLV00400,ORD00400,2025-01-23,2025-01-25,,Delhivery,In Transit
DLV00401,ORD00401,2025-02-28,2025-03-05,2025-03-06,DTDC,Delivered
DLV00402,ORD00402,2025-05-30,2025-06-02,,Blue Dart,Delayed
DLV00403,ORD00403,2025-03-25,2025-03-28,,Blue Dart,Failed
DLV00404,ORD00404,2025-02-22,2025-02-26,2025-02-28,DTDC,Delivered
DLV00405,ORD00405,2025-10-07,2025-10-12,2025-10-11,Blue Dart,Delivered
DLV00406,ORD00406,2025-04-05,2025-04-07,2025-04-06,Blue Dart,Delivered
DLV00407,ORD00407,2025-09-05,2025-09-07,,XpressBees,Failed
DLV00408,ORD00408,2025-12-08,2025-12-15,,Blue Dart,Delayed
DLV00409,ORD00409,2025-06-05,2025-06-09,2025-06-08,Delhivery,Delivered
DLV00410,ORD00410,2025-03-05,2025-03-11,,Blue Dart,In Transit
DLV00411,ORD00411,2025-04-24,2025-04-30,,Delhivery,Failed
DLV00412,ORD00412,2025-10-20,2025-10-22,,Ecom Express,Delayed
DLV00413,ORD00413,2025-10-10,2025-10-15,,Ecom Express,Delayed
DLV00414,ORD00414,2025-03-05,2025-03-09,,XpressBees,In Transit
DLV00415,ORD00415,2025-01-26,2025-02-02,,Delhivery,Delayed
DLV00416,ORD00416,2025-09-16,2025-09-18,,DTDC,Delayed
DLV00417,ORD00417,2025-09-29,2025-10-01,,Ecom Express,Out for Delivery
DLV00418,ORD00418,2025-11-10,2025-11-17,,XpressBees,Delayed
DLV00419,ORD00419,2025-02-02,2025-02-09,,DTDC,Delayed
DLV00420,ORD00420,2025-06-02,2025-06-09,2025-06-09,Ecom Express,Delivered
DLV00421,ORD00421,2025-02-03,2025-02-10,,Delhivery,In Transit
DLV00422,ORD00422,2025-04-08,2025-04-11,,Blue Dart,Out for Delivery
DLV00423,ORD00423,2025-11-17,2025-11-21,2025-11-23,Delhivery,Delivered
DLV00424,ORD00424,2025-12-29,2026-01-04,2026-01-07,DTDC,Delivered
DLV00425,ORD00425,2025-01-20,2025-01-27,,XpressBees,In Transit
DLV00426,ORD00426,2025-03-14,2025-03-21,,XpressBees,Failed
DLV00427,ORD00427,2025-10-11,2025-10-15,2025-10-14,XpressBees,Delivered
DLV00428,ORD00428,2025-01-11,2025-01-13,,DTDC,Out for Delivery
DLV00429,ORD00429,2025-10-29,2025-10-31,,XpressBees,Out for Delivery
DLV00430,ORD00430,2025-06-30,2025-07-03,2025-07-04,Ecom Express,Delivered
DLV00431,ORD00431,2025-12-05,2025-12-09,,Ecom Express,Out for Delivery
DLV00432,ORD00432,2025-06-23,2025-06-27,,Ecom Express,In Transit
DLV00433,ORD00433,2025-01-10,2025-01-15,,DTDC,In Transit
DLV00434,ORD00434,2025-03-12,2025-03-17,,DTDC,In Transit
DLV00435,ORD00435,2025-07-18,2025-07-24,,Blue Dart,Delayed
DLV00436,ORD00436,2025-02-27,2025-03-06,2025-03-06,XpressBees,Delivered
DLV00437,ORD00437,2025-01-06,2025-01-10,,XpressBees,In Transit
DLV00438,ORD00438,2025-02-12,2025-02-19,,DTDC,Delayed
DLV00439,ORD00439,2025-11-04,2025-11-07,,Delhivery,In Transit
DLV00440,ORD00440,2025-11-07,2025-11-12,,Blue Dart,In Transit
DLV00441,ORD00441,2025-10-06,2025-10-11,,Blue Dart,Out for Delivery
DLV00442,ORD00442,2025-06-13,2025-06-15,,XpressBees,In Transit
DLV00443,ORD00443,2025-09-03,2025-09-08,,Ecom Express,In Transit
DLV00444,ORD00444,2025-09-16,2025-09-18,,DTDC,Delayed
DLV00445,ORD00445,2025-09-28,2025-10-05,,XpressBees,In Transit
DLV00446,ORD00446,2025-07-19,2025-07-21,,DTDC,Delayed
DLV00447,ORD00447,2025-07-05,2025-07-10,,XpressBees,Out for Delivery
DLV00448,ORD00448,2025-07-19,2025-07-23,,Delhivery,Out for Delivery
DLV00449,ORD00449,2025-11-04,2025-11-11,,Ecom Express,Failed
DLV00450,ORD00450,2025-02-18,2025-02-21,2025-02-22,XpressBees,Delivered
DLV00451,ORD00451,2025-06-30,2025-07-02,,Blue Dart,Failed
DLV00452,ORD00452,2025-05-16,2025-05-20,,Delhivery,Out for Delivery
DLV00453,ORD00453,2025-05-18,2025-05-22,,Ecom Express,Failed
DLV00454,ORD00454,2025-12-29,2025-12-31,,Delhivery,In Transit
DLV00455,ORD00455,2025-10-29,2025-11-01,2025-11-02,Blue Dart,Delivered
DLV00456,ORD00456,2025-11-22,2025-11-26,,DTDC,In Transit
DLV00457,ORD00457,2025-12-28,2026-01-03,,Delhivery,Delayed
DLV00458,ORD00458,2025-04-03,2025-04-10,,Ecom Express,Out for Delivery
DLV00459,ORD00459,2025-02-03,2025-02-06,,DTDC,Failed
DLV00460,ORD00460,2025-08-30,2025-09-02,,Delhivery,Failed
DLV00461,ORD00461,2025-09-16,2025-09-21,,DTDC,In Transit
DLV00462,ORD00462,2025-08-09,2025-08-16,,DTDC,Out for Delivery
DLV00463,ORD00463,2025-04-10,2025-04-15,2025-04-16,Delhivery,Delivered
DLV00464,ORD00464,2025-12-28,2026-01-04,,DTDC,Delayed
DLV00465,ORD00465,2025-06-02,2025-06-08,,Blue Dart,Delayed
DLV00466,ORD00466,2025-05-04,2025-05-07,,XpressBees,Out for Delivery
DLV00467,ORD00467,2025-11-30,2025-12-04,,Blue Dart,Failed
DLV00468,ORD00468,2025-01-31,2025-02-06,,Ecom Express,Failed
DLV00469,ORD00469,2025-02-14,2025-02-20,,XpressBees,Delayed
DLV00470,ORD00470,2025-06-07,2025-06-11,,XpressBees,Out for Delivery
DLV00471,ORD00471,2025-07-29,2025-08-02,,DTDC,Delayed
DLV00472,ORD00472,2025-11-24,2025-11-26,,Delhivery,In Transit
DLV00473,ORD00473,2025-04-13,2025-04-16,,DTDC,Failed
DLV00474,ORD00474,2025-03-15,2025-03-20,,Ecom Express,Failed
DLV00475,ORD00475,2025-12-04,2025-12-06,,Blue Dart,Delayed
DLV00476,ORD00476,2025-07-03,2025-07-10,,DTDC,Delayed
DLV00477,ORD00477,2025-08-26,2025-08-29,,Delhivery,Delayed
DLV00478,ORD00478,2025-06-14,2025-06-16,,Ecom Express,Failed
DLV00479,ORD00479,2025-08-01,2025-08-06,2025-08-09,DTDC,Delivered
DLV00480,ORD00480,2025-01-03,2025-01-07,,DTDC,In Transit
DLV00481,ORD00481,2025-07-01,2025-07-06,2025-07-08,DTDC,Delivered
DLV00482,ORD00482,2025-12-10,2025-12-12,,XpressBees,Delayed
DLV00483,ORD00483,2025-03-31,2025-04-04,2025-04-05,DTDC,Delivered
DLV00484,ORD00484,2025-08-12,2025-08-16,,Delhivery,Out for Delivery
DLV00485,ORD00485,2025-12-12,2025-12-15,2025-12-17,XpressBees,Delivered
DLV00486,ORD00486,2025-04-10,2025-04-13,,XpressBees,Delayed
DLV00487,ORD00487,2025-11-06,2025-11-08,2025-11-08,Delhivery,Delivered
DLV00488,ORD00488,2025-10-12,2025-10-14,2025-10-13,Delhivery,Delivered
DLV00489,ORD00489,2025-02-16,2025-02-18,,XpressBees,Delayed
DLV00490,ORD00490,2025-10-16,2025-10-19,,XpressBees,Failed
DLV00491,ORD00491,2025-12-28,2025-12-31,,Blue Dart,Out for Delivery
DLV00492,ORD00492,2025-11-09,2025-11-16,,Ecom Express,In Transit
DLV00493,ORD00493,2025-05-12,2025-05-16,,Ecom Express,Delayed
DLV00494,ORD00494,2025-01-20,2025-01-27,2025-01-26,XpressBees,Delivered
DLV00495,ORD00495,2025-11-28,2025-12-01,,Delhivery,In Transit
DLV00496,ORD00496,2025-08-19,2025-08-22,2025-08-23,Delhivery,Delivered
DLV00497,ORD00497,2025-06-13,2025-06-18,2025-06-20,Ecom Express,Delivered
DLV00498,ORD00498,2025-01-10,2025-01-17,,DTDC,Delayed
DLV00499,ORD00499,2025-10-04,2025-10-10,,Blue Dart,Out for Delivery
DLV00500,ORD00500,2025-05-11,2025-05-18,2025-05-18,Blue Dart,Delivered
DLV00501,ORD00501,2025-08-31,2025-09-03,,XpressBees,Delayed
DLV00502,ORD00502,2025-01-25,2025-01-29,,XpressBees,Failed
DLV00503,ORD00503,2025-01-24,2025-01-30,,XpressBees,Out for Delivery
DLV00504,ORD00504,2025-11-29,2025-12-06,,Blue Dart,Failed
DLV00505,ORD00505,2025-11-04,2025-11-08,2025-11-10,XpressBees,Delivered
DLV00506,ORD00506,2025-06-27,2025-07-02,,Blue Dart,Failed
DLV00507,ORD00507,2025-08-27,2025-08-30,,Blue Dart,Delayed
DLV00508,ORD00508,2025-03-07,2025-03-11,2025-03-11,Delhivery,Delivered
DLV00509,ORD00509,2025-06-07,2025-06-13,,XpressBees,Failed
DLV00510,ORD00510,2025-03-27,2025-03-31,,Blue Dart,In Transit
DLV00511,ORD00511,2025-08-08,2025-08-12,,XpressBees,Delayed
DLV00512,ORD00512,2025-12-18,2025-12-20,,XpressBees,Out for Delivery
DLV00513,ORD00513,2025-06-07,2025-06-12,2025-06-11,DTDC,Delivered
DLV00514,ORD00514,2025-07-11,2025-07-14,,XpressBees,In Transit
DLV00515,ORD00515,2025-07-23,2025-07-25,,XpressBees,Delayed
DLV00516,ORD00516,2025-12-22,2025-12-28,,Ecom Express,Failed
DLV00517,ORD00517,2025-03-12,2025-03-14,,DTDC,Out for Delivery
DLV00518,ORD00518,2025-08-12,2025-08-16,,DTDC,In Transit
DLV00519,ORD00519,2025-07-02,2025-07-09,2025-07-10,XpressBees,Delivered
DLV00520,ORD00520,2025-08-15,2025-08-18,,Blue Dart,Failed
DLV00521,ORD00521,2025-01-18,2025-01-21,,Delhivery,In Transit
DLV00522,ORD00522,2025-07-15,2025-07-17,2025-07-18,Ecom Express,Delivered
DLV00523,ORD00523,2025-02-24,2025-02-27,,Ecom Express,Failed
DLV00524,ORD00524,2025-07-12,2025-07-18,,DTDC,Out for Delivery
DLV00525,ORD00525,2025-05-30,2025-06-05,,Ecom Express,Failed
DLV00526,ORD00526,2025-07-16,2025-07-22,,DTDC,Delayed
DLV00527,ORD00527,2025-02-28,2025-03-04,,Ecom Express,Out for Delivery
DLV00528,ORD00528,2025-01-01,2025-01-07,,XpressBees,Failed
DLV00529,ORD00529,2025-04-22,2025-04-28,,Ecom Express,Out for Delivery
DLV00530,ORD00530,2025-11-15,2025-11-22,2025-11-23,DTDC,Delivered
DLV00531,ORD00531,2025-04-24,2025-04-28,,Ecom Express,Out for Delivery
DLV00532,ORD00532,2025-02-01,2025-02-03,,XpressBees,Delayed
DLV00533,ORD00533,2025-08-22,2025-08-24,2025-08-27,Ecom Express,Delivered
DLV00534,ORD00534,2025-01-29,2025-01-31,,Ecom Express,Delayed
DLV00535,ORD00535,2025-05-20,2025-05-27,2025-05-27,DTDC,Delivered
DLV00536,ORD00536,2025-01-03,2025-01-08,,DTDC,Out for Delivery
DLV00537,ORD00537,2025-02-02,2025-02-05,,XpressBees,Delayed
DLV00538,ORD00538,2025-04-10,2025-04-15,,DTDC,Delayed
DLV00539,ORD00539,2025-11-04,2025-11-11,,Ecom Express,In Transit
DLV00540,ORD00540,2025-06-01,2025-06-03,,Delhivery,In Transit
DLV00541,ORD00541,2025-08-17,2025-08-19,,Blue Dart,Delayed
DLV00542,ORD00542,2025-03-09,2025-03-14,,Delhivery,Out for Delivery
DLV00543,ORD00543,2025-12-19,2025-12-23,2025-12-22,XpressBees,Delivered
DLV00544,ORD00544,2025-08-03,2025-08-07,,DTDC,Out for Delivery
DLV00545,ORD00545,2025-01-08,2025-01-12,,XpressBees,Failed
DLV00546,ORD00546,2025-04-12,2025-04-17,2025-04-18,DTDC,Delivered
DLV00547,ORD00547,2025-07-27,2025-08-02,2025-08-05,Ecom Express,Delivered
DLV00548,ORD00548,2025-03-04,2025-03-07,,XpressBees,Delayed
DLV00549,ORD00549,2025-05-19,2025-05-22,,Blue Dart,In Transit
DLV00550,ORD00550,2025-09-19,2025-09-21,2025-09-22,Delhivery,Delivered
DLV00551,ORD00551,2025-11-25,2025-12-02,,Ecom Express,Out for Delivery
DLV00552,ORD00552,2025-12-30,2026-01-04,2026-01-05,DTDC,Delivered
DLV00553,ORD00553,2025-02-08,2025-02-14,,Delhivery,Delayed
DLV00554,ORD00554,2025-08-02,2025-08-07,2025-08-08,Delhivery,Delivered
DLV00555,ORD00555,2025-04-01,2025-04-04,,XpressBees,Delayed
DLV00556,ORD00556,2025-12-28,2026-01-02,2026-01-02,XpressBees,Delivered
DLV00557,ORD00557,2025-06-20,2025-06-27,,XpressBees,Out for Delivery
DLV00558,ORD00558,2025-02-13,2025-02-19,,Blue Dart,Failed
DLV00559,ORD00559,2025-05-13,2025-05-19,,Blue Dart,Out for Delivery
DLV00560,ORD00560,2025-05-30,2025-06-03,,Delhivery,In Transit
DLV00561,ORD00561,2025-05-18,2025-05-23,2025-05-24,XpressBees,Delivered
DLV00562,ORD00562,2025-04-27,2025-05-04,,Ecom Express,Failed
DLV00563,ORD00563,2025-11-20,2025-11-26,,Blue Dart,Failed
DLV00564,ORD00564,2025-10-28,2025-11-01,,Blue Dart,In Transit
DLV00565,ORD00565,2025-07-18,2025-07-23,,Blue Dart,Failed
DLV00566,ORD00566,2025-07-09,2025-07-11,,Ecom Express,Delayed
DLV00567,ORD00567,2025-01-03,2025-01-06,,Delhivery,Out for Delivery
DLV00568,ORD00568,2025-11-20,2025-11-26,,XpressBees,Failed
DLV00569,ORD00569,2025-07-14,2025-07-19,,DTDC,Failed
DLV00570,ORD00570,2025-11-07,2025-11-11,,Ecom Express,Delayed
DLV00571,ORD00571,2025-07-10,2025-07-12,,Delhivery,Failed
DLV00572,ORD00572,2025-01-13,2025-01-15,,Ecom Express,Failed
DLV00573,ORD00573,2025-08-08,2025-08-15,,XpressBees,In Transit
DLV00574,ORD00574,2025-04-27,2025-05-01,,Delhivery,Failed
DLV00575,ORD00575,2025-04-21,2025-04-27,2025-04-30,Blue Dart,Delivered
DLV00576,ORD00576,2025-07-01,2025-07-04,2025-07-04,Delhivery,Delivered
DLV00577,ORD00577,2025-10-13,2025-10-18,,Blue Dart,In Transit
DLV00578,ORD00578,2025-07-28,2025-08-04,2025-08-05,XpressBees,Delivered
DLV00579,ORD00579,2025-08-28,2025-09-02,,XpressBees,Delayed
DLV00580,ORD00580,2025-01-17,2025-01-19,,Ecom Express,Delayed
DLV00581,ORD00581,2025-01-28,2025-01-30,,Ecom Express,In Transit
DLV00582,ORD00582,2025-12-08,2025-12-13,2025-12-12,DTDC,Delivered
DLV00583,ORD00583,2025-12-14,2025-12-17,,XpressBees,In Transit
DLV00584,ORD00584,2025-06-21,2025-06-26,,Delhivery,Failed
DLV00585,ORD00585,2025-06-23,2025-06-29,,XpressBees,Failed
DLV00586,ORD00586,2025-12-02,2025-12-07,,Blue Dart,Delayed
DLV00587,ORD00587,2025-01-30,2025-02-01,,XpressBees,Failed
DLV00588,ORD00588,2025-06-22,2025-06-25,,Blue Dart,Failed
DLV00589,ORD00589,2025-10-20,2025-10-24,,Ecom Express,Delayed
DLV00590,ORD00590,2025-10-31,2025-11-06,2025-11-05,DTDC,Delivered
DLV00591,ORD00591,2025-01-19,2025-01-23,2025-01-24,DTDC,Delivered
DLV00592,ORD00592,2025-09-13,2025-09-19,,DTDC,Failed
DLV00593,ORD00593,2025-01-21,2025-01-24,,Delhivery,Failed
DLV00594,ORD00594,2025-03-30,2025-04-03,,Blue Dart,In Transit
DLV00595,ORD00595,2025-03-25,2025-03-28,,DTDC,Delayed
DLV00596,ORD00596,2025-09-01,2025-09-03,,Blue Dart,In Transit
DLV00597,ORD00597,2025-03-22,2025-03-26,,Delhivery,In Transit
DLV00598,ORD00598,2025-05-31,2025-06-04,,Delhivery,In Transit
DLV00599,ORD00599,2025-08-02,2025-08-06,,Delhivery,Failed
DLV00600,ORD00600,2025-04-15,2025-04-21,,Ecom Express,In Transit
DLV00601,ORD00601,2025-09-15,2025-09-19,,XpressBees,Delayed
DLV00602,ORD00602,2025-05-21,2025-05-25,,Blue Dart,Failed
DLV00603,ORD00603,2025-02-10,2025-02-16,2025-02-18,Ecom Express,Delivered
DLV00604,ORD00604,2025-11-13,2025-11-16,,Ecom Express,Delayed
DLV00605,ORD00605,2025-03-12,2025-03-14,,Blue Dart,Failed
DLV00606,ORD00606,2025-01-22,2025-01-25,,DTDC,Failed
DLV00607,ORD00607,2025-02-24,2025-03-02,,Delhivery,Delayed
DLV00608,ORD00608,2025-10-05,2025-10-11,,Ecom Express,Delayed
DLV00609,ORD00609,2025-01-17,2025-01-24,,Blue Dart,Out for Delivery
DLV00610,ORD00610,2025-01-11,2025-01-16,,XpressBees,Failed
DLV00611,ORD00611,2025-11-11,2025-11-15,2025-11-18,XpressBees,Delivered
DLV00612,ORD00612,2025-05-29,2025-06-05,,Delhivery,Out for Delivery
DLV00613,ORD00613,2025-02-14,2025-02-16,2025-02-16,Blue Dart,Delivered
DLV00614,ORD00614,2025-06-18,2025-06-23,,Ecom Express,In Transit
DLV00615,ORD00615,2025-05-15,2025-05-17,2025-05-18,XpressBees,Delivered
DLV00616,ORD00616,2025-04-07,2025-04-10,,Delhivery,Out for Delivery
DLV00617,ORD00617,2025-03-11,2025-03-13,,Blue Dart,In Transit
DLV00618,ORD00618,2025-11-13,2025-11-16,,XpressBees,In Transit
DLV00619,ORD00619,2025-06-14,2025-06-20,,Blue Dart,Delayed
DLV00620,ORD00620,2025-08-05,2025-08-10,,XpressBees,Delayed
DLV00621,ORD00621,2025-02-12,2025-02-16,2025-02-15,Ecom Express,Delivered
DLV00622,ORD00622,2025-09-08,2025-09-12,,XpressBees,Out for Delivery
DLV00623,ORD00623,2025-10-05,2025-10-08,,Ecom Express,Out for Delivery
DLV00624,ORD00624,2025-07-23,2025-07-30,,Blue Dart,In Transit
DLV00625,ORD00625,2025-11-17,2025-11-19,,Delhivery,Delayed
DLV00626,ORD00626,2025-10-25,2025-11-01,,Blue Dart,Delayed
DLV00627,ORD00627,2025-01-28,2025-02-02,2025-02-01,Delhivery,Delivered
DLV00628,ORD00628,2025-06-05,2025-06-12,2025-06-14,DTDC,Delivered
DLV00629,ORD00629,2025-07-04,2025-07-07,2025-07-07,XpressBees,Delivered
DLV00630,ORD00630,2025-07-24,2025-07-26,,XpressBees,Failed
DLV00631,ORD00631,2025-11-04,2025-11-07,,Blue Dart,Delayed
DLV00632,ORD00632,2025-03-13,2025-03-16,,Blue Dart,In Transit
DLV00633,ORD00633,2025-05-17,2025-05-19,,XpressBees,Failed
DLV00634,ORD00634,2025-08-03,2025-08-09,,DTDC,Failed
DLV00635,ORD00635,2025-06-20,2025-06-23,,Delhivery,Failed
DLV00636,ORD00636,2025-04-07,2025-04-14,,XpressBees,Failed
DLV00637,ORD00637,2025-12-28,2026-01-02,2026-01-05,DTDC,Delivered
DLV00638,ORD00638,2025-05-18,2025-05-21,2025-05-24,DTDC,Delivered
DLV00639,ORD00639,2025-03-03,2025-03-06,,XpressBees,In Transit
DLV00640,ORD00640,2025-06-29,2025-07-02,,XpressBees,In Transit
DLV00641,ORD00641,2025-08-19,2025-08-26,,Delhivery,In Transit
DLV00642,ORD00642,2025-03-05,2025-03-09,2025-03-11,DTDC,Delivered
DLV00643,ORD00643,2025-04-17,2025-04-22,,Delhivery,Delayed
DLV00644,ORD00644,2025-08-31,2025-09-02,,XpressBees,Failed
DLV00645,ORD00645,2025-11-14,2025-11-21,,XpressBees,Failed
DLV00646,ORD00646,2025-01-02,2025-01-08,,XpressBees,Delayed
DLV00647,ORD00647,2025-05-08,2025-05-10,,Ecom Express,In Transit
DLV00648,ORD00648,2025-03-09,2025-03-12,,Delhivery,In Transit
DLV00649,ORD00649,2025-03-29,2025-04-05,,Ecom Express,Delayed
DLV00650,ORD00650,2025-10-10,2025-10-13,,Ecom Express,Failed
DLV00651,ORD00651,2025-06-20,2025-06-26,,Delhivery,In Transit
DLV00652,ORD00652,2025-08-08,2025-08-15,,DTDC,In Transit
DLV00653,ORD00653,2025-10-29,2025-11-04,,Delhivery,Failed
DLV00654,ORD00654,2025-12-31,2026-01-05,,DTDC,Delayed
DLV00655,ORD00655,2025-02-04,2025-02-06,2025-02-07,Blue Dart,Delivered
DLV00656,ORD00656,2025-07-15,2025-07-22,,Ecom Express,Delayed
DLV00657,ORD00657,2025-03-13,2025-03-17,,Delhivery,Out for Delivery
DLV00658,ORD00658,2025-02-07,2025-02-13,,Delhivery,Out for Delivery
DLV00659,ORD00659,2025-08-27,2025-08-29,,DTDC,Out for Delivery
DLV00660,ORD00660,2025-05-25,2025-05-28,,XpressBees,Out for Delivery
DLV00661,ORD00661,2025-03-19,2025-03-26,,XpressBees,Delayed
DLV00662,ORD00662,2025-05-30,2025-06-01,,XpressBees,Failed
DLV00663,ORD00663,2025-08-22,2025-08-25,,Ecom Express,Delayed
DLV00664,ORD00664,2025-12-31,2026-01-05,2026-01-07,XpressBees,Delivered
DLV00665,ORD00665,2025-08-02,2025-08-09,,XpressBees,In Transit
DLV00666,ORD00666,2025-02-02,2025-02-04,,XpressBees,Delayed
DLV00667,ORD00667,2025-05-22,2025-05-25,,Delhivery,Failed
DLV00668,ORD00668,2025-07-03,2025-07-10,,Ecom Express,Failed
DLV00669,ORD00669,2025-09-05,2025-09-12,,Delhivery,Out for Delivery
DLV00670,ORD00670,2025-03-14,2025-03-18,,Ecom Express,Failed
DLV00671,ORD00671,2025-12-09,2025-12-14,,Ecom Express,Failed
DLV00672,ORD00672,2025-10-10,2025-10-15,,DTDC,Delayed
DLV00673,ORD00673,2025-01-31,2025-02-06,2025-02-06,Delhivery,Delivered
DLV00674,ORD00674,2025-10-17,2025-10-20,,DTDC,Delayed
DLV00675,ORD00675,2025-01-13,2025-01-15,,Delhivery,Out for Delivery
DLV00676,ORD00676,2025-04-22,2025-04-28,,Blue Dart,Failed
DLV00677,ORD00677,2025-07-17,2025-07-19,,Delhivery,Delayed
DLV00678,ORD00678,2025-12-22,2025-12-29,,Ecom Express,Out for Delivery
DLV00679,ORD00679,2025-05-03,2025-05-10,2025-05-09,Blue Dart,Delivered
DLV00680,ORD00680,2025-06-09,2025-06-15,,Ecom Express,Out for Delivery
DLV00681,ORD00681,2025-12-23,2025-12-27,2025-12-30,DTDC,Delivered
DLV00682,ORD00682,2025-10-14,2025-10-17,,DTDC,Failed
DLV00683,ORD00683,2025-11-14,2025-11-16,,Blue Dart,Failed
DLV00684,ORD00684,2025-05-19,2025-05-26,,Blue Dart,Failed
DLV00685,ORD00685,2025-04-08,2025-04-12,,DTDC,In Transit
DLV00686,ORD00686,2025-04-15,2025-04-22,,Blue Dart,Failed
DLV00687,ORD00687,2025-07-16,2025-07-22,2025-07-23,Ecom Express,Delivered
DLV00688,ORD00688,2025-01-09,2025-01-11,,Delhivery,Out for Delivery
DLV00689,ORD00689,2025-12-08,2025-12-13,,DTDC,Out for Delivery
DLV00690,ORD00690,2025-09-26,2025-09-30,2025-09-29,XpressBees,Delivered
DLV00691,ORD00691,2025-10-09,2025-10-15,2025-10-16,Ecom Express,Delivered
DLV00692,ORD00692,2025-12-21,2025-12-24,2025-12-26,DTDC,Delivered
DLV00693,ORD00693,2025-05-18,2025-05-21,,Delhivery,Out for Delivery
DLV00694,ORD00694,2025-03-12,2025-03-19,,Ecom Express,In Transit
DLV00695,ORD00695,2025-07-22,2025-07-28,,Ecom Express,Out for Delivery
DLV00696,ORD00696,2025-12-06,2025-12-12,2025-12-13,Ecom Express,Delivered
DLV00697,ORD00697,2025-04-09,2025-04-14,,Blue Dart,In Transit
DLV00698,ORD00698,2025-01-13,2025-01-17,,Delhivery,Out for Delivery
DLV00699,ORD00699,2025-07-13,2025-07-17,2025-07-18,XpressBees,Delivered
DLV00700,ORD00700,2025-08-08,2025-08-10,,Delhivery,Failed
DLV00701,ORD00701,2025-01-26,2025-01-29,,DTDC,Delayed
DLV00702,ORD00702,2025-04-27,2025-05-01,,DTDC,Delayed
DLV00703,ORD00703,2025-12-03,2025-12-06,,Blue Dart,Out for Delivery
DLV00704,ORD00704,2025-11-11,2025-11-17,,Delhivery,In Transit
DLV00705,ORD00705,2025-01-13,2025-01-16,,Blue Dart,Failed
DLV00706,ORD00706,2025-09-03,2025-09-06,,Blue Dart,Delayed
DLV00707,ORD00707,2025-08-23,2025-08-26,,Ecom Express,Delayed
DLV00708,ORD00708,2025-12-11,2025-12-18,2025-12-20,Ecom Express,Delivered
DLV00709,ORD00709,2025-03-22,2025-03-28,2025-03-27,XpressBees,Delivered
DLV00710,ORD00710,2025-03-30,2025-04-02,,Blue Dart,Delayed
DLV00711,ORD00711,2025-09-03,2025-09-06,,XpressBees,Out for Delivery
DLV00712,ORD00712,2025-10-13,2025-10-15,,Blue Dart,Failed
DLV00713,ORD00713,2025-08-11,2025-08-15,,Blue Dart,Failed
DLV00714,ORD00714,2025-08-19,2025-08-21,,XpressBees,Delayed
DLV00715,ORD00715,2025-03-29,2025-04-05,,DTDC,Delayed
DLV00716,ORD00716,2025-02-18,2025-02-21,,Ecom Express,In Transit
DLV00717,ORD00717,2025-04-06,2025-04-10,,Delhivery,In Transit
DLV00718,ORD00718,2025-06-02,2025-06-04,,Delhivery,Failed
DLV00719,ORD00719,2025-10-06,2025-10-09,,Blue Dart,In Transit
DLV00720,ORD00720,2025-04-02,2025-04-08,2025-04-09,DTDC,Delivered
DLV00721,ORD00721,2025-04-28,2025-05-04,,XpressBees,In Transit
DLV00722,ORD00722,2025-06-05,2025-06-11,2025-06-14,Blue Dart,Delivered
DLV00723,ORD00723,2025-05-09,2025-05-12,,Delhivery,In Transit
DLV00724,ORD00724,2025-10-25,2025-10-31,,Blue Dart,Out for Delivery
DLV00725,ORD00725,2025-02-02,2025-02-08,2025-02-11,Ecom Express,Delivered
DLV00726,ORD00726,2025-07-19,2025-07-25,,Ecom Express,Failed
DLV00727,ORD00727,2025-03-07,2025-03-11,,Ecom Express,In Transit
DLV00728,ORD00728,2025-07-05,2025-07-11,,Delhivery,In Transit
DLV00729,ORD00729,2025-06-25,2025-06-27,,Delhivery,Delayed
DLV00730,ORD00730,2025-05-06,2025-05-13,,Blue Dart,Delayed
DLV00731,ORD00731,2025-06-30,2025-07-05,,DTDC,In Transit
DLV00732,ORD00732,2025-04-14,2025-04-16,,DTDC,In Transit
DLV00733,ORD00733,2025-02-15,2025-02-18,,XpressBees,Out for Delivery
DLV00734,ORD00734,2025-02-05,2025-02-10,,XpressBees,Out for Delivery
DLV00735,ORD00735,2025-04-05,2025-04-11,,Blue Dart,Delayed
DLV00736,ORD00736,2025-01-06,2025-01-08,2025-01-10,Delhivery,Delivered
DLV00737,ORD00737,2025-05-19,2025-05-22,,Blue Dart,Failed
DLV00738,ORD00738,2025-09-17,2025-09-24,,Delhivery,Failed
DLV00739,ORD00739,2025-04-09,2025-04-15,2025-04-15,Delhivery,Delivered
DLV00740,ORD00740,2025-12-23,2025-12-26,2025-12-25,Delhivery,Delivered
DLV00741,ORD00741,2025-11-06,2025-11-09,,Delhivery,Failed
DLV00742,ORD00742,2025-06-09,2025-06-16,,Ecom Express,Out for Delivery
DLV00743,ORD00743,2025-04-21,2025-04-27,2025-04-30,Delhivery,Delivered
DLV00744,ORD00744,2025-01-17,2025-01-21,,Blue Dart,Delayed
DLV00745,ORD00745,2025-09-08,2025-09-12,2025-09-13,Ecom Express,Delivered
DLV00746,ORD00746,2025-04-18,2025-04-24,,XpressBees,Failed
DLV00747,ORD00747,2025-10-22,2025-10-27,2025-10-30,Blue Dart,Delivered
DLV00748,ORD00748,2025-02-07,2025-02-11,,XpressBees,Failed
DLV00749,ORD00749,2025-10-06,2025-10-12,,Blue Dart,Failed
DLV00750,ORD00750,2025-05-01,2025-05-04,,DTDC,Delayed
DLV00751,ORD00751,2025-05-27,2025-05-31,2025-05-31,DTDC,Delivered
DLV00752,ORD00752,2025-04-30,2025-05-05,2025-05-05,Delhivery,Delivered
DLV00753,ORD00753,2025-08-12,2025-08-16,,Ecom Express,Delayed
DLV00754,ORD00754,2025-09-28,2025-09-30,,XpressBees,Out for Delivery
DLV00755,ORD00755,2025-10-11,2025-10-14,,Delhivery,In Transit
DLV00756,ORD00756,2025-03-16,2025-03-23,,Ecom Express,Failed
DLV00757,ORD00757,2025-05-26,2025-05-31,,Delhivery,Out for Delivery
DLV00758,ORD00758,2025-11-07,2025-11-12,,Ecom Express,Failed
DLV00759,ORD00759,2025-12-06,2025-12-10,,XpressBees,In Transit
DLV00760,ORD00760,2025-01-12,2025-01-17,,Ecom Express,In Transit
DLV00761,ORD00761,2025-02-19,2025-02-26,,XpressBees,Failed
DLV00762,ORD00762,2025-01-31,2025-02-03,,Ecom Express,Out for Delivery
DLV00763,ORD00763,2025-12-16,2025-12-19,2025-12-20,XpressBees,Delivered
DLV00764,ORD00764,2025-01-05,2025-01-11,,Ecom Express,Delayed
DLV00765,ORD00765,2025-06-25,2025-07-01,2025-06-30,Ecom Express,Delivered
DLV00766,ORD00766,2025-12-16,2025-12-22,,Delhivery,Out for Delivery
DLV00767,ORD00767,2025-05-06,2025-05-11,,XpressBees,Failed
DLV00768,ORD00768,2025-06-27,2025-06-29,,XpressBees,Out for Delivery
DLV00769,ORD00769,2025-01-10,2025-01-14,,DTDC,Out for Delivery
DLV00770,ORD00770,2025-01-07,2025-01-13,,Ecom Express,Delayed
DLV00771,ORD00771,2025-08-20,2025-08-23,,Ecom Express,In Transit
DLV00772,ORD00772,2025-06-15,2025-06-21,,Ecom Express,Delayed
DLV00773,ORD00773,2025-10-19,2025-10-23,,DTDC,In Transit
DLV00774,ORD00774,2025-10-25,2025-10-30,,Ecom Express,In Transit
DLV00775,ORD00775,2025-02-17,2025-02-20,,Delhivery,In Transit
DLV00776,ORD00776,2025-07-29,2025-08-01,,DTDC,Out for Delivery
DLV00777,ORD00777,2025-04-28,2025-05-04,,Blue Dart,Failed
DLV00778,ORD00778,2025-07-27,2025-07-30,,XpressBees,Failed
DLV00779,ORD00779,2025-02-27,2025-03-02,,Blue Dart,Delayed
DLV00780,ORD00780,2025-10-07,2025-10-13,,XpressBees,Failed
DLV00781,ORD00781,2025-11-01,2025-11-06,,Ecom Express,Failed
DLV00782,ORD00782,2025-12-13,2025-12-15,2025-12-17,Blue Dart,Delivered
DLV00783,ORD00783,2025-06-23,2025-06-27,,Delhivery,In Transit
DLV00784,ORD00784,2025-11-16,2025-11-22,,Blue Dart,Delayed
DLV00785,ORD00785,2025-06-22,2025-06-25,,DTDC,Failed
DLV00786,ORD00786,2025-04-07,2025-04-13,,XpressBees,In Transit
DLV00787,ORD00787,2025-06-16,2025-06-20,2025-06-23,DTDC,Delivered
DLV00788,ORD00788,2025-04-26,2025-04-28,,Blue Dart,In Transit
DLV00789,ORD00789,2025-12-10,2025-12-17,,Blue Dart,In Transit
DLV00790,ORD00790,2025-11-17,2025-11-23,,Ecom Express,In Transit
DLV00791,ORD00791,2025-07-12,2025-07-19,,XpressBees,Out for Delivery
DLV00792,ORD00792,2025-08-16,2025-08-20,,Delhivery,Out for Delivery
DLV00793,ORD00793,2025-10-10,2025-10-17,,Ecom Express,Out for Delivery
DLV00794,ORD00794,2025-07-01,2025-07-05,,Delhivery,Out for Delivery
DLV00795,ORD00795,2025-06-12,2025-06-14,,Delhivery,Out for Delivery
DLV00796,ORD00796,2025-11-09,2025-11-14,,DTDC,In Transit
DLV00797,ORD00797,2025-06-07,2025-06-13,,Delhivery,Out for Delivery
DLV00798,ORD00798,2025-10-07,2025-10-13,,Blue Dart,Failed
DLV00799,ORD00799,2025-11-16,2025-11-23,2025-11-23,XpressBees,Delivered
DLV00800,ORD00800,2025-02-09,2025-02-11,,DTDC,Delayed
DLV00801,ORD00801,2025-05-20,2025-05-23,,Blue Dart,Out for Delivery
DLV00802,ORD00802,2025-06-23,2025-06-25,,DTDC,Out for Delivery
DLV00803,ORD00803,2025-06-20,2025-06-23,,Ecom Express,Delayed
DLV00804,ORD00804,2025-06-20,2025-06-27,,Delhivery,Delayed
DLV00805,ORD00805,2025-12-07,2025-12-13,,Ecom Express,Delayed
DLV00806,ORD00806,2025-12-11,2025-12-17,,Blue Dart,Out for Delivery
DLV00807,ORD00807,2025-08-17,2025-08-23,2025-08-23,Ecom Express,Delivered
DLV00808,ORD00808,2025-08-16,2025-08-19,2025-08-18,Ecom Express,Delivered
DLV00809,ORD00809,2025-04-10,2025-04-15,,XpressBees,Delayed
DLV00810,ORD00810,2025-01-25,2025-01-30,2025-01-30,Delhivery,Delivered
DLV00811,ORD00811,2025-02-05,2025-02-12,,Ecom Express,Failed
DLV00812,ORD00812,2025-10-22,2025-10-28,2025-10-29,XpressBees,Delivered
DLV00813,ORD00813,2025-12-27,2026-01-01,,DTDC,Out for Delivery
DLV00814,ORD00814,2025-04-08,2025-04-11,,DTDC,In Transit
DLV00815,ORD00815,2025-01-06,2025-01-13,,Ecom Express,Failed
DLV00816,ORD00816,2025-11-27,2025-11-29,,DTDC,Failed
DLV00817,ORD00817,2025-07-07,2025-07-12,,Ecom Express,Delayed
DLV00818,ORD00818,2025-01-10,2025-01-14,,XpressBees,Out for Delivery
DLV00819,ORD00819,2025-06-29,2025-07-02,,Ecom Express,In Transit
DLV00820,ORD00820,2025-09-13,2025-09-16,,Blue Dart,Delayed
DLV00821,ORD00821,2025-02-10,2025-02-17,2025-02-16,DTDC,Delivered
DLV00822,ORD00822,2025-10-31,2025-11-04,,DTDC,In Transit
DLV00823,ORD00823,2025-12-19,2025-12-23,,XpressBees,Out for Delivery
DLV00824,ORD00824,2025-03-10,2025-03-12,2025-03-14,XpressBees,Delivered
DLV00825,ORD00825,2025-03-04,2025-03-08,,XpressBees,Out for Delivery
DLV00826,ORD00826,2025-03-21,2025-03-27,,DTDC,In Transit
DLV00827,ORD00827,2025-06-02,2025-06-07,,XpressBees,Out for Delivery
DLV00828,ORD00828,2025-07-17,2025-07-20,,Ecom Express,Failed
DLV00829,ORD00829,2025-10-08,2025-10-12,,Delhivery,In Transit
DLV00830,ORD00830,2025-01-04,2025-01-10,,Blue Dart,In Transit
DLV00831,ORD00831,2025-11-20,2025-11-22,2025-11-22,Ecom Express,Delivered
DLV00832,ORD00832,2025-05-10,2025-05-16,,Blue Dart,Failed
DLV00833,ORD00833,2025-10-17,2025-10-23,,XpressBees,Delayed
DLV00834,ORD00834,2025-06-27,2025-07-04,,XpressBees,Failed
DLV00835,ORD00835,2025-11-17,2025-11-22,,Ecom Express,Failed
DLV00836,ORD00836,2025-02-18,2025-02-23,,DTDC,In Transit
DLV00837,ORD00837,2025-06-02,2025-06-09,,Delhivery,Out for Delivery
DLV00838,ORD00838,2025-01-07,2025-01-09,,Delhivery,Failed
DLV00839,ORD00839,2025-09-14,2025-09-21,2025-09-22,XpressBees,Delivered
DLV00840,ORD00840,2025-09-24,2025-10-01,2025-09-30,Ecom Express,Delivered
DLV00841,ORD00841,2025-09-07,2025-09-13,,Delhivery,Out for Delivery
DLV00842,ORD00842,2025-09-16,2025-09-22,,XpressBees,Failed
DLV00843,ORD00843,2025-04-09,2025-04-12,,Delhivery,Delayed
DLV00844,ORD00844,2025-07-11,2025-07-17,,Delhivery,Failed
DLV00845,ORD00845,2025-06-20,2025-06-23,,Delhivery,Failed
DLV00846,ORD00846,2025-10-07,2025-10-09,,Blue Dart,Failed
DLV00847,ORD00847,2025-06-14,2025-06-19,,DTDC,Out for Delivery
DLV00848,ORD00848,2025-04-12,2025-04-18,,Ecom Express,Delayed
DLV00849,ORD00849,2025-08-02,2025-08-04,,Ecom Express,Failed
DLV00850,ORD00850,2025-09-13,2025-09-18,,Blue Dart,Failed
DLV00851,ORD00851,2025-09-10,2025-09-17,,Ecom Express,Out for Delivery
DLV00852,ORD00852,2025-10-12,2025-10-18,,XpressBees,Failed
DLV00853,ORD00853,2025-06-13,2025-06-18,,Delhivery,Out for Delivery
DLV00854,ORD00854,2025-04-29,2025-05-04,,DTDC,In Transit
DLV00855,ORD00855,2025-08-30,2025-09-03,,Ecom Express,In Transit
DLV00856,ORD00856,2025-03-25,2025-03-30,,DTDC,Delayed
DLV00857,ORD00857,2025-10-15,2025-10-20,,Ecom Express,Delayed
DLV00858,ORD00858,2025-05-06,2025-05-10,,Delhivery,Failed
DLV00859,ORD00859,2025-03-18,2025-03-25,,XpressBees,Out for Delivery
DLV00860,ORD00860,2025-07-10,2025-07-16,,Blue Dart,Delayed
DLV00861,ORD00861,2025-12-27,2025-12-29,,DTDC,In Transit
DLV00862,ORD00862,2025-06-14,2025-06-19,,DTDC,Failed
DLV00863,ORD00863,2025-09-06,2025-09-13,,DTDC,Failed
DLV00864,ORD00864,2025-03-25,2025-03-27,,XpressBees,Failed
DLV00865,ORD00865,2025-05-03,2025-05-08,,Ecom Express,In Transit
DLV00866,ORD00866,2025-03-22,2025-03-25,2025-03-28,Delhivery,Delivered
DLV00867,ORD00867,2025-02-15,2025-02-17,,Ecom Express,Out for Delivery
DLV00868,ORD00868,2025-08-20,2025-08-24,,Ecom Express,Out for Delivery
DLV00869,ORD00869,2025-07-24,2025-07-28,2025-07-29,Blue Dart,Delivered
DLV00870,ORD00870,2025-07-20,2025-07-27,,Delhivery,Out for Delivery
DLV00871,ORD00871,2025-06-13,2025-06-17,2025-06-19,DTDC,Delivered
DLV00872,ORD00872,2025-07-22,2025-07-25,2025-07-25,DTDC,Delivered
DLV00873,ORD00873,2025-06-08,2025-06-12,,Delhivery,In Transit
DLV00874,ORD00874,2025-10-24,2025-10-29,,XpressBees,Delayed
DLV00875,ORD00875,2025-11-28,2025-12-01,,Delhivery,In Transit
DLV00876,ORD00876,2025-01-14,2025-01-18,2025-01-20,XpressBees,Delivered
DLV00877,ORD00877,2025-12-02,2025-12-07,,XpressBees,Delayed
DLV00878,ORD00878,2025-10-09,2025-10-12,,Ecom Express,Failed
DLV00879,ORD00879,2025-08-27,2025-09-02,,Blue Dart,In Transit
DLV00880,ORD00880,2025-06-25,2025-07-02,2025-07-04,DTDC,Delivered
DLV00881,ORD00881,2025-12-16,2025-12-21,,DTDC,Failed
DLV00882,ORD00882,2025-08-18,2025-08-23,2025-08-22,DTDC,Delivered
DLV00883,ORD00883,2025-10-01,2025-10-07,,Blue Dart,In Transit
DLV00884,ORD00884,2025-09-10,2025-09-15,2025-09-15,DTDC,Delivered
DLV00885,ORD00885,2025-11-02,2025-11-07,,Delhivery,In Transit
DLV00886,ORD00886,2025-06-03,2025-06-05,,DTDC,Out for Delivery
DLV00887,ORD00887,2025-01-02,2025-01-08,,DTDC,Out for Delivery
DLV00888,ORD00888,2025-09-30,2025-10-06,,DTDC,Failed
DLV00889,ORD00889,2025-03-26,2025-04-02,,Ecom Express,In Transit
DLV00890,ORD00890,2025-11-02,2025-11-05,,XpressBees,Delayed
DLV00891,ORD00891,2025-04-08,2025-04-12,,DTDC,Out for Delivery
DLV00892,ORD00892,2025-01-23,2025-01-27,,Ecom Express,Failed
DLV00893,ORD00893,2025-08-18,2025-08-24,,DTDC,In Transit
DLV00894,ORD00894,2025-12-01,2025-12-04,,Delhivery,Out for Delivery
DLV00895,ORD00895,2025-06-05,2025-06-07,,Ecom Express,Out for Delivery
DLV00896,ORD00896,2025-09-03,2025-09-10,,Blue Dart,In Transit
DLV00897,ORD00897,2025-05-31,2025-06-05,2025-06-05,XpressBees,Delivered
DLV00898,ORD00898,2025-04-23,2025-04-26,2025-04-25,Ecom Express,Delivered
DLV00899,ORD00899,2025-07-09,2025-07-15,,DTDC,Delayed
DLV00900,ORD00900,2025-01-28,2025-02-02,,Ecom Express,Failed
DLV00901,ORD00901,2025-09-07,2025-09-11,,XpressBees,Delayed
DLV00902,ORD00902,2025-09-29,2025-10-05,,Ecom Express,Failed
DLV00903,ORD00903,2025-01-22,2025-01-24,,DTDC,Delayed
DLV00904,ORD00904,2025-03-16,2025-03-18,2025-03-18,DTDC,Delivered
DLV00905,ORD00905,2025-09-18,2025-09-21,,Ecom Express,In Transit
DLV00906,ORD00906,2025-04-15,2025-04-21,,Blue Dart,Failed
DLV00907,ORD00907,2025-02-11,2025-02-14,,Blue Dart,In Transit
DLV00908,ORD00908,2025-03-25,2025-03-28,2025-03-30,Ecom Express,Delivered
DLV00909,ORD00909,2025-10-19,2025-10-24,,XpressBees,Delayed
DLV00910,ORD00910,2025-05-26,2025-05-28,,Ecom Express,In Transit
DLV00911,ORD00911,2025-12-04,2025-12-10,,Ecom Express,In Transit
DLV00912,ORD00912,2025-12-11,2025-12-17,,Ecom Express,Delayed
DLV00913,ORD00913,2025-03-13,2025-03-18,,Ecom Express,Failed
DLV00914,ORD00914,2025-02-24,2025-03-03,2025-03-06,Ecom Express,Delivered
DLV00915,ORD00915,2025-05-18,2025-05-22,,DTDC,Out for Delivery
DLV00916,ORD00916,2025-12-28,2025-12-30,,Blue Dart,Out for Delivery
DLV00917,ORD00917,2025-03-09,2025-03-14,,Blue Dart,Delayed
DLV00918,ORD00918,2025-12-03,2025-12-06,,DTDC,Out for Delivery
DLV00919,ORD00919,2025-11-20,2025-11-22,,Blue Dart,Out for Delivery
DLV00920,ORD00920,2025-07-16,2025-07-19,,Blue Dart,Out for Delivery
DLV00921,ORD00921,2025-05-13,2025-05-20,,Ecom Express,In Transit
DLV00922,ORD00922,2025-11-15,2025-11-19,,DTDC,In Transit
DLV00923,ORD00923,2025-06-12,2025-06-18,2025-06-18,XpressBees,Delivered
DLV00924,ORD00924,2025-05-11,2025-05-13,,DTDC,Failed
DLV00925,ORD00925,2025-05-16,2025-05-18,,Ecom Express,Delayed
DLV00926,ORD00926,2025-09-21,2025-09-27,,DTDC,Out for Delivery
DLV00927,ORD00927,2025-10-10,2025-10-13,,XpressBees,Delayed
DLV00928,ORD00928,2025-01-24,2025-01-30,,Delhivery,Failed
DLV00929,ORD00929,2025-01-08,2025-01-13,,Delhivery,Failed
DLV00930,ORD00930,2025-08-31,2025-09-05,2025-09-08,XpressBees,Delivered
DLV00931,ORD00931,2025-08-15,2025-08-19,2025-08-21,Delhivery,Delivered
DLV00932,ORD00932,2025-04-21,2025-04-26,,Ecom Express,Delayed
DLV00933,ORD00933,2025-04-23,2025-04-25,,DTDC,Delayed
DLV00934,ORD00934,2025-05-13,2025-05-17,,Delhivery,In Transit
DLV00935,ORD00935,2025-05-09,2025-05-12,,Ecom Express,Out for Delivery
DLV00936,ORD00936,2025-06-25,2025-07-02,,XpressBees,Delayed
DLV00937,ORD00937,2025-09-24,2025-09-28,,Blue Dart,Out for Delivery
DLV00938,ORD00938,2025-12-14,2025-12-19,,Ecom Express,In Transit
DLV00939,ORD00939,2025-06-01,2025-06-06,,Ecom Express,Failed
DLV00940,ORD00940,2025-12-09,2025-12-14,,Ecom Express,Out for Delivery
DLV00941,ORD00941,2025-04-26,2025-05-01,,DTDC,In Transit
DLV00942,ORD00942,2025-08-25,2025-08-30,,DTDC,In Transit
DLV00943,ORD00943,2025-08-09,2025-08-16,,Blue Dart,Delayed
DLV00944,ORD00944,2025-07-13,2025-07-16,2025-07-16,XpressBees,Delivered
DLV00945,ORD00945,2025-10-01,2025-10-07,,Blue Dart,In Transit
DLV00946,ORD00946,2025-01-15,2025-01-21,,Delhivery,Failed
DLV00947,ORD00947,2025-03-14,2025-03-21,2025-03-24,Delhivery,Delivered
DLV00948,ORD00948,2025-04-04,2025-04-10,,Delhivery,Failed
DLV00949,ORD00949,2025-07-15,2025-07-22,,XpressBees,Delayed
DLV00950,ORD00950,2025-07-15,2025-07-18,,Blue Dart,In Transit
DLV00951,ORD00951,2025-08-28,2025-09-01,,XpressBees,Failed
DLV00952,ORD00952,2025-07-16,2025-07-22,,Ecom Express,In Transit
DLV00953,ORD00953,2025-03-30,2025-04-03,,XpressBees,In Transit
DLV00954,ORD00954,2025-03-11,2025-03-18,,DTDC,Out for Delivery
DLV00955,ORD00955,2025-08-27,2025-09-02,,Blue Dart,Failed
DLV00956,ORD00956,2025-04-16,2025-04-19,,Delhivery,Out for Delivery
DLV00957,ORD00957,2025-03-30,2025-04-04,,Delhivery,Failed
DLV00958,ORD00958,2025-06-21,2025-06-24,,Delhivery,Out for Delivery
DLV00959,ORD00959,2025-10-27,2025-10-31,,Delhivery,Delayed
DLV00960,ORD00960,2025-09-01,2025-09-04,,Ecom Express,Out for Delivery
DLV00961,ORD00961,2025-10-14,2025-10-19,,Ecom Express,Delayed
DLV00962,ORD00962,2025-03-31,2025-04-04,,Ecom Express,Out for Delivery
DLV00963,ORD00963,2025-06-21,2025-06-25,,Delhivery,Failed
DLV00964,ORD00964,2025-05-15,2025-05-20,,Blue Dart,Failed
DLV00965,ORD00965,2025-08-15,2025-08-21,,Blue Dart,Delayed
DLV00966,ORD00966,2025-01-07,2025-01-09,,DTDC,Delayed
DLV00967,ORD00967,2025-02-15,2025-02-19,2025-02-19,Ecom Express,Delivered
DLV00968,ORD00968,2025-11-19,2025-11-25,,XpressBees,Delayed
DLV00969,ORD00969,2025-09-26,2025-09-30,,XpressBees,Failed
DLV00970,ORD00970,2025-06-25,2025-07-02,,Ecom Express,Delayed
DLV00971,ORD00971,2025-04-21,2025-04-25,2025-04-28,Delhivery,Delivered
DLV00972,ORD00972,2025-12-27,2025-12-29,2025-12-31,Ecom Express,Delivered
DLV00973,ORD00973,2025-01-02,2025-01-06,,Delhivery,Failed
DLV00974,ORD00974,2025-07-12,2025-07-18,,XpressBees,Out for Delivery
DLV00975,ORD00975,2025-07-29,2025-08-05,,XpressBees,In Transit
DLV00976,ORD00976,2025-09-17,2025-09-22,,Blue Dart,Failed
DLV00977,ORD00977,2025-11-25,2025-12-01,2025-12-01,XpressBees,Delivered
DLV00978,ORD00978,2025-08-06,2025-08-09,2025-08-10,Blue Dart,Delivered
DLV00979,ORD00979,2025-02-10,2025-02-13,,DTDC,Out for Delivery
DLV00980,ORD00980,2025-03-11,2025-03-18,,Delhivery,Out for Delivery
DLV00981,ORD00981,2025-12-14,2025-12-20,,Delhivery,Out for Delivery
DLV00982,ORD00982,2025-11-20,2025-11-22,,DTDC,Delayed
DLV00983,ORD00983,2025-01-08,2025-01-15,2025-01-18,XpressBees,Delivered
DLV00984,ORD00984,2025-01-08,2025-01-15,,Blue Dart,Failed
DLV00985,ORD00985,2025-10-04,2025-10-11,,Blue Dart,In Transit
DLV00986,ORD00986,2025-03-06,2025-03-09,2025-03-11,Delhivery,Delivered
DLV00987,ORD00987,2025-01-06,2025-01-13,,Blue Dart,Failed
DLV00988,ORD00988,2025-12-21,2025-12-23,2025-12-26,XpressBees,Delivered
DLV00989,ORD00989,2025-12-07,2025-12-11,,Ecom Express,Delayed
DLV00990,ORD00990,2025-11-14,2025-11-20,,Ecom Express,Delayed
DLV00991,ORD00991,2025-12-11,2025-12-14,,DTDC,Out for Delivery
DLV00992,ORD00992,2025-07-20,2025-07-27,,DTDC,Failed
DLV00993,ORD00993,2025-04-22,2025-04-29,2025-05-01,DTDC,Delivered
DLV00994,ORD00994,2025-09-19,2025-09-26,,Blue Dart,Delayed
DLV00995,ORD00995,2025-05-28,2025-06-03,,Blue Dart,Failed
DLV00996,ORD00996,2025-05-18,2025-05-21,,XpressBees,Delayed
DLV00997,ORD00997,2025-03-03,2025-03-09,,XpressBees,In Transit
DLV00998,ORD00998,2025-10-12,2025-10-14,2025-10-17,Delhivery,Delivered
DLV00999,ORD00999,2025-01-26,2025-02-01,,XpressBees,In Transit
DLV01000,ORD01000,2025-10-05,2025-10-10,2025-10-10,Ecom Express,Delivered
DLV01001,ORD01001,2025-10-14,2025-10-20,,XpressBees,In Transit
DLV01002,ORD01002,2025-05-01,2025-05-06,,Ecom Express,Delayed
DLV01003,ORD01003,2025-07-20,2025-07-24,,Blue Dart,In Transit
DLV01004,ORD01004,2025-09-20,2025-09-22,,XpressBees,In Transit
DLV01005,ORD01005,2025-09-17,2025-09-23,,DTDC,Out for Delivery
DLV01006,ORD01006,2025-01-28,2025-02-02,,Delhivery,Failed
DLV01007,ORD01007,2025-03-17,2025-03-21,,Ecom Express,In Transit
DLV01008,ORD01008,2025-06-04,2025-06-09,,Ecom Express,Failed
DLV01009,ORD01009,2025-10-15,2025-10-20,,Delhivery,In Transit
DLV01010,ORD01010,2025-04-02,2025-04-07,2025-04-10,Delhivery,Delivered
DLV01011,ORD01011,2025-07-18,2025-07-23,,Ecom Express,Out for Delivery
DLV01012,ORD01012,2025-12-13,2025-12-18,,DTDC,In Transit
DLV01013,ORD01013,2025-01-30,2025-02-04,2025-02-05,Blue Dart,Delivered
DLV01014,ORD01014,2025-09-01,2025-09-03,2025-09-06,XpressBees,Delivered
DLV01015,ORD01015,2025-06-20,2025-06-25,,XpressBees,Out for Delivery
DLV01016,ORD01016,2025-05-03,2025-05-05,2025-05-04,Blue Dart,Delivered
DLV01017,ORD01017,2025-02-23,2025-03-02,,Ecom Express,Out for Delivery
DLV01018,ORD01018,2025-11-25,2025-12-02,2025-12-01,Blue Dart,Delivered
DLV01019,ORD01019,2025-11-12,2025-11-16,,Blue Dart,In Transit
DLV01020,ORD01020,2025-12-08,2025-12-13,,Blue Dart,In Transit
DLV01021,ORD01021,2025-01-26,2025-02-02,,Delhivery,In Transit
DLV01022,ORD01022,2025-10-13,2025-10-20,2025-10-22,Ecom Express,Delivered
DLV01023,ORD01023,2025-11-17,2025-11-24,,Ecom Express,Failed
DLV01024,ORD01024,2025-12-01,2025-12-06,2025-12-05,DTDC,Delivered
DLV01025,ORD01025,2025-03-10,2025-03-17,,XpressBees,Out for Delivery
DLV01026,ORD01026,2025-05-09,2025-05-14,,DTDC,Out for Delivery
DLV01027,ORD01027,2025-04-24,2025-04-28,2025-04-27,Delhivery,Delivered
DLV01028,ORD01028,2025-05-06,2025-05-11,,Delhivery,In Transit
DLV01029,ORD01029,2025-06-04,2025-06-06,,Delhivery,In Transit
DLV01030,ORD01030,2025-01-30,2025-02-06,,Ecom Express,In Transit
DLV01031,ORD01031,2025-12-17,2025-12-19,,XpressBees,Out for Delivery
DLV01032,ORD01032,2025-02-12,2025-02-15,,Ecom Express,Failed
DLV01033,ORD01033,2025-05-31,2025-06-04,,XpressBees,Delayed
DLV01034,ORD01034,2025-02-04,2025-02-10,,XpressBees,Out for Delivery
DLV01035,ORD01035,2025-07-14,2025-07-21,,Blue Dart,Delayed
DLV01036,ORD01036,2025-06-21,2025-06-23,,Blue Dart,Delayed
DLV01037,ORD01037,2025-01-21,2025-01-26,2025-01-25,XpressBees,Delivered
DLV01038,ORD01038,2025-04-19,2025-04-25,,Delhivery,Delayed
DLV01039,ORD01039,2025-12-06,2025-12-13,,DTDC,Failed
DLV01040,ORD01040,2025-06-24,2025-06-27,,Delhivery,Failed
DLV01041,ORD01041,2025-12-08,2025-12-13,,Ecom Express,Out for Delivery
DLV01042,ORD01042,2025-01-03,2025-01-08,,Delhivery,Out for Delivery
DLV01043,ORD01043,2025-01-18,2025-01-23,,DTDC,Delayed
DLV01044,ORD01044,2025-04-25,2025-04-28,,Blue Dart,Out for Delivery
DLV01045,ORD01045,2025-06-02,2025-06-05,,Delhivery,Out for Delivery
DLV01046,ORD01046,2025-09-20,2025-09-24,2025-09-23,Blue Dart,Delivered
DLV01047,ORD01047,2025-08-30,2025-09-02,,Blue Dart,Failed
DLV01048,ORD01048,2025-06-26,2025-07-02,,XpressBees,Out for Delivery
DLV01049,ORD01049,2025-12-04,2025-12-09,,Delhivery,Failed
DLV01050,ORD01050,2025-07-24,2025-07-29,,DTDC,Out for Delivery
DLV01051,ORD01051,2025-11-29,2025-12-05,,Delhivery,Failed
DLV01052,ORD01052,2025-12-09,2025-12-12,,Ecom Express,Out for Delivery
DLV01053,ORD01053,2025-07-20,2025-07-24,,Delhivery,Delayed
DLV01054,ORD01054,2025-02-03,2025-02-05,,Delhivery,Failed
DLV01055,ORD01055,2025-04-03,2025-04-10,,Blue Dart,Failed
DLV01056,ORD01056,2025-02-19,2025-02-21,,XpressBees,Failed
DLV01057,ORD01057,2025-10-19,2025-10-25,,Delhivery,In Transit
DLV01058,ORD01058,2025-09-05,2025-09-07,,DTDC,Failed
DLV01059,ORD01059,2025-05-23,2025-05-25,2025-05-27,Blue Dart,Delivered
DLV01060,ORD01060,2025-05-10,2025-05-16,,Ecom Express,Out for Delivery
DLV01061,ORD01061,2025-01-10,2025-01-13,,Blue Dart,Out for Delivery
DLV01062,ORD01062,2025-03-12,2025-03-15,,Blue Dart,Out for Delivery
DLV01063,ORD01063,2025-06-01,2025-06-05,,Blue Dart,Delayed
DLV01064,ORD01064,2025-10-29,2025-11-01,,DTDC,In Transit
DLV01065,ORD01065,2025-04-23,2025-04-30,,Blue Dart,In Transit
DLV01066,ORD01066,2025-12-10,2025-12-16,2025-12-18,Delhivery,Delivered
DLV01067,ORD01067,2025-03-18,2025-03-24,2025-03-27,DTDC,Delivered
DLV01068,ORD01068,2025-02-19,2025-02-24,2025-02-25,XpressBees,Delivered
DLV01069,ORD01069,2025-08-21,2025-08-24,2025-08-24,Blue Dart,Delivered
DLV01070,ORD01070,2025-07-21,2025-07-23,2025-07-22,Delhivery,Delivered
DLV01071,ORD01071,2025-11-17,2025-11-19,,Blue Dart,In Transit
DLV01072,ORD01072,2025-05-26,2025-06-02,,XpressBees,Out for Delivery
DLV01073,ORD01073,2025-02-15,2025-02-19,2025-02-19,Delhivery,Delivered
DLV01074,ORD01074,2025-02-18,2025-02-21,,Blue Dart,Out for Delivery
DLV01075,ORD01075,2025-03-13,2025-03-17,,DTDC,Delayed
DLV01076,ORD01076,2025-05-23,2025-05-25,,Ecom Express,Delayed
DLV01077,ORD01077,2025-04-01,2025-04-05,,Ecom Express,In Transit
DLV01078,ORD01078,2025-04-29,2025-05-04,,Blue Dart,Delayed
DLV01079,ORD01079,2025-01-28,2025-01-30,2025-01-30,XpressBees,Delivered
DLV01080,ORD01080,2025-01-21,2025-01-28,,Delhivery,In Transit
DLV01081,ORD01081,2025-11-16,2025-11-23,,XpressBees,Delayed
DLV01082,ORD01082,2025-01-21,2025-01-28,,XpressBees,Out for Delivery
DLV01083,ORD01083,2025-09-21,2025-09-28,,DTDC,Out for Delivery
DLV01084,ORD01084,2025-09-16,2025-09-23,,DTDC,In Transit
DLV01085,ORD01085,2025-11-18,2025-11-21,,Ecom Express,Out for Delivery
DLV01086,ORD01086,2025-04-27,2025-05-02,,XpressBees,In Transit
DLV01087,ORD01087,2025-09-11,2025-09-14,,Ecom Express,Out for Delivery
DLV01088,ORD01088,2025-06-12,2025-06-16,2025-06-16,XpressBees,Delivered
DLV01089,ORD01089,2025-01-06,2025-01-12,,DTDC,In Transit
DLV01090,ORD01090,2025-07-27,2025-07-29,,Ecom Express,In Transit
DLV01091,ORD01091,2025-08-28,2025-09-04,,DTDC,Delayed
DLV01092,ORD01092,2025-03-19,2025-03-24,2025-03-27,Blue Dart,Delivered
DLV01093,ORD01093,2025-07-05,2025-07-11,2025-07-10,XpressBees,Delivered
DLV01094,ORD01094,2025-07-14,2025-07-16,,Delhivery,In Transit
DLV01095,ORD01095,2025-05-26,2025-05-31,2025-06-01,Delhivery,Delivered
DLV01096,ORD01096,2025-09-22,2025-09-24,2025-09-25,XpressBees,Delivered
DLV01097,ORD01097,2025-08-02,2025-08-08,,Delhivery,Out for Delivery
DLV01098,ORD01098,2025-07-20,2025-07-22,,XpressBees,Out for Delivery
DLV01099,ORD01099,2025-02-17,2025-02-23,,XpressBees,Out for Delivery
DLV01100,ORD01100,2025-09-21,2025-09-24,2025-09-27,Ecom Express,Delivered
DLV01101,ORD01101,2025-08-22,2025-08-25,,Delhivery,Failed
DLV01102,ORD01102,2025-04-05,2025-04-08,,XpressBees,Delayed
DLV01103,ORD01103,2025-09-21,2025-09-28,,Blue Dart,In Transit
DLV01104,ORD01104,2025-05-07,2025-05-09,,DTDC,Failed
DLV01105,ORD01105,2025-02-24,2025-02-27,,Delhivery,Delayed
DLV01106,ORD01106,2025-06-06,2025-06-10,,Delhivery,Delayed
DLV01107,ORD01107,2025-05-18,2025-05-25,,DTDC,Delayed
DLV01108,ORD01108,2025-06-13,2025-06-20,,Blue Dart,Failed
DLV01109,ORD01109,2025-02-25,2025-03-02,,DTDC,In Transit
DLV01110,ORD01110,2025-05-01,2025-05-03,,XpressBees,Out for Delivery
DLV01111,ORD01111,2025-12-19,2025-12-26,,Ecom Express,Out for Delivery
DLV01112,ORD01112,2025-07-16,2025-07-20,,Ecom Express,Out for Delivery
DLV01113,ORD01113,2025-02-01,2025-02-04,,XpressBees,Delayed
DLV01114,ORD01114,2025-05-27,2025-05-29,,Blue Dart,Delayed
DLV01115,ORD01115,2025-08-29,2025-09-02,,DTDC,Out for Delivery
DLV01116,ORD01116,2025-11-07,2025-11-12,,Ecom Express,Delayed
DLV01117,ORD01117,2025-06-07,2025-06-14,,Delhivery,Out for Delivery
DLV01118,ORD01118,2025-03-10,2025-03-13,,Delhivery,In Transit
DLV01119,ORD01119,2025-10-19,2025-10-22,,Blue Dart,In Transit
DLV01120,ORD01120,2025-02-18,2025-02-25,,DTDC,In Transit
DLV01121,ORD01121,2025-10-31,2025-11-02,,XpressBees,Delayed
DLV01122,ORD01122,2025-02-09,2025-02-13,,Delhivery,Failed
DLV01123,ORD01123,2025-10-19,2025-10-26,,Delhivery,In Transit
DLV01124,ORD01124,2025-06-10,2025-06-13,,XpressBees,Out for Delivery
DLV01125,ORD01125,2025-01-01,2025-01-08,2025-01-08,XpressBees,Delivered
DLV01126,ORD01126,2025-02-17,2025-02-23,2025-02-23,XpressBees,Delivered
DLV01127,ORD01127,2025-06-06,2025-06-08,,Delhivery,Failed
DLV01128,ORD01128,2025-07-25,2025-07-31,,Ecom Express,Delayed
DLV01129,ORD01129,2025-06-01,2025-06-05,,DTDC,Out for Delivery
DLV01130,ORD01130,2025-07-23,2025-07-30,,Blue Dart,In Transit
DLV01131,ORD01131,2025-11-09,2025-11-13,,Delhivery,Delayed
DLV01132,ORD01132,2025-03-09,2025-03-13,,DTDC,Delayed
DLV01133,ORD01133,2025-05-31,2025-06-06,,DTDC,Out for Delivery
DLV01134,ORD01134,2025-10-26,2025-10-31,2025-10-31,Delhivery,Delivered
DLV01135,ORD01135,2025-11-20,2025-11-24,,Delhivery,Delayed
DLV01136,ORD01136,2025-01-12,2025-01-17,,XpressBees,Failed
DLV01137,ORD01137,2025-05-12,2025-05-19,2025-05-19,Delhivery,Delivered
DLV01138,ORD01138,2025-09-08,2025-09-12,,Delhivery,Failed
DLV01139,ORD01139,2025-01-31,2025-02-07,2025-02-06,Blue Dart,Delivered
DLV01140,ORD01140,2025-08-14,2025-08-17,,DTDC,Out for Delivery
DLV01141,ORD01141,2025-08-30,2025-09-04,,Blue Dart,In Transit
DLV01142,ORD01142,2025-07-09,2025-07-13,2025-07-16,XpressBees,Delivered
DLV01143,ORD01143,2025-03-13,2025-03-19,,Delhivery,Out for Delivery
DLV01144,ORD01144,2025-04-19,2025-04-21,,Delhivery,In Transit
DLV01145,ORD01145,2025-10-29,2025-10-31,,Blue Dart,Delayed
DLV01146,ORD01146,2025-03-19,2025-03-25,,Delhivery,Failed
DLV01147,ORD01147,2025-12-13,2025-12-19,,Blue Dart,Delayed
DLV01148,ORD01148,2025-04-20,2025-04-25,,Delhivery,Delayed
DLV01149,ORD01149,2025-09-21,2025-09-23,,Delhivery,Delayed
DLV01150,ORD01150,2025-08-18,2025-08-22,,Blue Dart,Failed
DLV01151,ORD01151,2025-02-14,2025-02-20,,DTDC,Failed
DLV01152,ORD01152,2025-10-30,2025-11-01,,XpressBees,Delayed
DLV01153,ORD01153,2025-06-20,2025-06-25,2025-06-24,Delhivery,Delivered
DLV01154,ORD01154,2025-11-11,2025-11-17,,XpressBees,Delayed
DLV01155,ORD01155,2025-09-26,2025-10-02,,Delhivery,Failed
DLV01156,ORD01156,2025-02-13,2025-02-18,,Blue Dart,Failed
DLV01157,ORD01157,2025-12-24,2025-12-28,2025-12-28,Delhivery,Delivered
DLV01158,ORD01158,2025-02-21,2025-02-24,,DTDC,In Transit
DLV01159,ORD01159,2025-06-22,2025-06-26,2025-06-27,Ecom Express,Delivered
DLV01160,ORD01160,2025-07-16,2025-07-23,,XpressBees,Out for Delivery
DLV01161,ORD01161,2025-08-08,2025-08-12,,Blue Dart,In Transit
DLV01162,ORD01162,2025-11-15,2025-11-20,,Ecom Express,Failed
DLV01163,ORD01163,2025-04-03,2025-04-10,2025-04-09,DTDC,Delivered
DLV01164,ORD01164,2025-03-20,2025-03-24,,Delhivery,Failed
DLV01165,ORD01165,2025-03-17,2025-03-24,,Blue Dart,In Transit
DLV01166,ORD01166,2025-03-22,2025-03-24,,Blue Dart,Out for Delivery
DLV01167,ORD01167,2025-04-16,2025-04-22,2025-04-23,XpressBees,Delivered
DLV01168,ORD01168,2025-01-05,2025-01-11,,Delhivery,In Transit
DLV01169,ORD01169,2025-10-16,2025-10-22,2025-10-23,Blue Dart,Delivered
DLV01170,ORD01170,2025-10-11,2025-10-18,,Delhivery,Delayed
DLV01171,ORD01171,2025-06-30,2025-07-03,,Blue Dart,In Transit
DLV01172,ORD01172,2025-03-23,2025-03-29,2025-03-30,Ecom Express,Delivered
DLV01173,ORD01173,2025-04-25,2025-05-02,,Ecom Express,Out for Delivery
DLV01174,ORD01174,2025-06-20,2025-06-22,2025-06-24,DTDC,Delivered
DLV01175,ORD01175,2025-07-31,2025-08-04,,Blue Dart,Out for Delivery
DLV01176,ORD01176,2025-03-07,2025-03-10,,Delhivery,In Transit
DLV01177,ORD01177,2025-11-22,2025-11-29,,Blue Dart,Failed
DLV01178,ORD01178,2025-03-28,2025-04-01,,Ecom Express,Delayed
DLV01179,ORD01179,2025-06-03,2025-06-09,,Delhivery,Delayed
DLV01180,ORD01180,2025-11-18,2025-11-20,,Delhivery,Delayed
DLV01181,ORD01181,2025-01-13,2025-01-15,,Ecom Express,Failed
DLV01182,ORD01182,2025-08-08,2025-08-13,,DTDC,Delayed
DLV01183,ORD01183,2025-05-29,2025-05-31,,Ecom Express,Delayed
DLV01184,ORD01184,2025-03-02,2025-03-06,2025-03-05,Blue Dart,Delivered
DLV01185,ORD01185,2025-03-12,2025-03-17,,Ecom Express,In Transit
DLV01186,ORD01186,2025-10-11,2025-10-13,,XpressBees,Out for Delivery
DLV01187,ORD01187,2025-01-09,2025-01-15,,Delhivery,In Transit
DLV01188,ORD01188,2025-04-27,2025-05-01,,Blue Dart,In Transit
DLV01189,ORD01189,2025-11-12,2025-11-19,,Delhivery,Failed
DLV01190,ORD01190,2025-10-21,2025-10-26,,Blue Dart,Delayed
DLV01191,ORD01191,2025-08-18,2025-08-22,,XpressBees,Delayed
DLV01192,ORD01192,2025-09-26,2025-09-28,,DTDC,Failed
DLV01193,ORD01193,2025-02-03,2025-02-06,,Delhivery,In Transit
DLV01194,ORD01194,2025-06-07,2025-06-14,,Delhivery,Failed
DLV01195,ORD01195,2025-08-27,2025-09-01,,DTDC,In Transit
DLV01196,ORD01196,2025-12-05,2025-12-12,2025-12-13,XpressBees,Delivered
DLV01197,ORD01197,2025-03-14,2025-03-17,,XpressBees,In Transit
DLV01198,ORD01198,2025-10-11,2025-10-14,,Delhivery,Out for Delivery
DLV01199,ORD01199,2025-11-07,2025-11-14,,Blue Dart,Delayed
DLV01200,ORD01200,2025-09-21,2025-09-28,,XpressBees,In Transit
DLV01201,ORD01201,2025-12-23,2025-12-29,,XpressBees,Delayed
DLV01202,ORD01202,2025-08-13,2025-08-17,,DTDC,Failed
DLV01203,ORD01203,2025-11-01,2025-11-06,,DTDC,Out for Delivery
DLV01204,ORD01204,2025-01-09,2025-01-12,,XpressBees,Failed
DLV01205,ORD01205,2025-10-03,2025-10-05,2025-10-04,XpressBees,Delivered
DLV01206,ORD01206,2025-08-08,2025-08-14,,XpressBees,Delayed
DLV01207,ORD01207,2025-03-02,2025-03-09,,Ecom Express,Delayed
DLV01208,ORD01208,2025-05-27,2025-06-02,,Delhivery,In Transit
DLV01209,ORD01209,2025-09-08,2025-09-11,,DTDC,Out for Delivery
DLV01210,ORD01210,2025-03-16,2025-03-22,,Delhivery,Delayed
DLV01211,ORD01211,2025-07-17,2025-07-24,2025-07-24,XpressBees,Delivered
DLV01212,ORD01212,2025-12-12,2025-12-16,,Delhivery,In Transit
DLV01213,ORD01213,2025-02-01,2025-02-08,,Delhivery,Delayed
DLV01214,ORD01214,2025-10-13,2025-10-16,2025-10-17,XpressBees,Delivered
DLV01215,ORD01215,2025-08-05,2025-08-08,2025-08-11,Blue Dart,Delivered
DLV01216,ORD01216,2025-05-22,2025-05-25,,Ecom Express,In Transit
DLV01217,ORD01217,2025-03-27,2025-03-29,,Ecom Express,Delayed
DLV01218,ORD01218,2025-05-12,2025-05-18,2025-05-21,DTDC,Delivered
DLV01219,ORD01219,2025-04-06,2025-04-11,,XpressBees,Out for Delivery
DLV01220,ORD01220,2025-05-23,2025-05-29,,DTDC,Failed
DLV01221,ORD01221,2025-10-26,2025-10-29,,Ecom Express,Out for Delivery
DLV01222,ORD01222,2025-06-01,2025-06-07,,Blue Dart,In Transit
DLV01223,ORD01223,2025-01-23,2025-01-28,,Delhivery,Delayed
DLV01224,ORD01224,2025-02-15,2025-02-17,,XpressBees,Failed
DLV01225,ORD01225,2025-09-08,2025-09-13,,XpressBees,Out for Delivery
DLV01226,ORD01226,2025-10-13,2025-10-17,,XpressBees,Delayed
DLV01227,ORD01227,2025-02-05,2025-02-10,,Delhivery,Out for Delivery
DLV01228,ORD01228,2025-01-27,2025-01-29,,DTDC,Failed
DLV01229,ORD01229,2025-12-08,2025-12-14,,Blue Dart,Failed
DLV01230,ORD01230,2025-03-29,2025-04-05,,Blue Dart,Failed
DLV01231,ORD01231,2025-03-01,2025-03-05,,Blue Dart,Out for Delivery
DLV01232,ORD01232,2025-01-16,2025-01-19,,DTDC,Failed
DLV01233,ORD01233,2025-06-06,2025-06-11,,Delhivery,Failed
DLV01234,ORD01234,2025-10-27,2025-11-01,,Ecom Express,In Transit
DLV01235,ORD01235,2025-07-28,2025-07-31,,XpressBees,Delayed
DLV01236,ORD01236,2025-06-11,2025-06-13,,XpressBees,In Transit
DLV01237,ORD01237,2025-11-12,2025-11-16,,Delhivery,In Transit
DLV01238,ORD01238,2025-02-10,2025-02-17,,Delhivery,In Transit
DLV01239,ORD01239,2025-03-16,2025-03-23,2025-03-26,DTDC,Delivered
DLV01240,ORD01240,2025-03-16,2025-03-20,,XpressBees,Out for Delivery
DLV01241,ORD01241,2025-06-05,2025-06-08,,Delhivery,Delayed
DLV01242,ORD01242,2025-06-17,2025-06-24,,Delhivery,In Transit
DLV01243,ORD01243,2025-10-12,2025-10-18,,XpressBees,Out for Delivery
DLV01244,ORD01244,2025-09-14,2025-09-19,,Blue Dart,Out for Delivery
DLV01245,ORD01245,2025-08-15,2025-08-21,,DTDC,Failed
DLV01246,ORD01246,2025-11-16,2025-11-19,2025-11-21,Blue Dart,Delivered
DLV01247,ORD01247,2025-05-03,2025-05-10,2025-05-11,DTDC,Delivered
DLV01248,ORD01248,2025-01-30,2025-02-06,,XpressBees,Delayed
DLV01249,ORD01249,2025-01-12,2025-01-19,,Delhivery,In Transit
DLV01250,ORD01250,2025-11-11,2025-11-14,,DTDC,Failed
DLV01251,ORD01251,2025-07-05,2025-07-12,2025-07-12,Blue Dart,Delivered
DLV01252,ORD01252,2025-10-06,2025-10-08,,DTDC,Failed
DLV01253,ORD01253,2025-09-18,2025-09-23,,XpressBees,In Transit
DLV01254,ORD01254,2025-08-30,2025-09-04,,DTDC,Delayed
DLV01255,ORD01255,2025-01-01,2025-01-07,2025-01-10,Ecom Express,Delivered
DLV01256,ORD01256,2025-03-09,2025-03-14,,XpressBees,Delayed
DLV01257,ORD01257,2025-11-12,2025-11-18,,Delhivery,Delayed
DLV01258,ORD01258,2025-09-13,2025-09-15,,Delhivery,Failed
DLV01259,ORD01259,2025-05-08,2025-05-10,,DTDC,Failed
DLV01260,ORD01260,2025-12-09,2025-12-14,,DTDC,Delayed
DLV01261,ORD01261,2025-06-23,2025-06-28,,DTDC,Failed
DLV01262,ORD01262,2025-01-18,2025-01-25,,DTDC,Delayed
DLV01263,ORD01263,2025-03-19,2025-03-22,,DTDC,Failed
DLV01264,ORD01264,2025-06-23,2025-06-25,2025-06-25,Delhivery,Delivered
DLV01265,ORD01265,2025-09-04,2025-09-11,2025-09-13,XpressBees,Delivered
DLV01266,ORD01266,2025-03-24,2025-03-26,,Ecom Express,Out for Delivery
DLV01267,ORD01267,2025-05-29,2025-06-03,,Ecom Express,Delayed
DLV01268,ORD01268,2025-08-18,2025-08-20,2025-08-19,Ecom Express,Delivered
DLV01269,ORD01269,2025-09-19,2025-09-26,2025-09-25,Ecom Express,Delivered
DLV01270,ORD01270,2025-12-13,2025-12-20,,Blue Dart,Delayed
DLV01271,ORD01271,2025-07-16,2025-07-20,2025-07-20,Blue Dart,Delivered
DLV01272,ORD01272,2025-11-05,2025-11-10,,Ecom Express,Out for Delivery
DLV01273,ORD01273,2025-08-25,2025-08-31,2025-09-02,Blue Dart,Delivered
DLV01274,ORD01274,2025-02-10,2025-02-14,2025-02-14,Ecom Express,Delivered
DLV01275,ORD01275,2025-04-10,2025-04-17,,DTDC,Out for Delivery
DLV01276,ORD01276,2025-02-17,2025-02-24,2025-02-27,DTDC,Delivered
DLV01277,ORD01277,2025-07-25,2025-07-27,,XpressBees,Failed
DLV01278,ORD01278,2025-02-15,2025-02-19,,Ecom Express,Out for Delivery
DLV01279,ORD01279,2025-11-09,2025-11-11,,Ecom Express,In Transit
DLV01280,ORD01280,2025-11-24,2025-11-28,2025-12-01,Delhivery,Delivered
DLV01281,ORD01281,2025-10-19,2025-10-24,,Ecom Express,In Transit
DLV01282,ORD01282,2025-10-01,2025-10-06,,Blue Dart,In Transit
DLV01283,ORD01283,2025-03-20,2025-03-22,,Delhivery,Failed
DLV01284,ORD01284,2025-07-28,2025-07-30,,Ecom Express,In Transit
DLV01285,ORD01285,2025-11-08,2025-11-10,2025-11-11,Blue Dart,Delivered
DLV01286,ORD01286,2025-03-05,2025-03-09,,DTDC,In Transit
DLV01287,ORD01287,2025-01-31,2025-02-06,,Blue Dart,Delayed
DLV01288,ORD01288,2025-07-05,2025-07-09,,Blue Dart,Failed
DLV01289,ORD01289,2025-02-19,2025-02-21,2025-02-20,Ecom Express,Delivered
DLV01290,ORD01290,2025-05-17,2025-05-22,2025-05-22,Delhivery,Delivered
DLV01291,ORD01291,2025-12-10,2025-12-13,2025-12-13,XpressBees,Delivered
DLV01292,ORD01292,2025-12-07,2025-12-11,,XpressBees,Failed
DLV01293,ORD01293,2025-01-21,2025-01-23,2025-01-22,Ecom Express,Delivered
DLV01294,ORD01294,2025-04-01,2025-04-03,,Delhivery,Out for Delivery
DLV01295,ORD01295,2025-08-31,2025-09-07,,Blue Dart,Delayed
DLV01296,ORD01296,2025-08-09,2025-08-16,,XpressBees,In Transit
DLV01297,ORD01297,2025-07-22,2025-07-29,,Delhivery,Failed
DLV01298,ORD01298,2025-04-28,2025-05-05,2025-05-08,Delhivery,Delivered
DLV01299,ORD01299,2025-06-28,2025-07-04,,Delhivery,Delayed
DLV01300,ORD01300,2025-03-12,2025-03-18,,DTDC,In Transit
DLV01301,ORD01301,2025-03-08,2025-03-15,,DTDC,Out for Delivery
DLV01302,ORD01302,2025-02-16,2025-02-21,,Blue Dart,Failed
DLV01303,ORD01303,2025-04-13,2025-04-15,,Delhivery,Out for Delivery
DLV01304,ORD01304,2025-06-23,2025-06-25,,Ecom Express,Out for Delivery
DLV01305,ORD01305,2025-02-03,2025-02-08,2025-02-09,DTDC,Delivered
DLV01306,ORD01306,2025-05-11,2025-05-17,,Delhivery,Failed
DLV01307,ORD01307,2025-01-18,2025-01-23,,Blue Dart,Failed
DLV01308,ORD01308,2025-01-14,2025-01-17,,Blue Dart,In Transit
DLV01309,ORD01309,2025-02-18,2025-02-23,,DTDC,Out for Delivery
DLV01310,ORD01310,2025-10-30,2025-11-02,,Delhivery,In Transit
DLV01311,ORD01311,2025-02-12,2025-02-17,,Ecom Express,In Transit
DLV01312,ORD01312,2025-04-29,2025-05-01,,DTDC,Failed
DLV01313,ORD01313,2025-01-07,2025-01-09,,Ecom Express,Out for Delivery
DLV01314,ORD01314,2025-11-24,2025-11-26,,Delhivery,In Transit
DLV01315,ORD01315,2025-02-26,2025-02-28,,Delhivery,Delayed
DLV01316,ORD01316,2025-12-17,2025-12-21,,Ecom Express,Failed
DLV01317,ORD01317,2025-10-12,2025-10-14,2025-10-14,DTDC,Delivered
DLV01318,ORD01318,2025-05-27,2025-05-30,2025-05-31,Blue Dart,Delivered
DLV01319,ORD01319,2025-10-07,2025-10-10,2025-10-11,Blue Dart,Delivered
DLV01320,ORD01320,2025-01-20,2025-01-23,,XpressBees,Out for Delivery
DLV01321,ORD01321,2025-06-01,2025-06-07,,Blue Dart,Failed
DLV01322,ORD01322,2025-03-31,2025-04-06,,Delhivery,Failed
DLV01323,ORD01323,2025-01-03,2025-01-10,2025-01-13,Delhivery,Delivered
DLV01324,ORD01324,2025-11-20,2025-11-26,2025-11-26,Ecom Express,Delivered
DLV01325,ORD01325,2025-03-29,2025-04-04,,Blue Dart,Out for Delivery
DLV01326,ORD01326,2025-04-26,2025-04-29,,Ecom Express,In Transit
DLV01327,ORD01327,2025-09-21,2025-09-28,,Delhivery,Failed
DLV01328,ORD01328,2025-09-09,2025-09-11,,XpressBees,In Transit
DLV01329,ORD01329,2025-04-23,2025-04-25,,XpressBees,Delayed
DLV01330,ORD01330,2025-12-17,2025-12-21,,XpressBees,Out for Delivery
DLV01331,ORD01331,2025-05-03,2025-05-06,,Ecom Express,In Transit
DLV01332,ORD01332,2025-08-10,2025-08-13,,Delhivery,Out for Delivery
DLV01333,ORD01333,2025-05-02,2025-05-07,,XpressBees,Delayed
DLV01334,ORD01334,2025-02-28,2025-03-05,,Delhivery,Failed
DLV01335,ORD01335,2025-01-27,2025-01-29,2025-02-01,Ecom Express,Delivered
DLV01336,ORD01336,2025-08-08,2025-08-12,,Ecom Express,In Transit
DLV01337,ORD01337,2025-03-30,2025-04-05,,DTDC,Delayed
DLV01338,ORD01338,2025-04-07,2025-04-14,,XpressBees,In Transit
DLV01339,ORD01339,2025-03-14,2025-03-18,,Blue Dart,In Transit
DLV01340,ORD01340,2025-12-21,2025-12-27,,Delhivery,In Transit
DLV01341,ORD01341,2025-02-23,2025-02-28,,Delhivery,Delayed
DLV01342,ORD01342,2025-06-24,2025-06-26,2025-06-25,DTDC,Delivered
DLV01343,ORD01343,2025-05-12,2025-05-17,,DTDC,Failed
DLV01344,ORD01344,2025-05-11,2025-05-16,,DTDC,In Transit
DLV01345,ORD01345,2025-02-23,2025-02-26,,DTDC,Failed
DLV01346,ORD01346,2025-12-12,2025-12-15,,Delhivery,Delayed
DLV01347,ORD01347,2025-01-02,2025-01-06,2025-01-08,XpressBees,Delivered
DLV01348,ORD01348,2025-05-11,2025-05-17,,Ecom Express,Failed
DLV01349,ORD01349,2025-09-21,2025-09-23,,Delhivery,Delayed
DLV01350,ORD01350,2025-10-28,2025-11-01,2025-10-31,Blue Dart,Delivered
DLV01351,ORD01351,2025-07-29,2025-08-05,,XpressBees,Failed
DLV01352,ORD01352,2025-10-19,2025-10-25,,Delhivery,In Transit
DLV01353,ORD01353,2025-06-13,2025-06-16,2025-06-16,DTDC,Delivered
DLV01354,ORD01354,2025-11-05,2025-11-07,,Ecom Express,Failed
DLV01355,ORD01355,2025-05-25,2025-05-29,,Ecom Express,Delayed
DLV01356,ORD01356,2025-02-13,2025-02-16,,Ecom Express,Delayed
DLV01357,ORD01357,2025-07-01,2025-07-08,,XpressBees,Out for Delivery
DLV01358,ORD01358,2025-11-24,2025-11-30,,Ecom Express,Failed
DLV01359,ORD01359,2025-04-30,2025-05-07,,Ecom Express,Failed
DLV01360,ORD01360,2025-06-23,2025-06-28,,Ecom Express,Failed
DLV01361,ORD01361,2025-10-19,2025-10-21,,DTDC,Failed
DLV01362,ORD01362,2025-08-12,2025-08-16,,Delhivery,In Transit
DLV01363,ORD01363,2025-02-11,2025-02-14,,XpressBees,Failed
DLV01364,ORD01364,2025-11-29,2025-12-04,,Ecom Express,Out for Delivery
DLV01365,ORD01365,2025-02-04,2025-02-06,2025-02-09,Blue Dart,Delivered
DLV01366,ORD01366,2025-02-18,2025-02-24,,Blue Dart,In Transit
DLV01367,ORD01367,2025-06-27,2025-06-29,2025-06-28,Ecom Express,Delivered
DLV01368,ORD01368,2025-09-14,2025-09-19,2025-09-18,Ecom Express,Delivered
DLV01369,ORD01369,2025-04-02,2025-04-08,,DTDC,Delayed
DLV01370,ORD01370,2025-04-14,2025-04-20,,Delhivery,Out for Delivery
DLV01371,ORD01371,2025-11-17,2025-11-23,,Delhivery,Delayed
DLV01372,ORD01372,2025-06-21,2025-06-25,,XpressBees,Out for Delivery
DLV01373,ORD01373,2025-10-20,2025-10-26,,DTDC,Failed
DLV01374,ORD01374,2025-04-10,2025-04-12,,XpressBees,Out for Delivery
DLV01375,ORD01375,2025-09-13,2025-09-18,,DTDC,In Transit
DLV01376,ORD01376,2025-09-23,2025-09-28,,Blue Dart,In Transit
DLV01377,ORD01377,2025-12-24,2025-12-27,,Delhivery,Out for Delivery
DLV01378,ORD01378,2025-07-07,2025-07-14,,Ecom Express,In Transit
DLV01379,ORD01379,2025-07-02,2025-07-06,,Ecom Express,In Transit
DLV01380,ORD01380,2025-10-25,2025-10-31,,Ecom Express,Failed
DLV01381,ORD01381,2025-11-12,2025-11-19,,XpressBees,Out for Delivery
DLV01382,ORD01382,2025-05-12,2025-05-17,,DTDC,Out for Delivery
DLV01383,ORD01383,2025-05-07,2025-05-09,,Blue Dart,Failed
DLV01384,ORD01384,2025-10-29,2025-11-03,,Delhivery,Out for Delivery
DLV01385,ORD01385,2025-04-30,2025-05-04,,DTDC,In Transit
DLV01386,ORD01386,2025-06-14,2025-06-17,2025-06-20,Ecom Express,Delivered
DLV01387,ORD01387,2025-03-28,2025-03-31,,Ecom Express,Delayed
DLV01388,ORD01388,2025-08-18,2025-08-22,,DTDC,Delayed
DLV01389,ORD01389,2025-05-25,2025-05-30,2025-06-01,Ecom Express,Delivered
DLV01390,ORD01390,2025-02-21,2025-02-25,,Blue Dart,Delayed
DLV01391,ORD01391,2025-08-02,2025-08-09,2025-08-11,XpressBees,Delivered
DLV01392,ORD01392,2025-08-14,2025-08-21,2025-08-22,Ecom Express,Delivered
DLV01393,ORD01393,2025-09-14,2025-09-18,,Blue Dart,Failed
DLV01394,ORD01394,2025-11-30,2025-12-06,,Ecom Express,In Transit
DLV01395,ORD01395,2025-11-07,2025-11-10,2025-11-11,Delhivery,Delivered
DLV01396,ORD01396,2025-03-25,2025-03-28,,DTDC,Delayed
DLV01397,ORD01397,2025-07-24,2025-07-26,,Ecom Express,Delayed
DLV01398,ORD01398,2025-08-16,2025-08-20,2025-08-20,DTDC,Delivered
DLV01399,ORD01399,2025-06-02,2025-06-06,,XpressBees,Failed
DLV01400,ORD01400,2025-11-18,2025-11-23,,Blue Dart,Out for Delivery
DLV01401,ORD01401,2025-02-21,2025-02-27,,DTDC,Failed
DLV01402,ORD01402,2025-05-14,2025-05-16,,Delhivery,Delayed
DLV01403,ORD01403,2025-07-21,2025-07-25,2025-07-25,XpressBees,Delivered
DLV01404,ORD01404,2025-11-27,2025-12-01,,Delhivery,Delayed
DLV01405,ORD01405,2025-06-10,2025-06-12,2025-06-15,Blue Dart,Delivered
DLV01406,ORD01406,2025-12-14,2025-12-21,2025-12-21,Blue Dart,Delivered
DLV01407,ORD01407,2025-03-29,2025-04-04,2025-04-05,Blue Dart,Delivered
DLV01408,ORD01408,2025-09-03,2025-09-10,,Delhivery,Delayed
DLV01409,ORD01409,2025-04-13,2025-04-18,,DTDC,In Transit
DLV01410,ORD01410,2025-07-17,2025-07-20,2025-07-23,Blue Dart,Delivered
DLV01411,ORD01411,2025-12-05,2025-12-07,,Blue Dart,In Transit
DLV01412,ORD01412,2025-11-24,2025-11-30,,XpressBees,Delayed
DLV01413,ORD01413,2025-08-23,2025-08-29,,Blue Dart,Out for Delivery
DLV01414,ORD01414,2025-01-24,2025-01-27,,XpressBees,Failed
DLV01415,ORD01415,2025-10-31,2025-11-03,,DTDC,Delayed
DLV01416,ORD01416,2025-09-04,2025-09-10,,Blue Dart,In Transit
DLV01417,ORD01417,2025-01-02,2025-01-09,,DTDC,Delayed
DLV01418,ORD01418,2025-03-02,2025-03-09,,Delhivery,Delayed
DLV01419,ORD01419,2025-06-18,2025-06-22,,Ecom Express,In Transit
DLV01420,ORD01420,2025-04-11,2025-04-17,2025-04-19,DTDC,Delivered
DLV01421,ORD01421,2025-12-11,2025-12-13,,DTDC,Delayed
DLV01422,ORD01422,2025-08-06,2025-08-08,,Delhivery,Delayed
DLV01423,ORD01423,2025-12-31,2026-01-06,2026-01-06,Ecom Express,Delivered
DLV01424,ORD01424,2025-04-05,2025-04-09,,Delhivery,In Transit
DLV01425,ORD01425,2025-12-22,2025-12-26,,Delhivery,Out for Delivery
DLV01426,ORD01426,2025-01-17,2025-01-23,,Ecom Express,Out for Delivery
DLV01427,ORD01427,2025-05-03,2025-05-10,,XpressBees,In Transit
DLV01428,ORD01428,2025-05-25,2025-05-27,,Delhivery,In Transit
DLV01429,ORD01429,2025-04-08,2025-04-13,,Blue Dart,Delayed
DLV01430,ORD01430,2025-05-25,2025-05-31,2025-06-02,DTDC,Delivered
DLV01431,ORD01431,2025-08-05,2025-08-11,,Delhivery,Out for Delivery
DLV01432,ORD01432,2025-05-25,2025-05-27,,Delhivery,Failed
DLV01433,ORD01433,2025-02-12,2025-02-17,2025-02-19,Delhivery,Delivered
DLV01434,ORD01434,2025-03-10,2025-03-14,,XpressBees,Failed
DLV01435,ORD01435,2025-03-13,2025-03-16,,Delhivery,In Transit
DLV01436,ORD01436,2025-03-23,2025-03-26,,Ecom Express,In Transit
DLV01437,ORD01437,2025-04-23,2025-04-25,2025-04-28,Ecom Express,Delivered
DLV01438,ORD01438,2025-04-06,2025-04-09,,XpressBees,Out for Delivery
DLV01439,ORD01439,2025-01-04,2025-01-06,,Blue Dart,Delayed
DLV01440,ORD01440,2025-02-06,2025-02-10,,Delhivery,Delayed
DLV01441,ORD01441,2025-04-19,2025-04-22,2025-04-24,DTDC,Delivered
DLV01442,ORD01442,2025-03-22,2025-03-28,,XpressBees,Failed
DLV01443,ORD01443,2025-07-09,2025-07-12,,DTDC,Failed
DLV01444,ORD01444,2025-12-17,2025-12-23,,Blue Dart,Out for Delivery
DLV01445,ORD01445,2025-07-17,2025-07-20,2025-07-20,Delhivery,Delivered
DLV01446,ORD01446,2025-01-26,2025-02-02,,Ecom Express,In Transit
DLV01447,ORD01447,2025-05-05,2025-05-08,,Ecom Express,In Transit
DLV01448,ORD01448,2025-07-26,2025-07-29,,Delhivery,Failed
DLV01449,ORD01449,2025-04-16,2025-04-21,,DTDC,Out for Delivery
DLV01450,ORD01450,2025-03-30,2025-04-05,,DTDC,Delayed
DLV01451,ORD01451,2025-05-10,2025-05-16,,DTDC,Delayed
DLV01452,ORD01452,2025-04-09,2025-04-13,,Delhivery,Out for Delivery
DLV01453,ORD01453,2025-04-20,2025-04-27,2025-04-28,DTDC,Delivered
DLV01454,ORD01454,2025-12-02,2025-12-09,2025-12-08,Ecom Express,Delivered
DLV01455,ORD01455,2025-12-05,2025-12-11,,Ecom Express,Out for Delivery
DLV01456,ORD01456,2025-01-18,2025-01-22,,Blue Dart,Failed
DLV01457,ORD01457,2025-11-13,2025-11-19,,DTDC,Delayed
DLV01458,ORD01458,2025-01-03,2025-01-08,,DTDC,Failed
DLV01459,ORD01459,2025-10-10,2025-10-17,,Ecom Express,Failed
DLV01460,ORD01460,2025-03-31,2025-04-03,,Delhivery,Out for Delivery
DLV01461,ORD01461,2025-07-10,2025-07-13,,Blue Dart,Failed
DLV01462,ORD01462,2025-05-29,2025-06-04,,DTDC,Delayed
DLV01463,ORD01463,2025-10-22,2025-10-27,,DTDC,In Transit
DLV01464,ORD01464,2025-09-17,2025-09-22,,Delhivery,Out for Delivery
DLV01465,ORD01465,2025-10-08,2025-10-14,,Delhivery,Failed
DLV01466,ORD01466,2025-06-14,2025-06-19,,DTDC,In Transit
DLV01467,ORD01467,2025-05-03,2025-05-09,,Blue Dart,Delayed
DLV01468,ORD01468,2025-12-30,2026-01-01,,Blue Dart,Out for Delivery
DLV01469,ORD01469,2025-05-19,2025-05-25,,Blue Dart,Delayed
DLV01470,ORD01470,2025-10-15,2025-10-17,,Delhivery,Out for Delivery
DLV01471,ORD01471,2025-12-06,2025-12-12,,XpressBees,Failed
DLV01472,ORD01472,2025-12-27,2026-01-03,,XpressBees,Out for Delivery
DLV01473,ORD01473,2025-05-27,2025-05-29,,Delhivery,In Transit
DLV01474,ORD01474,2025-10-07,2025-10-13,,XpressBees,Out for Delivery
DLV01475,ORD01475,2025-07-06,2025-07-13,,XpressBees,In Transit
DLV01476,ORD01476,2025-03-26,2025-03-30,,Blue Dart,In Transit
DLV01477,ORD01477,2025-06-01,2025-06-05,,Delhivery,Out for Delivery
DLV01478,ORD01478,2025-02-16,2025-02-21,2025-02-23,Blue Dart,Delivered
DLV01479,ORD01479,2025-02-15,2025-02-21,,Ecom Express,In Transit
DLV01480,ORD01480,2025-02-20,2025-02-24,2025-02-25,Ecom Express,Delivered
DLV01481,ORD01481,2025-10-05,2025-10-09,,DTDC,Delayed
DLV01482,ORD01482,2025-05-02,2025-05-08,2025-05-09,Ecom Express,Delivered
DLV01483,ORD01483,2025-04-10,2025-04-17,2025-04-20,Ecom Express,Delivered
DLV01484,ORD01484,2025-06-17,2025-06-22,2025-06-21,DTDC,Delivered
DLV01485,ORD01485,2025-10-15,2025-10-21,2025-10-22,Blue Dart,Delivered
DLV01486,ORD01486,2025-07-27,2025-08-01,,DTDC,Out for Delivery
DLV01487,ORD01487,2025-03-27,2025-03-29,,XpressBees,Delayed
DLV01488,ORD01488,2025-12-19,2025-12-24,,DTDC,Delayed
DLV01489,ORD01489,2025-09-18,2025-09-22,,Delhivery,Failed
DLV01490,ORD01490,2025-10-19,2025-10-21,2025-10-20,DTDC,Delivered
DLV01491,ORD01491,2025-06-16,2025-06-21,2025-06-20,Blue Dart,Delivered
DLV01492,ORD01492,2025-04-14,2025-04-20,,DTDC,Failed
DLV01493,ORD01493,2025-07-02,2025-07-05,2025-07-04,Blue Dart,Delivered
DLV01494,ORD01494,2025-07-07,2025-07-14,,XpressBees,Out for Delivery
DLV01495,ORD01495,2025-04-29,2025-05-02,2025-05-05,Delhivery,Delivered
DLV01496,ORD01496,2025-09-25,2025-09-30,,DTDC,Delayed
DLV01497,ORD01497,2025-07-21,2025-07-23,,Ecom Express,In Transit
DLV01498,ORD01498,2025-02-09,2025-02-14,,Ecom Express,Failed
DLV01499,ORD01499,2025-05-09,2025-05-14,,DTDC,Out for Delivery
DLV01500,ORD01500,2025-05-10,2025-05-15,,XpressBees,Failed
DLV01501,ORD01501,2025-05-31,2025-06-04,,XpressBees,Out for Delivery
DLV01502,ORD01502,2025-02-16,2025-02-20,,Delhivery,In Transit
DLV01503,ORD01503,2025-04-16,2025-04-22,,XpressBees,Failed
DLV01504,ORD01504,2025-02-09,2025-02-13,,DTDC,Failed
DLV01505,ORD01505,2025-04-09,2025-04-13,,DTDC,In Transit
DLV01506,ORD01506,2025-04-16,2025-04-20,2025-04-22,XpressBees,Delivered
DLV01507,ORD01507,2025-04-15,2025-04-18,,DTDC,Delayed
DLV01508,ORD01508,2025-07-03,2025-07-08,2025-07-11,Ecom Express,Delivered
DLV01509,ORD01509,2025-12-04,2025-12-07,,Ecom Express,Delayed
DLV01510,ORD01510,2025-03-20,2025-03-27,,XpressBees,In Transit
DLV01511,ORD01511,2025-03-18,2025-03-22,2025-03-25,Blue Dart,Delivered
DLV01512,ORD01512,2025-06-29,2025-07-01,2025-06-30,XpressBees,Delivered
DLV01513,ORD01513,2025-08-25,2025-08-28,,Ecom Express,Out for Delivery
DLV01514,ORD01514,2025-02-02,2025-02-08,2025-02-08,XpressBees,Delivered
DLV01515,ORD01515,2025-01-06,2025-01-09,,XpressBees,Out for Delivery
DLV01516,ORD01516,2025-09-03,2025-09-09,2025-09-08,Blue Dart,Delivered
DLV01517,ORD01517,2025-04-01,2025-04-05,,XpressBees,Failed
DLV01518,ORD01518,2025-10-28,2025-11-02,,Ecom Express,Failed
DLV01519,ORD01519,2025-11-24,2025-11-27,,XpressBees,Failed
DLV01520,ORD01520,2025-08-08,2025-08-14,,Delhivery,In Transit
DLV01521,ORD01521,2025-07-24,2025-07-29,,XpressBees,Delayed
DLV01522,ORD01522,2025-01-19,2025-01-22,,XpressBees,In Transit
DLV01523,ORD01523,2025-12-15,2025-12-21,,Delhivery,Failed
DLV01524,ORD01524,2025-08-04,2025-08-07,,DTDC,In Transit
DLV01525,ORD01525,2025-03-04,2025-03-09,,Blue Dart,Failed
DLV01526,ORD01526,2025-10-22,2025-10-29,,Ecom Express,In Transit
DLV01527,ORD01527,2025-07-04,2025-07-09,,Delhivery,Failed
DLV01528,ORD01528,2025-09-14,2025-09-20,,DTDC,Delayed
DLV01529,ORD01529,2025-07-24,2025-07-31,,Delhivery,Out for Delivery
DLV01530,ORD01530,2025-01-21,2025-01-25,,Ecom Express,In Transit
DLV01531,ORD01531,2025-08-29,2025-09-03,,Ecom Express,In Transit
DLV01532,ORD01532,2025-11-20,2025-11-23,,DTDC,Delayed
DLV01533,ORD01533,2025-03-19,2025-03-23,,Delhivery,Out for Delivery
DLV01534,ORD01534,2025-03-29,2025-03-31,,DTDC,Failed
DLV01535,ORD01535,2025-10-15,2025-10-21,,DTDC,Delayed
DLV01536,ORD01536,2025-08-22,2025-08-27,,Blue Dart,In Transit
DLV01537,ORD01537,2025-08-14,2025-08-16,,Delhivery,In Transit
DLV01538,ORD01538,2025-07-27,2025-07-29,,Ecom Express,Delayed
DLV01539,ORD01539,2025-02-03,2025-02-09,,Blue Dart,Out for Delivery
DLV01540,ORD01540,2025-05-16,2025-05-18,,XpressBees,Delayed
DLV01541,ORD01541,2025-03-29,2025-03-31,,Delhivery,In Transit
DLV01542,ORD01542,2025-05-12,2025-05-16,,XpressBees,Failed
DLV01543,ORD01543,2025-03-03,2025-03-07,2025-03-10,Ecom Express,Delivered
DLV01544,ORD01544,2025-12-02,2025-12-08,,Delhivery,Delayed
DLV01545,ORD01545,2025-08-07,2025-08-11,,Blue Dart,Delayed
DLV01546,ORD01546,2025-12-06,2025-12-10,,Ecom Express,In Transit
DLV01547,ORD01547,2025-01-12,2025-01-14,,XpressBees,In Transit
DLV01548,ORD01548,2025-04-07,2025-04-11,,XpressBees,Delayed
DLV01549,ORD01549,2025-10-04,2025-10-09,,XpressBees,Out for Delivery
DLV01550,ORD01550,2025-03-04,2025-03-11,2025-03-12,Blue Dart,Delivered
DLV01551,ORD01551,2025-05-09,2025-05-13,,Delhivery,In Transit
DLV01552,ORD01552,2025-02-16,2025-02-20,,Blue Dart,Out for Delivery
DLV01553,ORD01553,2025-10-26,2025-10-31,,Delhivery,Delayed
DLV01554,ORD01554,2025-07-06,2025-07-12,,Blue Dart,Failed
DLV01555,ORD01555,2025-06-26,2025-06-28,2025-06-30,Delhivery,Delivered
DLV01556,ORD01556,2025-10-31,2025-11-02,,XpressBees,Delayed
DLV01557,ORD01557,2025-08-01,2025-08-05,,Delhivery,In Transit
DLV01558,ORD01558,2025-07-07,2025-07-09,,XpressBees,Out for Delivery
DLV01559,ORD01559,2025-08-22,2025-08-28,,XpressBees,Out for Delivery
DLV01560,ORD01560,2025-04-08,2025-04-15,2025-04-16,Ecom Express,Delivered
DLV01561,ORD01561,2025-08-10,2025-08-14,,Delhivery,Delayed
DLV01562,ORD01562,2025-11-20,2025-11-26,,Delhivery,Failed
DLV01563,ORD01563,2025-04-23,2025-04-25,,DTDC,Failed
DLV01564,ORD01564,2025-10-13,2025-10-20,,Blue Dart,Delayed
DLV01565,ORD01565,2025-11-13,2025-11-20,2025-11-23,XpressBees,Delivered
DLV01566,ORD01566,2025-03-14,2025-03-17,,Ecom Express,Failed
DLV01567,ORD01567,2025-08-07,2025-08-11,,Delhivery,In Transit
DLV01568,ORD01568,2025-07-10,2025-07-12,2025-07-13,Blue Dart,Delivered
DLV01569,ORD01569,2025-05-21,2025-05-27,,Blue Dart,Failed
DLV01570,ORD01570,2025-06-07,2025-06-14,2025-06-15,Delhivery,Delivered
DLV01571,ORD01571,2025-11-28,2025-12-03,2025-12-06,Ecom Express,Delivered
DLV01572,ORD01572,2025-10-23,2025-10-25,2025-10-26,Blue Dart,Delivered
DLV01573,ORD01573,2025-05-20,2025-05-25,,Blue Dart,Delayed
DLV01574,ORD01574,2025-06-02,2025-06-06,2025-06-05,Ecom Express,Delivered
DLV01575,ORD01575,2025-12-07,2025-12-14,,DTDC,Out for Delivery
DLV01576,ORD01576,2025-08-08,2025-08-12,,DTDC,Delayed
DLV01577,ORD01577,2025-03-05,2025-03-07,,Blue Dart,Out for Delivery
DLV01578,ORD01578,2025-06-28,2025-07-02,,XpressBees,Out for Delivery
DLV01579,ORD01579,2025-11-27,2025-12-04,,Delhivery,Failed
DLV01580,ORD01580,2025-05-10,2025-05-16,,XpressBees,Out for Delivery
DLV01581,ORD01581,2025-11-25,2025-12-01,,XpressBees,Failed
DLV01582,ORD01582,2025-04-02,2025-04-04,,Blue Dart,Failed
DLV01583,ORD01583,2025-06-10,2025-06-15,,Blue Dart,Delayed
DLV01584,ORD01584,2025-09-08,2025-09-13,,Ecom Express,In Transit
DLV01585,ORD01585,2025-12-18,2025-12-23,,DTDC,Delayed
DLV01586,ORD01586,2025-03-28,2025-04-01,,XpressBees,Delayed
DLV01587,ORD01587,2025-03-10,2025-03-14,2025-03-17,XpressBees,Delivered
DLV01588,ORD01588,2025-01-21,2025-01-23,,DTDC,In Transit
DLV01589,ORD01589,2025-07-01,2025-07-04,,Blue Dart,Delayed
DLV01590,ORD01590,2025-03-11,2025-03-14,,DTDC,Failed
DLV01591,ORD01591,2025-03-29,2025-03-31,2025-03-31,DTDC,Delivered
DLV01592,ORD01592,2025-02-28,2025-03-07,,Ecom Express,In Transit
DLV01593,ORD01593,2025-07-22,2025-07-28,,DTDC,Failed
DLV01594,ORD01594,2025-08-25,2025-08-28,,Blue Dart,Delayed
DLV01595,ORD01595,2025-10-15,2025-10-21,,Ecom Express,Delayed
DLV01596,ORD01596,2025-01-27,2025-01-30,,Blue Dart,Failed
DLV01597,ORD01597,2025-03-19,2025-03-21,,XpressBees,In Transit
DLV01598,ORD01598,2025-01-10,2025-01-16,2025-01-15,XpressBees,Delivered
DLV01599,ORD01599,2025-01-08,2025-01-12,,Ecom Express,Out for Delivery
DLV01600,ORD01600,2025-07-15,2025-07-19,2025-07-20,Delhivery,Delivered
DLV01601,ORD01601,2025-02-16,2025-02-19,,XpressBees,In Transit
DLV01602,ORD01602,2025-06-13,2025-06-18,,Ecom Express,Out for Delivery
DLV01603,ORD01603,2025-11-13,2025-11-17,,DTDC,Out for Delivery
DLV01604,ORD01604,2025-02-24,2025-02-28,,XpressBees,Out for Delivery
DLV01605,ORD01605,2025-03-18,2025-03-24,,Delhivery,Failed
DLV01606,ORD01606,2025-02-04,2025-02-08,,Ecom Express,Out for Delivery
DLV01607,ORD01607,2025-08-30,2025-09-01,,Ecom Express,In Transit
DLV01608,ORD01608,2025-12-20,2025-12-23,,DTDC,Delayed
DLV01609,ORD01609,2025-12-29,2026-01-01,,XpressBees,Failed
DLV01610,ORD01610,2025-12-16,2025-12-21,2025-12-20,Blue Dart,Delivered
DLV01611,ORD01611,2025-11-02,2025-11-09,,Ecom Express,Out for Delivery
DLV01612,ORD01612,2025-06-13,2025-06-16,2025-06-18,Ecom Express,Delivered
DLV01613,ORD01613,2025-04-26,2025-05-02,,XpressBees,Delayed
DLV01614,ORD01614,2025-04-24,2025-04-26,,DTDC,In Transit
DLV01615,ORD01615,2025-06-23,2025-06-27,,Delhivery,In Transit
DLV01616,ORD01616,2025-05-15,2025-05-17,,DTDC,Out for Delivery
DLV01617,ORD01617,2025-03-26,2025-04-02,,Ecom Express,Out for Delivery
DLV01618,ORD01618,2025-04-10,2025-04-13,,XpressBees,In Transit
DLV01619,ORD01619,2025-04-27,2025-05-04,,DTDC,In Transit
DLV01620,ORD01620,2025-05-14,2025-05-16,,Ecom Express,Failed
DLV01621,ORD01621,2025-05-09,2025-05-14,,Delhivery,Out for Delivery
DLV01622,ORD01622,2025-04-26,2025-04-30,,DTDC,Failed
DLV01623,ORD01623,2025-12-17,2025-12-24,,XpressBees,Out for Delivery
DLV01624,ORD01624,2025-12-03,2025-12-07,,Delhivery,Out for Delivery
DLV01625,ORD01625,2025-06-26,2025-07-01,,DTDC,Failed
DLV01626,ORD01626,2025-03-08,2025-03-11,2025-03-11,Delhivery,Delivered
DLV01627,ORD01627,2025-12-27,2026-01-03,,Blue Dart,Failed
DLV01628,ORD01628,2025-07-17,2025-07-22,,Blue Dart,Failed
DLV01629,ORD01629,2025-11-25,2025-12-02,,XpressBees,Failed
DLV01630,ORD01630,2025-10-21,2025-10-23,,XpressBees,In Transit
DLV01631,ORD01631,2025-02-28,2025-03-02,,Delhivery,Delayed
DLV01632,ORD01632,2025-12-29,2026-01-04,2026-01-06,DTDC,Delivered
DLV01633,ORD01633,2025-06-24,2025-06-26,,Blue Dart,In Transit
DLV01634,ORD01634,2025-04-22,2025-04-26,,Delhivery,Out for Delivery
DLV01635,ORD01635,2025-10-22,2025-10-24,,Delhivery,Failed
DLV01636,ORD01636,2025-06-10,2025-06-15,,XpressBees,Failed
DLV01637,ORD01637,2025-04-15,2025-04-17,,Delhivery,In Transit
DLV01638,ORD01638,2025-01-04,2025-01-06,,Blue Dart,Delayed
DLV01639,ORD01639,2025-07-28,2025-08-04,,Delhivery,Out for Delivery
DLV01640,ORD01640,2025-09-23,2025-09-30,2025-09-29,Delhivery,Delivered
DLV01641,ORD01641,2025-03-01,2025-03-08,2025-03-08,Delhivery,Delivered
DLV01642,ORD01642,2025-07-25,2025-07-27,,XpressBees,Out for Delivery
DLV01643,ORD01643,2025-09-27,2025-09-30,,Delhivery,Failed
DLV01644,ORD01644,2025-09-14,2025-09-19,,Delhivery,In Transit
DLV01645,ORD01645,2025-09-02,2025-09-08,,Ecom Express,Delayed
DLV01646,ORD01646,2025-04-18,2025-04-22,2025-04-22,XpressBees,Delivered
DLV01647,ORD01647,2025-07-06,2025-07-08,,DTDC,Delayed
DLV01648,ORD01648,2025-09-03,2025-09-07,,Delhivery,Failed
DLV01649,ORD01649,2025-08-28,2025-09-02,,DTDC,In Transit
DLV01650,ORD01650,2025-08-06,2025-08-08,,Ecom Express,In Transit
DLV01651,ORD01651,2025-08-02,2025-08-08,,Ecom Express,Out for Delivery
DLV01652,ORD01652,2025-02-18,2025-02-23,,DTDC,Delayed
DLV01653,ORD01653,2025-05-22,2025-05-26,2025-05-29,XpressBees,Delivered
DLV01654,ORD01654,2025-01-20,2025-01-24,,Blue Dart,Failed
DLV01655,ORD01655,2025-09-22,2025-09-25,2025-09-24,DTDC,Delivered
DLV01656,ORD01656,2025-06-18,2025-06-22,,Blue Dart,Delayed
DLV01657,ORD01657,2025-11-19,2025-11-23,2025-11-22,Blue Dart,Delivered
DLV01658,ORD01658,2025-04-12,2025-04-18,,XpressBees,In Transit
DLV01659,ORD01659,2025-07-21,2025-07-24,,XpressBees,In Transit
DLV01660,ORD01660,2025-01-01,2025-01-05,,Ecom Express,In Transit
DLV01661,ORD01661,2025-08-11,2025-08-14,,DTDC,Failed
DLV01662,ORD01662,2025-01-05,2025-01-12,,XpressBees,Failed
DLV01663,ORD01663,2025-10-26,2025-10-30,,XpressBees,Failed
DLV01664,ORD01664,2025-06-25,2025-06-29,2025-07-02,Blue Dart,Delivered
DLV01665,ORD01665,2025-06-07,2025-06-12,,Ecom Express,Delayed
DLV01666,ORD01666,2025-01-13,2025-01-16,,XpressBees,Delayed
DLV01667,ORD01667,2025-04-20,2025-04-23,,DTDC,Delayed
DLV01668,ORD01668,2025-09-11,2025-09-18,,DTDC,Out for Delivery
DLV01669,ORD01669,2025-05-05,2025-05-08,,Delhivery,Failed
DLV01670,ORD01670,2025-08-01,2025-08-04,,Blue Dart,Failed
DLV01671,ORD01671,2025-07-16,2025-07-22,,Blue Dart,Delayed
DLV01672,ORD01672,2025-09-15,2025-09-18,,Blue Dart,In Transit
DLV01673,ORD01673,2025-09-06,2025-09-08,,XpressBees,Failed
DLV01674,ORD01674,2025-05-22,2025-05-25,,Ecom Express,Out for Delivery
DLV01675,ORD01675,2025-09-28,2025-09-30,,DTDC,Failed
DLV01676,ORD01676,2025-03-15,2025-03-19,,Ecom Express,Failed
DLV01677,ORD01677,2025-12-06,2025-12-09,,DTDC,Failed
DLV01678,ORD01678,2025-09-12,2025-09-19,,XpressBees,Failed
DLV01679,ORD01679,2025-01-26,2025-01-31,,XpressBees,Delayed
DLV01680,ORD01680,2025-04-09,2025-04-15,,XpressBees,In Transit
DLV01681,ORD01681,2025-04-08,2025-04-10,,XpressBees,Out for Delivery
DLV01682,ORD01682,2025-04-25,2025-04-27,,Blue Dart,In Transit
DLV01683,ORD01683,2025-04-11,2025-04-16,2025-04-17,Blue Dart,Delivered
DLV01684,ORD01684,2025-10-03,2025-10-08,,DTDC,Failed
DLV01685,ORD01685,2025-03-03,2025-03-10,,DTDC,Out for Delivery
DLV01686,ORD01686,2025-11-21,2025-11-28,,DTDC,Failed
DLV01687,ORD01687,2025-03-07,2025-03-11,,Ecom Express,In Transit
DLV01688,ORD01688,2025-05-23,2025-05-26,,DTDC,Failed
DLV01689,ORD01689,2025-02-09,2025-02-12,,Ecom Express,Out for Delivery
DLV01690,ORD01690,2025-07-11,2025-07-17,,Ecom Express,Delayed
DLV01691,ORD01691,2025-04-10,2025-04-16,,XpressBees,In Transit
DLV01692,ORD01692,2025-10-23,2025-10-26,2025-10-26,DTDC,Delivered
DLV01693,ORD01693,2025-05-15,2025-05-21,2025-05-23,DTDC,Delivered
DLV01694,ORD01694,2025-08-29,2025-09-02,2025-09-04,Blue Dart,Delivered
DLV01695,ORD01695,2025-01-08,2025-01-11,,XpressBees,Delayed
DLV01696,ORD01696,2025-08-24,2025-08-26,,Blue Dart,Out for Delivery
DLV01697,ORD01697,2025-06-28,2025-07-01,,Blue Dart,Failed
DLV01698,ORD01698,2025-08-10,2025-08-12,2025-08-15,Delhivery,Delivered
DLV01699,ORD01699,2025-06-20,2025-06-27,,DTDC,Out for Delivery
DLV01700,ORD01700,2025-06-07,2025-06-10,,Ecom Express,Failed
DLV01701,ORD01701,2025-02-23,2025-02-27,,DTDC,Delayed
DLV01702,ORD01702,2025-05-22,2025-05-28,2025-05-27,Blue Dart,Delivered
DLV01703,ORD01703,2025-07-28,2025-08-04,,DTDC,In Transit
DLV01704,ORD01704,2025-06-08,2025-06-13,,XpressBees,Failed
DLV01705,ORD01705,2025-02-05,2025-02-10,,XpressBees,Failed
DLV01706,ORD01706,2025-04-14,2025-04-17,,Delhivery,Failed
DLV01707,ORD01707,2025-12-03,2025-12-09,,Ecom Express,Delayed
DLV01708,ORD01708,2025-06-13,2025-06-15,,Blue Dart,Delayed
DLV01709,ORD01709,2025-03-07,2025-03-11,,XpressBees,Delayed
DLV01710,ORD01710,2025-09-24,2025-09-29,2025-09-29,Blue Dart,Delivered
DLV01711,ORD01711,2025-09-19,2025-09-25,,Ecom Express,Delayed
DLV01712,ORD01712,2025-08-01,2025-08-07,,Ecom Express,Failed
DLV01713,ORD01713,2025-05-21,2025-05-27,,Delhivery,Out for Delivery
DLV01714,ORD01714,2025-11-18,2025-11-25,,DTDC,Delayed
DLV01715,ORD01715,2025-11-07,2025-11-09,,Ecom Express,Delayed
DLV01716,ORD01716,2025-04-19,2025-04-25,2025-04-26,XpressBees,Delivered
DLV01717,ORD01717,2025-05-23,2025-05-26,2025-05-26,Delhivery,Delivered
DLV01718,ORD01718,2025-06-02,2025-06-05,2025-06-06,DTDC,Delivered
DLV01719,ORD01719,2025-05-15,2025-05-19,,Ecom Express,Out for Delivery
DLV01720,ORD01720,2025-05-15,2025-05-18,2025-05-20,Blue Dart,Delivered
DLV01721,ORD01721,2025-12-01,2025-12-03,2025-12-04,Delhivery,Delivered
DLV01722,ORD01722,2025-04-14,2025-04-21,,Blue Dart,In Transit
DLV01723,ORD01723,2025-03-28,2025-03-31,,DTDC,Failed
DLV01724,ORD01724,2025-05-11,2025-05-17,,Delhivery,Failed
DLV01725,ORD01725,2025-12-27,2025-12-30,,Ecom Express,In Transit
DLV01726,ORD01726,2025-05-10,2025-05-17,,Delhivery,In Transit
DLV01727,ORD01727,2025-12-28,2026-01-03,,DTDC,Out for Delivery
DLV01728,ORD01728,2025-01-02,2025-01-09,,XpressBees,Out for Delivery
DLV01729,ORD01729,2025-06-03,2025-06-07,,DTDC,Failed
DLV01730,ORD01730,2025-09-06,2025-09-11,,DTDC,In Transit
DLV01731,ORD01731,2025-01-06,2025-01-13,,XpressBees,Failed
DLV01732,ORD01732,2025-12-12,2025-12-14,,Delhivery,Delayed
DLV01733,ORD01733,2025-03-20,2025-03-26,,Ecom Express,In Transit
DLV01734,ORD01734,2025-08-29,2025-08-31,,Delhivery,In Transit
DLV01735,ORD01735,2025-06-03,2025-06-08,,XpressBees,In Transit
DLV01736,ORD01736,2025-05-19,2025-05-21,,DTDC,In Transit
DLV01737,ORD01737,2025-12-28,2025-12-31,,DTDC,In Transit
DLV01738,ORD01738,2025-07-30,2025-08-01,2025-08-01,XpressBees,Delivered
DLV01739,ORD01739,2025-12-14,2025-12-21,,Ecom Express,In Transit
DLV01740,ORD01740,2025-08-21,2025-08-28,,DTDC,Delayed
DLV01741,ORD01741,2025-02-20,2025-02-22,,DTDC,Delayed
DLV01742,ORD01742,2025-06-18,2025-06-21,,DTDC,Delayed
DLV01743,ORD01743,2025-01-31,2025-02-06,,XpressBees,Failed
DLV01744,ORD01744,2025-07-22,2025-07-26,,Blue Dart,Failed
DLV01745,ORD01745,2025-03-05,2025-03-09,,DTDC,In Transit
DLV01746,ORD01746,2025-06-19,2025-06-21,,DTDC,In Transit
DLV01747,ORD01747,2025-07-02,2025-07-08,,Ecom Express,In Transit
DLV01748,ORD01748,2025-04-27,2025-05-02,2025-05-04,Blue Dart,Delivered
DLV01749,ORD01749,2025-04-21,2025-04-23,,DTDC,Failed
DLV01750,ORD01750,2025-04-14,2025-04-20,,Delhivery,Delayed
DLV01751,ORD01751,2025-12-07,2025-12-10,,DTDC,Out for Delivery
DLV01752,ORD01752,2025-03-21,2025-03-26,,DTDC,Delayed
DLV01753,ORD01753,2025-03-04,2025-03-11,,XpressBees,In Transit
DLV01754,ORD01754,2025-10-20,2025-10-27,,XpressBees,Delayed
DLV01755,ORD01755,2025-09-11,2025-09-18,2025-09-21,Blue Dart,Delivered
DLV01756,ORD01756,2025-08-04,2025-08-08,,Blue Dart,Out for Delivery
DLV01757,ORD01757,2025-03-20,2025-03-26,,DTDC,In Transit
DLV01758,ORD01758,2025-05-25,2025-05-29,,Blue Dart,Failed
DLV01759,ORD01759,2025-12-10,2025-12-15,,XpressBees,In Transit
DLV01760,ORD01760,2025-09-16,2025-09-18,2025-09-20,Ecom Express,Delivered
DLV01761,ORD01761,2025-06-14,2025-06-17,,Blue Dart,Out for Delivery
DLV01762,ORD01762,2025-01-16,2025-01-18,2025-01-17,DTDC,Delivered
DLV01763,ORD01763,2025-12-09,2025-12-11,,XpressBees,Delayed
DLV01764,ORD01764,2025-02-08,2025-02-15,,Ecom Express,In Transit
DLV01765,ORD01765,2025-09-26,2025-10-02,,Delhivery,Delayed
DLV01766,ORD01766,2025-11-05,2025-11-11,,Delhivery,Delayed
DLV01767,ORD01767,2025-07-10,2025-07-16,2025-07-15,DTDC,Delivered
DLV01768,ORD01768,2025-12-26,2025-12-30,,DTDC,Out for Delivery
DLV01769,ORD01769,2025-06-07,2025-06-10,,Delhivery,Delayed
DLV01770,ORD01770,2025-09-10,2025-09-13,,DTDC,Delayed
DLV01771,ORD01771,2025-09-11,2025-09-17,,Delhivery,Delayed
DLV01772,ORD01772,2025-04-20,2025-04-26,2025-04-26,DTDC,Delivered
DLV01773,ORD01773,2025-03-03,2025-03-07,,DTDC,In Transit
DLV01774,ORD01774,2025-12-27,2025-12-29,,DTDC,Delayed
DLV01775,ORD01775,2025-08-14,2025-08-18,,Blue Dart,Out for Delivery
DLV01776,ORD01776,2025-01-29,2025-01-31,2025-02-01,Delhivery,Delivered
DLV01777,ORD01777,2025-02-14,2025-02-17,,Ecom Express,Failed
DLV01778,ORD01778,2025-01-19,2025-01-26,,XpressBees,Failed
DLV01779,ORD01779,2025-11-08,2025-11-10,,Delhivery,Delayed
DLV01780,ORD01780,2025-02-06,2025-02-08,,DTDC,Out for Delivery
DLV01781,ORD01781,2025-03-12,2025-03-14,,Ecom Express,Out for Delivery
DLV01782,ORD01782,2025-03-31,2025-04-05,,Ecom Express,Out for Delivery
DLV01783,ORD01783,2025-03-29,2025-04-03,,XpressBees,Failed
DLV01784,ORD01784,2025-06-30,2025-07-04,,XpressBees,Out for Delivery
DLV01785,ORD01785,2025-01-06,2025-01-10,,Delhivery,Failed
DLV01786,ORD01786,2025-08-05,2025-08-09,,XpressBees,Out for Delivery
DLV01787,ORD01787,2025-06-24,2025-06-27,2025-06-29,Ecom Express,Delivered
DLV01788,ORD01788,2025-03-19,2025-03-22,,XpressBees,Out for Delivery
DLV01789,ORD01789,2025-06-18,2025-06-24,,Ecom Express,Delayed
DLV01790,ORD01790,2025-08-20,2025-08-27,,XpressBees,Delayed
DLV01791,ORD01791,2025-09-27,2025-10-03,2025-10-04,Blue Dart,Delivered
DLV01792,ORD01792,2025-01-22,2025-01-25,,Delhivery,Out for Delivery
DLV01793,ORD01793,2025-07-30,2025-08-02,,XpressBees,In Transit
DLV01794,ORD01794,2025-10-23,2025-10-26,,XpressBees,Failed
DLV01795,ORD01795,2025-08-21,2025-08-24,,XpressBees,Out for Delivery
DLV01796,ORD01796,2025-04-22,2025-04-27,,Blue Dart,In Transit
DLV01797,ORD01797,2025-01-07,2025-01-12,,Ecom Express,In Transit
DLV01798,ORD01798,2025-07-28,2025-08-01,,Ecom Express,In Transit
DLV01799,ORD01799,2025-04-15,2025-04-21,,Ecom Express,Out for Delivery
DLV01800,ORD01800,2025-05-19,2025-05-23,,DTDC,Delayed
DLV01801,ORD01801,2025-03-26,2025-04-01,,Blue Dart,Delayed
DLV01802,ORD01802,2025-05-30,2025-06-03,2025-06-03,DTDC,Delivered
DLV01803,ORD01803,2025-03-15,2025-03-18,,Ecom Express,In Transit
DLV01804,ORD01804,2025-07-25,2025-07-31,,DTDC,Delayed
DLV01805,ORD01805,2025-11-18,2025-11-21,,DTDC,In Transit
DLV01806,ORD01806,2025-11-26,2025-12-01,,Ecom Express,In Transit
DLV01807,ORD01807,2025-07-31,2025-08-03,2025-08-05,Blue Dart,Delivered
DLV01808,ORD01808,2025-01-23,2025-01-26,,DTDC,Delayed
DLV01809,ORD01809,2025-04-21,2025-04-27,,Delhivery,Out for Delivery
DLV01810,ORD01810,2025-07-19,2025-07-21,,XpressBees,In Transit
DLV01811,ORD01811,2025-02-12,2025-02-14,,Blue Dart,Delayed
DLV01812,ORD01812,2025-07-20,2025-07-24,,XpressBees,Delayed
DLV01813,ORD01813,2025-10-25,2025-10-30,,Blue Dart,In Transit
DLV01814,ORD01814,2025-01-20,2025-01-23,,Blue Dart,Failed
DLV01815,ORD01815,2025-07-13,2025-07-19,,Ecom Express,Out for Delivery
DLV01816,ORD01816,2025-07-08,2025-07-12,,XpressBees,Out for Delivery
DLV01817,ORD01817,2025-06-21,2025-06-25,,Delhivery,Out for Delivery
DLV01818,ORD01818,2025-11-10,2025-11-14,,Delhivery,Failed
DLV01819,ORD01819,2025-05-14,2025-05-20,,Ecom Express,Failed
DLV01820,ORD01820,2025-04-09,2025-04-12,,XpressBees,Delayed
DLV01821,ORD01821,2025-10-18,2025-10-21,,DTDC,Out for Delivery
DLV01822,ORD01822,2025-01-19,2025-01-26,,Delhivery,Failed
DLV01823,ORD01823,2025-12-29,2026-01-01,,Blue Dart,Failed
DLV01824,ORD01824,2025-09-15,2025-09-21,,DTDC,In Transit
DLV01825,ORD01825,2025-06-09,2025-06-13,2025-06-16,DTDC,Delivered
DLV01826,ORD01826,2025-11-03,2025-11-10,,Delhivery,In Transit
DLV01827,ORD01827,2025-08-13,2025-08-19,,XpressBees,Out for Delivery
DLV01828,ORD01828,2025-03-27,2025-03-30,,Ecom Express,Failed
DLV01829,ORD01829,2025-01-07,2025-01-11,,XpressBees,In Transit
DLV01830,ORD01830,2025-05-15,2025-05-21,,Blue Dart,In Transit
DLV01831,ORD01831,2025-09-07,2025-09-10,,Blue Dart,In Transit
DLV01832,ORD01832,2025-09-29,2025-10-02,,DTDC,In Transit
DLV01833,ORD01833,2025-10-27,2025-10-31,,DTDC,Failed
DLV01834,ORD01834,2025-03-29,2025-04-01,,Ecom Express,Delayed
DLV01835,ORD01835,2025-03-12,2025-03-14,,DTDC,Out for Delivery
DLV01836,ORD01836,2025-08-22,2025-08-28,2025-08-28,DTDC,Delivered
DLV01837,ORD01837,2025-11-12,2025-11-17,,Blue Dart,Out for Delivery
DLV01838,ORD01838,2025-01-18,2025-01-21,,Delhivery,Delayed
DLV01839,ORD01839,2025-10-02,2025-10-09,,Ecom Express,In Transit
DLV01840,ORD01840,2025-11-03,2025-11-08,,Ecom Express,Failed
DLV01841,ORD01841,2025-09-21,2025-09-24,,Blue Dart,Out for Delivery
DLV01842,ORD01842,2025-08-19,2025-08-24,,Delhivery,In Transit
DLV01843,ORD01843,2025-06-14,2025-06-17,,Delhivery,Delayed
DLV01844,ORD01844,2025-02-12,2025-02-16,,Ecom Express,Delayed
DLV01845,ORD01845,2025-08-12,2025-08-19,,Delhivery,Failed
DLV01846,ORD01846,2025-04-09,2025-04-13,,DTDC,Out for Delivery
DLV01847,ORD01847,2025-04-29,2025-05-03,2025-05-02,XpressBees,Delivered
DLV01848,ORD01848,2025-04-10,2025-04-14,,XpressBees,Out for Delivery
DLV01849,ORD01849,2025-04-24,2025-04-30,,Delhivery,Failed
DLV01850,ORD01850,2025-10-21,2025-10-26,,Delhivery,Out for Delivery
DLV01851,ORD01851,2025-07-19,2025-07-24,,XpressBees,Delayed
DLV01852,ORD01852,2025-04-03,2025-04-08,,XpressBees,Out for Delivery
DLV01853,ORD01853,2025-02-11,2025-02-15,,XpressBees,Out for Delivery
DLV01854,ORD01854,2025-10-27,2025-10-29,,XpressBees,Out for Delivery
DLV01855,ORD01855,2025-12-23,2025-12-30,,Delhivery,Failed
DLV01856,ORD01856,2025-03-29,2025-04-01,,DTDC,Delayed
DLV01857,ORD01857,2025-04-19,2025-04-25,,Delhivery,Out for Delivery
DLV01858,ORD01858,2025-06-13,2025-06-15,,DTDC,Delayed
DLV01859,ORD01859,2025-05-06,2025-05-10,,DTDC,Failed
DLV01860,ORD01860,2025-05-11,2025-05-17,2025-05-17,Ecom Express,Delivered
DLV01861,ORD01861,2025-02-10,2025-02-13,,Delhivery,Out for Delivery
DLV01862,ORD01862,2025-09-27,2025-09-29,,XpressBees,Out for Delivery
DLV01863,ORD01863,2025-05-19,2025-05-24,,Ecom Express,Out for Delivery
DLV01864,ORD01864,2025-05-20,2025-05-23,,Blue Dart,Out for Delivery
DLV01865,ORD01865,2025-08-17,2025-08-20,,XpressBees,In Transit
DLV01866,ORD01866,2025-02-12,2025-02-16,,Ecom Express,Delayed
DLV01867,ORD01867,2025-10-03,2025-10-10,,XpressBees,Delayed
DLV01868,ORD01868,2025-01-04,2025-01-07,2025-01-06,DTDC,Delivered
DLV01869,ORD01869,2025-03-14,2025-03-21,,DTDC,Out for Delivery
DLV01870,ORD01870,2025-05-27,2025-06-03,2025-06-04,Delhivery,Delivered
DLV01871,ORD01871,2025-07-28,2025-08-02,,DTDC,Failed
DLV01872,ORD01872,2025-05-22,2025-05-27,,Delhivery,Failed
DLV01873,ORD01873,2025-08-24,2025-08-27,2025-08-30,Ecom Express,Delivered
DLV01874,ORD01874,2025-05-21,2025-05-26,,DTDC,Out for Delivery
DLV01875,ORD01875,2025-05-27,2025-05-31,,Blue Dart,Delayed
DLV01876,ORD01876,2025-03-20,2025-03-25,,XpressBees,Failed
DLV01877,ORD01877,2025-02-24,2025-02-26,,Ecom Express,In Transit
DLV01878,ORD01878,2025-08-29,2025-08-31,,Ecom Express,In Transit
DLV01879,ORD01879,2025-07-22,2025-07-25,2025-07-28,Ecom Express,Delivered
DLV01880,ORD01880,2025-10-01,2025-10-04,,Ecom Express,Out for Delivery
DLV01881,ORD01881,2025-10-31,2025-11-06,2025-11-09,Delhivery,Delivered
DLV01882,ORD01882,2025-08-12,2025-08-16,,Delhivery,Out for Delivery
DLV01883,ORD01883,2025-04-26,2025-05-02,,Blue Dart,Failed
DLV01884,ORD01884,2025-09-25,2025-09-27,2025-09-27,XpressBees,Delivered
DLV01885,ORD01885,2025-06-12,2025-06-15,,Blue Dart,Delayed
DLV01886,ORD01886,2025-12-15,2025-12-22,,Blue Dart,Delayed
DLV01887,ORD01887,2025-09-10,2025-09-13,2025-09-12,Ecom Express,Delivered
DLV01888,ORD01888,2025-09-18,2025-09-23,2025-09-25,Blue Dart,Delivered
DLV01889,ORD01889,2025-09-28,2025-10-04,,Blue Dart,Failed
DLV01890,ORD01890,2025-05-02,2025-05-06,,XpressBees,Failed
DLV01891,ORD01891,2025-02-21,2025-02-28,2025-02-27,DTDC,Delivered
DLV01892,ORD01892,2025-04-20,2025-04-25,,Delhivery,Delayed
DLV01893,ORD01893,2025-04-03,2025-04-10,,DTDC,Failed
DLV01894,ORD01894,2025-02-20,2025-02-24,2025-02-24,Blue Dart,Delivered
DLV01895,ORD01895,2025-12-01,2025-12-07,,XpressBees,Out for Delivery
DLV01896,ORD01896,2025-10-13,2025-10-15,,Delhivery,Out for Delivery
DLV01897,ORD01897,2025-07-24,2025-07-29,,Ecom Express,Delayed
DLV01898,ORD01898,2025-07-22,2025-07-27,,DTDC,Failed
DLV01899,ORD01899,2025-11-22,2025-11-26,,Delhivery,In Transit
DLV01900,ORD01900,2025-03-27,2025-04-01,,Blue Dart,Delayed
DLV01901,ORD01901,2025-02-27,2025-03-04,,Blue Dart,Delayed
DLV01902,ORD01902,2025-05-08,2025-05-15,,Blue Dart,Failed
DLV01903,ORD01903,2025-01-10,2025-01-15,2025-01-18,Blue Dart,Delivered
DLV01904,ORD01904,2025-10-13,2025-10-20,,Ecom Express,Failed
DLV01905,ORD01905,2025-09-13,2025-09-18,2025-09-21,Blue Dart,Delivered
DLV01906,ORD01906,2025-06-23,2025-06-29,,Delhivery,Out for Delivery
DLV01907,ORD01907,2025-11-11,2025-11-17,,DTDC,Delayed
DLV01908,ORD01908,2025-10-02,2025-10-04,,DTDC,Out for Delivery
DLV01909,ORD01909,2025-01-20,2025-01-24,,Ecom Express,Out for Delivery
DLV01910,ORD01910,2025-12-19,2025-12-22,,Ecom Express,Delayed
DLV01911,ORD01911,2025-05-08,2025-05-12,,Delhivery,In Transit
DLV01912,ORD01912,2025-07-10,2025-07-17,,DTDC,In Transit
DLV01913,ORD01913,2025-03-19,2025-03-22,,Ecom Express,In Transit
DLV01914,ORD01914,2025-05-22,2025-05-25,,Ecom Express,Delayed
DLV01915,ORD01915,2025-08-03,2025-08-06,,Ecom Express,Failed
DLV01916,ORD01916,2025-02-01,2025-02-03,,XpressBees,In Transit
DLV01917,ORD01917,2025-10-02,2025-10-05,,Delhivery,Failed
DLV01918,ORD01918,2025-01-28,2025-02-04,,Ecom Express,Out for Delivery
DLV01919,ORD01919,2025-05-18,2025-05-23,,Delhivery,Out for Delivery
DLV01920,ORD01920,2025-02-11,2025-02-17,2025-02-19,Delhivery,Delivered
DLV01921,ORD01921,2025-05-01,2025-05-03,,Ecom Express,Failed
DLV01922,ORD01922,2025-06-20,2025-06-26,,Ecom Express,In Transit
DLV01923,ORD01923,2025-11-14,2025-11-19,,Ecom Express,In Transit
DLV01924,ORD01924,2025-04-07,2025-04-13,,XpressBees,Failed
DLV01925,ORD01925,2025-10-26,2025-10-31,,Blue Dart,Out for Delivery
DLV01926,ORD01926,2025-05-03,2025-05-06,,Ecom Express,In Transit
DLV01927,ORD01927,2025-04-05,2025-04-11,,Delhivery,Out for Delivery
DLV01928,ORD01928,2025-08-08,2025-08-15,2025-08-18,Blue Dart,Delivered
DLV01929,ORD01929,2025-12-16,2025-12-22,,Blue Dart,Failed
DLV01930,ORD01930,2025-12-08,2025-12-13,2025-12-16,DTDC,Delivered
DLV01931,ORD01931,2025-05-09,2025-05-11,,Blue Dart,In Transit
DLV01932,ORD01932,2025-07-07,2025-07-11,,XpressBees,Failed
DLV01933,ORD01933,2025-02-08,2025-02-15,,Blue Dart,Delayed
DLV01934,ORD01934,2025-07-04,2025-07-07,,Delhivery,In Transit
DLV01935,ORD01935,2025-10-20,2025-10-27,2025-10-30,XpressBees,Delivered
DLV01936,ORD01936,2025-05-14,2025-05-19,,Delhivery,In Transit
DLV01937,ORD01937,2025-08-17,2025-08-20,2025-08-20,Blue Dart,Delivered
DLV01938,ORD01938,2025-08-25,2025-08-31,2025-08-30,Blue Dart,Delivered
DLV01939,ORD01939,2025-06-09,2025-06-13,,Ecom Express,Out for Delivery
DLV01940,ORD01940,2025-05-07,2025-05-13,,Delhivery,In Transit
DLV01941,ORD01941,2025-08-25,2025-08-28,,Ecom Express,Out for Delivery
DLV01942,ORD01942,2025-11-27,2025-11-29,2025-11-29,XpressBees,Delivered
DLV01943,ORD01943,2025-10-27,2025-11-03,,XpressBees,Delayed
DLV01944,ORD01944,2025-01-09,2025-01-15,2025-01-15,Ecom Express,Delivered
DLV01945,ORD01945,2025-06-08,2025-06-14,,XpressBees,Failed
DLV01946,ORD01946,2025-10-13,2025-10-18,,Ecom Express,Out for Delivery
DLV01947,ORD01947,2025-04-13,2025-04-18,,XpressBees,Failed
DLV01948,ORD01948,2025-12-19,2025-12-25,,Blue Dart,Out for Delivery
DLV01949,ORD01949,2025-03-05,2025-03-11,,DTDC,Failed
DLV01950,ORD01950,2025-03-02,2025-03-04,,DTDC,Out for Delivery
DLV01951,ORD01951,2025-03-19,2025-03-22,,Delhivery,Failed
DLV01952,ORD01952,2025-07-29,2025-07-31,,XpressBees,In Transit
DLV01953,ORD01953,2025-10-12,2025-10-14,,Ecom Express,Failed
DLV01954,ORD01954,2025-02-23,2025-02-28,,XpressBees,Delayed
DLV01955,ORD01955,2025-11-28,2025-12-04,,DTDC,Failed
DLV01956,ORD01956,2025-09-18,2025-09-25,,DTDC,Delayed
DLV01957,ORD01957,2025-11-01,2025-11-08,,XpressBees,In Transit
DLV01958,ORD01958,2025-10-13,2025-10-18,,XpressBees,Out for Delivery
DLV01959,ORD01959,2025-02-08,2025-02-10,,XpressBees,In Transit
DLV01960,ORD01960,2025-03-09,2025-03-13,,Delhivery,Delayed
DLV01961,ORD01961,2025-06-30,2025-07-05,2025-07-07,DTDC,Delivered
DLV01962,ORD01962,2025-03-10,2025-03-13,,Delhivery,Out for Delivery
DLV01963,ORD01963,2025-12-11,2025-12-15,,Delhivery,In Transit
DLV01964,ORD01964,2025-02-22,2025-02-27,,XpressBees,Out for Delivery
DLV01965,ORD01965,2025-04-01,2025-04-05,,Ecom Express,Delayed
DLV01966,ORD01966,2025-01-09,2025-01-15,,XpressBees,Failed
DLV01967,ORD01967,2025-12-18,2025-12-21,,Delhivery,Delayed
DLV01968,ORD01968,2025-07-22,2025-07-26,,XpressBees,Out for Delivery
DLV01969,ORD01969,2025-12-22,2025-12-29,2025-12-29,Blue Dart,Delivered
DLV01970,ORD01970,2025-09-11,2025-09-15,2025-09-15,Ecom Express,Delivered
DLV01971,ORD01971,2025-08-22,2025-08-28,,Blue Dart,Failed
DLV01972,ORD01972,2025-02-09,2025-02-11,,Delhivery,In Transit
DLV01973,ORD01973,2025-02-01,2025-02-07,,XpressBees,Delayed
DLV01974,ORD01974,2025-03-03,2025-03-05,2025-03-05,XpressBees,Delivered
DLV01975,ORD01975,2025-07-04,2025-07-07,,Blue Dart,Failed
DLV01976,ORD01976,2025-12-30,2026-01-04,2026-01-03,Blue Dart,Delivered
DLV01977,ORD01977,2025-01-02,2025-01-08,2025-01-08,XpressBees,Delivered
DLV01978,ORD01978,2025-10-11,2025-10-17,,Ecom Express,In Transit
DLV01979,ORD01979,2025-04-09,2025-04-15,,Blue Dart,Out for Delivery
DLV01980,ORD01980,2025-02-15,2025-02-22,2025-02-22,Delhivery,Delivered
DLV01981,ORD01981,2025-01-04,2025-01-10,,Ecom Express,Failed
DLV01982,ORD01982,2025-11-15,2025-11-22,2025-11-21,DTDC,Delivered
DLV01983,ORD01983,2025-03-13,2025-03-16,,Ecom Express,In Transit
DLV01984,ORD01984,2025-03-28,2025-03-31,,XpressBees,Failed
DLV01985,ORD01985,2025-03-22,2025-03-28,,DTDC,Failed
DLV01986,ORD01986,2025-02-15,2025-02-17,,DTDC,Delayed
DLV01987,ORD01987,2025-04-15,2025-04-17,,Ecom Express,Failed
DLV01988,ORD01988,2025-11-11,2025-11-18,2025-11-19,Blue Dart,Delivered
DLV01989,ORD01989,2025-04-18,2025-04-22,,Delhivery,Delayed
DLV01990,ORD01990,2025-01-04,2025-01-10,,Blue Dart,Delayed
DLV01991,ORD01991,2025-02-26,2025-03-01,,Delhivery,In Transit
DLV01992,ORD01992,2025-02-28,2025-03-05,2025-03-04,Blue Dart,Delivered
DLV01993,ORD01993,2025-09-25,2025-10-02,,Ecom Express,Failed
DLV01994,ORD01994,2025-12-17,2025-12-22,,Delhivery,Failed
DLV01995,ORD01995,2025-11-06,2025-11-11,,Delhivery,Failed
DLV01996,ORD01996,2025-06-29,2025-07-04,,XpressBees,Failed
DLV01997,ORD01997,2025-03-12,2025-03-18,,Delhivery,Out for Delivery
DLV01998,ORD01998,2025-12-03,2025-12-09,,XpressBees,Failed
DLV01999,ORD01999,2025-11-04,2025-11-06,,Delhivery,Failed
DLV02000,ORD02000,2025-05-13,2025-05-17,,Delhivery,Out for Delivery
DLV02001,ORD02001,2025-06-30,2025-07-04,,Delhivery,In Transit
DLV02002,ORD02002,2025-01-09,2025-01-15,,Ecom Express,In Transit
DLV02003,ORD02003,2025-08-20,2025-08-22,,Ecom Express,In Transit
DLV02004,ORD02004,2025-03-10,2025-03-17,,DTDC,Out for Delivery
DLV02005,ORD02005,2025-03-06,2025-03-13,,Blue Dart,Failed
DLV02006,ORD02006,2025-02-11,2025-02-17,,Blue Dart,Out for Delivery
DLV02007,ORD02007,2025-09-13,2025-09-19,,XpressBees,Out for Delivery
DLV02008,ORD02008,2025-05-31,2025-06-04,,Blue Dart,In Transit
DLV02009,ORD02009,2025-02-12,2025-02-14,,Blue Dart,In Transit
DLV02010,ORD02010,2025-02-08,2025-02-10,,Ecom Express,Delayed
DLV02011,ORD02011,2025-05-22,2025-05-24,2025-05-27,Delhivery,Delivered
DLV02012,ORD02012,2025-05-02,2025-05-06,,XpressBees,Delayed
DLV02013,ORD02013,2025-12-14,2025-12-18,,DTDC,In Transit
DLV02014,ORD02014,2025-11-05,2025-11-08,,XpressBees,In Transit
DLV02015,ORD02015,2025-10-19,2025-10-26,2025-10-29,XpressBees,Delivered
DLV02016,ORD02016,2025-05-07,2025-05-11,,DTDC,In Transit
DLV02017,ORD02017,2025-06-29,2025-07-03,,Ecom Express,In Transit
DLV02018,ORD02018,2025-05-24,2025-05-30,,Blue Dart,Out for Delivery
DLV02019,ORD02019,2025-11-19,2025-11-22,,Ecom Express,Delayed
DLV02020,ORD02020,2025-07-20,2025-07-24,,XpressBees,In Transit
DLV02021,ORD02021,2025-10-08,2025-10-12,,XpressBees,In Transit
DLV02022,ORD02022,2025-08-01,2025-08-03,,Delhivery,Failed
DLV02023,ORD02023,2025-08-28,2025-09-02,,Delhivery,Out for Delivery
DLV02024,ORD02024,2025-01-21,2025-01-25,,XpressBees,Out for Delivery
DLV02025,ORD02025,2025-03-08,2025-03-10,,Ecom Express,Delayed
DLV02026,ORD02026,2025-02-14,2025-02-19,,Blue Dart,Delayed
DLV02027,ORD02027,2025-10-06,2025-10-08,2025-10-10,Blue Dart,Delivered
DLV02028,ORD02028,2025-05-05,2025-05-09,2025-05-10,XpressBees,Delivered
DLV02029,ORD02029,2025-08-04,2025-08-08,,DTDC,Delayed
DLV02030,ORD02030,2025-02-15,2025-02-20,,DTDC,Failed
DLV02031,ORD02031,2025-05-08,2025-05-15,,DTDC,Failed
DLV02032,ORD02032,2025-08-10,2025-08-17,,Blue Dart,Delayed
DLV02033,ORD02033,2025-04-26,2025-05-01,,Delhivery,Failed
DLV02034,ORD02034,2025-01-03,2025-01-08,,Blue Dart,Failed
DLV02035,ORD02035,2025-03-29,2025-04-04,,XpressBees,In Transit
DLV02036,ORD02036,2025-11-24,2025-11-29,,Blue Dart,Failed
DLV02037,ORD02037,2025-10-27,2025-11-03,,Ecom Express,Delayed
DLV02038,ORD02038,2025-09-06,2025-09-10,,DTDC,Out for Delivery
DLV02039,ORD02039,2025-06-25,2025-06-27,,Delhivery,Delayed
DLV02040,ORD02040,2025-01-15,2025-01-19,2025-01-21,Ecom Express,Delivered
DLV02041,ORD02041,2025-03-14,2025-03-18,,Ecom Express,Out for Delivery
DLV02042,ORD02042,2025-09-27,2025-10-02,,XpressBees,Failed
DLV02043,ORD02043,2025-08-23,2025-08-28,,Blue Dart,Delayed
DLV02044,ORD02044,2025-06-24,2025-06-30,,Blue Dart,In Transit
DLV02045,ORD02045,2025-06-13,2025-06-19,,Ecom Express,Delayed
DLV02046,ORD02046,2025-09-20,2025-09-27,,Blue Dart,Failed
DLV02047,ORD02047,2025-06-26,2025-06-29,,Blue Dart,Failed
DLV02048,ORD02048,2025-08-19,2025-08-24,,DTDC,Out for Delivery
DLV02049,ORD02049,2025-02-25,2025-03-01,,Delhivery,In Transit
DLV02050,ORD02050,2025-08-15,2025-08-21,2025-08-22,Ecom Express,Delivered
DLV02051,ORD02051,2025-06-08,2025-06-11,,Delhivery,Failed
DLV02052,ORD02052,2025-05-08,2025-05-12,,Delhivery,Out for Delivery
DLV02053,ORD02053,2025-05-11,2025-05-13,,DTDC,Delayed
DLV02054,ORD02054,2025-12-19,2025-12-23,,XpressBees,In Transit
DLV02055,ORD02055,2025-02-24,2025-02-28,,Delhivery,In Transit
DLV02056,ORD02056,2025-09-23,2025-09-27,2025-09-26,DTDC,Delivered
DLV02057,ORD02057,2025-10-07,2025-10-11,,DTDC,Failed
DLV02058,ORD02058,2025-11-29,2025-12-06,,XpressBees,Failed
DLV02059,ORD02059,2025-10-07,2025-10-12,,Delhivery,Failed
DLV02060,ORD02060,2025-08-19,2025-08-25,2025-08-27,Delhivery,Delivered
DLV02061,ORD02061,2025-03-12,2025-03-19,2025-03-22,Delhivery,Delivered
DLV02062,ORD02062,2025-12-24,2025-12-26,,Delhivery,In Transit
DLV02063,ORD02063,2025-08-23,2025-08-28,,Blue Dart,Delayed
DLV02064,ORD02064,2025-02-20,2025-02-27,,Delhivery,Failed
DLV02065,ORD02065,2025-06-05,2025-06-12,,Delhivery,Out for Delivery
DLV02066,ORD02066,2025-04-05,2025-04-07,,XpressBees,Failed
DLV02067,ORD02067,2025-04-04,2025-04-10,,Ecom Express,Out for Delivery
DLV02068,ORD02068,2025-08-04,2025-08-09,,Delhivery,Delayed
DLV02069,ORD02069,2025-09-30,2025-10-02,,Delhivery,Out for Delivery
DLV02070,ORD02070,2025-07-28,2025-07-31,,Ecom Express,Failed
DLV02071,ORD02071,2025-03-02,2025-03-06,,XpressBees,Failed
DLV02072,ORD02072,2025-03-03,2025-03-10,2025-03-12,XpressBees,Delivered
DLV02073,ORD02073,2025-03-26,2025-03-30,,Ecom Express,Delayed
DLV02074,ORD02074,2025-04-01,2025-04-04,,Ecom Express,Failed
DLV02075,ORD02075,2025-08-11,2025-08-13,,Ecom Express,Delayed
DLV02076,ORD02076,2025-05-16,2025-05-20,,Delhivery,Out for Delivery
DLV02077,ORD02077,2025-05-23,2025-05-25,,XpressBees,In Transit
DLV02078,ORD02078,2025-03-26,2025-04-01,,XpressBees,Out for Delivery
DLV02079,ORD02079,2025-12-14,2025-12-19,,Blue Dart,Failed
DLV02080,ORD02080,2025-07-16,2025-07-19,,Ecom Express,In Transit
DLV02081,ORD02081,2025-07-19,2025-07-24,,DTDC,Out for Delivery
DLV02082,ORD02082,2025-06-23,2025-06-27,,Blue Dart,Failed
DLV02083,ORD02083,2025-12-12,2025-12-14,,DTDC,In Transit
DLV02084,ORD02084,2025-04-11,2025-04-18,,Ecom Express,In Transit
DLV02085,ORD02085,2025-04-10,2025-04-12,,Ecom Express,Delayed
DLV02086,ORD02086,2025-09-15,2025-09-17,,XpressBees,Failed
DLV02087,ORD02087,2025-03-18,2025-03-22,,Delhivery,In Transit
DLV02088,ORD02088,2025-01-22,2025-01-27,,DTDC,In Transit
DLV02089,ORD02089,2025-11-16,2025-11-19,,DTDC,In Transit
DLV02090,ORD02090,2025-12-13,2025-12-18,,Blue Dart,Failed
DLV02091,ORD02091,2025-04-08,2025-04-14,,Delhivery,In Transit
DLV02092,ORD02092,2025-03-12,2025-03-15,,XpressBees,In Transit
DLV02093,ORD02093,2025-04-21,2025-04-24,,Ecom Express,Failed
DLV02094,ORD02094,2025-02-26,2025-03-05,,Blue Dart,In Transit
DLV02095,ORD02095,2025-09-18,2025-09-21,,XpressBees,Delayed
DLV02096,ORD02096,2025-09-15,2025-09-18,2025-09-21,DTDC,Delivered
DLV02097,ORD02097,2025-03-09,2025-03-11,,Ecom Express,Failed
DLV02098,ORD02098,2025-01-17,2025-01-23,2025-01-22,Blue Dart,Delivered
DLV02099,ORD02099,2025-12-20,2025-12-23,2025-12-25,DTDC,Delivered
DLV02100,ORD02100,2025-07-18,2025-07-22,2025-07-22,DTDC,Delivered
DLV02101,ORD02101,2025-04-25,2025-04-27,2025-04-29,Delhivery,Delivered
DLV02102,ORD02102,2025-01-04,2025-01-06,,Delhivery,Failed
DLV02103,ORD02103,2025-06-07,2025-06-10,,Blue Dart,Out for Delivery
DLV02104,ORD02104,2025-01-02,2025-01-07,,DTDC,Failed
DLV02105,ORD02105,2025-05-25,2025-05-28,,DTDC,Out for Delivery
DLV02106,ORD02106,2025-07-12,2025-07-18,,Blue Dart,Out for Delivery
DLV02107,ORD02107,2025-02-23,2025-03-02,,XpressBees,Failed
DLV02108,ORD02108,2025-01-06,2025-01-08,2025-01-08,Blue Dart,Delivered
DLV02109,ORD02109,2025-03-01,2025-03-08,,Delhivery,Out for Delivery
DLV02110,ORD02110,2025-09-20,2025-09-23,,Blue Dart,Failed
DLV02111,ORD02111,2025-09-16,2025-09-22,,DTDC,In Transit
DLV02112,ORD02112,2025-10-19,2025-10-23,2025-10-24,XpressBees,Delivered
DLV02113,ORD02113,2025-06-23,2025-06-27,2025-06-27,XpressBees,Delivered
DLV02114,ORD02114,2025-07-08,2025-07-13,,XpressBees,Delayed
DLV02115,ORD02115,2025-10-06,2025-10-12,,XpressBees,Failed
DLV02116,ORD02116,2025-03-16,2025-03-18,,Delhivery,Delayed
DLV02117,ORD02117,2025-09-15,2025-09-22,,Ecom Express,Failed
DLV02118,ORD02118,2025-09-04,2025-09-06,,Blue Dart,Failed
DLV02119,ORD02119,2025-05-16,2025-05-18,,Ecom Express,Out for Delivery
DLV02120,ORD02120,2025-11-18,2025-11-20,,DTDC,Out for Delivery
DLV02121,ORD02121,2025-09-12,2025-09-15,2025-09-18,DTDC,Delivered
DLV02122,ORD02122,2025-09-26,2025-10-02,2025-10-05,Delhivery,Delivered
DLV02123,ORD02123,2025-06-12,2025-06-14,2025-06-15,DTDC,Delivered
DLV02124,ORD02124,2025-01-30,2025-02-03,,XpressBees,In Transit
DLV02125,ORD02125,2025-10-22,2025-10-29,,Blue Dart,Out for Delivery
DLV02126,ORD02126,2025-08-02,2025-08-09,,Delhivery,Delayed
DLV02127,ORD02127,2025-12-01,2025-12-04,2025-12-07,Ecom Express,Delivered
DLV02128,ORD02128,2025-02-23,2025-02-26,,XpressBees,Failed
DLV02129,ORD02129,2025-03-01,2025-03-03,,Blue Dart,Delayed
DLV02130,ORD02130,2025-07-02,2025-07-05,2025-07-04,XpressBees,Delivered
DLV02131,ORD02131,2025-08-17,2025-08-21,,DTDC,Out for Delivery
DLV02132,ORD02132,2025-03-21,2025-03-28,,DTDC,Delayed
DLV02133,ORD02133,2025-02-11,2025-02-18,2025-02-17,Blue Dart,Delivered
DLV02134,ORD02134,2025-08-08,2025-08-12,,Delhivery,In Transit
DLV02135,ORD02135,2025-05-31,2025-06-02,2025-06-04,Blue Dart,Delivered
DLV02136,ORD02136,2025-01-26,2025-01-28,,Ecom Express,Failed
DLV02137,ORD02137,2025-12-15,2025-12-18,,Blue Dart,Delayed
DLV02138,ORD02138,2025-12-06,2025-12-11,,Delhivery,Delayed
DLV02139,ORD02139,2025-03-19,2025-03-21,,Delhivery,Out for Delivery
DLV02140,ORD02140,2025-12-04,2025-12-06,,DTDC,Out for Delivery
DLV02141,ORD02141,2025-01-06,2025-01-11,,XpressBees,Delayed
DLV02142,ORD02142,2025-04-10,2025-04-12,,Ecom Express,Delayed
DLV02143,ORD02143,2025-05-09,2025-05-13,,XpressBees,Out for Delivery
DLV02144,ORD02144,2025-05-17,2025-05-21,,DTDC,Failed
DLV02145,ORD02145,2025-03-30,2025-04-06,,DTDC,Delayed
DLV02146,ORD02146,2025-06-15,2025-06-22,,XpressBees,Failed
DLV02147,ORD02147,2025-08-23,2025-08-30,,XpressBees,In Transit
DLV02148,ORD02148,2025-12-12,2025-12-16,,XpressBees,Failed
DLV02149,ORD02149,2025-12-12,2025-12-15,2025-12-15,DTDC,Delivered
DLV02150,ORD02150,2025-01-23,2025-01-29,,XpressBees,In Transit
DLV02151,ORD02151,2025-02-11,2025-02-16,,Ecom Express,In Transit
DLV02152,ORD02152,2025-04-07,2025-04-11,,Blue Dart,In Transit
DLV02153,ORD02153,2025-03-10,2025-03-17,,Delhivery,Failed
DLV02154,ORD02154,2025-06-06,2025-06-12,,Blue Dart,Failed
DLV02155,ORD02155,2025-03-25,2025-03-27,,Ecom Express,Out for Delivery
DLV02156,ORD02156,2025-11-02,2025-11-05,,Ecom Express,In Transit
DLV02157,ORD02157,2025-08-07,2025-08-09,2025-08-09,XpressBees,Delivered
DLV02158,ORD02158,2025-05-04,2025-05-07,,Delhivery,Delayed
DLV02159,ORD02159,2025-07-23,2025-07-25,,XpressBees,In Transit
DLV02160,ORD02160,2025-04-17,2025-04-19,,Ecom Express,Delayed
DLV02161,ORD02161,2025-07-11,2025-07-13,,Blue Dart,Delayed
DLV02162,ORD02162,2025-09-15,2025-09-19,,XpressBees,Failed
DLV02163,ORD02163,2025-07-26,2025-07-28,,DTDC,Failed
DLV02164,ORD02164,2025-07-06,2025-07-13,,Delhivery,Out for Delivery
DLV02165,ORD02165,2025-03-11,2025-03-13,,DTDC,Failed
DLV02166,ORD02166,2025-04-16,2025-04-23,,Ecom Express,In Transit
DLV02167,ORD02167,2025-12-09,2025-12-16,,Delhivery,Out for Delivery
DLV02168,ORD02168,2025-08-02,2025-08-04,,DTDC,Failed
DLV02169,ORD02169,2025-11-17,2025-11-24,,Delhivery,Delayed
DLV02170,ORD02170,2025-03-17,2025-03-20,2025-03-20,XpressBees,Delivered
DLV02171,ORD02171,2025-09-28,2025-10-05,,Blue Dart,Delayed
DLV02172,ORD02172,2025-09-27,2025-10-04,,Delhivery,Out for Delivery
DLV02173,ORD02173,2025-01-24,2025-01-27,,Ecom Express,Out for Delivery
DLV02174,ORD02174,2025-01-15,2025-01-22,2025-01-22,DTDC,Delivered
DLV02175,ORD02175,2025-12-17,2025-12-21,,XpressBees,Failed
DLV02176,ORD02176,2025-02-12,2025-02-19,,Ecom Express,Delayed
DLV02177,ORD02177,2025-04-17,2025-04-22,,DTDC,In Transit
DLV02178,ORD02178,2025-06-23,2025-06-26,,DTDC,Out for Delivery
DLV02179,ORD02179,2025-10-15,2025-10-19,2025-10-20,Blue Dart,Delivered
DLV02180,ORD02180,2025-01-29,2025-02-04,2025-02-05,Blue Dart,Delivered
DLV02181,ORD02181,2025-05-13,2025-05-17,,DTDC,In Transit
DLV02182,ORD02182,2025-01-05,2025-01-11,,Blue Dart,In Transit
DLV02183,ORD02183,2025-04-10,2025-04-17,2025-04-16,DTDC,Delivered
DLV02184,ORD02184,2025-02-19,2025-02-21,,DTDC,Delayed
DLV02185,ORD02185,2025-02-24,2025-02-28,,XpressBees,Failed
DLV02186,ORD02186,2025-10-03,2025-10-07,,Ecom Express,In Transit
DLV02187,ORD02187,2025-04-05,2025-04-11,,XpressBees,Failed
DLV02188,ORD02188,2025-02-19,2025-02-24,,XpressBees,Out for Delivery
DLV02189,ORD02189,2025-10-06,2025-10-12,,XpressBees,In Transit
DLV02190,ORD02190,2025-05-04,2025-05-06,,DTDC,Failed
DLV02191,ORD02191,2025-12-24,2025-12-30,,Ecom Express,Delayed
DLV02192,ORD02192,2025-09-25,2025-09-28,,XpressBees,Failed
DLV02193,ORD02193,2025-03-27,2025-04-03,,Blue Dart,In Transit
DLV02194,ORD02194,2025-12-22,2025-12-28,,DTDC,In Transit
DLV02195,ORD02195,2025-02-15,2025-02-19,,XpressBees,Failed
DLV02196,ORD02196,2025-05-20,2025-05-24,2025-05-24,Blue Dart,Delivered
DLV02197,ORD02197,2025-08-13,2025-08-15,,XpressBees,Failed
DLV02198,ORD02198,2025-02-22,2025-02-24,,Delhivery,Failed
DLV02199,ORD02199,2025-05-05,2025-05-12,,Blue Dart,Failed
DLV02200,ORD02200,2025-06-02,2025-06-07,2025-06-10,Delhivery,Delivered
DLV02201,ORD02201,2025-12-21,2025-12-23,,Delhivery,Delayed
DLV02202,ORD02202,2025-05-17,2025-05-23,,Delhivery,In Transit
DLV02203,ORD02203,2025-11-16,2025-11-19,,Delhivery,In Transit
DLV02204,ORD02204,2025-07-19,2025-07-25,,XpressBees,In Transit
DLV02205,ORD02205,2025-03-19,2025-03-22,,Delhivery,In Transit
DLV02206,ORD02206,2025-10-19,2025-10-25,,XpressBees,Delayed
DLV02207,ORD02207,2025-04-02,2025-04-09,,Blue Dart,Failed
DLV02208,ORD02208,2025-10-02,2025-10-04,,DTDC,Failed
DLV02209,ORD02209,2025-04-04,2025-04-06,,DTDC,Failed
DLV02210,ORD02210,2025-11-29,2025-12-03,,Delhivery,Delayed
DLV02211,ORD02211,2025-02-23,2025-03-02,,Delhivery,Out for Delivery
DLV02212,ORD02212,2025-02-05,2025-02-07,2025-02-07,Delhivery,Delivered
DLV02213,ORD02213,2025-03-15,2025-03-20,,Ecom Express,Failed
DLV02214,ORD02214,2025-01-14,2025-01-17,,Blue Dart,In Transit
DLV02215,ORD02215,2025-02-28,2025-03-02,,Delhivery,Failed
DLV02216,ORD02216,2025-11-19,2025-11-24,,XpressBees,Out for Delivery
DLV02217,ORD02217,2025-01-20,2025-01-23,2025-01-25,XpressBees,Delivered
DLV02218,ORD02218,2025-09-07,2025-09-09,2025-09-08,Delhivery,Delivered
DLV02219,ORD02219,2025-10-27,2025-10-31,,XpressBees,In Transit
DLV02220,ORD02220,2025-07-03,2025-07-07,,DTDC,Delayed
DLV02221,ORD02221,2025-09-25,2025-09-28,,DTDC,Out for Delivery
DLV02222,ORD02222,2025-06-13,2025-06-16,,DTDC,Delayed
DLV02223,ORD02223,2025-06-26,2025-06-30,,XpressBees,Delayed
DLV02224,ORD02224,2025-11-17,2025-11-19,2025-11-19,Blue Dart,Delivered
DLV02225,ORD02225,2025-01-27,2025-01-31,2025-02-03,XpressBees,Delivered
DLV02226,ORD02226,2025-10-17,2025-10-24,,DTDC,Failed
DLV02227,ORD02227,2025-05-07,2025-05-14,,Delhivery,Failed
DLV02228,ORD02228,2025-12-29,2026-01-02,,XpressBees,Delayed
DLV02229,ORD02229,2025-04-01,2025-04-06,,Ecom Express,Delayed
DLV02230,ORD02230,2025-05-06,2025-05-13,,Blue Dart,Out for Delivery
DLV02231,ORD02231,2025-06-05,2025-06-11,,Ecom Express,In Transit
DLV02232,ORD02232,2025-03-29,2025-04-05,2025-04-05,Delhivery,Delivered
DLV02233,ORD02233,2025-06-04,2025-06-06,,Delhivery,Failed
DLV02234,ORD02234,2025-05-13,2025-05-18,2025-05-21,Ecom Express,Delivered
DLV02235,ORD02235,2025-09-17,2025-09-24,,Blue Dart,In Transit
DLV02236,ORD02236,2025-06-03,2025-06-10,2025-06-09,Delhivery,Delivered
DLV02237,ORD02237,2025-08-28,2025-09-03,,DTDC,Out for Delivery
DLV02238,ORD02238,2025-03-24,2025-03-31,,Ecom Express,Out for Delivery
DLV02239,ORD02239,2025-04-16,2025-04-19,2025-04-22,Blue Dart,Delivered
DLV02240,ORD02240,2025-04-26,2025-05-01,2025-05-03,Ecom Express,Delivered
DLV02241,ORD02241,2025-08-16,2025-08-23,,XpressBees,In Transit
DLV02242,ORD02242,2025-11-09,2025-11-12,,XpressBees,Failed
DLV02243,ORD02243,2025-04-06,2025-04-08,,DTDC,Failed
DLV02244,ORD02244,2025-01-28,2025-02-01,,DTDC,Failed
DLV02245,ORD02245,2025-12-10,2025-12-13,,Blue Dart,Delayed
DLV02246,ORD02246,2025-05-09,2025-05-15,,Ecom Express,Failed
DLV02247,ORD02247,2025-03-26,2025-03-28,,DTDC,In Transit
DLV02248,ORD02248,2025-10-12,2025-10-16,,XpressBees,Failed
DLV02249,ORD02249,2025-07-08,2025-07-13,,Blue Dart,Out for Delivery
DLV02250,ORD02250,2025-11-06,2025-11-11,,Delhivery,In Transit
DLV02251,ORD02251,2025-08-18,2025-08-23,,XpressBees,Delayed
DLV02252,ORD02252,2025-08-31,2025-09-03,,DTDC,Out for Delivery
DLV02253,ORD02253,2025-12-29,2026-01-01,,Ecom Express,Out for Delivery
DLV02254,ORD02254,2025-01-27,2025-01-30,2025-02-02,Delhivery,Delivered
DLV02255,ORD02255,2025-05-13,2025-05-18,,Delhivery,Failed
DLV02256,ORD02256,2025-01-24,2025-01-27,2025-01-26,Ecom Express,Delivered
DLV02257,ORD02257,2025-03-18,2025-03-21,2025-03-22,Ecom Express,Delivered
DLV02258,ORD02258,2025-11-23,2025-11-25,,Blue Dart,Out for Delivery
DLV02259,ORD02259,2025-10-17,2025-10-23,,DTDC,Delayed
DLV02260,ORD02260,2025-11-30,2025-12-05,,Delhivery,Delayed
DLV02261,ORD02261,2025-01-21,2025-01-28,2025-01-27,Delhivery,Delivered
DLV02262,ORD02262,2025-07-22,2025-07-24,,Ecom Express,In Transit
DLV02263,ORD02263,2025-02-22,2025-02-24,,DTDC,In Transit
DLV02264,ORD02264,2025-10-08,2025-10-15,,Ecom Express,Delayed
DLV02265,ORD02265,2025-01-16,2025-01-23,,Ecom Express,In Transit
DLV02266,ORD02266,2025-11-14,2025-11-19,,Blue Dart,Out for Delivery
DLV02267,ORD02267,2025-12-20,2025-12-26,,Delhivery,In Transit
DLV02268,ORD02268,2025-04-22,2025-04-27,2025-04-30,Blue Dart,Delivered
DLV02269,ORD02269,2025-08-05,2025-08-09,,Ecom Express,In Transit
DLV02270,ORD02270,2025-10-04,2025-10-10,,XpressBees,Failed
DLV02271,ORD02271,2025-07-02,2025-07-04,,Blue Dart,Delayed
DLV02272,ORD02272,2025-10-20,2025-10-26,,Blue Dart,Out for Delivery
DLV02273,ORD02273,2025-12-25,2026-01-01,,Delhivery,In Transit
DLV02274,ORD02274,2025-03-12,2025-03-14,,Blue Dart,Delayed
DLV02275,ORD02275,2025-08-03,2025-08-09,2025-08-08,Ecom Express,Delivered
DLV02276,ORD02276,2025-09-22,2025-09-27,,XpressBees,Out for Delivery
DLV02277,ORD02277,2025-07-26,2025-07-31,,DTDC,Failed
DLV02278,ORD02278,2025-04-29,2025-05-03,,Ecom Express,Out for Delivery
DLV02279,ORD02279,2025-09-02,2025-09-06,,Delhivery,Failed
DLV02280,ORD02280,2025-10-03,2025-10-07,,Ecom Express,Failed
DLV02281,ORD02281,2025-12-20,2025-12-26,,Delhivery,In Transit
DLV02282,ORD02282,2025-08-20,2025-08-24,,Blue Dart,Out for Delivery
DLV02283,ORD02283,2025-06-23,2025-06-29,,XpressBees,Delayed
DLV02284,ORD02284,2025-06-30,2025-07-02,,Delhivery,Failed
DLV02285,ORD02285,2025-04-09,2025-04-13,,Ecom Express,In Transit
DLV02286,ORD02286,2025-09-09,2025-09-14,,Delhivery,In Transit
DLV02287,ORD02287,2025-11-17,2025-11-21,2025-11-21,XpressBees,Delivered
DLV02288,ORD02288,2025-05-06,2025-05-13,,XpressBees,Out for Delivery
DLV02289,ORD02289,2025-04-26,2025-05-03,,Blue Dart,Failed
DLV02290,ORD02290,2025-10-16,2025-10-18,2025-10-21,XpressBees,Delivered
DLV02291,ORD02291,2025-11-20,2025-11-24,,Blue Dart,Out for Delivery
DLV02292,ORD02292,2025-06-17,2025-06-20,,Delhivery,Delayed
DLV02293,ORD02293,2025-04-01,2025-04-06,,Delhivery,Out for Delivery
DLV02294,ORD02294,2025-05-30,2025-06-03,,DTDC,Out for Delivery
DLV02295,ORD02295,2025-10-06,2025-10-08,,DTDC,Delayed
DLV02296,ORD02296,2025-10-11,2025-10-13,2025-10-15,Blue Dart,Delivered
DLV02297,ORD02297,2025-11-03,2025-11-08,,DTDC,Failed
DLV02298,ORD02298,2025-07-03,2025-07-08,,Blue Dart,In Transit
DLV02299,ORD02299,2025-01-01,2025-01-08,,Blue Dart,Out for Delivery
DLV02300,ORD02300,2025-01-08,2025-01-12,,Delhivery,Out for Delivery
DLV02301,ORD02301,2025-12-18,2025-12-25,2025-12-28,Blue Dart,Delivered
DLV02302,ORD02302,2025-11-16,2025-11-18,,Ecom Express,Delayed
DLV02303,ORD02303,2025-10-20,2025-10-22,,DTDC,Failed
DLV02304,ORD02304,2025-08-25,2025-08-28,,DTDC,Out for Delivery
DLV02305,ORD02305,2025-11-12,2025-11-17,,Ecom Express,In Transit
DLV02306,ORD02306,2025-09-02,2025-09-05,,DTDC,Out for Delivery
DLV02307,ORD02307,2025-11-20,2025-11-25,,XpressBees,In Transit
DLV02308,ORD02308,2025-07-21,2025-07-24,,DTDC,Failed
DLV02309,ORD02309,2025-03-02,2025-03-06,,Delhivery,Out for Delivery
DLV02310,ORD02310,2025-09-13,2025-09-19,,Delhivery,Delayed
DLV02311,ORD02311,2025-07-18,2025-07-22,,Delhivery,Delayed
DLV02312,ORD02312,2025-02-24,2025-02-27,,Delhivery,Failed
DLV02313,ORD02313,2025-07-19,2025-07-21,,XpressBees,Failed
DLV02314,ORD02314,2025-02-04,2025-02-06,,DTDC,Out for Delivery
DLV02315,ORD02315,2025-04-23,2025-04-30,,Blue Dart,Out for Delivery
DLV02316,ORD02316,2025-12-19,2025-12-24,,DTDC,Out for Delivery
DLV02317,ORD02317,2025-12-08,2025-12-15,,Delhivery,Out for Delivery
DLV02318,ORD02318,2025-07-03,2025-07-07,,Blue Dart,Out for Delivery
DLV02319,ORD02319,2025-01-22,2025-01-24,,XpressBees,Out for Delivery
DLV02320,ORD02320,2025-10-10,2025-10-14,,Delhivery,Out for Delivery
DLV02321,ORD02321,2025-05-26,2025-06-01,2025-06-01,Blue Dart,Delivered
DLV02322,ORD02322,2025-01-24,2025-01-26,2025-01-25,Blue Dart,Delivered
DLV02323,ORD02323,2025-06-18,2025-06-24,,Blue Dart,In Transit
DLV02324,ORD02324,2025-09-16,2025-09-23,,Blue Dart,Out for Delivery
DLV02325,ORD02325,2025-06-02,2025-06-07,,DTDC,In Transit
DLV02326,ORD02326,2025-12-13,2025-12-19,,Blue Dart,Out for Delivery
DLV02327,ORD02327,2025-05-21,2025-05-25,,Ecom Express,Out for Delivery
DLV02328,ORD02328,2025-06-07,2025-06-09,,XpressBees,Out for Delivery
DLV02329,ORD02329,2025-12-31,2026-01-05,2026-01-08,Blue Dart,Delivered
DLV02330,ORD02330,2025-12-24,2025-12-29,,XpressBees,Delayed
DLV02331,ORD02331,2025-12-06,2025-12-12,,Ecom Express,Out for Delivery
DLV02332,ORD02332,2025-05-09,2025-05-14,,Delhivery,Failed
DLV02333,ORD02333,2025-07-08,2025-07-10,2025-07-10,Delhivery,Delivered
DLV02334,ORD02334,2025-01-21,2025-01-24,,DTDC,Failed
DLV02335,ORD02335,2025-10-22,2025-10-29,,Delhivery,Delayed
DLV02336,ORD02336,2025-06-28,2025-07-04,,DTDC,Out for Delivery
DLV02337,ORD02337,2025-06-05,2025-06-09,,DTDC,Out for Delivery
DLV02338,ORD02338,2025-02-19,2025-02-21,2025-02-23,Ecom Express,Delivered
DLV02339,ORD02339,2025-10-30,2025-11-06,,Blue Dart,Failed
DLV02340,ORD02340,2025-10-22,2025-10-25,,Delhivery,In Transit
DLV02341,ORD02341,2025-05-10,2025-05-16,,XpressBees,Out for Delivery
DLV02342,ORD02342,2025-12-30,2026-01-03,2026-01-05,DTDC,Delivered
DLV02343,ORD02343,2025-01-01,2025-01-04,,DTDC,Out for Delivery
DLV02344,ORD02344,2025-09-04,2025-09-07,,DTDC,Failed
DLV02345,ORD02345,2025-05-13,2025-05-19,,Blue Dart,Failed
DLV02346,ORD02346,2025-11-22,2025-11-27,,Delhivery,Delayed
DLV02347,ORD02347,2025-03-09,2025-03-11,,Blue Dart,Delayed
DLV02348,ORD02348,2025-07-14,2025-07-19,2025-07-20,XpressBees,Delivered
DLV02349,ORD02349,2025-05-11,2025-05-15,,Delhivery,In Transit
DLV02350,ORD02350,2025-03-01,2025-03-04,,Delhivery,Failed
DLV02351,ORD02351,2025-01-30,2025-02-02,,Blue Dart,Failed
DLV02352,ORD02352,2025-01-13,2025-01-16,,XpressBees,Out for Delivery
DLV02353,ORD02353,2025-10-21,2025-10-24,,XpressBees,In Transit
DLV02354,ORD02354,2025-11-10,2025-11-12,,Ecom Express,Failed
DLV02355,ORD02355,2025-02-08,2025-02-12,,XpressBees,Out for Delivery
DLV02356,ORD02356,2025-04-08,2025-04-12,,Ecom Express,Delayed
DLV02357,ORD02357,2025-06-01,2025-06-08,2025-06-07,DTDC,Delivered
DLV02358,ORD02358,2025-06-06,2025-06-09,,XpressBees,In Transit
DLV02359,ORD02359,2025-08-25,2025-08-27,,Blue Dart,In Transit
DLV02360,ORD02360,2025-12-20,2025-12-25,,Delhivery,Delayed
DLV02361,ORD02361,2025-05-04,2025-05-10,,XpressBees,Out for Delivery
DLV02362,ORD02362,2025-02-13,2025-02-18,,DTDC,In Transit
DLV02363,ORD02363,2025-03-03,2025-03-10,2025-03-09,Ecom Express,Delivered
DLV02364,ORD02364,2025-12-12,2025-12-15,,DTDC,Out for Delivery
DLV02365,ORD02365,2025-06-30,2025-07-05,2025-07-04,Ecom Express,Delivered
DLV02366,ORD02366,2025-12-01,2025-12-05,,DTDC,In Transit
DLV02367,ORD02367,2025-03-26,2025-04-01,,XpressBees,Failed
DLV02368,ORD02368,2025-11-10,2025-11-12,,Blue Dart,Failed
DLV02369,ORD02369,2025-11-28,2025-12-02,,Ecom Express,Delayed
DLV02370,ORD02370,2025-04-05,2025-04-11,2025-04-12,DTDC,Delivered
DLV02371,ORD02371,2025-02-01,2025-02-03,,Delhivery,Failed
DLV02372,ORD02372,2025-04-30,2025-05-06,2025-05-08,DTDC,Delivered
DLV02373,ORD02373,2025-12-28,2025-12-30,,Delhivery,Out for Delivery
DLV02374,ORD02374,2025-03-22,2025-03-25,2025-03-26,DTDC,Delivered
DLV02375,ORD02375,2025-11-26,2025-11-29,,Ecom Express,Delayed
DLV02376,ORD02376,2025-11-05,2025-11-07,,Ecom Express,In Transit
DLV02377,ORD02377,2025-07-17,2025-07-19,,Ecom Express,Failed
DLV02378,ORD02378,2025-08-06,2025-08-10,,Blue Dart,Delayed
DLV02379,ORD02379,2025-02-26,2025-03-04,2025-03-04,XpressBees,Delivered
DLV02380,ORD02380,2025-12-16,2025-12-19,,Blue Dart,Delayed
DLV02381,ORD02381,2025-10-08,2025-10-15,,DTDC,Failed
DLV02382,ORD02382,2025-04-26,2025-04-29,,DTDC,Failed
DLV02383,ORD02383,2025-01-04,2025-01-11,,Delhivery,Out for Delivery
DLV02384,ORD02384,2025-01-01,2025-01-05,,DTDC,Delayed
DLV02385,ORD02385,2025-06-16,2025-06-20,,XpressBees,Out for Delivery
DLV02386,ORD02386,2025-08-24,2025-08-27,,XpressBees,Out for Delivery
DLV02387,ORD02387,2025-11-02,2025-11-08,2025-11-11,XpressBees,Delivered
DLV02388,ORD02388,2025-07-01,2025-07-04,,Delhivery,Delayed
DLV02389,ORD02389,2025-03-03,2025-03-09,2025-03-12,DTDC,Delivered
DLV02390,ORD02390,2025-03-15,2025-03-18,2025-03-17,XpressBees,Delivered
DLV02391,ORD02391,2025-07-10,2025-07-14,,Ecom Express,In Transit
DLV02392,ORD02392,2025-07-09,2025-07-13,2025-07-13,Blue Dart,Delivered
DLV02393,ORD02393,2025-05-31,2025-06-07,,DTDC,In Transit
DLV02394,ORD02394,2025-01-07,2025-01-14,,DTDC,Delayed
DLV02395,ORD02395,2025-01-16,2025-01-23,2025-01-26,XpressBees,Delivered
DLV02396,ORD02396,2025-06-14,2025-06-18,,Ecom Express,Out for Delivery
DLV02397,ORD02397,2025-01-30,2025-02-06,,Ecom Express,Failed
DLV02398,ORD02398,2025-06-11,2025-06-17,,XpressBees,In Transit
DLV02399,ORD02399,2025-06-19,2025-06-22,,DTDC,Out for Delivery
DLV02400,ORD02400,2025-07-27,2025-07-29,,XpressBees,In Transit
DLV02401,ORD02401,2025-07-11,2025-07-16,2025-07-18,Delhivery,Delivered
DLV02402,ORD02402,2025-06-30,2025-07-03,,Blue Dart,Delayed
DLV02403,ORD02403,2025-05-05,2025-05-11,,Ecom Express,Failed
DLV02404,ORD02404,2025-08-06,2025-08-11,,Ecom Express,Delayed
DLV02405,ORD02405,2025-08-30,2025-09-03,,XpressBees,Failed
DLV02406,ORD02406,2025-02-20,2025-02-27,,XpressBees,Out for Delivery
DLV02407,ORD02407,2025-02-09,2025-02-16,,XpressBees,Delayed
DLV02408,ORD02408,2025-03-25,2025-03-29,2025-03-29,Ecom Express,Delivered
DLV02409,ORD02409,2025-06-17,2025-06-23,,DTDC,Failed
DLV02410,ORD02410,2025-02-28,2025-03-05,,Blue Dart,Delayed
DLV02411,ORD02411,2025-05-17,2025-05-23,,Delhivery,In Transit
DLV02412,ORD02412,2025-09-19,2025-09-21,,Delhivery,Delayed
DLV02413,ORD02413,2025-04-29,2025-05-05,,Blue Dart,Delayed
DLV02414,ORD02414,2025-11-25,2025-11-29,,Delhivery,In Transit
DLV02415,ORD02415,2025-03-26,2025-03-30,,Blue Dart,Out for Delivery
DLV02416,ORD02416,2025-05-28,2025-06-03,,Blue Dart,Out for Delivery
DLV02417,ORD02417,2025-03-05,2025-03-10,,Blue Dart,Failed
DLV02418,ORD02418,2025-03-01,2025-03-03,,DTDC,Failed
DLV02419,ORD02419,2025-02-14,2025-02-16,,DTDC,Out for Delivery
DLV02420,ORD02420,2025-08-08,2025-08-15,,Delhivery,In Transit
DLV02421,ORD02421,2025-09-15,2025-09-18,,Blue Dart,Out for Delivery
DLV02422,ORD02422,2025-07-09,2025-07-13,,Blue Dart,Delayed
DLV02423,ORD02423,2025-03-10,2025-03-16,2025-03-17,Delhivery,Delivered
DLV02424,ORD02424,2025-06-30,2025-07-02,2025-07-05,Ecom Express,Delivered
DLV02425,ORD02425,2025-03-02,2025-03-09,,Ecom Express,Out for Delivery
DLV02426,ORD02426,2025-04-30,2025-05-07,,Blue Dart,Failed
DLV02427,ORD02427,2025-09-15,2025-09-21,,Delhivery,Failed
DLV02428,ORD02428,2025-01-25,2025-01-28,2025-01-28,DTDC,Delivered
DLV02429,ORD02429,2025-07-17,2025-07-20,,Blue Dart,Out for Delivery
DLV02430,ORD02430,2025-06-03,2025-06-07,,Blue Dart,Failed
DLV02431,ORD02431,2025-12-26,2026-01-01,,Blue Dart,Out for Delivery
DLV02432,ORD02432,2025-06-17,2025-06-22,,Blue Dart,In Transit
DLV02433,ORD02433,2025-02-13,2025-02-20,,Ecom Express,In Transit
DLV02434,ORD02434,2025-07-16,2025-07-20,,Blue Dart,In Transit
DLV02435,ORD02435,2025-10-25,2025-10-30,,XpressBees,In Transit
DLV02436,ORD02436,2025-05-29,2025-05-31,2025-06-03,DTDC,Delivered
DLV02437,ORD02437,2025-09-12,2025-09-16,,Blue Dart,Failed
DLV02438,ORD02438,2025-10-30,2025-11-06,,Blue Dart,Failed
DLV02439,ORD02439,2025-10-13,2025-10-19,,XpressBees,Delayed
DLV02440,ORD02440,2025-05-21,2025-05-24,,XpressBees,Out for Delivery
DLV02441,ORD02441,2025-10-20,2025-10-24,,Delhivery,Out for Delivery
DLV02442,ORD02442,2025-12-13,2025-12-17,,Blue Dart,Failed
DLV02443,ORD02443,2025-06-20,2025-06-24,,Ecom Express,In Transit
DLV02444,ORD02444,2025-05-10,2025-05-16,2025-05-18,XpressBees,Delivered
DLV02445,ORD02445,2025-10-29,2025-11-02,,Delhivery,Delayed
DLV02446,ORD02446,2025-02-26,2025-03-01,,Blue Dart,Delayed
DLV02447,ORD02447,2025-03-21,2025-03-24,,DTDC,Failed
DLV02448,ORD02448,2025-03-30,2025-04-02,,Delhivery,In Transit
DLV02449,ORD02449,2025-11-20,2025-11-22,,Delhivery,Failed
DLV02450,ORD02450,2025-04-24,2025-04-28,,Ecom Express,Failed
DLV02451,ORD02451,2025-04-18,2025-04-23,,XpressBees,In Transit
DLV02452,ORD02452,2025-09-24,2025-09-30,2025-09-30,Delhivery,Delivered
DLV02453,ORD02453,2025-05-24,2025-05-28,,Blue Dart,In Transit
DLV02454,ORD02454,2025-09-18,2025-09-21,,Ecom Express,In Transit
DLV02455,ORD02455,2025-05-19,2025-05-22,,XpressBees,Failed
DLV02456,ORD02456,2025-11-09,2025-11-13,,Blue Dart,In Transit
DLV02457,ORD02457,2025-10-27,2025-11-02,,Ecom Express,In Transit
DLV02458,ORD02458,2025-05-02,2025-05-06,,Blue Dart,Delayed
DLV02459,ORD02459,2025-08-08,2025-08-12,,DTDC,Delayed
DLV02460,ORD02460,2025-11-26,2025-12-01,2025-12-04,XpressBees,Delivered
DLV02461,ORD02461,2025-08-04,2025-08-08,,Ecom Express,In Transit
DLV02462,ORD02462,2025-12-30,2026-01-02,,Delhivery,Failed
DLV02463,ORD02463,2025-07-20,2025-07-26,2025-07-28,Blue Dart,Delivered
DLV02464,ORD02464,2025-04-25,2025-04-28,2025-04-27,XpressBees,Delivered
DLV02465,ORD02465,2025-11-02,2025-11-05,,DTDC,Out for Delivery
DLV02466,ORD02466,2025-01-21,2025-01-25,2025-01-25,DTDC,Delivered
DLV02467,ORD02467,2025-11-19,2025-11-24,,DTDC,Delayed
DLV02468,ORD02468,2025-09-13,2025-09-20,,DTDC,Delayed
DLV02469,ORD02469,2025-10-07,2025-10-10,,Delhivery,Failed
DLV02470,ORD02470,2025-12-16,2025-12-21,,DTDC,In Transit
DLV02471,ORD02471,2025-10-15,2025-10-19,,Ecom Express,Out for Delivery
DLV02472,ORD02472,2025-09-02,2025-09-09,2025-09-10,Delhivery,Delivered
DLV02473,ORD02473,2025-02-25,2025-03-02,,Ecom Express,In Transit
DLV02474,ORD02474,2025-06-14,2025-06-20,2025-06-21,XpressBees,Delivered
DLV02475,ORD02475,2025-08-23,2025-08-25,,Blue Dart,Out for Delivery
DLV02476,ORD02476,2025-09-28,2025-10-03,,DTDC,Delayed
DLV02477,ORD02477,2025-01-10,2025-01-17,2025-01-20,XpressBees,Delivered
DLV02478,ORD02478,2025-08-22,2025-08-24,2025-08-27,DTDC,Delivered
DLV02479,ORD02479,2025-02-17,2025-02-20,,DTDC,Delayed
DLV02480,ORD02480,2025-10-31,2025-11-05,,Ecom Express,Out for Delivery
DLV02481,ORD02481,2025-09-10,2025-09-16,2025-09-18,Blue Dart,Delivered
DLV02482,ORD02482,2025-09-27,2025-10-04,2025-10-06,Delhivery,Delivered
DLV02483,ORD02483,2025-10-09,2025-10-16,,DTDC,In Transit
DLV02484,ORD02484,2025-03-31,2025-04-03,,Ecom Express,In Transit
DLV02485,ORD02485,2025-12-31,2026-01-03,,Blue Dart,Failed
DLV02486,ORD02486,2025-01-16,2025-01-21,,Ecom Express,Failed
DLV02487,ORD02487,2025-08-23,2025-08-27,,XpressBees,In Transit
DLV02488,ORD02488,2025-12-12,2025-12-15,,XpressBees,Failed
DLV02489,ORD02489,2025-10-11,2025-10-13,,XpressBees,Out for Delivery
DLV02490,ORD02490,2025-10-14,2025-10-20,,Ecom Express,Out for Delivery
DLV02491,ORD02491,2025-06-11,2025-06-17,,Delhivery,Failed
DLV02492,ORD02492,2025-12-30,2026-01-01,,Ecom Express,In Transit
DLV02493,ORD02493,2025-09-20,2025-09-23,,Blue Dart,Out for Delivery
DLV02494,ORD02494,2025-06-28,2025-07-05,,Ecom Express,In Transit
DLV02495,ORD02495,2025-09-20,2025-09-27,2025-09-28,XpressBees,Delivered
DLV02496,ORD02496,2025-11-26,2025-12-01,2025-12-04,Delhivery,Delivered
DLV02497,ORD02497,2025-08-28,2025-09-02,2025-09-02,DTDC,Delivered
DLV02498,ORD02498,2025-10-10,2025-10-13,,Ecom Express,In Transit
DLV02499,ORD02499,2025-01-08,2025-01-13,2025-01-16,DTDC,Delivered
DLV02500,ORD02500,2025-09-17,2025-09-20,,XpressBees,Out for Delivery
DLV02501,ORD02501,2025-07-06,2025-07-09,,DTDC,Delayed
DLV02502,ORD02502,2025-06-10,2025-06-15,,Blue Dart,Out for Delivery
DLV02503,ORD02503,2025-04-10,2025-04-16,2025-04-17,DTDC,Delivered
DLV02504,ORD02504,2025-04-05,2025-04-10,,Ecom Express,In Transit
DLV02505,ORD02505,2025-03-03,2025-03-09,,Delhivery,Failed
DLV02506,ORD02506,2025-02-08,2025-02-14,,Blue Dart,Delayed
DLV02507,ORD02507,2025-07-25,2025-07-31,2025-08-01,DTDC,Delivered
DLV02508,ORD02508,2025-11-13,2025-11-20,,XpressBees,Failed
DLV02509,ORD02509,2025-09-30,2025-10-03,2025-10-03,DTDC,Delivered
DLV02510,ORD02510,2025-04-14,2025-04-21,,DTDC,In Transit
DLV02511,ORD02511,2025-09-17,2025-09-24,,DTDC,Failed
DLV02512,ORD02512,2025-12-08,2025-12-14,,Blue Dart,In Transit
DLV02513,ORD02513,2025-04-22,2025-04-24,,DTDC,Failed
DLV02514,ORD02514,2025-06-07,2025-06-14,2025-06-15,DTDC,Delivered
DLV02515,ORD02515,2025-07-16,2025-07-20,,Delhivery,Out for Delivery
DLV02516,ORD02516,2025-10-18,2025-10-23,,DTDC,Failed
DLV02517,ORD02517,2025-08-28,2025-09-04,,XpressBees,Out for Delivery
DLV02518,ORD02518,2025-08-19,2025-08-21,,XpressBees,Out for Delivery
DLV02519,ORD02519,2025-09-07,2025-09-14,,DTDC,In Transit
DLV02520,ORD02520,2025-10-10,2025-10-17,,Blue Dart,In Transit
DLV02521,ORD02521,2025-07-22,2025-07-29,,DTDC,Failed
DLV02522,ORD02522,2025-08-29,2025-09-04,,Ecom Express,Failed
DLV02523,ORD02523,2025-08-02,2025-08-09,,Delhivery,In Transit
DLV02524,ORD02524,2025-08-26,2025-08-30,,Blue Dart,Failed
DLV02525,ORD02525,2025-05-15,2025-05-21,,Delhivery,Failed
DLV02526,ORD02526,2025-06-14,2025-06-21,,XpressBees,In Transit
DLV02527,ORD02527,2025-12-14,2025-12-16,,Delhivery,Failed
DLV02528,ORD02528,2025-02-08,2025-02-13,,Delhivery,Failed
DLV02529,ORD02529,2025-08-03,2025-08-09,2025-08-08,XpressBees,Delivered
DLV02530,ORD02530,2025-09-14,2025-09-21,,XpressBees,Out for Delivery
DLV02531,ORD02531,2025-06-04,2025-06-11,2025-06-11,Blue Dart,Delivered
DLV02532,ORD02532,2025-02-23,2025-02-28,,Delhivery,In Transit
DLV02533,ORD02533,2025-07-18,2025-07-20,,Delhivery,In Transit
DLV02534,ORD02534,2025-03-09,2025-03-16,,XpressBees,Failed
DLV02535,ORD02535,2025-04-16,2025-04-19,,XpressBees,Delayed
DLV02536,ORD02536,2025-12-08,2025-12-15,,DTDC,Delayed
DLV02537,ORD02537,2025-05-25,2025-05-28,,Ecom Express,Failed
DLV02538,ORD02538,2025-01-13,2025-01-16,,Ecom Express,Out for Delivery
DLV02539,ORD02539,2025-08-12,2025-08-19,,Delhivery,Delayed
DLV02540,ORD02540,2025-07-21,2025-07-26,,Delhivery,Delayed
DLV02541,ORD02541,2025-08-27,2025-08-29,,Ecom Express,Out for Delivery
DLV02542,ORD02542,2025-04-28,2025-05-05,,XpressBees,Out for Delivery
DLV02543,ORD02543,2025-02-21,2025-02-26,,Delhivery,Delayed
DLV02544,ORD02544,2025-10-04,2025-10-07,,Blue Dart,Failed
DLV02545,ORD02545,2025-02-05,2025-02-10,,DTDC,Failed
DLV02546,ORD02546,2025-04-04,2025-04-11,2025-04-14,Delhivery,Delivered
DLV02547,ORD02547,2025-03-16,2025-03-22,,Ecom Express,Failed
DLV02548,ORD02548,2025-06-30,2025-07-06,,Delhivery,Out for Delivery
DLV02549,ORD02549,2025-07-01,2025-07-06,,Delhivery,Delayed
DLV02550,ORD02550,2025-06-22,2025-06-25,,Ecom Express,In Transit
DLV02551,ORD02551,2025-12-02,2025-12-08,,DTDC,Failed
DLV02552,ORD02552,2025-01-29,2025-02-04,,Blue Dart,Out for Delivery
DLV02553,ORD02553,2025-08-25,2025-08-30,,DTDC,Delayed
DLV02554,ORD02554,2025-01-22,2025-01-26,,XpressBees,In Transit
DLV02555,ORD02555,2025-11-02,2025-11-05,,XpressBees,Delayed
DLV02556,ORD02556,2025-01-26,2025-01-30,,XpressBees,Out for Delivery
DLV02557,ORD02557,2025-08-07,2025-08-13,,Delhivery,Delayed
DLV02558,ORD02558,2025-06-25,2025-06-30,,DTDC,Failed
DLV02559,ORD02559,2025-02-19,2025-02-21,,DTDC,Failed
DLV02560,ORD02560,2025-11-13,2025-11-17,,XpressBees,Out for Delivery
DLV02561,ORD02561,2025-08-19,2025-08-24,,DTDC,Out for Delivery
DLV02562,ORD02562,2025-02-22,2025-02-25,,Ecom Express,Delayed
DLV02563,ORD02563,2025-01-16,2025-01-21,,Blue Dart,Out for Delivery
DLV02564,ORD02564,2025-02-18,2025-02-22,2025-02-24,Delhivery,Delivered
DLV02565,ORD02565,2025-03-31,2025-04-02,2025-04-05,XpressBees,Delivered
DLV02566,ORD02566,2025-03-01,2025-03-07,,Blue Dart,Out for Delivery
DLV02567,ORD02567,2025-01-14,2025-01-20,,XpressBees,In Transit
DLV02568,ORD02568,2025-06-20,2025-06-24,,XpressBees,In Transit
DLV02569,ORD02569,2025-06-27,2025-07-02,,XpressBees,Delayed
DLV02570,ORD02570,2025-05-18,2025-05-23,,DTDC,In Transit
DLV02571,ORD02571,2025-03-19,2025-03-23,,Blue Dart,In Transit
DLV02572,ORD02572,2025-06-10,2025-06-13,,Delhivery,Out for Delivery
DLV02573,ORD02573,2025-01-24,2025-01-31,,DTDC,In Transit
DLV02574,ORD02574,2025-07-24,2025-07-31,,XpressBees,In Transit
DLV02575,ORD02575,2025-06-12,2025-06-14,2025-06-14,Ecom Express,Delivered
DLV02576,ORD02576,2025-01-17,2025-01-24,,XpressBees,Out for Delivery
DLV02577,ORD02577,2025-09-23,2025-09-28,2025-09-27,Blue Dart,Delivered
DLV02578,ORD02578,2025-06-04,2025-06-07,,XpressBees,Delayed
DLV02579,ORD02579,2025-07-17,2025-07-22,,Delhivery,Out for Delivery
DLV02580,ORD02580,2025-02-19,2025-02-25,,DTDC,Failed
DLV02581,ORD02581,2025-01-15,2025-01-21,,DTDC,Delayed
DLV02582,ORD02582,2025-10-31,2025-11-05,,Blue Dart,Failed
DLV02583,ORD02583,2025-04-21,2025-04-23,,Ecom Express,Failed
DLV02584,ORD02584,2025-08-05,2025-08-08,,Delhivery,In Transit
DLV02585,ORD02585,2025-10-26,2025-10-29,,DTDC,In Transit
DLV02586,ORD02586,2025-08-01,2025-08-07,,Blue Dart,Failed
DLV02587,ORD02587,2025-10-09,2025-10-11,2025-10-13,DTDC,Delivered
DLV02588,ORD02588,2025-03-26,2025-03-28,,Delhivery,Delayed
DLV02589,ORD02589,2025-11-19,2025-11-22,,Blue Dart,Delayed
DLV02590,ORD02590,2025-06-12,2025-06-18,,Blue Dart,In Transit
DLV02591,ORD02591,2025-04-22,2025-04-29,,Blue Dart,Failed
DLV02592,ORD02592,2025-12-26,2026-01-02,,DTDC,Delayed
DLV02593,ORD02593,2025-12-17,2025-12-22,,DTDC,In Transit
DLV02594,ORD02594,2025-08-18,2025-08-25,,XpressBees,Failed
DLV02595,ORD02595,2025-07-21,2025-07-27,,Ecom Express,Out for Delivery
DLV02596,ORD02596,2025-07-18,2025-07-24,,Delhivery,Delayed
DLV02597,ORD02597,2025-03-02,2025-03-05,,Delhivery,Delayed
DLV02598,ORD02598,2025-01-30,2025-02-06,,Blue Dart,Out for Delivery
DLV02599,ORD02599,2025-04-03,2025-04-06,,Blue Dart,Out for Delivery
DLV02600,ORD02600,2025-09-05,2025-09-08,,XpressBees,Delayed
DLV02601,ORD02601,2025-09-09,2025-09-16,,Blue Dart,Failed
DLV02602,ORD02602,2025-06-04,2025-06-08,,Blue Dart,Failed
DLV02603,ORD02603,2025-05-17,2025-05-21,,DTDC,Delayed
DLV02604,ORD02604,2025-05-12,2025-05-16,2025-05-18,Blue Dart,Delivered
DLV02605,ORD02605,2025-01-29,2025-02-04,,Ecom Express,Delayed
DLV02606,ORD02606,2025-09-08,2025-09-12,,Blue Dart,Failed
DLV02607,ORD02607,2025-06-07,2025-06-13,,Ecom Express,Failed
DLV02608,ORD02608,2025-03-22,2025-03-26,,XpressBees,Out for Delivery
DLV02609,ORD02609,2025-04-12,2025-04-14,,XpressBees,Delayed
DLV02610,ORD02610,2025-06-30,2025-07-02,2025-07-04,DTDC,Delivered
DLV02611,ORD02611,2025-12-25,2025-12-31,,Ecom Express,Failed
DLV02612,ORD02612,2025-02-12,2025-02-18,,XpressBees,Out for Delivery
DLV02613,ORD02613,2025-02-05,2025-02-12,2025-02-12,Blue Dart,Delivered
DLV02614,ORD02614,2025-09-05,2025-09-08,,Ecom Express,Out for Delivery
DLV02615,ORD02615,2025-12-29,2025-12-31,,Ecom Express,Delayed
DLV02616,ORD02616,2025-12-16,2025-12-21,,Ecom Express,Failed
DLV02617,ORD02617,2025-11-30,2025-12-06,,Ecom Express,Out for Delivery
DLV02618,ORD02618,2025-12-20,2025-12-25,,Blue Dart,Failed
DLV02619,ORD02619,2025-10-15,2025-10-17,,Delhivery,Delayed
DLV02620,ORD02620,2025-07-24,2025-07-31,,XpressBees,Out for Delivery
DLV02621,ORD02621,2025-07-19,2025-07-23,,DTDC,Out for Delivery
DLV02622,ORD02622,2025-10-21,2025-10-28,2025-10-28,Delhivery,Delivered
DLV02623,ORD02623,2025-02-20,2025-02-22,2025-02-23,DTDC,Delivered
DLV02624,ORD02624,2025-12-01,2025-12-06,,Delhivery,Out for Delivery
DLV02625,ORD02625,2025-03-14,2025-03-16,,Blue Dart,In Transit
DLV02626,ORD02626,2025-01-31,2025-02-06,,Blue Dart,Failed
DLV02627,ORD02627,2025-02-12,2025-02-18,2025-02-19,Delhivery,Delivered
DLV02628,ORD02628,2025-08-07,2025-08-14,2025-08-17,XpressBees,Delivered
DLV02629,ORD02629,2025-07-22,2025-07-26,2025-07-27,DTDC,Delivered
DLV02630,ORD02630,2025-12-05,2025-12-11,,Delhivery,In Transit
DLV02631,ORD02631,2025-09-03,2025-09-07,,Ecom Express,Out for Delivery
DLV02632,ORD02632,2025-07-27,2025-08-03,,XpressBees,In Transit
DLV02633,ORD02633,2025-06-17,2025-06-19,2025-06-21,Delhivery,Delivered
DLV02634,ORD02634,2025-11-04,2025-11-08,,XpressBees,Out for Delivery
DLV02635,ORD02635,2025-04-10,2025-04-13,,XpressBees,Delayed
DLV02636,ORD02636,2025-09-25,2025-10-01,,Blue Dart,Failed
DLV02637,ORD02637,2025-09-17,2025-09-20,,Blue Dart,Failed
DLV02638,ORD02638,2025-03-18,2025-03-24,,XpressBees,Failed
DLV02639,ORD02639,2025-12-28,2026-01-02,,Delhivery,In Transit
DLV02640,ORD02640,2025-01-15,2025-01-20,,Ecom Express,Out for Delivery
DLV02641,ORD02641,2025-01-17,2025-01-24,,XpressBees,Out for Delivery
DLV02642,ORD02642,2025-04-07,2025-04-09,,Ecom Express,Failed
DLV02643,ORD02643,2025-01-06,2025-01-12,2025-01-15,DTDC,Delivered
DLV02644,ORD02644,2025-03-26,2025-03-31,,DTDC,Failed
DLV02645,ORD02645,2025-06-25,2025-06-30,,Delhivery,In Transit
DLV02646,ORD02646,2025-12-12,2025-12-17,2025-12-17,Delhivery,Delivered
DLV02647,ORD02647,2025-05-09,2025-05-13,,XpressBees,In Transit
DLV02648,ORD02648,2025-03-09,2025-03-16,2025-03-16,Delhivery,Delivered
DLV02649,ORD02649,2025-12-20,2025-12-26,,Delhivery,Failed
DLV02650,ORD02650,2025-05-13,2025-05-19,2025-05-20,XpressBees,Delivered
DLV02651,ORD02651,2025-09-18,2025-09-25,,DTDC,Delayed
DLV02652,ORD02652,2025-06-13,2025-06-16,,XpressBees,Delayed
DLV02653,ORD02653,2025-04-23,2025-04-25,,Ecom Express,Failed
DLV02654,ORD02654,2025-06-08,2025-06-15,,Delhivery,Out for Delivery
DLV02655,ORD02655,2025-07-08,2025-07-13,,XpressBees,Failed
DLV02656,ORD02656,2025-12-14,2025-12-21,,XpressBees,In Transit
DLV02657,ORD02657,2025-02-03,2025-02-09,,XpressBees,In Transit
DLV02658,ORD02658,2025-01-26,2025-01-31,,XpressBees,Out for Delivery
DLV02659,ORD02659,2025-02-19,2025-02-21,,Blue Dart,Delayed
DLV02660,ORD02660,2025-10-15,2025-10-20,,DTDC,Delayed
DLV02661,ORD02661,2025-07-31,2025-08-04,,Ecom Express,Delayed
DLV02662,ORD02662,2025-01-06,2025-01-08,2025-01-10,DTDC,Delivered
DLV02663,ORD02663,2025-05-16,2025-05-21,,Delhivery,In Transit
DLV02664,ORD02664,2025-09-08,2025-09-13,,Blue Dart,Failed
DLV02665,ORD02665,2025-04-16,2025-04-19,,Delhivery,In Transit
DLV02666,ORD02666,2025-11-08,2025-11-14,2025-11-15,Ecom Express,Delivered
DLV02667,ORD02667,2025-12-30,2026-01-04,,DTDC,Out for Delivery
DLV02668,ORD02668,2025-12-10,2025-12-16,,DTDC,Out for Delivery
DLV02669,ORD02669,2025-03-26,2025-03-30,,Ecom Express,Delayed
DLV02670,ORD02670,2025-03-23,2025-03-30,,Delhivery,Delayed
DLV02671,ORD02671,2025-06-12,2025-06-17,,Ecom Express,Failed
DLV02672,ORD02672,2025-10-21,2025-10-26,,Blue Dart,Failed
DLV02673,ORD02673,2025-10-28,2025-10-30,2025-10-29,Delhivery,Delivered
DLV02674,ORD02674,2025-03-18,2025-03-21,,XpressBees,In Transit
DLV02675,ORD02675,2025-02-20,2025-02-22,2025-02-22,XpressBees,Delivered
DLV02676,ORD02676,2025-02-19,2025-02-26,,Blue Dart,Failed
DLV02677,ORD02677,2025-02-09,2025-02-15,,Blue Dart,Failed
DLV02678,ORD02678,2025-03-30,2025-04-02,,XpressBees,Failed
DLV02679,ORD02679,2025-06-23,2025-06-27,,Blue Dart,In Transit
DLV02680,ORD02680,2025-03-18,2025-03-24,,DTDC,Out for Delivery
DLV02681,ORD02681,2025-05-06,2025-05-11,,Ecom Express,In Transit
DLV02682,ORD02682,2025-07-25,2025-07-27,,XpressBees,Failed
DLV02683,ORD02683,2025-01-22,2025-01-26,,Ecom Express,In Transit
DLV02684,ORD02684,2025-03-09,2025-03-14,,Blue Dart,Failed
DLV02685,ORD02685,2025-05-27,2025-05-31,,Blue Dart,Delayed
DLV02686,ORD02686,2025-10-20,2025-10-23,2025-10-23,Delhivery,Delivered
DLV02687,ORD02687,2025-11-27,2025-12-04,,Ecom Express,Out for Delivery
DLV02688,ORD02688,2025-07-10,2025-07-16,,DTDC,Failed
DLV02689,ORD02689,2025-01-22,2025-01-27,,DTDC,Delayed
DLV02690,ORD02690,2025-05-27,2025-06-01,,Blue Dart,Delayed
DLV02691,ORD02691,2025-10-08,2025-10-11,2025-10-12,XpressBees,Delivered
DLV02692,ORD02692,2025-11-28,2025-12-03,2025-12-06,Ecom Express,Delivered
DLV02693,ORD02693,2025-07-27,2025-08-02,,DTDC,Out for Delivery
DLV02694,ORD02694,2025-02-28,2025-03-07,,XpressBees,Out for Delivery
DLV02695,ORD02695,2025-10-31,2025-11-04,,Ecom Express,Delayed
DLV02696,ORD02696,2025-07-28,2025-07-30,,Ecom Express,Delayed
DLV02697,ORD02697,2025-01-25,2025-01-27,,Blue Dart,Delayed
DLV02698,ORD02698,2025-04-04,2025-04-10,,Blue Dart,Failed
DLV02699,ORD02699,2025-10-02,2025-10-07,2025-10-09,XpressBees,Delivered
DLV02700,ORD02700,2025-02-05,2025-02-10,,DTDC,In Transit
DLV02701,ORD02701,2025-05-20,2025-05-22,,Delhivery,In Transit
DLV02702,ORD02702,2025-09-01,2025-09-06,2025-09-07,Blue Dart,Delivered
DLV02703,ORD02703,2025-08-31,2025-09-05,2025-09-07,DTDC,Delivered
DLV02704,ORD02704,2025-06-22,2025-06-24,,Delhivery,Delayed
DLV02705,ORD02705,2025-08-08,2025-08-10,,Blue Dart,Failed
DLV02706,ORD02706,2025-09-28,2025-09-30,2025-10-02,DTDC,Delivered
DLV02707,ORD02707,2025-08-23,2025-08-30,,Delhivery,Out for Delivery
DLV02708,ORD02708,2025-04-28,2025-05-04,2025-05-04,Blue Dart,Delivered
DLV02709,ORD02709,2025-04-30,2025-05-03,,Delhivery,Failed
DLV02710,ORD02710,2025-07-22,2025-07-24,2025-07-27,XpressBees,Delivered
DLV02711,ORD02711,2025-08-20,2025-08-23,2025-08-26,Blue Dart,Delivered
DLV02712,ORD02712,2025-07-24,2025-07-30,,Delhivery,In Transit
DLV02713,ORD02713,2025-04-23,2025-04-27,,Blue Dart,Out for Delivery
DLV02714,ORD02714,2025-07-12,2025-07-18,,XpressBees,In Transit
DLV02715,ORD02715,2025-10-10,2025-10-14,,DTDC,In Transit
DLV02716,ORD02716,2025-04-08,2025-04-13,,Delhivery,Out for Delivery
DLV02717,ORD02717,2025-08-29,2025-09-04,,Blue Dart,Out for Delivery
DLV02718,ORD02718,2025-09-21,2025-09-27,,Ecom Express,Failed
DLV02719,ORD02719,2025-06-06,2025-06-09,,Blue Dart,In Transit
DLV02720,ORD02720,2025-04-06,2025-04-09,,Ecom Express,Out for Delivery
DLV02721,ORD02721,2025-09-12,2025-09-18,2025-09-19,XpressBees,Delivered
DLV02722,ORD02722,2025-10-06,2025-10-12,,XpressBees,Delayed
DLV02723,ORD02723,2025-07-27,2025-07-31,,DTDC,Failed
DLV02724,ORD02724,2025-05-06,2025-05-13,2025-05-16,XpressBees,Delivered
DLV02725,ORD02725,2025-03-15,2025-03-19,,Blue Dart,In Transit
DLV02726,ORD02726,2025-10-26,2025-10-31,,XpressBees,Delayed
DLV02727,ORD02727,2025-12-10,2025-12-17,,Ecom Express,Delayed
DLV02728,ORD02728,2025-11-13,2025-11-18,,Ecom Express,Failed
DLV02729,ORD02729,2025-09-23,2025-09-27,,Ecom Express,Failed
DLV02730,ORD02730,2025-12-22,2025-12-24,,DTDC,In Transit
DLV02731,ORD02731,2025-04-26,2025-04-29,,Delhivery,In Transit
DLV02732,ORD02732,2025-01-17,2025-01-19,2025-01-19,Delhivery,Delivered
DLV02733,ORD02733,2025-08-16,2025-08-22,,Blue Dart,In Transit
DLV02734,ORD02734,2025-02-14,2025-02-19,,Blue Dart,Delayed
DLV02735,ORD02735,2025-10-07,2025-10-11,,Delhivery,In Transit
DLV02736,ORD02736,2025-09-15,2025-09-18,2025-09-21,Blue Dart,Delivered
DLV02737,ORD02737,2025-03-06,2025-03-10,,Delhivery,Delayed
DLV02738,ORD02738,2025-11-24,2025-11-28,,Blue Dart,Delayed
DLV02739,ORD02739,2025-08-17,2025-08-20,,Ecom Express,Out for Delivery
DLV02740,ORD02740,2025-09-27,2025-09-30,,DTDC,Failed
DLV02741,ORD02741,2025-08-11,2025-08-17,,DTDC,In Transit
DLV02742,ORD02742,2025-04-07,2025-04-12,,XpressBees,Delayed
DLV02743,ORD02743,2025-04-05,2025-04-09,2025-04-10,Blue Dart,Delivered
DLV02744,ORD02744,2025-05-29,2025-05-31,,Delhivery,Delayed
DLV02745,ORD02745,2025-12-12,2025-12-15,,Blue Dart,Failed
DLV02746,ORD02746,2025-01-12,2025-01-17,,DTDC,Failed
DLV02747,ORD02747,2025-05-19,2025-05-24,,Ecom Express,In Transit
DLV02748,ORD02748,2025-01-08,2025-01-10,,XpressBees,Delayed
DLV02749,ORD02749,2025-03-13,2025-03-15,,DTDC,In Transit
DLV02750,ORD02750,2025-05-20,2025-05-23,2025-05-24,Delhivery,Delivered
DLV02751,ORD02751,2025-05-06,2025-05-13,,DTDC,Failed
DLV02752,ORD02752,2025-04-10,2025-04-14,,Delhivery,Delayed
DLV02753,ORD02753,2025-06-01,2025-06-06,,Blue Dart,In Transit
DLV02754,ORD02754,2025-02-18,2025-02-22,,Delhivery,Failed
DLV02755,ORD02755,2025-12-26,2025-12-31,,Ecom Express,Failed
DLV02756,ORD02756,2025-10-18,2025-10-20,,Delhivery,In Transit
DLV02757,ORD02757,2025-01-07,2025-01-13,,XpressBees,Failed
DLV02758,ORD02758,2025-01-30,2025-02-02,,Delhivery,Failed
DLV02759,ORD02759,2025-05-01,2025-05-05,,DTDC,In Transit
DLV02760,ORD02760,2025-03-29,2025-04-02,2025-04-04,DTDC,Delivered
DLV02761,ORD02761,2025-05-23,2025-05-27,,Blue Dart,Delayed
DLV02762,ORD02762,2025-04-03,2025-04-05,,Blue Dart,Failed
DLV02763,ORD02763,2025-01-28,2025-02-01,,Blue Dart,Out for Delivery
DLV02764,ORD02764,2025-04-07,2025-04-12,2025-04-12,Blue Dart,Delivered
DLV02765,ORD02765,2025-01-02,2025-01-09,2025-01-12,XpressBees,Delivered
DLV02766,ORD02766,2025-11-29,2025-12-04,,Blue Dart,Out for Delivery
DLV02767,ORD02767,2025-02-22,2025-02-25,,Ecom Express,In Transit
DLV02768,ORD02768,2025-05-10,2025-05-12,2025-05-15,XpressBees,Delivered
DLV02769,ORD02769,2025-01-08,2025-01-15,,DTDC,In Transit
DLV02770,ORD02770,2025-06-05,2025-06-11,2025-06-12,Delhivery,Delivered
DLV02771,ORD02771,2025-01-08,2025-01-15,,Ecom Express,Delayed
DLV02772,ORD02772,2025-12-02,2025-12-07,,Blue Dart,Delayed
DLV02773,ORD02773,2025-09-20,2025-09-27,2025-09-28,Ecom Express,Delivered
DLV02774,ORD02774,2025-08-19,2025-08-22,,Ecom Express,Delayed
DLV02775,ORD02775,2025-03-07,2025-03-13,,DTDC,Out for Delivery
DLV02776,ORD02776,2025-09-13,2025-09-15,,Ecom Express,Out for Delivery
DLV02777,ORD02777,2025-03-29,2025-04-05,,Delhivery,Failed
DLV02778,ORD02778,2025-12-03,2025-12-07,,Ecom Express,In Transit
DLV02779,ORD02779,2025-02-12,2025-02-18,,Ecom Express,Failed
DLV02780,ORD02780,2025-08-17,2025-08-19,,XpressBees,In Transit
DLV02781,ORD02781,2025-03-04,2025-03-09,,Ecom Express,Delayed
DLV02782,ORD02782,2025-02-25,2025-03-04,,DTDC,In Transit
DLV02783,ORD02783,2025-10-09,2025-10-14,,Delhivery,Delayed
DLV02784,ORD02784,2025-07-24,2025-07-29,,DTDC,Failed
DLV02785,ORD02785,2025-04-20,2025-04-24,,Blue Dart,Out for Delivery
DLV02786,ORD02786,2025-03-01,2025-03-03,,DTDC,Delayed
DLV02787,ORD02787,2025-02-05,2025-02-08,,Ecom Express,Failed
DLV02788,ORD02788,2025-03-29,2025-04-04,,DTDC,In Transit
DLV02789,ORD02789,2025-02-26,2025-03-02,,Ecom Express,In Transit
DLV02790,ORD02790,2025-09-30,2025-10-05,,Delhivery,Out for Delivery
DLV02791,ORD02791,2025-03-07,2025-03-12,,Blue Dart,In Transit
DLV02792,ORD02792,2025-08-10,2025-08-12,,Delhivery,Failed
DLV02793,ORD02793,2025-03-04,2025-03-11,,DTDC,Delayed
DLV02794,ORD02794,2025-05-11,2025-05-18,,Ecom Express,Out for Delivery
DLV02795,ORD02795,2025-04-16,2025-04-21,,Ecom Express,In Transit
DLV02796,ORD02796,2025-04-09,2025-04-14,2025-04-17,Blue Dart,Delivered
DLV02797,ORD02797,2025-05-07,2025-05-10,2025-05-11,Delhivery,Delivered
DLV02798,ORD02798,2025-08-05,2025-08-12,,XpressBees,In Transit
DLV02799,ORD02799,2025-07-04,2025-07-06,2025-07-06,XpressBees,Delivered
DLV02800,ORD02800,2025-07-09,2025-07-12,,Delhivery,Out for Delivery
DLV02801,ORD02801,2025-07-16,2025-07-21,,Ecom Express,Failed
DLV02802,ORD02802,2025-11-06,2025-11-12,,DTDC,Failed
DLV02803,ORD02803,2025-10-01,2025-10-08,,Delhivery,Delayed
DLV02804,ORD02804,2025-11-02,2025-11-09,2025-11-08,DTDC,Delivered
DLV02805,ORD02805,2025-03-21,2025-03-28,,DTDC,Out for Delivery
DLV02806,ORD02806,2025-07-12,2025-07-18,2025-07-19,Delhivery,Delivered
DLV02807,ORD02807,2025-07-02,2025-07-04,,DTDC,Failed
DLV02808,ORD02808,2025-11-07,2025-11-10,,XpressBees,Out for Delivery
DLV02809,ORD02809,2025-12-08,2025-12-10,,Delhivery,Out for Delivery
DLV02810,ORD02810,2025-02-09,2025-02-11,,Delhivery,Failed
DLV02811,ORD02811,2025-05-02,2025-05-06,,Ecom Express,Out for Delivery
DLV02812,ORD02812,2025-04-20,2025-04-26,,XpressBees,In Transit
DLV02813,ORD02813,2025-07-19,2025-07-25,2025-07-28,Delhivery,Delivered
DLV02814,ORD02814,2025-05-13,2025-05-16,,Blue Dart,Failed
DLV02815,ORD02815,2025-01-25,2025-02-01,,Ecom Express,Delayed
DLV02816,ORD02816,2025-03-28,2025-04-04,,Ecom Express,In Transit
DLV02817,ORD02817,2025-01-13,2025-01-15,,Blue Dart,In Transit
DLV02818,ORD02818,2025-05-27,2025-06-03,,XpressBees,In Transit
DLV02819,ORD02819,2025-10-03,2025-10-06,,XpressBees,In Transit
DLV02820,ORD02820,2025-09-17,2025-09-22,,DTDC,Failed
DLV02821,ORD02821,2025-08-21,2025-08-27,,Delhivery,Failed
DLV02822,ORD02822,2025-03-11,2025-03-13,,Delhivery,Out for Delivery
DLV02823,ORD02823,2025-06-18,2025-06-22,,DTDC,In Transit
DLV02824,ORD02824,2025-05-22,2025-05-27,,DTDC,Delayed
DLV02825,ORD02825,2025-10-27,2025-10-31,2025-11-01,XpressBees,Delivered
DLV02826,ORD02826,2025-04-21,2025-04-25,,Blue Dart,Out for Delivery
DLV02827,ORD02827,2025-03-18,2025-03-22,,Ecom Express,Out for Delivery
DLV02828,ORD02828,2025-10-27,2025-10-29,2025-11-01,Ecom Express,Delivered
DLV02829,ORD02829,2025-07-02,2025-07-04,2025-07-05,Ecom Express,Delivered
DLV02830,ORD02830,2025-03-14,2025-03-18,,Delhivery,Delayed
DLV02831,ORD02831,2025-06-30,2025-07-04,,DTDC,Delayed
DLV02832,ORD02832,2025-01-01,2025-01-06,,Delhivery,Delayed
DLV02833,ORD02833,2025-08-24,2025-08-27,2025-08-26,Blue Dart,Delivered
DLV02834,ORD02834,2025-12-20,2025-12-23,,Blue Dart,Failed
DLV02835,ORD02835,2025-10-19,2025-10-25,2025-10-26,XpressBees,Delivered
DLV02836,ORD02836,2025-07-08,2025-07-11,,Blue Dart,In Transit
DLV02837,ORD02837,2025-01-18,2025-01-21,,XpressBees,Out for Delivery
DLV02838,ORD02838,2025-07-11,2025-07-18,,Blue Dart,Out for Delivery
DLV02839,ORD02839,2025-05-29,2025-06-05,2025-06-07,XpressBees,Delivered
DLV02840,ORD02840,2025-05-16,2025-05-18,,DTDC,Failed
DLV02841,ORD02841,2025-07-20,2025-07-25,,Ecom Express,Delayed
DLV02842,ORD02842,2025-03-28,2025-03-30,,Blue Dart,Delayed
DLV02843,ORD02843,2025-10-21,2025-10-23,2025-10-23,Blue Dart,Delivered
DLV02844,ORD02844,2025-01-12,2025-01-16,,Ecom Express,Out for Delivery
DLV02845,ORD02845,2025-09-07,2025-09-13,,Ecom Express,Failed
DLV02846,ORD02846,2025-07-25,2025-07-28,,Delhivery,Delayed
DLV02847,ORD02847,2025-04-14,2025-04-20,2025-04-23,DTDC,Delivered
DLV02848,ORD02848,2025-06-19,2025-06-22,,Ecom Express,Delayed
DLV02849,ORD02849,2025-11-11,2025-11-13,,Blue Dart,Delayed
DLV02850,ORD02850,2025-05-28,2025-06-02,,DTDC,Out for Delivery
DLV02851,ORD02851,2025-04-14,2025-04-16,,XpressBees,Delayed
DLV02852,ORD02852,2025-02-22,2025-03-01,2025-02-28,Blue Dart,Delivered
DLV02853,ORD02853,2025-08-14,2025-08-17,,Ecom Express,Out for Delivery
DLV02854,ORD02854,2025-11-21,2025-11-23,2025-11-24,Blue Dart,Delivered
DLV02855,ORD02855,2025-03-26,2025-03-31,,DTDC,Failed
DLV02856,ORD02856,2025-10-05,2025-10-10,,XpressBees,Out for Delivery
DLV02857,ORD02857,2025-08-29,2025-09-01,,XpressBees,Delayed
DLV02858,ORD02858,2025-05-10,2025-05-13,,XpressBees,In Transit
DLV02859,ORD02859,2025-11-12,2025-11-18,,Delhivery,Delayed
DLV02860,ORD02860,2025-06-05,2025-06-10,,Ecom Express,Out for Delivery
DLV02861,ORD02861,2025-12-10,2025-12-12,,Delhivery,Failed
DLV02862,ORD02862,2025-08-12,2025-08-17,,XpressBees,Delayed
DLV02863,ORD02863,2025-08-31,2025-09-06,,Delhivery,In Transit
DLV02864,ORD02864,2025-12-16,2025-12-20,2025-12-21,Delhivery,Delivered
DLV02865,ORD02865,2025-11-21,2025-11-25,,XpressBees,Out for Delivery
DLV02866,ORD02866,2025-11-06,2025-11-13,,DTDC,In Transit
DLV02867,ORD02867,2025-06-05,2025-06-09,,DTDC,Out for Delivery
DLV02868,ORD02868,2025-04-25,2025-04-27,,XpressBees,Out for Delivery
DLV02869,ORD02869,2025-02-28,2025-03-03,,Delhivery,Out for Delivery
DLV02870,ORD02870,2025-10-28,2025-11-02,,Delhivery,Delayed
DLV02871,ORD02871,2025-12-08,2025-12-10,,Blue Dart,In Transit
DLV02872,ORD02872,2025-09-29,2025-10-04,,DTDC,Failed
DLV02873,ORD02873,2025-12-17,2025-12-22,,Ecom Express,Out for Delivery
DLV02874,ORD02874,2025-04-23,2025-04-29,,Delhivery,Delayed
DLV02875,ORD02875,2025-08-25,2025-08-31,2025-09-01,Blue Dart,Delivered
DLV02876,ORD02876,2025-08-09,2025-08-14,,DTDC,In Transit
DLV02877,ORD02877,2025-08-28,2025-08-30,2025-08-30,Ecom Express,Delivered
DLV02878,ORD02878,2025-08-15,2025-08-21,,XpressBees,In Transit
DLV02879,ORD02879,2025-06-04,2025-06-08,,XpressBees,Out for Delivery
DLV02880,ORD02880,2025-02-06,2025-02-11,,DTDC,In Transit
DLV02881,ORD02881,2025-07-06,2025-07-13,2025-07-12,Blue Dart,Delivered
DLV02882,ORD02882,2025-10-17,2025-10-22,2025-10-25,XpressBees,Delivered
DLV02883,ORD02883,2025-12-21,2025-12-27,,DTDC,In Transit
DLV02884,ORD02884,2025-01-13,2025-01-17,,Blue Dart,Delayed
DLV02885,ORD02885,2025-07-03,2025-07-05,,Blue Dart,In Transit
DLV02886,ORD02886,2025-04-01,2025-04-07,,XpressBees,In Transit
DLV02887,ORD02887,2025-09-21,2025-09-24,,Blue Dart,Delayed
DLV02888,ORD02888,2025-01-23,2025-01-28,2025-01-29,DTDC,Delivered
DLV02889,ORD02889,2025-12-19,2025-12-26,,Ecom Express,In Transit
DLV02890,ORD02890,2025-03-24,2025-03-31,,Delhivery,Out for Delivery
DLV02891,ORD02891,2025-05-04,2025-05-06,,Blue Dart,Delayed
DLV02892,ORD02892,2025-11-21,2025-11-23,,Delhivery,Delayed
DLV02893,ORD02893,2025-03-29,2025-04-03,,Blue Dart,In Transit
DLV02894,ORD02894,2025-01-15,2025-01-17,,Blue Dart,In Transit
DLV02895,ORD02895,2025-03-27,2025-04-03,,Delhivery,Out for Delivery
DLV02896,ORD02896,2025-03-02,2025-03-06,,XpressBees,Out for Delivery
DLV02897,ORD02897,2025-06-13,2025-06-17,2025-06-18,Blue Dart,Delivered
DLV02898,ORD02898,2025-02-12,2025-02-18,,Delhivery,Delayed
DLV02899,ORD02899,2025-12-27,2025-12-29,,Delhivery,Out for Delivery
DLV02900,ORD02900,2025-01-26,2025-01-29,,Ecom Express,In Transit
DLV02901,ORD02901,2025-03-01,2025-03-07,2025-03-08,DTDC,Delivered
DLV02902,ORD02902,2025-09-15,2025-09-20,,Ecom Express,In Transit
DLV02903,ORD02903,2025-01-19,2025-01-26,2025-01-28,Blue Dart,Delivered
DLV02904,ORD02904,2025-04-28,2025-05-05,,Blue Dart,In Transit
DLV02905,ORD02905,2025-09-07,2025-09-09,,Ecom Express,Failed
DLV02906,ORD02906,2025-02-06,2025-02-09,,XpressBees,Delayed
DLV02907,ORD02907,2025-01-07,2025-01-09,,Delhivery,Failed
DLV02908,ORD02908,2025-01-07,2025-01-10,2025-01-09,Ecom Express,Delivered
DLV02909,ORD02909,2025-10-22,2025-10-28,2025-10-30,XpressBees,Delivered
DLV02910,ORD02910,2025-05-05,2025-05-11,2025-05-10,Delhivery,Delivered
DLV02911,ORD02911,2025-05-01,2025-05-04,,Delhivery,In Transit
DLV02912,ORD02912,2025-01-31,2025-02-02,,Blue Dart,Out for Delivery
DLV02913,ORD02913,2025-05-09,2025-05-16,,XpressBees,Out for Delivery
DLV02914,ORD02914,2025-05-01,2025-05-07,,Ecom Express,Failed
DLV02915,ORD02915,2025-03-05,2025-03-10,,XpressBees,In Transit
DLV02916,ORD02916,2025-05-19,2025-05-24,,DTDC,Delayed
DLV02917,ORD02917,2025-07-10,2025-07-14,,XpressBees,Delayed
DLV02918,ORD02918,2025-03-05,2025-03-09,,Ecom Express,Out for Delivery
DLV02919,ORD02919,2025-10-10,2025-10-14,,XpressBees,Failed
DLV02920,ORD02920,2025-07-18,2025-07-20,,DTDC,Delayed
DLV02921,ORD02921,2025-03-30,2025-04-01,,XpressBees,Failed
DLV02922,ORD02922,2025-03-18,2025-03-22,,DTDC,Out for Delivery
DLV02923,ORD02923,2025-05-30,2025-06-01,2025-06-04,XpressBees,Delivered
DLV02924,ORD02924,2025-01-02,2025-01-09,,DTDC,Delayed
DLV02925,ORD02925,2025-06-26,2025-06-28,,Delhivery,Delayed
DLV02926,ORD02926,2025-04-24,2025-05-01,,DTDC,Delayed
DLV02927,ORD02927,2025-03-27,2025-04-01,,DTDC,Delayed
DLV02928,ORD02928,2025-04-08,2025-04-12,,XpressBees,Failed
DLV02929,ORD02929,2025-05-24,2025-05-28,2025-05-27,Ecom Express,Delivered
DLV02930,ORD02930,2025-09-02,2025-09-09,,Ecom Express,Out for Delivery
DLV02931,ORD02931,2025-08-03,2025-08-05,,Blue Dart,In Transit
DLV02932,ORD02932,2025-08-20,2025-08-24,,Ecom Express,Out for Delivery
DLV02933,ORD02933,2025-05-12,2025-05-19,2025-05-20,Ecom Express,Delivered
DLV02934,ORD02934,2025-03-02,2025-03-06,,Blue Dart,In Transit
DLV02935,ORD02935,2025-11-08,2025-11-10,,Blue Dart,Delayed
DLV02936,ORD02936,2025-03-19,2025-03-24,2025-03-26,Ecom Express,Delivered
DLV02937,ORD02937,2025-09-21,2025-09-27,,DTDC,Out for Delivery
DLV02938,ORD02938,2025-11-10,2025-11-13,,Delhivery,Out for Delivery
DLV02939,ORD02939,2025-07-09,2025-07-14,,Delhivery,Failed
DLV02940,ORD02940,2025-03-27,2025-03-30,2025-03-29,Delhivery,Delivered
DLV02941,ORD02941,2025-12-17,2025-12-21,,DTDC,Failed
DLV02942,ORD02942,2025-10-10,2025-10-16,,Ecom Express,Out for Delivery
DLV02943,ORD02943,2025-09-08,2025-09-14,,XpressBees,In Transit
DLV02944,ORD02944,2025-02-24,2025-02-26,,Blue Dart,Delayed
DLV02945,ORD02945,2025-06-22,2025-06-24,,Delhivery,Out for Delivery
DLV02946,ORD02946,2025-10-12,2025-10-18,,Delhivery,Delayed
DLV02947,ORD02947,2025-06-12,2025-06-17,,Blue Dart,Out for Delivery
DLV02948,ORD02948,2025-10-29,2025-11-01,,Blue Dart,In Transit
DLV02949,ORD02949,2025-06-26,2025-07-02,,DTDC,Delayed
DLV02950,ORD02950,2025-02-03,2025-02-10,,XpressBees,Delayed
DLV02951,ORD02951,2025-10-17,2025-10-24,,Blue Dart,Out for Delivery
DLV02952,ORD02952,2025-09-11,2025-09-13,2025-09-13,Ecom Express,Delivered
DLV02953,ORD02953,2025-02-28,2025-03-05,2025-03-04,Blue Dart,Delivered
DLV02954,ORD02954,2025-12-02,2025-12-06,,Ecom Express,In Transit
DLV02955,ORD02955,2025-07-23,2025-07-30,,XpressBees,Delayed
DLV02956,ORD02956,2025-02-26,2025-03-02,2025-03-01,Blue Dart,Delivered
DLV02957,ORD02957,2025-08-18,2025-08-22,,Delhivery,Out for Delivery
DLV02958,ORD02958,2025-08-07,2025-08-10,,Blue Dart,Delayed
DLV02959,ORD02959,2025-09-24,2025-09-28,,Blue Dart,Out for Delivery
DLV02960,ORD02960,2025-11-02,2025-11-06,,Blue Dart,In Transit
DLV02961,ORD02961,2025-01-31,2025-02-03,,DTDC,Out for Delivery
DLV02962,ORD02962,2025-09-09,2025-09-14,,Delhivery,In Transit
DLV02963,ORD02963,2025-05-01,2025-05-04,,Blue Dart,Failed
DLV02964,ORD02964,2025-08-27,2025-09-03,,Blue Dart,Out for Delivery
DLV02965,ORD02965,2025-06-05,2025-06-12,,Ecom Express,Delayed
DLV02966,ORD02966,2025-07-21,2025-07-28,,Blue Dart,Delayed
DLV02967,ORD02967,2025-03-12,2025-03-17,,XpressBees,Failed
DLV02968,ORD02968,2025-12-03,2025-12-10,,Ecom Express,Delayed
DLV02969,ORD02969,2025-02-08,2025-02-15,2025-02-14,Delhivery,Delivered
DLV02970,ORD02970,2025-08-04,2025-08-11,,XpressBees,Out for Delivery
DLV02971,ORD02971,2025-12-25,2026-01-01,2026-01-02,Delhivery,Delivered
DLV02972,ORD02972,2025-11-11,2025-11-18,2025-11-19,Delhivery,Delivered
DLV02973,ORD02973,2025-12-10,2025-12-12,,Ecom Express,Failed
DLV02974,ORD02974,2025-10-22,2025-10-25,,DTDC,Out for Delivery
DLV02975,ORD02975,2025-04-20,2025-04-25,,DTDC,In Transit
DLV02976,ORD02976,2025-07-18,2025-07-25,,Ecom Express,In Transit
DLV02977,ORD02977,2025-04-12,2025-04-14,,DTDC,Out for Delivery
DLV02978,ORD02978,2025-10-21,2025-10-28,2025-10-30,Delhivery,Delivered
DLV02979,ORD02979,2025-09-11,2025-09-14,,Ecom Express,In Transit
DLV02980,ORD02980,2025-03-07,2025-03-13,,DTDC,Delayed
DLV02981,ORD02981,2025-10-23,2025-10-29,,DTDC,Failed
DLV02982,ORD02982,2025-05-30,2025-06-06,,XpressBees,In Transit
DLV02983,ORD02983,2025-05-09,2025-05-12,,Blue Dart,Delayed
DLV02984,ORD02984,2025-10-28,2025-10-31,,Ecom Express,In Transit
DLV02985,ORD02985,2025-02-25,2025-02-28,,DTDC,Failed
DLV02986,ORD02986,2025-10-23,2025-10-30,,XpressBees,In Transit
DLV02987,ORD02987,2025-02-21,2025-02-25,,XpressBees,Delayed
DLV02988,ORD02988,2025-02-11,2025-02-15,,Delhivery,Failed
DLV02989,ORD02989,2025-12-07,2025-12-14,,Blue Dart,Delayed
DLV02990,ORD02990,2025-03-14,2025-03-16,,Delhivery,Failed
DLV02991,ORD02991,2025-11-14,2025-11-16,,XpressBees,Out for Delivery
DLV02992,ORD02992,2025-08-12,2025-08-18,2025-08-20,Ecom Express,Delivered
DLV02993,ORD02993,2025-06-21,2025-06-23,,DTDC,Out for Delivery
DLV02994,ORD02994,2025-10-18,2025-10-22,2025-10-21,Delhivery,Delivered
DLV02995,ORD02995,2025-11-01,2025-11-06,,Blue Dart,Out for Delivery
DLV02996,ORD02996,2025-12-02,2025-12-08,,Delhivery,Failed
DLV02997,ORD02997,2025-04-22,2025-04-24,2025-04-25,Delhivery,Delivered
DLV02998,ORD02998,2025-11-23,2025-11-26,,Ecom Express,Failed
DLV02999,ORD02999,2025-02-10,2025-02-12,,Delhivery,Out for Delivery
DLV03000,ORD03000,2025-08-20,2025-08-22,,DTDC,Failed
DLV03001,ORD03001,2025-06-23,2025-06-29,,Delhivery,Out for Delivery
DLV03002,ORD03002,2025-11-11,2025-11-14,,Delhivery,In Transit
DLV03003,ORD03003,2025-01-30,2025-02-05,,Delhivery,Failed
DLV03004,ORD03004,2025-08-01,2025-08-06,,Delhivery,Failed
DLV03005,ORD03005,2025-06-24,2025-06-26,,XpressBees,Failed
DLV03006,ORD03006,2025-08-11,2025-08-15,2025-08-14,DTDC,Delivered
DLV03007,ORD03007,2025-10-29,2025-11-01,2025-11-04,Blue Dart,Delivered
DLV03008,ORD03008,2025-11-21,2025-11-26,,Blue Dart,Out for Delivery
DLV03009,ORD03009,2025-11-06,2025-11-11,,Blue Dart,Delayed
DLV03010,ORD03010,2025-09-07,2025-09-14,,XpressBees,Out for Delivery
DLV03011,ORD03011,2025-04-12,2025-04-15,,Blue Dart,Delayed
DLV03012,ORD03012,2025-09-30,2025-10-06,,Ecom Express,Out for Delivery
DLV03013,ORD03013,2025-02-26,2025-03-02,,Delhivery,In Transit
DLV03014,ORD03014,2025-06-06,2025-06-09,2025-06-09,Ecom Express,Delivered
DLV03015,ORD03015,2025-10-07,2025-10-12,,XpressBees,Failed
DLV03016,ORD03016,2025-01-11,2025-01-16,,Blue Dart,In Transit
DLV03017,ORD03017,2025-04-23,2025-04-27,,XpressBees,Delayed
DLV03018,ORD03018,2025-09-09,2025-09-12,,XpressBees,In Transit
DLV03019,ORD03019,2025-01-10,2025-01-14,,DTDC,Failed
DLV03020,ORD03020,2025-10-31,2025-11-03,,Blue Dart,Failed
DLV03021,ORD03021,2025-05-21,2025-05-23,,Delhivery,Delayed
DLV03022,ORD03022,2025-01-03,2025-01-05,,XpressBees,Out for Delivery
DLV03023,ORD03023,2025-11-24,2025-11-26,,Blue Dart,Delayed
DLV03024,ORD03024,2025-12-03,2025-12-06,,XpressBees,Out for Delivery
DLV03025,ORD03025,2025-05-22,2025-05-25,,Blue Dart,Delayed
DLV03026,ORD03026,2025-01-09,2025-01-13,,Ecom Express,Failed
DLV03027,ORD03027,2025-04-03,2025-04-09,2025-04-12,DTDC,Delivered
DLV03028,ORD03028,2025-02-24,2025-03-01,,Blue Dart,Delayed
DLV03029,ORD03029,2025-12-16,2025-12-21,2025-12-20,Blue Dart,Delivered
DLV03030,ORD03030,2025-10-12,2025-10-15,2025-10-14,Blue Dart,Delivered
DLV03031,ORD03031,2025-09-11,2025-09-17,,Delhivery,Failed
DLV03032,ORD03032,2025-12-13,2025-12-15,2025-12-16,Delhivery,Delivered
DLV03033,ORD03033,2025-09-20,2025-09-25,,Delhivery,In Transit
DLV03034,ORD03034,2025-10-30,2025-11-02,,XpressBees,Delayed
DLV03035,ORD03035,2025-11-19,2025-11-26,2025-11-28,Blue Dart,Delivered
DLV03036,ORD03036,2025-07-04,2025-07-06,2025-07-05,Ecom Express,Delivered
DLV03037,ORD03037,2025-06-13,2025-06-19,,Blue Dart,Out for Delivery
DLV03038,ORD03038,2025-02-05,2025-02-10,,XpressBees,In Transit
DLV03039,ORD03039,2025-12-31,2026-01-04,,DTDC,Failed
DLV03040,ORD03040,2025-09-20,2025-09-24,,Blue Dart,Out for Delivery
DLV03041,ORD03041,2025-03-08,2025-03-10,,DTDC,Failed
DLV03042,ORD03042,2025-11-23,2025-11-28,,Delhivery,Delayed
DLV03043,ORD03043,2025-07-14,2025-07-19,,DTDC,In Transit
DLV03044,ORD03044,2025-12-22,2025-12-28,,Delhivery,In Transit
DLV03045,ORD03045,2025-02-06,2025-02-13,,Ecom Express,Delayed
DLV03046,ORD03046,2025-10-26,2025-10-29,,Delhivery,Failed
DLV03047,ORD03047,2025-06-20,2025-06-22,,DTDC,In Transit
DLV03048,ORD03048,2025-11-12,2025-11-17,,DTDC,Out for Delivery
DLV03049,ORD03049,2025-07-02,2025-07-04,,DTDC,In Transit
DLV03050,ORD03050,2025-05-12,2025-05-19,,XpressBees,Delayed
DLV03051,ORD03051,2025-12-30,2026-01-01,,XpressBees,Delayed
DLV03052,ORD03052,2025-11-11,2025-11-15,,DTDC,In Transit
DLV03053,ORD03053,2025-06-24,2025-06-29,,Delhivery,Failed
DLV03054,ORD03054,2025-03-23,2025-03-29,,Delhivery,Out for Delivery
DLV03055,ORD03055,2025-04-30,2025-05-03,2025-05-03,Blue Dart,Delivered
DLV03056,ORD03056,2025-09-14,2025-09-16,,Blue Dart,Failed
DLV03057,ORD03057,2025-05-24,2025-05-28,,DTDC,Out for Delivery
DLV03058,ORD03058,2025-06-14,2025-06-17,,Delhivery,Failed
DLV03059,ORD03059,2025-09-14,2025-09-16,,Blue Dart,Out for Delivery
DLV03060,ORD03060,2025-12-17,2025-12-23,,DTDC,In Transit
DLV03061,ORD03061,2025-03-22,2025-03-29,2025-03-29,DTDC,Delivered
DLV03062,ORD03062,2025-09-15,2025-09-18,,Ecom Express,Delayed
DLV03063,ORD03063,2025-08-30,2025-09-06,,Blue Dart,Delayed
DLV03064,ORD03064,2025-03-27,2025-04-02,,DTDC,Out for Delivery
DLV03065,ORD03065,2025-06-23,2025-06-28,,Delhivery,Delayed
DLV03066,ORD03066,2025-09-06,2025-09-11,,DTDC,In Transit
DLV03067,ORD03067,2025-05-17,2025-05-24,,XpressBees,Delayed
DLV03068,ORD03068,2025-05-21,2025-05-23,,DTDC,Failed
DLV03069,ORD03069,2025-10-04,2025-10-10,2025-10-09,Delhivery,Delivered
DLV03070,ORD03070,2025-07-02,2025-07-06,,Ecom Express,Failed
DLV03071,ORD03071,2025-01-03,2025-01-08,,Delhivery,Delayed
DLV03072,ORD03072,2025-01-20,2025-01-25,,Ecom Express,Delayed
DLV03073,ORD03073,2025-10-06,2025-10-10,,Delhivery,Delayed
DLV03074,ORD03074,2025-06-06,2025-06-12,2025-06-13,Ecom Express,Delivered
DLV03075,ORD03075,2025-01-14,2025-01-19,,Ecom Express,Failed
DLV03076,ORD03076,2025-12-15,2025-12-22,,Delhivery,In Transit
DLV03077,ORD03077,2025-01-10,2025-01-14,,DTDC,Delayed
DLV03078,ORD03078,2025-04-13,2025-04-18,,XpressBees,Failed
DLV03079,ORD03079,2025-09-10,2025-09-16,,Delhivery,Delayed
DLV03080,ORD03080,2025-03-15,2025-03-19,,XpressBees,In Transit
DLV03081,ORD03081,2025-03-03,2025-03-09,2025-03-11,Delhivery,Delivered
DLV03082,ORD03082,2025-05-07,2025-05-12,,XpressBees,In Transit
DLV03083,ORD03083,2025-09-21,2025-09-26,,Ecom Express,In Transit
DLV03084,ORD03084,2025-08-25,2025-08-27,,DTDC,Failed
DLV03085,ORD03085,2025-03-06,2025-03-11,,Delhivery,Failed
DLV03086,ORD03086,2025-11-26,2025-11-30,2025-11-30,DTDC,Delivered
DLV03087,ORD03087,2025-07-21,2025-07-27,2025-07-28,XpressBees,Delivered
DLV03088,ORD03088,2025-10-15,2025-10-19,2025-10-18,DTDC,Delivered
DLV03089,ORD03089,2025-09-29,2025-10-04,,XpressBees,Delayed
DLV03090,ORD03090,2025-10-15,2025-10-19,2025-10-20,DTDC,Delivered
DLV03091,ORD03091,2025-10-02,2025-10-09,,DTDC,In Transit
DLV03092,ORD03092,2025-07-05,2025-07-11,,Ecom Express,Out for Delivery
DLV03093,ORD03093,2025-12-14,2025-12-20,,DTDC,Delayed
DLV03094,ORD03094,2025-01-08,2025-01-11,,DTDC,Out for Delivery
DLV03095,ORD03095,2025-05-22,2025-05-28,,Delhivery,In Transit
DLV03096,ORD03096,2025-09-05,2025-09-09,2025-09-10,XpressBees,Delivered
DLV03097,ORD03097,2025-07-17,2025-07-19,,Blue Dart,Failed
DLV03098,ORD03098,2025-12-08,2025-12-11,,DTDC,Out for Delivery
DLV03099,ORD03099,2025-10-29,2025-10-31,,Ecom Express,Failed
DLV03100,ORD03100,2025-09-30,2025-10-04,,XpressBees,In Transit
DLV03101,ORD03101,2025-11-25,2025-11-27,,Ecom Express,Out for Delivery
DLV03102,ORD03102,2025-04-03,2025-04-06,,Ecom Express,In Transit
DLV03103,ORD03103,2025-04-10,2025-04-13,,Blue Dart,Failed
DLV03104,ORD03104,2025-10-17,2025-10-23,2025-10-26,Blue Dart,Delivered
DLV03105,ORD03105,2025-03-19,2025-03-21,,Ecom Express,In Transit
DLV03106,ORD03106,2025-02-07,2025-02-12,,XpressBees,Failed
DLV03107,ORD03107,2025-04-05,2025-04-12,,DTDC,Out for Delivery
DLV03108,ORD03108,2025-07-12,2025-07-17,2025-07-17,XpressBees,Delivered
DLV03109,ORD03109,2025-04-11,2025-04-17,,XpressBees,Failed
DLV03110,ORD03110,2025-11-25,2025-11-29,,Delhivery,Out for Delivery
DLV03111,ORD03111,2025-04-21,2025-04-24,,DTDC,Failed
DLV03112,ORD03112,2025-03-29,2025-04-05,,Ecom Express,Out for Delivery
DLV03113,ORD03113,2025-07-24,2025-07-31,2025-08-02,DTDC,Delivered
DLV03114,ORD03114,2025-09-21,2025-09-28,2025-09-28,XpressBees,Delivered
DLV03115,ORD03115,2025-06-16,2025-06-22,2025-06-22,DTDC,Delivered
DLV03116,ORD03116,2025-08-28,2025-08-30,,XpressBees,In Transit
DLV03117,ORD03117,2025-04-11,2025-04-15,,DTDC,Delayed
DLV03118,ORD03118,2025-03-31,2025-04-06,2025-04-05,Delhivery,Delivered
DLV03119,ORD03119,2025-04-04,2025-04-10,,XpressBees,Out for Delivery
DLV03120,ORD03120,2025-10-01,2025-10-04,2025-10-07,DTDC,Delivered
DLV03121,ORD03121,2025-11-12,2025-11-18,,Delhivery,In Transit
DLV03122,ORD03122,2025-07-26,2025-08-02,,Delhivery,Failed
DLV03123,ORD03123,2025-03-20,2025-03-24,,XpressBees,Failed
DLV03124,ORD03124,2025-06-27,2025-07-02,,Blue Dart,Delayed
DLV03125,ORD03125,2025-04-14,2025-04-18,,Ecom Express,In Transit
DLV03126,ORD03126,2025-09-22,2025-09-29,,Delhivery,Delayed
DLV03127,ORD03127,2025-02-22,2025-02-28,,XpressBees,In Transit
DLV03128,ORD03128,2025-04-19,2025-04-24,2025-04-24,DTDC,Delivered
DLV03129,ORD03129,2025-02-11,2025-02-13,2025-02-13,XpressBees,Delivered
DLV03130,ORD03130,2025-11-15,2025-11-18,,DTDC,Out for Delivery
DLV03131,ORD03131,2025-07-04,2025-07-10,,Delhivery,In Transit
DLV03132,ORD03132,2025-09-30,2025-10-05,,Ecom Express,Failed
DLV03133,ORD03133,2025-10-01,2025-10-05,,XpressBees,Delayed
DLV03134,ORD03134,2025-02-06,2025-02-09,2025-02-12,Blue Dart,Delivered
DLV03135,ORD03135,2025-06-30,2025-07-07,2025-07-06,XpressBees,Delivered
DLV03136,ORD03136,2025-02-03,2025-02-09,,Blue Dart,In Transit
DLV03137,ORD03137,2025-12-26,2025-12-30,,Ecom Express,Out for Delivery
DLV03138,ORD03138,2025-08-03,2025-08-08,,Delhivery,Out for Delivery
DLV03139,ORD03139,2025-10-13,2025-10-16,,XpressBees,Failed
DLV03140,ORD03140,2025-01-23,2025-01-30,,Delhivery,In Transit
DLV03141,ORD03141,2025-09-26,2025-09-29,,Ecom Express,Failed
DLV03142,ORD03142,2025-11-17,2025-11-19,,Delhivery,Delayed
DLV03143,ORD03143,2025-12-08,2025-12-10,,DTDC,Delayed
DLV03144,ORD03144,2025-06-07,2025-06-10,,DTDC,In Transit
DLV03145,ORD03145,2025-08-09,2025-08-13,,Ecom Express,Out for Delivery
DLV03146,ORD03146,2025-09-09,2025-09-14,,Delhivery,Delayed
DLV03147,ORD03147,2025-09-18,2025-09-25,,Blue Dart,Delayed
DLV03148,ORD03148,2025-01-26,2025-02-01,,Ecom Express,Failed
DLV03149,ORD03149,2025-09-13,2025-09-15,,Blue Dart,In Transit
DLV03150,ORD03150,2025-12-05,2025-12-10,,XpressBees,In Transit
DLV03151,ORD03151,2025-12-28,2025-12-30,,Ecom Express,Failed
DLV03152,ORD03152,2025-03-20,2025-03-26,,DTDC,Out for Delivery
DLV03153,ORD03153,2025-03-19,2025-03-22,,Delhivery,Failed
DLV03154,ORD03154,2025-09-07,2025-09-10,,DTDC,Failed
DLV03155,ORD03155,2025-03-22,2025-03-28,,Delhivery,Failed
DLV03156,ORD03156,2025-04-30,2025-05-04,,DTDC,Failed
DLV03157,ORD03157,2025-04-12,2025-04-15,,XpressBees,In Transit
DLV03158,ORD03158,2025-01-04,2025-01-08,,Ecom Express,Delayed
DLV03159,ORD03159,2025-02-04,2025-02-07,,XpressBees,Failed
DLV03160,ORD03160,2025-04-01,2025-04-03,,DTDC,Out for Delivery
DLV03161,ORD03161,2025-12-25,2025-12-27,,Delhivery,Out for Delivery
DLV03162,ORD03162,2025-05-15,2025-05-18,,Blue Dart,In Transit
DLV03163,ORD03163,2025-02-16,2025-02-21,,DTDC,Delayed
DLV03164,ORD03164,2025-12-31,2026-01-05,,DTDC,Delayed
DLV03165,ORD03165,2025-12-27,2025-12-29,,Blue Dart,Failed
DLV03166,ORD03166,2025-01-07,2025-01-11,,DTDC,Out for Delivery
DLV03167,ORD03167,2025-05-09,2025-05-13,,Delhivery,Failed
DLV03168,ORD03168,2025-06-30,2025-07-05,2025-07-06,XpressBees,Delivered
DLV03169,ORD03169,2025-03-23,2025-03-25,,Blue Dart,Failed
DLV03170,ORD03170,2025-08-18,2025-08-20,,DTDC,Delayed
DLV03171,ORD03171,2025-09-25,2025-10-02,,XpressBees,Failed
DLV03172,ORD03172,2025-04-02,2025-04-07,2025-04-10,Blue Dart,Delivered
DLV03173,ORD03173,2025-07-09,2025-07-15,,Ecom Express,Delayed
DLV03174,ORD03174,2025-01-18,2025-01-25,,Ecom Express,Delayed
DLV03175,ORD03175,2025-02-05,2025-02-12,,Delhivery,Delayed
DLV03176,ORD03176,2025-07-28,2025-08-01,,Blue Dart,Failed
DLV03177,ORD03177,2025-01-21,2025-01-27,,Ecom Express,Failed
DLV03178,ORD03178,2025-02-14,2025-02-21,,DTDC,Delayed
DLV03179,ORD03179,2025-11-29,2025-12-03,,XpressBees,In Transit
DLV03180,ORD03180,2025-04-18,2025-04-25,,Ecom Express,Delayed
DLV03181,ORD03181,2025-10-22,2025-10-27,,Blue Dart,In Transit
DLV03182,ORD03182,2025-12-27,2026-01-02,2026-01-04,XpressBees,Delivered
DLV03183,ORD03183,2025-12-12,2025-12-18,,Blue Dart,Failed
DLV03184,ORD03184,2025-07-24,2025-07-29,2025-07-29,DTDC,Delivered
DLV03185,ORD03185,2025-05-30,2025-06-04,,DTDC,In Transit
DLV03186,ORD03186,2025-12-15,2025-12-20,,Ecom Express,Delayed
DLV03187,ORD03187,2025-11-11,2025-11-16,,Delhivery,Out for Delivery
DLV03188,ORD03188,2025-08-21,2025-08-27,,Blue Dart,In Transit
DLV03189,ORD03189,2025-09-04,2025-09-10,2025-09-12,Ecom Express,Delivered
DLV03190,ORD03190,2025-12-21,2025-12-25,,Blue Dart,Out for Delivery
DLV03191,ORD03191,2025-04-17,2025-04-22,2025-04-25,Ecom Express,Delivered
DLV03192,ORD03192,2025-12-12,2025-12-15,,Ecom Express,In Transit
DLV03193,ORD03193,2025-10-17,2025-10-20,,Ecom Express,Failed
DLV03194,ORD03194,2025-04-21,2025-04-27,,Blue Dart,Out for Delivery
DLV03195,ORD03195,2025-05-03,2025-05-06,,Ecom Express,Failed
DLV03196,ORD03196,2025-02-14,2025-02-18,,XpressBees,Failed
DLV03197,ORD03197,2025-06-14,2025-06-21,,Blue Dart,In Transit
DLV03198,ORD03198,2025-04-22,2025-04-28,,Delhivery,Delayed
DLV03199,ORD03199,2025-02-18,2025-02-24,,Ecom Express,Delayed
DLV03200,ORD03200,2025-11-16,2025-11-23,,Blue Dart,Out for Delivery
DLV03201,ORD03201,2025-06-25,2025-07-01,,Delhivery,Out for Delivery
DLV03202,ORD03202,2025-06-26,2025-07-01,,XpressBees,Delayed
DLV03203,ORD03203,2025-01-17,2025-01-22,,Ecom Express,Delayed
DLV03204,ORD03204,2025-07-31,2025-08-06,,Delhivery,Failed
DLV03205,ORD03205,2025-03-08,2025-03-10,,Delhivery,Out for Delivery
DLV03206,ORD03206,2025-04-24,2025-04-27,2025-04-29,Ecom Express,Delivered
DLV03207,ORD03207,2025-11-29,2025-12-03,,Blue Dart,Out for Delivery
DLV03208,ORD03208,2025-06-15,2025-06-19,,DTDC,Failed
DLV03209,ORD03209,2025-11-25,2025-12-02,,Blue Dart,Out for Delivery
DLV03210,ORD03210,2025-04-25,2025-04-30,,Blue Dart,Out for Delivery
DLV03211,ORD03211,2025-01-12,2025-01-15,,DTDC,Failed
DLV03212,ORD03212,2025-08-25,2025-08-30,,Ecom Express,Delayed
DLV03213,ORD03213,2025-07-21,2025-07-24,,Ecom Express,Failed
DLV03214,ORD03214,2025-07-14,2025-07-19,,Ecom Express,Delayed
DLV03215,ORD03215,2025-05-09,2025-05-13,,Ecom Express,Delayed
DLV03216,ORD03216,2025-05-27,2025-05-29,,Ecom Express,Failed
DLV03217,ORD03217,2025-02-12,2025-02-19,,Delhivery,Out for Delivery
DLV03218,ORD03218,2025-05-17,2025-05-19,,Delhivery,In Transit
DLV03219,ORD03219,2025-04-13,2025-04-18,,Blue Dart,Out for Delivery
DLV03220,ORD03220,2025-12-22,2025-12-27,,Delhivery,Out for Delivery
DLV03221,ORD03221,2025-01-01,2025-01-06,,DTDC,Failed
DLV03222,ORD03222,2025-06-30,2025-07-05,,Delhivery,Out for Delivery
DLV03223,ORD03223,2025-06-27,2025-06-30,2025-07-01,DTDC,Delivered
DLV03224,ORD03224,2025-09-12,2025-09-16,,XpressBees,Delayed
DLV03225,ORD03225,2025-12-15,2025-12-21,,Delhivery,Out for Delivery
DLV03226,ORD03226,2025-01-23,2025-01-28,,DTDC,In Transit
DLV03227,ORD03227,2025-06-02,2025-06-05,,Delhivery,Failed
DLV03228,ORD03228,2025-12-03,2025-12-09,,Delhivery,In Transit
DLV03229,ORD03229,2025-02-21,2025-02-28,2025-02-28,Blue Dart,Delivered
DLV03230,ORD03230,2025-11-04,2025-11-10,,DTDC,In Transit
DLV03231,ORD03231,2025-08-28,2025-08-31,,Delhivery,In Transit
DLV03232,ORD03232,2025-02-24,2025-03-01,2025-03-03,Blue Dart,Delivered
DLV03233,ORD03233,2025-01-15,2025-01-18,,Ecom Express,Failed
DLV03234,ORD03234,2025-04-17,2025-04-19,2025-04-19,DTDC,Delivered
DLV03235,ORD03235,2025-01-14,2025-01-20,,XpressBees,Delayed
DLV03236,ORD03236,2025-06-03,2025-06-09,,Delhivery,Out for Delivery
DLV03237,ORD03237,2025-04-12,2025-04-15,,XpressBees,Out for Delivery
DLV03238,ORD03238,2025-04-10,2025-04-12,,Ecom Express,Out for Delivery
DLV03239,ORD03239,2025-06-29,2025-07-03,,DTDC,In Transit
DLV03240,ORD03240,2025-01-11,2025-01-17,,Ecom Express,Failed
DLV03241,ORD03241,2025-10-29,2025-11-05,,Delhivery,In Transit
DLV03242,ORD03242,2025-02-02,2025-02-07,,Ecom Express,Out for Delivery
DLV03243,ORD03243,2025-03-04,2025-03-06,,Ecom Express,Out for Delivery
DLV03244,ORD03244,2025-10-17,2025-10-21,,XpressBees,Failed
DLV03245,ORD03245,2025-11-01,2025-11-05,,Delhivery,Out for Delivery
DLV03246,ORD03246,2025-01-22,2025-01-29,,DTDC,Failed
DLV03247,ORD03247,2025-02-25,2025-02-28,2025-02-27,Ecom Express,Delivered
DLV03248,ORD03248,2025-01-23,2025-01-25,,XpressBees,Failed
DLV03249,ORD03249,2025-01-29,2025-02-04,,Ecom Express,Failed
DLV03250,ORD03250,2025-08-22,2025-08-29,,DTDC,Out for Delivery
DLV03251,ORD03251,2025-06-13,2025-06-19,,Ecom Express,Delayed
DLV03252,ORD03252,2025-05-09,2025-05-11,2025-05-14,Delhivery,Delivered
DLV03253,ORD03253,2025-02-07,2025-02-13,2025-02-12,XpressBees,Delivered
DLV03254,ORD03254,2025-01-04,2025-01-11,,Ecom Express,Failed
DLV03255,ORD03255,2025-02-17,2025-02-21,,XpressBees,Failed
DLV03256,ORD03256,2025-06-22,2025-06-24,,Delhivery,Delayed
DLV03257,ORD03257,2025-07-28,2025-08-01,,XpressBees,Failed
DLV03258,ORD03258,2025-04-17,2025-04-20,,Delhivery,Delayed
DLV03259,ORD03259,2025-05-20,2025-05-22,,Ecom Express,Delayed
DLV03260,ORD03260,2025-10-13,2025-10-19,,Blue Dart,In Transit
DLV03261,ORD03261,2025-02-28,2025-03-07,,DTDC,In Transit
DLV03262,ORD03262,2025-10-06,2025-10-09,,Delhivery,Failed
DLV03263,ORD03263,2025-03-17,2025-03-23,,XpressBees,Failed
DLV03264,ORD03264,2025-06-07,2025-06-14,2025-06-16,Blue Dart,Delivered
DLV03265,ORD03265,2025-02-07,2025-02-14,,XpressBees,Out for Delivery
DLV03266,ORD03266,2025-03-06,2025-03-09,,Delhivery,In Transit
DLV03267,ORD03267,2025-08-25,2025-08-31,,Ecom Express,Failed
DLV03268,ORD03268,2025-12-17,2025-12-24,,XpressBees,Failed
DLV03269,ORD03269,2025-02-22,2025-02-25,,Ecom Express,Delayed
DLV03270,ORD03270,2025-03-23,2025-03-29,,XpressBees,In Transit
DLV03271,ORD03271,2025-01-10,2025-01-13,2025-01-13,Delhivery,Delivered
DLV03272,ORD03272,2025-04-13,2025-04-16,,Delhivery,In Transit
DLV03273,ORD03273,2025-08-27,2025-09-01,,DTDC,Failed
DLV03274,ORD03274,2025-04-05,2025-04-09,2025-04-08,Ecom Express,Delivered
DLV03275,ORD03275,2025-11-13,2025-11-18,2025-11-20,Ecom Express,Delivered
DLV03276,ORD03276,2025-07-03,2025-07-10,,Delhivery,In Transit
DLV03277,ORD03277,2025-11-13,2025-11-17,,XpressBees,In Transit
DLV03278,ORD03278,2025-02-23,2025-02-25,,DTDC,In Transit
DLV03279,ORD03279,2025-02-24,2025-02-27,,DTDC,Out for Delivery
DLV03280,ORD03280,2025-04-08,2025-04-12,,DTDC,Delayed
DLV03281,ORD03281,2025-03-25,2025-03-28,,Ecom Express,Failed
DLV03282,ORD03282,2025-09-24,2025-10-01,,XpressBees,Out for Delivery
DLV03283,ORD03283,2025-06-27,2025-07-01,,Delhivery,Delayed
DLV03284,ORD03284,2025-08-30,2025-09-06,,Blue Dart,Out for Delivery
DLV03285,ORD03285,2025-01-10,2025-01-16,,XpressBees,In Transit
DLV03286,ORD03286,2025-07-31,2025-08-06,,Delhivery,Delayed
DLV03287,ORD03287,2025-11-02,2025-11-08,,DTDC,In Transit
DLV03288,ORD03288,2025-07-23,2025-07-26,,DTDC,In Transit
DLV03289,ORD03289,2025-08-19,2025-08-23,,XpressBees,Out for Delivery
DLV03290,ORD03290,2025-03-21,2025-03-27,2025-03-27,XpressBees,Delivered
DLV03291,ORD03291,2025-06-03,2025-06-05,,Blue Dart,Failed
DLV03292,ORD03292,2025-09-06,2025-09-13,2025-09-12,XpressBees,Delivered
DLV03293,ORD03293,2025-01-07,2025-01-12,2025-01-11,DTDC,Delivered
DLV03294,ORD03294,2025-10-02,2025-10-06,,Ecom Express,Out for Delivery
DLV03295,ORD03295,2025-11-06,2025-11-09,2025-11-10,Blue Dart,Delivered
DLV03296,ORD03296,2025-07-23,2025-07-27,,Delhivery,Delayed
DLV03297,ORD03297,2025-12-02,2025-12-06,,Ecom Express,In Transit
DLV03298,ORD03298,2025-02-05,2025-02-12,,Blue Dart,Delayed
DLV03299,ORD03299,2025-06-05,2025-06-10,,DTDC,Delayed
DLV03300,ORD03300,2025-01-13,2025-01-20,2025-01-19,Blue Dart,Delivered
DLV03301,ORD03301,2025-07-02,2025-07-06,,Ecom Express,Delayed
DLV03302,ORD03302,2025-04-21,2025-04-28,,Delhivery,Failed
DLV03303,ORD03303,2025-02-08,2025-02-10,,Ecom Express,In Transit
DLV03304,ORD03304,2025-03-06,2025-03-11,2025-03-12,Ecom Express,Delivered
DLV03305,ORD03305,2025-08-13,2025-08-16,,Delhivery,In Transit
DLV03306,ORD03306,2025-06-07,2025-06-14,2025-06-14,Blue Dart,Delivered
DLV03307,ORD03307,2025-10-19,2025-10-22,,Ecom Express,Delayed
DLV03308,ORD03308,2025-01-25,2025-01-31,,XpressBees,Failed
DLV03309,ORD03309,2025-07-17,2025-07-21,2025-07-23,Ecom Express,Delivered
DLV03310,ORD03310,2025-08-10,2025-08-12,,XpressBees,Delayed
DLV03311,ORD03311,2025-02-15,2025-02-20,,Delhivery,Out for Delivery
DLV03312,ORD03312,2025-04-13,2025-04-16,2025-04-16,XpressBees,Delivered
DLV03313,ORD03313,2025-04-06,2025-04-09,,Ecom Express,Out for Delivery
DLV03314,ORD03314,2025-11-19,2025-11-22,,DTDC,Out for Delivery
DLV03315,ORD03315,2025-09-09,2025-09-14,,Blue Dart,Failed
DLV03316,ORD03316,2025-09-13,2025-09-15,,XpressBees,Delayed
DLV03317,ORD03317,2025-01-25,2025-01-29,2025-01-29,Ecom Express,Delivered
DLV03318,ORD03318,2025-03-10,2025-03-12,,XpressBees,Failed
DLV03319,ORD03319,2025-08-09,2025-08-14,,Blue Dart,Delayed
DLV03320,ORD03320,2025-07-27,2025-08-01,,Blue Dart,Delayed
DLV03321,ORD03321,2025-01-19,2025-01-21,,XpressBees,Delayed
DLV03322,ORD03322,2025-09-03,2025-09-08,,DTDC,Failed
DLV03323,ORD03323,2025-09-20,2025-09-22,,Ecom Express,In Transit
DLV03324,ORD03324,2025-08-31,2025-09-03,2025-09-06,Ecom Express,Delivered
DLV03325,ORD03325,2025-04-20,2025-04-26,,DTDC,Out for Delivery
DLV03326,ORD03326,2025-09-10,2025-09-15,,DTDC,In Transit
DLV03327,ORD03327,2025-08-18,2025-08-20,,XpressBees,In Transit
DLV03328,ORD03328,2025-07-07,2025-07-13,2025-07-16,Delhivery,Delivered
DLV03329,ORD03329,2025-10-22,2025-10-24,2025-10-23,XpressBees,Delivered
DLV03330,ORD03330,2025-09-30,2025-10-04,2025-10-05,Delhivery,Delivered
DLV03331,ORD03331,2025-11-17,2025-11-20,,Blue Dart,Delayed
DLV03332,ORD03332,2025-09-12,2025-09-17,,Blue Dart,In Transit
DLV03333,ORD03333,2025-01-25,2025-01-29,2025-02-01,Ecom Express,Delivered
DLV03334,ORD03334,2025-01-17,2025-01-20,,Ecom Express,Out for Delivery
DLV03335,ORD03335,2025-04-05,2025-04-12,,Blue Dart,In Transit
DLV03336,ORD03336,2025-05-09,2025-05-16,,Ecom Express,In Transit
DLV03337,ORD03337,2025-10-24,2025-10-29,,Ecom Express,In Transit
DLV03338,ORD03338,2025-03-02,2025-03-06,,DTDC,Out for Delivery
DLV03339,ORD03339,2025-12-13,2025-12-20,2025-12-19,Ecom Express,Delivered
DLV03340,ORD03340,2025-07-26,2025-07-28,,Delhivery,Out for Delivery
DLV03341,ORD03341,2025-04-10,2025-04-15,,XpressBees,In Transit
DLV03342,ORD03342,2025-12-06,2025-12-09,,DTDC,Out for Delivery
DLV03343,ORD03343,2025-06-12,2025-06-15,,Delhivery,Out for Delivery
DLV03344,ORD03344,2025-12-23,2025-12-30,,Delhivery,In Transit
DLV03345,ORD03345,2025-11-11,2025-11-16,,Ecom Express,In Transit
DLV03346,ORD03346,2025-09-16,2025-09-23,,XpressBees,Delayed
DLV03347,ORD03347,2025-05-20,2025-05-27,,Delhivery,Out for Delivery
DLV03348,ORD03348,2025-06-10,2025-06-17,,DTDC,Delayed
DLV03349,ORD03349,2025-01-09,2025-01-14,,Delhivery,Delayed
DLV03350,ORD03350,2025-06-08,2025-06-11,,Blue Dart,Delayed
DLV03351,ORD03351,2025-12-13,2025-12-18,,XpressBees,Failed
DLV03352,ORD03352,2025-12-21,2025-12-23,,Delhivery,Out for Delivery
DLV03353,ORD03353,2025-08-14,2025-08-20,,XpressBees,In Transit
DLV03354,ORD03354,2025-07-04,2025-07-06,,Blue Dart,Delayed
DLV03355,ORD03355,2025-05-30,2025-06-04,,XpressBees,Out for Delivery
DLV03356,ORD03356,2025-02-13,2025-02-18,,XpressBees,Out for Delivery
DLV03357,ORD03357,2025-02-23,2025-03-02,,DTDC,Delayed
DLV03358,ORD03358,2025-08-12,2025-08-19,,Blue Dart,Out for Delivery
DLV03359,ORD03359,2025-08-27,2025-09-02,,Blue Dart,Out for Delivery
DLV03360,ORD03360,2025-04-11,2025-04-16,,Delhivery,Delayed
DLV03361,ORD03361,2025-02-20,2025-02-25,2025-02-24,Ecom Express,Delivered
DLV03362,ORD03362,2025-09-12,2025-09-19,2025-09-22,Ecom Express,Delivered
DLV03363,ORD03363,2025-01-20,2025-01-22,,Delhivery,In Transit
DLV03364,ORD03364,2025-12-01,2025-12-03,,Ecom Express,Delayed
DLV03365,ORD03365,2025-05-20,2025-05-23,,Blue Dart,Failed
DLV03366,ORD03366,2025-01-19,2025-01-21,2025-01-22,DTDC,Delivered
DLV03367,ORD03367,2025-02-20,2025-02-24,,Delhivery,Failed
DLV03368,ORD03368,2025-03-04,2025-03-09,,Blue Dart,Out for Delivery
DLV03369,ORD03369,2025-02-28,2025-03-05,,Delhivery,In Transit
DLV03370,ORD03370,2025-04-13,2025-04-20,,Ecom Express,Out for Delivery
DLV03371,ORD03371,2025-12-12,2025-12-17,,Blue Dart,In Transit
DLV03372,ORD03372,2025-01-13,2025-01-16,,DTDC,In Transit
DLV03373,ORD03373,2025-09-17,2025-09-23,,Ecom Express,Out for Delivery
DLV03374,ORD03374,2025-02-11,2025-02-14,,XpressBees,In Transit
DLV03375,ORD03375,2025-01-29,2025-02-05,,DTDC,Delayed
DLV03376,ORD03376,2025-10-31,2025-11-02,,XpressBees,Out for Delivery
DLV03377,ORD03377,2025-02-25,2025-03-01,,Ecom Express,Out for Delivery
DLV03378,ORD03378,2025-05-06,2025-05-12,,Ecom Express,Delayed
DLV03379,ORD03379,2025-05-26,2025-05-30,,Ecom Express,In Transit
DLV03380,ORD03380,2025-06-19,2025-06-24,,Ecom Express,Out for Delivery
DLV03381,ORD03381,2025-12-14,2025-12-19,,Delhivery,Out for Delivery
DLV03382,ORD03382,2025-02-22,2025-02-27,2025-02-27,Ecom Express,Delivered
DLV03383,ORD03383,2025-05-18,2025-05-24,,XpressBees,Delayed
DLV03384,ORD03384,2025-08-12,2025-08-17,2025-08-20,DTDC,Delivered
DLV03385,ORD03385,2025-02-10,2025-02-13,,Blue Dart,In Transit
DLV03386,ORD03386,2025-05-10,2025-05-16,,XpressBees,In Transit
DLV03387,ORD03387,2025-12-05,2025-12-10,,Delhivery,In Transit
DLV03388,ORD03388,2025-06-15,2025-06-18,2025-06-21,Blue Dart,Delivered
DLV03389,ORD03389,2025-06-02,2025-06-09,,XpressBees,In Transit
DLV03390,ORD03390,2025-11-15,2025-11-20,2025-11-22,DTDC,Delivered
DLV03391,ORD03391,2025-04-30,2025-05-07,,Delhivery,Delayed
DLV03392,ORD03392,2025-10-12,2025-10-16,,Delhivery,Out for Delivery
DLV03393,ORD03393,2025-07-15,2025-07-21,2025-07-24,Blue Dart,Delivered
DLV03394,ORD03394,2025-02-09,2025-02-15,,Blue Dart,Delayed
DLV03395,ORD03395,2025-04-03,2025-04-09,2025-04-10,Blue Dart,Delivered
DLV03396,ORD03396,2025-07-15,2025-07-18,,Delhivery,Out for Delivery
DLV03397,ORD03397,2025-04-03,2025-04-07,,Ecom Express,Out for Delivery
DLV03398,ORD03398,2025-03-06,2025-03-09,2025-03-09,Ecom Express,Delivered
DLV03399,ORD03399,2025-08-07,2025-08-11,2025-08-14,Ecom Express,Delivered
DLV03400,ORD03400,2025-08-05,2025-08-09,,Ecom Express,Delayed
DLV03401,ORD03401,2025-12-13,2025-12-18,,Ecom Express,In Transit
DLV03402,ORD03402,2025-10-13,2025-10-17,,Blue Dart,In Transit
DLV03403,ORD03403,2025-02-18,2025-02-24,2025-02-25,DTDC,Delivered
DLV03404,ORD03404,2025-12-02,2025-12-07,,DTDC,Out for Delivery
DLV03405,ORD03405,2025-12-15,2025-12-18,,DTDC,Failed
DLV03406,ORD03406,2025-05-04,2025-05-11,,DTDC,Failed
DLV03407,ORD03407,2025-10-20,2025-10-22,,Delhivery,Failed
DLV03408,ORD03408,2025-10-30,2025-11-02,,Ecom Express,Delayed
DLV03409,ORD03409,2025-06-27,2025-07-04,,XpressBees,Failed
DLV03410,ORD03410,2025-05-13,2025-05-17,,Delhivery,Out for Delivery
DLV03411,ORD03411,2025-09-21,2025-09-28,,DTDC,Failed
DLV03412,ORD03412,2025-06-01,2025-06-04,,Ecom Express,In Transit
DLV03413,ORD03413,2025-04-15,2025-04-18,,Delhivery,Delayed
DLV03414,ORD03414,2025-01-28,2025-01-31,,Delhivery,Failed
DLV03415,ORD03415,2025-12-18,2025-12-23,,DTDC,Delayed
DLV03416,ORD03416,2025-08-28,2025-08-31,,Blue Dart,In Transit
DLV03417,ORD03417,2025-06-01,2025-06-04,,Delhivery,Delayed
DLV03418,ORD03418,2025-04-23,2025-04-25,,Ecom Express,Failed
DLV03419,ORD03419,2025-01-25,2025-01-31,,DTDC,In Transit
DLV03420,ORD03420,2025-09-04,2025-09-06,,Delhivery,Delayed
DLV03421,ORD03421,2025-06-08,2025-06-13,,DTDC,In Transit
DLV03422,ORD03422,2025-05-31,2025-06-02,,XpressBees,Delayed
DLV03423,ORD03423,2025-11-11,2025-11-17,,XpressBees,Delayed
DLV03424,ORD03424,2025-01-03,2025-01-07,,Blue Dart,In Transit
DLV03425,ORD03425,2025-10-24,2025-10-27,,XpressBees,Out for Delivery
DLV03426,ORD03426,2025-05-25,2025-05-31,,XpressBees,Out for Delivery
DLV03427,ORD03427,2025-07-19,2025-07-21,,Delhivery,In Transit
DLV03428,ORD03428,2025-05-15,2025-05-17,2025-05-16,DTDC,Delivered
DLV03429,ORD03429,2025-04-03,2025-04-10,,XpressBees,In Transit
DLV03430,ORD03430,2025-12-12,2025-12-14,,XpressBees,Failed
DLV03431,ORD03431,2025-09-09,2025-09-16,,XpressBees,Failed
DLV03432,ORD03432,2025-04-03,2025-04-08,,Blue Dart,Out for Delivery
DLV03433,ORD03433,2025-05-27,2025-06-02,,XpressBees,Delayed
DLV03434,ORD03434,2025-05-01,2025-05-06,,Ecom Express,Failed
DLV03435,ORD03435,2025-04-26,2025-04-28,,XpressBees,Delayed
DLV03436,ORD03436,2025-03-08,2025-03-12,,Blue Dart,Out for Delivery
DLV03437,ORD03437,2025-04-25,2025-04-27,,Blue Dart,Out for Delivery
DLV03438,ORD03438,2025-01-18,2025-01-21,,Delhivery,Delayed
DLV03439,ORD03439,2025-05-25,2025-06-01,,DTDC,Failed
DLV03440,ORD03440,2025-12-23,2025-12-26,,Ecom Express,In Transit
DLV03441,ORD03441,2025-11-14,2025-11-20,,XpressBees,Failed
DLV03442,ORD03442,2025-11-22,2025-11-25,,DTDC,Failed
DLV03443,ORD03443,2025-09-09,2025-09-12,,DTDC,Delayed
DLV03444,ORD03444,2025-11-23,2025-11-28,2025-12-01,DTDC,Delivered
DLV03445,ORD03445,2025-05-24,2025-05-26,,Blue Dart,Out for Delivery
DLV03446,ORD03446,2025-05-23,2025-05-29,,XpressBees,Delayed
DLV03447,ORD03447,2025-10-17,2025-10-24,2025-10-23,XpressBees,Delivered
DLV03448,ORD03448,2025-08-09,2025-08-13,,XpressBees,Out for Delivery
DLV03449,ORD03449,2025-10-25,2025-11-01,,XpressBees,In Transit
DLV03450,ORD03450,2025-10-28,2025-11-04,2025-11-05,Delhivery,Delivered
DLV03451,ORD03451,2025-12-18,2025-12-23,2025-12-25,Delhivery,Delivered
DLV03452,ORD03452,2025-07-26,2025-08-02,2025-08-04,DTDC,Delivered
DLV03453,ORD03453,2025-03-26,2025-03-28,,Ecom Express,Failed
DLV03454,ORD03454,2025-12-19,2025-12-21,2025-12-24,XpressBees,Delivered
DLV03455,ORD03455,2025-08-13,2025-08-16,,DTDC,Out for Delivery
DLV03456,ORD03456,2025-12-10,2025-12-15,,Delhivery,Out for Delivery
DLV03457,ORD03457,2025-11-26,2025-12-01,,Delhivery,Failed
DLV03458,ORD03458,2025-02-23,2025-02-25,2025-02-27,Blue Dart,Delivered
DLV03459,ORD03459,2025-06-26,2025-06-30,,Ecom Express,Delayed
DLV03460,ORD03460,2025-05-25,2025-05-30,,Ecom Express,Failed
DLV03461,ORD03461,2025-01-22,2025-01-26,,DTDC,In Transit
DLV03462,ORD03462,2025-05-05,2025-05-10,2025-05-13,DTDC,Delivered
DLV03463,ORD03463,2025-01-29,2025-02-05,,XpressBees,Out for Delivery
DLV03464,ORD03464,2025-09-25,2025-10-01,,Blue Dart,Failed
DLV03465,ORD03465,2025-07-11,2025-07-15,,Ecom Express,Failed
DLV03466,ORD03466,2025-02-11,2025-02-15,,Delhivery,Failed
DLV03467,ORD03467,2025-07-24,2025-07-27,,Ecom Express,In Transit
DLV03468,ORD03468,2025-07-16,2025-07-18,2025-07-20,Ecom Express,Delivered
DLV03469,ORD03469,2025-07-26,2025-07-30,,Blue Dart,In Transit
DLV03470,ORD03470,2025-02-25,2025-02-27,,Ecom Express,In Transit
DLV03471,ORD03471,2025-03-10,2025-03-13,,DTDC,Delayed
DLV03472,ORD03472,2025-11-22,2025-11-27,,DTDC,In Transit
DLV03473,ORD03473,2025-12-08,2025-12-14,,Ecom Express,In Transit
DLV03474,ORD03474,2025-08-10,2025-08-13,,XpressBees,In Transit
DLV03475,ORD03475,2025-05-23,2025-05-28,,Ecom Express,Out for Delivery
DLV03476,ORD03476,2025-01-25,2025-01-27,,XpressBees,Failed
DLV03477,ORD03477,2025-06-23,2025-06-28,,Ecom Express,Delayed
DLV03478,ORD03478,2025-01-30,2025-02-01,,XpressBees,Out for Delivery
DLV03479,ORD03479,2025-12-29,2026-01-01,,Delhivery,Failed
DLV03480,ORD03480,2025-10-20,2025-10-23,,Delhivery,Failed
DLV03481,ORD03481,2025-06-28,2025-07-05,2025-07-05,XpressBees,Delivered
DLV03482,ORD03482,2025-10-13,2025-10-15,,Ecom Express,Failed
DLV03483,ORD03483,2025-04-08,2025-04-12,2025-04-15,Ecom Express,Delivered
DLV03484,ORD03484,2025-09-26,2025-09-28,,Ecom Express,In Transit
DLV03485,ORD03485,2025-05-28,2025-06-01,,XpressBees,Delayed
DLV03486,ORD03486,2025-03-16,2025-03-22,2025-03-24,Ecom Express,Delivered
DLV03487,ORD03487,2025-05-02,2025-05-07,,Ecom Express,In Transit
DLV03488,ORD03488,2025-07-31,2025-08-02,,Delhivery,Delayed
DLV03489,ORD03489,2025-12-15,2025-12-18,,DTDC,Delayed
DLV03490,ORD03490,2025-06-04,2025-06-11,,XpressBees,Failed
DLV03491,ORD03491,2025-05-23,2025-05-27,,Blue Dart,In Transit
DLV03492,ORD03492,2025-12-13,2025-12-17,2025-12-20,DTDC,Delivered
DLV03493,ORD03493,2025-08-24,2025-08-31,,DTDC,Delayed
DLV03494,ORD03494,2025-06-20,2025-06-25,2025-06-27,DTDC,Delivered
DLV03495,ORD03495,2025-10-13,2025-10-20,,XpressBees,Failed
DLV03496,ORD03496,2025-02-12,2025-02-16,,Delhivery,Out for Delivery
DLV03497,ORD03497,2025-10-20,2025-10-26,,XpressBees,Out for Delivery
DLV03498,ORD03498,2025-07-19,2025-07-24,,Ecom Express,Failed
DLV03499,ORD03499,2025-02-27,2025-03-04,,Delhivery,In Transit
DLV03500,ORD03500,2025-02-12,2025-02-17,,DTDC,Delayed
DLV03501,ORD03501,2025-08-12,2025-08-16,,Blue Dart,Failed
DLV03502,ORD03502,2025-06-21,2025-06-23,2025-06-25,Blue Dart,Delivered
DLV03503,ORD03503,2025-04-04,2025-04-11,2025-04-12,Ecom Express,Delivered
DLV03504,ORD03504,2025-10-10,2025-10-16,,Delhivery,Out for Delivery
DLV03505,ORD03505,2025-03-11,2025-03-13,,Ecom Express,Failed
DLV03506,ORD03506,2025-08-23,2025-08-29,2025-08-30,Ecom Express,Delivered
DLV03507,ORD03507,2025-11-29,2025-12-06,,DTDC,Out for Delivery
DLV03508,ORD03508,2025-09-10,2025-09-16,,Ecom Express,Delayed
DLV03509,ORD03509,2025-02-25,2025-03-04,,Ecom Express,Failed
DLV03510,ORD03510,2025-02-26,2025-03-02,,XpressBees,Delayed
DLV03511,ORD03511,2025-12-03,2025-12-06,,Ecom Express,In Transit
DLV03512,ORD03512,2025-07-14,2025-07-16,,Blue Dart,Delayed
DLV03513,ORD03513,2025-10-05,2025-10-12,2025-10-13,DTDC,Delivered
DLV03514,ORD03514,2025-12-22,2025-12-27,2025-12-29,DTDC,Delivered
DLV03515,ORD03515,2025-07-11,2025-07-13,2025-07-16,Delhivery,Delivered
DLV03516,ORD03516,2025-05-29,2025-06-02,,Blue Dart,Out for Delivery
DLV03517,ORD03517,2025-04-10,2025-04-15,2025-04-15,XpressBees,Delivered
DLV03518,ORD03518,2025-02-25,2025-03-02,,Delhivery,Failed
DLV03519,ORD03519,2025-09-02,2025-09-08,,DTDC,Failed
DLV03520,ORD03520,2025-11-13,2025-11-20,,XpressBees,Failed
DLV03521,ORD03521,2025-07-03,2025-07-06,,Blue Dart,In Transit
DLV03522,ORD03522,2025-05-05,2025-05-08,,Delhivery,Delayed
DLV03523,ORD03523,2025-02-05,2025-02-10,2025-02-10,Delhivery,Delivered
DLV03524,ORD03524,2025-05-18,2025-05-21,2025-05-21,Ecom Express,Delivered
DLV03525,ORD03525,2025-10-31,2025-11-06,2025-11-06,Delhivery,Delivered
DLV03526,ORD03526,2025-03-14,2025-03-20,2025-03-20,Ecom Express,Delivered
DLV03527,ORD03527,2025-06-10,2025-06-13,2025-06-14,XpressBees,Delivered
DLV03528,ORD03528,2025-10-01,2025-10-04,,Ecom Express,Out for Delivery
DLV03529,ORD03529,2025-10-02,2025-10-05,,Ecom Express,In Transit
DLV03530,ORD03530,2025-11-06,2025-11-08,,Ecom Express,Out for Delivery
DLV03531,ORD03531,2025-11-18,2025-11-25,2025-11-24,DTDC,Delivered
DLV03532,ORD03532,2025-07-23,2025-07-27,,XpressBees,Out for Delivery
DLV03533,ORD03533,2025-06-23,2025-06-25,,Ecom Express,Failed
DLV03534,ORD03534,2025-06-30,2025-07-05,,Ecom Express,Out for Delivery
DLV03535,ORD03535,2025-04-21,2025-04-26,,Delhivery,Out for Delivery
DLV03536,ORD03536,2025-07-22,2025-07-29,2025-07-31,DTDC,Delivered
DLV03537,ORD03537,2025-07-30,2025-08-03,2025-08-05,Ecom Express,Delivered
DLV03538,ORD03538,2025-05-27,2025-06-02,,XpressBees,Delayed
DLV03539,ORD03539,2025-03-10,2025-03-16,2025-03-19,Ecom Express,Delivered
DLV03540,ORD03540,2025-05-17,2025-05-22,2025-05-23,Ecom Express,Delivered
DLV03541,ORD03541,2025-06-30,2025-07-06,,Blue Dart,Failed
DLV03542,ORD03542,2025-11-13,2025-11-17,,DTDC,In Transit
DLV03543,ORD03543,2025-05-31,2025-06-04,,Ecom Express,In Transit
DLV03544,ORD03544,2025-10-30,2025-11-01,2025-11-02,Delhivery,Delivered
DLV03545,ORD03545,2025-03-12,2025-03-16,,Blue Dart,In Transit
DLV03546,ORD03546,2025-07-09,2025-07-11,,Blue Dart,Delayed
DLV03547,ORD03547,2025-03-04,2025-03-06,,Ecom Express,Delayed
DLV03548,ORD03548,2025-07-26,2025-07-28,,XpressBees,Out for Delivery
DLV03549,ORD03549,2025-03-23,2025-03-26,,Blue Dart,Failed
DLV03550,ORD03550,2025-03-01,2025-03-03,2025-03-03,Delhivery,Delivered
DLV03551,ORD03551,2025-12-07,2025-12-10,,XpressBees,Out for Delivery
DLV03552,ORD03552,2025-07-04,2025-07-09,2025-07-12,DTDC,Delivered
DLV03553,ORD03553,2025-02-02,2025-02-05,,Delhivery,In Transit
DLV03554,ORD03554,2025-06-30,2025-07-06,,DTDC,Failed
DLV03555,ORD03555,2025-08-23,2025-08-25,,Ecom Express,Delayed
DLV03556,ORD03556,2025-05-26,2025-05-30,,Ecom Express,Out for Delivery
DLV03557,ORD03557,2025-09-16,2025-09-20,,XpressBees,Delayed
DLV03558,ORD03558,2025-05-24,2025-05-31,2025-05-31,Ecom Express,Delivered
DLV03559,ORD03559,2025-02-14,2025-02-16,,Ecom Express,Delayed
DLV03560,ORD03560,2025-05-07,2025-05-13,,Ecom Express,Out for Delivery
DLV03561,ORD03561,2025-10-05,2025-10-12,,DTDC,In Transit
DLV03562,ORD03562,2025-07-26,2025-07-31,,Delhivery,Failed
DLV03563,ORD03563,2025-07-01,2025-07-08,2025-07-08,Ecom Express,Delivered
DLV03564,ORD03564,2025-01-24,2025-01-28,,Ecom Express,Out for Delivery
DLV03565,ORD03565,2025-10-11,2025-10-16,,Ecom Express,Delayed
DLV03566,ORD03566,2025-08-13,2025-08-20,2025-08-19,Delhivery,Delivered
DLV03567,ORD03567,2025-09-09,2025-09-15,2025-09-14,Delhivery,Delivered
DLV03568,ORD03568,2025-04-05,2025-04-08,,Delhivery,Failed
DLV03569,ORD03569,2025-11-12,2025-11-16,,Delhivery,Delayed
DLV03570,ORD03570,2025-05-17,2025-05-19,,Delhivery,Out for Delivery
DLV03571,ORD03571,2025-08-16,2025-08-23,,Blue Dart,In Transit
DLV03572,ORD03572,2025-11-19,2025-11-23,,XpressBees,Failed
DLV03573,ORD03573,2025-10-28,2025-11-03,,XpressBees,Out for Delivery
DLV03574,ORD03574,2025-03-29,2025-04-03,2025-04-02,Delhivery,Delivered
DLV03575,ORD03575,2025-12-19,2025-12-21,,Delhivery,Out for Delivery
DLV03576,ORD03576,2025-05-28,2025-06-02,2025-06-03,DTDC,Delivered
DLV03577,ORD03577,2025-07-20,2025-07-23,2025-07-22,DTDC,Delivered
DLV03578,ORD03578,2025-11-28,2025-12-05,2025-12-08,DTDC,Delivered
DLV03579,ORD03579,2025-12-17,2025-12-21,,Delhivery,Failed
DLV03580,ORD03580,2025-09-24,2025-09-28,,Delhivery,Delayed
DLV03581,ORD03581,2025-09-04,2025-09-10,,Delhivery,Delayed
DLV03582,ORD03582,2025-12-26,2025-12-31,,Blue Dart,Delayed
DLV03583,ORD03583,2025-09-21,2025-09-25,,DTDC,Out for Delivery
DLV03584,ORD03584,2025-01-02,2025-01-07,,Blue Dart,Delayed
DLV03585,ORD03585,2025-08-23,2025-08-29,2025-08-28,DTDC,Delivered
DLV03586,ORD03586,2025-11-03,2025-11-08,,XpressBees,Out for Delivery
DLV03587,ORD03587,2025-08-20,2025-08-27,,Blue Dart,Failed
DLV03588,ORD03588,2025-06-28,2025-07-01,,Ecom Express,Failed
DLV03589,ORD03589,2025-04-23,2025-04-28,2025-04-27,Delhivery,Delivered
DLV03590,ORD03590,2025-08-06,2025-08-13,,Delhivery,Failed
DLV03591,ORD03591,2025-11-18,2025-11-23,,DTDC,Out for Delivery
DLV03592,ORD03592,2025-08-29,2025-09-05,,Delhivery,In Transit
DLV03593,ORD03593,2025-09-10,2025-09-16,,Delhivery,Delayed
DLV03594,ORD03594,2025-01-02,2025-01-09,,XpressBees,Delayed
DLV03595,ORD03595,2025-08-19,2025-08-24,2025-08-23,XpressBees,Delivered
DLV03596,ORD03596,2025-04-07,2025-04-12,,Ecom Express,In Transit
DLV03597,ORD03597,2025-02-25,2025-03-02,2025-03-03,DTDC,Delivered
DLV03598,ORD03598,2025-09-12,2025-09-18,,XpressBees,In Transit
DLV03599,ORD03599,2025-12-28,2026-01-03,2026-01-02,DTDC,Delivered
DLV03600,ORD03600,2025-11-08,2025-11-12,2025-11-14,Delhivery,Delivered
DLV03601,ORD03601,2025-02-10,2025-02-16,,Ecom Express,Delayed
DLV03602,ORD03602,2025-02-14,2025-02-18,,Blue Dart,Out for Delivery
DLV03603,ORD03603,2025-10-09,2025-10-14,2025-10-15,Blue Dart,Delivered
DLV03604,ORD03604,2025-10-03,2025-10-06,,DTDC,Out for Delivery
DLV03605,ORD03605,2025-05-09,2025-05-16,2025-05-16,Delhivery,Delivered
DLV03606,ORD03606,2025-02-13,2025-02-15,,Delhivery,Out for Delivery
DLV03607,ORD03607,2025-01-17,2025-01-21,2025-01-24,DTDC,Delivered
DLV03608,ORD03608,2025-08-13,2025-08-16,2025-08-15,DTDC,Delivered
DLV03609,ORD03609,2025-01-29,2025-02-02,2025-02-01,Ecom Express,Delivered
DLV03610,ORD03610,2025-07-02,2025-07-09,,DTDC,In Transit
DLV03611,ORD03611,2025-01-20,2025-01-24,,Delhivery,Out for Delivery
DLV03612,ORD03612,2025-12-10,2025-12-13,,DTDC,In Transit
DLV03613,ORD03613,2025-03-11,2025-03-18,,Ecom Express,Delayed
DLV03614,ORD03614,2025-04-25,2025-04-30,,Ecom Express,Delayed
DLV03615,ORD03615,2025-12-12,2025-12-16,,DTDC,Delayed
DLV03616,ORD03616,2025-03-31,2025-04-05,,XpressBees,In Transit
DLV03617,ORD03617,2025-12-14,2025-12-17,,Blue Dart,Delayed
DLV03618,ORD03618,2025-02-06,2025-02-11,,DTDC,Delayed
DLV03619,ORD03619,2025-02-22,2025-03-01,,DTDC,Failed
DLV03620,ORD03620,2025-12-17,2025-12-21,,Blue Dart,In Transit
DLV03621,ORD03621,2025-07-22,2025-07-27,,XpressBees,In Transit
DLV03622,ORD03622,2025-07-16,2025-07-19,,Delhivery,Out for Delivery
DLV03623,ORD03623,2025-10-29,2025-11-01,,Ecom Express,Failed
DLV03624,ORD03624,2025-08-24,2025-08-28,,Delhivery,Failed
DLV03625,ORD03625,2025-11-25,2025-12-02,,XpressBees,In Transit
DLV03626,ORD03626,2025-04-09,2025-04-13,,Delhivery,Delayed
DLV03627,ORD03627,2025-10-11,2025-10-18,,DTDC,In Transit
DLV03628,ORD03628,2025-06-04,2025-06-10,,XpressBees,Delayed
DLV03629,ORD03629,2025-06-30,2025-07-04,,Blue Dart,Failed
DLV03630,ORD03630,2025-05-12,2025-05-14,,Ecom Express,Failed
DLV03631,ORD03631,2025-05-17,2025-05-19,2025-05-22,DTDC,Delivered
DLV03632,ORD03632,2025-07-16,2025-07-23,,XpressBees,Failed
DLV03633,ORD03633,2025-09-16,2025-09-21,,XpressBees,Failed
DLV03634,ORD03634,2025-10-28,2025-10-30,,Delhivery,Delayed
DLV03635,ORD03635,2025-11-27,2025-11-29,,Blue Dart,Failed
DLV03636,ORD03636,2025-10-18,2025-10-22,,DTDC,Out for Delivery
DLV03637,ORD03637,2025-08-16,2025-08-18,,Ecom Express,Out for Delivery
DLV03638,ORD03638,2025-12-13,2025-12-15,,Blue Dart,In Transit
DLV03639,ORD03639,2025-07-12,2025-07-16,,Ecom Express,Out for Delivery
DLV03640,ORD03640,2025-11-05,2025-11-09,2025-11-08,DTDC,Delivered
DLV03641,ORD03641,2025-03-05,2025-03-08,,Ecom Express,Out for Delivery
DLV03642,ORD03642,2025-03-07,2025-03-13,,Blue Dart,Delayed
DLV03643,ORD03643,2025-08-27,2025-08-31,,DTDC,Out for Delivery
DLV03644,ORD03644,2025-12-11,2025-12-13,,DTDC,Delayed
DLV03645,ORD03645,2025-10-06,2025-10-12,,Delhivery,Delayed
DLV03646,ORD03646,2025-01-17,2025-01-23,,Ecom Express,Failed
DLV03647,ORD03647,2025-02-05,2025-02-08,,Blue Dart,Delayed
DLV03648,ORD03648,2025-06-05,2025-06-08,,Blue Dart,In Transit
DLV03649,ORD03649,2025-12-07,2025-12-14,,Ecom Express,Out for Delivery
DLV03650,ORD03650,2025-03-07,2025-03-10,,XpressBees,Out for Delivery
DLV03651,ORD03651,2025-07-16,2025-07-22,,Delhivery,Failed
DLV03652,ORD03652,2025-09-07,2025-09-10,,Delhivery,Failed
DLV03653,ORD03653,2025-02-14,2025-02-16,,XpressBees,Delayed
DLV03654,ORD03654,2025-12-30,2026-01-03,,DTDC,Failed
DLV03655,ORD03655,2025-10-16,2025-10-23,,XpressBees,In Transit
DLV03656,ORD03656,2025-06-14,2025-06-20,,Blue Dart,Delayed
DLV03657,ORD03657,2025-06-09,2025-06-12,,Blue Dart,Out for Delivery
DLV03658,ORD03658,2025-08-10,2025-08-17,,Blue Dart,In Transit
DLV03659,ORD03659,2025-11-09,2025-11-11,,Blue Dart,Failed
DLV03660,ORD03660,2025-02-18,2025-02-25,,Blue Dart,Failed
DLV03661,ORD03661,2025-12-02,2025-12-07,,DTDC,Failed
DLV03662,ORD03662,2025-01-21,2025-01-24,,Blue Dart,In Transit
DLV03663,ORD03663,2025-11-14,2025-11-17,,Ecom Express,Delayed
DLV03664,ORD03664,2025-06-20,2025-06-26,2025-06-28,Ecom Express,Delivered
DLV03665,ORD03665,2025-03-27,2025-03-30,,XpressBees,Out for Delivery
DLV03666,ORD03666,2025-12-16,2025-12-23,2025-12-23,Blue Dart,Delivered
DLV03667,ORD03667,2025-12-25,2025-12-28,,Blue Dart,Out for Delivery
DLV03668,ORD03668,2025-12-02,2025-12-07,2025-12-09,XpressBees,Delivered
DLV03669,ORD03669,2025-07-25,2025-08-01,,XpressBees,Out for Delivery
DLV03670,ORD03670,2025-02-17,2025-02-19,2025-02-19,Delhivery,Delivered
DLV03671,ORD03671,2025-04-24,2025-04-30,,Ecom Express,In Transit
DLV03672,ORD03672,2025-12-18,2025-12-20,,Blue Dart,Failed
DLV03673,ORD03673,2025-03-03,2025-03-06,2025-03-08,DTDC,Delivered
DLV03674,ORD03674,2025-06-06,2025-06-10,2025-06-13,XpressBees,Delivered
DLV03675,ORD03675,2025-02-15,2025-02-17,,Ecom Express,Delayed
DLV03676,ORD03676,2025-10-06,2025-10-13,2025-10-13,Ecom Express,Delivered
DLV03677,ORD03677,2025-04-22,2025-04-25,2025-04-26,Ecom Express,Delivered
DLV03678,ORD03678,2025-02-21,2025-02-25,,Delhivery,Failed
DLV03679,ORD03679,2025-02-26,2025-03-01,,Ecom Express,Out for Delivery
DLV03680,ORD03680,2025-08-13,2025-08-20,2025-08-22,Blue Dart,Delivered
DLV03681,ORD03681,2025-10-04,2025-10-06,,XpressBees,Delayed
DLV03682,ORD03682,2025-12-07,2025-12-09,2025-12-12,Delhivery,Delivered
DLV03683,ORD03683,2025-06-04,2025-06-09,2025-06-09,Delhivery,Delivered
DLV03684,ORD03684,2025-08-11,2025-08-13,,Ecom Express,Out for Delivery
DLV03685,ORD03685,2025-06-25,2025-06-27,2025-06-26,Delhivery,Delivered
DLV03686,ORD03686,2025-05-02,2025-05-09,,Delhivery,Delayed
DLV03687,ORD03687,2025-12-05,2025-12-09,,DTDC,In Transit
DLV03688,ORD03688,2025-04-01,2025-04-05,2025-04-06,DTDC,Delivered
DLV03689,ORD03689,2025-10-08,2025-10-11,,Ecom Express,Out for Delivery
DLV03690,ORD03690,2025-06-29,2025-07-06,,XpressBees,Delayed
DLV03691,ORD03691,2025-02-23,2025-02-26,2025-02-28,XpressBees,Delivered
DLV03692,ORD03692,2025-01-05,2025-01-11,,Blue Dart,In Transit
DLV03693,ORD03693,2025-11-19,2025-11-23,,Delhivery,Out for Delivery
DLV03694,ORD03694,2025-07-21,2025-07-27,,XpressBees,Failed
DLV03695,ORD03695,2025-04-11,2025-04-17,,Delhivery,In Transit
DLV03696,ORD03696,2025-05-11,2025-05-17,,DTDC,In Transit
DLV03697,ORD03697,2025-02-17,2025-02-24,2025-02-26,Blue Dart,Delivered
DLV03698,ORD03698,2025-03-29,2025-04-04,2025-04-05,DTDC,Delivered
DLV03699,ORD03699,2025-02-05,2025-02-11,,XpressBees,Out for Delivery
DLV03700,ORD03700,2025-11-26,2025-12-02,,Ecom Express,Failed
DLV03701,ORD03701,2025-01-08,2025-01-13,,XpressBees,Failed
DLV03702,ORD03702,2025-05-19,2025-05-21,,Blue Dart,In Transit
DLV03703,ORD03703,2025-03-10,2025-03-13,,Ecom Express,In Transit
DLV03704,ORD03704,2025-10-06,2025-10-08,,XpressBees,Failed
DLV03705,ORD03705,2025-01-15,2025-01-19,,DTDC,Failed
DLV03706,ORD03706,2025-10-21,2025-10-25,,Ecom Express,Failed
DLV03707,ORD03707,2025-05-27,2025-06-02,,Delhivery,In Transit
DLV03708,ORD03708,2025-08-23,2025-08-28,,Blue Dart,Failed
DLV03709,ORD03709,2025-02-25,2025-03-04,,DTDC,In Transit
DLV03710,ORD03710,2025-06-29,2025-07-05,,Ecom Express,In Transit
DLV03711,ORD03711,2025-12-03,2025-12-05,,Blue Dart,Failed
DLV03712,ORD03712,2025-07-06,2025-07-11,,Ecom Express,Delayed
DLV03713,ORD03713,2025-07-24,2025-07-28,,Delhivery,Failed
DLV03714,ORD03714,2025-05-04,2025-05-09,2025-05-10,Ecom Express,Delivered
DLV03715,ORD03715,2025-02-24,2025-03-01,,Ecom Express,Out for Delivery
DLV03716,ORD03716,2025-04-07,2025-04-13,,Delhivery,Delayed
DLV03717,ORD03717,2025-07-23,2025-07-28,,Blue Dart,In Transit
DLV03718,ORD03718,2025-08-10,2025-08-16,,Ecom Express,Failed
DLV03719,ORD03719,2025-05-27,2025-05-29,2025-05-29,Ecom Express,Delivered
DLV03720,ORD03720,2025-08-08,2025-08-15,,Delhivery,Failed
DLV03721,ORD03721,2025-04-16,2025-04-23,,Delhivery,In Transit
DLV03722,ORD03722,2025-12-19,2025-12-22,,XpressBees,Delayed
DLV03723,ORD03723,2025-08-12,2025-08-15,,Blue Dart,Failed
DLV03724,ORD03724,2025-09-18,2025-09-22,,Delhivery,Out for Delivery
DLV03725,ORD03725,2025-03-23,2025-03-28,,XpressBees,Failed
DLV03726,ORD03726,2025-01-26,2025-01-29,,Blue Dart,Delayed
DLV03727,ORD03727,2025-01-19,2025-01-26,,DTDC,Failed
DLV03728,ORD03728,2025-11-07,2025-11-09,,Delhivery,Delayed
DLV03729,ORD03729,2025-11-06,2025-11-10,,XpressBees,Failed
DLV03730,ORD03730,2025-04-30,2025-05-06,,Ecom Express,In Transit
DLV03731,ORD03731,2025-01-21,2025-01-23,2025-01-25,DTDC,Delivered
DLV03732,ORD03732,2025-02-09,2025-02-13,,XpressBees,Delayed
DLV03733,ORD03733,2025-03-31,2025-04-04,,Blue Dart,In Transit
DLV03734,ORD03734,2025-07-14,2025-07-20,2025-07-19,Blue Dart,Delivered
DLV03735,ORD03735,2025-05-01,2025-05-08,,XpressBees,Out for Delivery
DLV03736,ORD03736,2025-05-04,2025-05-09,,Ecom Express,Failed
DLV03737,ORD03737,2025-04-14,2025-04-17,,XpressBees,Out for Delivery
DLV03738,ORD03738,2025-07-06,2025-07-10,,XpressBees,Out for Delivery
DLV03739,ORD03739,2025-12-26,2026-01-02,,Ecom Express,Failed
DLV03740,ORD03740,2025-03-21,2025-03-26,,DTDC,Out for Delivery
DLV03741,ORD03741,2025-06-30,2025-07-02,,Delhivery,Out for Delivery
DLV03742,ORD03742,2025-07-01,2025-07-07,,XpressBees,In Transit
DLV03743,ORD03743,2025-06-26,2025-07-03,,DTDC,Out for Delivery
DLV03744,ORD03744,2025-02-23,2025-03-02,,Delhivery,Failed
DLV03745,ORD03745,2025-01-26,2025-02-02,,DTDC,Delayed
DLV03746,ORD03746,2025-03-08,2025-03-11,,Delhivery,Failed
DLV03747,ORD03747,2025-02-28,2025-03-05,,Blue Dart,Out for Delivery
DLV03748,ORD03748,2025-09-21,2025-09-27,,XpressBees,Out for Delivery
DLV03749,ORD03749,2025-09-04,2025-09-07,,Ecom Express,Out for Delivery
DLV03750,ORD03750,2025-04-15,2025-04-18,,Blue Dart,In Transit
DLV03751,ORD03751,2025-08-31,2025-09-05,2025-09-04,Delhivery,Delivered
DLV03752,ORD03752,2025-06-11,2025-06-17,,Ecom Express,Delayed
DLV03753,ORD03753,2025-03-15,2025-03-22,2025-03-22,Ecom Express,Delivered
DLV03754,ORD03754,2025-03-22,2025-03-29,,Ecom Express,Out for Delivery
DLV03755,ORD03755,2025-05-11,2025-05-15,,XpressBees,Failed
DLV03756,ORD03756,2025-10-14,2025-10-18,,Ecom Express,Failed
DLV03757,ORD03757,2025-11-10,2025-11-17,,Ecom Express,Delayed
DLV03758,ORD03758,2025-08-21,2025-08-25,,Blue Dart,In Transit
DLV03759,ORD03759,2025-07-05,2025-07-11,,Blue Dart,Failed
DLV03760,ORD03760,2025-02-09,2025-02-11,,Delhivery,In Transit
DLV03761,ORD03761,2025-10-13,2025-10-17,,Blue Dart,In Transit
DLV03762,ORD03762,2025-08-29,2025-09-02,,Delhivery,Delayed
DLV03763,ORD03763,2025-07-07,2025-07-12,,Blue Dart,Delayed
DLV03764,ORD03764,2025-03-06,2025-03-09,,Blue Dart,Failed
DLV03765,ORD03765,2025-09-07,2025-09-09,2025-09-10,XpressBees,Delivered
DLV03766,ORD03766,2025-01-25,2025-01-30,,XpressBees,In Transit
DLV03767,ORD03767,2025-07-28,2025-08-04,2025-08-06,DTDC,Delivered
DLV03768,ORD03768,2025-08-05,2025-08-09,2025-08-11,Ecom Express,Delivered
DLV03769,ORD03769,2025-10-21,2025-10-24,,Ecom Express,Delayed
DLV03770,ORD03770,2025-07-19,2025-07-23,,Blue Dart,Failed
DLV03771,ORD03771,2025-09-30,2025-10-02,,XpressBees,Delayed
DLV03772,ORD03772,2025-09-14,2025-09-21,2025-09-21,XpressBees,Delivered
DLV03773,ORD03773,2025-09-20,2025-09-22,2025-09-25,Ecom Express,Delivered
DLV03774,ORD03774,2025-02-12,2025-02-15,,Ecom Express,In Transit
DLV03775,ORD03775,2025-03-18,2025-03-21,,Blue Dart,Out for Delivery
DLV03776,ORD03776,2025-07-29,2025-07-31,,XpressBees,Delayed
DLV03777,ORD03777,2025-04-12,2025-04-17,,Ecom Express,Failed
DLV03778,ORD03778,2025-12-13,2025-12-15,,Ecom Express,In Transit
DLV03779,ORD03779,2025-05-02,2025-05-04,,Delhivery,Delayed
DLV03780,ORD03780,2025-09-14,2025-09-20,2025-09-23,Blue Dart,Delivered
DLV03781,ORD03781,2025-06-18,2025-06-22,,Ecom Express,In Transit
DLV03782,ORD03782,2025-07-18,2025-07-20,,XpressBees,Delayed
DLV03783,ORD03783,2025-12-14,2025-12-16,,Ecom Express,In Transit
DLV03784,ORD03784,2025-01-30,2025-02-02,,Ecom Express,Failed
DLV03785,ORD03785,2025-04-29,2025-05-04,2025-05-05,XpressBees,Delivered
DLV03786,ORD03786,2025-03-07,2025-03-12,,Delhivery,Out for Delivery
DLV03787,ORD03787,2025-12-27,2026-01-03,,XpressBees,Out for Delivery
DLV03788,ORD03788,2025-11-04,2025-11-09,,Blue Dart,Out for Delivery
DLV03789,ORD03789,2025-07-21,2025-07-28,,DTDC,Out for Delivery
DLV03790,ORD03790,2025-04-23,2025-04-27,,Delhivery,Failed
DLV03791,ORD03791,2025-06-30,2025-07-07,2025-07-10,Delhivery,Delivered
DLV03792,ORD03792,2025-12-05,2025-12-09,,DTDC,In Transit
DLV03793,ORD03793,2025-08-17,2025-08-20,2025-08-23,Blue Dart,Delivered
DLV03794,ORD03794,2025-12-07,2025-12-14,,Blue Dart,Failed
DLV03795,ORD03795,2025-11-22,2025-11-24,,Delhivery,Out for Delivery
DLV03796,ORD03796,2025-12-06,2025-12-11,2025-12-12,DTDC,Delivered
DLV03797,ORD03797,2025-02-05,2025-02-09,,Ecom Express,In Transit
DLV03798,ORD03798,2025-05-31,2025-06-05,,XpressBees,Failed
DLV03799,ORD03799,2025-01-21,2025-01-28,2025-01-28,Delhivery,Delivered
DLV03800,ORD03800,2025-03-26,2025-04-01,,Blue Dart,Delayed
DLV03801,ORD03801,2025-04-05,2025-04-10,2025-04-13,XpressBees,Delivered
DLV03802,ORD03802,2025-09-22,2025-09-29,2025-09-30,Delhivery,Delivered
DLV03803,ORD03803,2025-08-07,2025-08-10,,Blue Dart,Out for Delivery
DLV03804,ORD03804,2025-02-06,2025-02-13,,DTDC,Failed
DLV03805,ORD03805,2025-07-23,2025-07-28,,DTDC,Out for Delivery
DLV03806,ORD03806,2025-06-09,2025-06-11,,Ecom Express,Out for Delivery
DLV03807,ORD03807,2025-07-28,2025-07-31,,Ecom Express,Out for Delivery
DLV03808,ORD03808,2025-10-23,2025-10-27,,Delhivery,Failed
DLV03809,ORD03809,2025-01-01,2025-01-07,2025-01-06,DTDC,Delivered
DLV03810,ORD03810,2025-03-25,2025-03-29,,Blue Dart,Failed
DLV03811,ORD03811,2025-09-13,2025-09-19,,XpressBees,Failed
DLV03812,ORD03812,2025-03-02,2025-03-04,,Delhivery,Out for Delivery
DLV03813,ORD03813,2025-03-20,2025-03-24,,Ecom Express,In Transit
DLV03814,ORD03814,2025-05-30,2025-06-04,,Blue Dart,Delayed
DLV03815,ORD03815,2025-01-03,2025-01-06,2025-01-07,Delhivery,Delivered
DLV03816,ORD03816,2025-05-07,2025-05-09,,DTDC,Failed
DLV03817,ORD03817,2025-12-12,2025-12-19,,Ecom Express,Delayed
DLV03818,ORD03818,2025-12-16,2025-12-23,,DTDC,Failed
DLV03819,ORD03819,2025-12-05,2025-12-09,2025-12-08,Delhivery,Delivered
DLV03820,ORD03820,2025-04-21,2025-04-28,,Delhivery,In Transit
DLV03821,ORD03821,2025-04-24,2025-04-26,2025-04-28,Blue Dart,Delivered
DLV03822,ORD03822,2025-08-06,2025-08-13,2025-08-14,DTDC,Delivered
DLV03823,ORD03823,2025-10-21,2025-10-25,,Delhivery,Delayed
DLV03824,ORD03824,2025-09-04,2025-09-06,,DTDC,Out for Delivery
DLV03825,ORD03825,2025-01-10,2025-01-17,,Delhivery,Out for Delivery
DLV03826,ORD03826,2025-08-22,2025-08-27,,XpressBees,Out for Delivery
DLV03827,ORD03827,2025-05-08,2025-05-13,,XpressBees,Delayed
DLV03828,ORD03828,2025-01-28,2025-02-02,,XpressBees,Failed
DLV03829,ORD03829,2025-10-31,2025-11-05,,Blue Dart,Delayed
DLV03830,ORD03830,2025-06-03,2025-06-07,2025-06-09,Blue Dart,Delivered
DLV03831,ORD03831,2025-10-18,2025-10-21,,Delhivery,Delayed
DLV03832,ORD03832,2025-10-06,2025-10-10,,Blue Dart,Out for Delivery
DLV03833,ORD03833,2025-01-21,2025-01-24,,Delhivery,Failed
DLV03834,ORD03834,2025-06-26,2025-06-28,,Delhivery,In Transit
DLV03835,ORD03835,2025-05-07,2025-05-14,,XpressBees,Failed
DLV03836,ORD03836,2025-11-21,2025-11-23,2025-11-25,DTDC,Delivered
DLV03837,ORD03837,2025-10-15,2025-10-21,2025-10-20,DTDC,Delivered
DLV03838,ORD03838,2025-12-10,2025-12-14,,DTDC,Failed
DLV03839,ORD03839,2025-06-05,2025-06-11,2025-06-13,Blue Dart,Delivered
DLV03840,ORD03840,2025-09-16,2025-09-23,,Ecom Express,Failed
DLV03841,ORD03841,2025-12-20,2025-12-24,2025-12-26,Delhivery,Delivered
DLV03842,ORD03842,2025-07-18,2025-07-21,2025-07-22,Blue Dart,Delivered
DLV03843,ORD03843,2025-10-19,2025-10-26,,Blue Dart,In Transit
DLV03844,ORD03844,2025-09-14,2025-09-21,2025-09-22,Blue Dart,Delivered
DLV03845,ORD03845,2025-01-15,2025-01-21,2025-01-23,Delhivery,Delivered
DLV03846,ORD03846,2025-06-05,2025-06-12,,Blue Dart,Out for Delivery
DLV03847,ORD03847,2025-02-06,2025-02-08,,Blue Dart,Delayed
DLV03848,ORD03848,2025-04-09,2025-04-16,,DTDC,Delayed
DLV03849,ORD03849,2025-07-14,2025-07-20,2025-07-23,DTDC,Delivered
DLV03850,ORD03850,2025-07-13,2025-07-19,2025-07-21,DTDC,Delivered
DLV03851,ORD03851,2025-03-15,2025-03-20,2025-03-20,Delhivery,Delivered
DLV03852,ORD03852,2025-01-24,2025-01-31,2025-02-03,Blue Dart,Delivered
DLV03853,ORD03853,2025-06-08,2025-06-13,,Blue Dart,Out for Delivery
DLV03854,ORD03854,2025-12-03,2025-12-08,2025-12-09,XpressBees,Delivered
DLV03855,ORD03855,2025-07-10,2025-07-13,,DTDC,Delayed
DLV03856,ORD03856,2025-01-20,2025-01-25,,DTDC,Delayed
DLV03857,ORD03857,2025-05-25,2025-06-01,,DTDC,Failed
DLV03858,ORD03858,2025-09-12,2025-09-14,,Blue Dart,Out for Delivery
DLV03859,ORD03859,2025-03-10,2025-03-17,,Delhivery,Delayed
DLV03860,ORD03860,2025-09-18,2025-09-22,,Delhivery,Out for Delivery
DLV03861,ORD03861,2025-07-19,2025-07-23,,Delhivery,Out for Delivery
DLV03862,ORD03862,2025-05-27,2025-06-02,,XpressBees,Out for Delivery
DLV03863,ORD03863,2025-09-10,2025-09-12,,DTDC,Delayed
DLV03864,ORD03864,2025-10-13,2025-10-19,2025-10-22,XpressBees,Delivered
DLV03865,ORD03865,2025-02-23,2025-02-27,,Ecom Express,Delayed
DLV03866,ORD03866,2025-05-31,2025-06-04,2025-06-07,Ecom Express,Delivered
DLV03867,ORD03867,2025-08-13,2025-08-20,2025-08-19,Blue Dart,Delivered
DLV03868,ORD03868,2025-05-07,2025-05-13,,Delhivery,In Transit
DLV03869,ORD03869,2025-06-20,2025-06-23,,Blue Dart,Out for Delivery
DLV03870,ORD03870,2025-03-01,2025-03-04,,Ecom Express,Delayed
DLV03871,ORD03871,2025-09-28,2025-10-03,,Ecom Express,In Transit
DLV03872,ORD03872,2025-11-06,2025-11-13,,Delhivery,In Transit
DLV03873,ORD03873,2025-11-18,2025-11-21,,XpressBees,Delayed
DLV03874,ORD03874,2025-10-11,2025-10-17,,DTDC,In Transit
DLV03875,ORD03875,2025-08-24,2025-08-28,,DTDC,Failed
DLV03876,ORD03876,2025-03-31,2025-04-04,,Delhivery,Out for Delivery
DLV03877,ORD03877,2025-05-11,2025-05-18,,Ecom Express,In Transit
DLV03878,ORD03878,2025-01-13,2025-01-20,,Ecom Express,Failed
DLV03879,ORD03879,2025-08-04,2025-08-08,,Delhivery,In Transit
DLV03880,ORD03880,2025-10-23,2025-10-29,2025-10-31,Ecom Express,Delivered
DLV03881,ORD03881,2025-04-22,2025-04-28,,Ecom Express,Out for Delivery
DLV03882,ORD03882,2025-05-07,2025-05-13,,XpressBees,Failed
DLV03883,ORD03883,2025-04-21,2025-04-23,,XpressBees,Delayed
DLV03884,ORD03884,2025-07-02,2025-07-07,,Delhivery,Out for Delivery
DLV03885,ORD03885,2025-07-05,2025-07-11,,Blue Dart,Out for Delivery
DLV03886,ORD03886,2025-12-14,2025-12-16,2025-12-18,Delhivery,Delivered
DLV03887,ORD03887,2025-02-28,2025-03-07,,Delhivery,Failed
DLV03888,ORD03888,2025-03-27,2025-04-01,2025-04-01,Blue Dart,Delivered
DLV03889,ORD03889,2025-06-11,2025-06-15,2025-06-16,DTDC,Delivered
DLV03890,ORD03890,2025-07-06,2025-07-09,2025-07-09,XpressBees,Delivered
DLV03891,ORD03891,2025-02-06,2025-02-13,,Delhivery,In Transit
DLV03892,ORD03892,2025-08-09,2025-08-13,,Delhivery,Out for Delivery
DLV03893,ORD03893,2025-06-07,2025-06-12,,Ecom Express,Failed
DLV03894,ORD03894,2025-04-23,2025-04-28,,Blue Dart,Delayed
DLV03895,ORD03895,2025-03-13,2025-03-18,,DTDC,In Transit
DLV03896,ORD03896,2025-11-06,2025-11-11,,Blue Dart,Failed
DLV03897,ORD03897,2025-01-19,2025-01-23,,Delhivery,Out for Delivery
DLV03898,ORD03898,2025-06-06,2025-06-11,,Delhivery,Failed
DLV03899,ORD03899,2025-08-03,2025-08-10,,Ecom Express,In Transit
DLV03900,ORD03900,2025-04-27,2025-05-04,,Delhivery,Failed
DLV03901,ORD03901,2025-03-17,2025-03-24,,DTDC,Out for Delivery
DLV03902,ORD03902,2025-11-17,2025-11-23,,Ecom Express,In Transit
DLV03903,ORD03903,2025-09-14,2025-09-21,,Ecom Express,Out for Delivery
DLV03904,ORD03904,2025-01-06,2025-01-08,,XpressBees,Failed
DLV03905,ORD03905,2025-08-13,2025-08-16,2025-08-17,XpressBees,Delivered
DLV03906,ORD03906,2025-12-01,2025-12-05,,Ecom Express,Out for Delivery
DLV03907,ORD03907,2025-11-01,2025-11-07,,DTDC,In Transit
DLV03908,ORD03908,2025-04-08,2025-04-15,2025-04-17,XpressBees,Delivered
DLV03909,ORD03909,2025-03-23,2025-03-27,,Ecom Express,In Transit
DLV03910,ORD03910,2025-07-05,2025-07-07,2025-07-09,Delhivery,Delivered
DLV03911,ORD03911,2025-10-22,2025-10-27,,Blue Dart,Delayed
DLV03912,ORD03912,2025-02-28,2025-03-04,,XpressBees,Delayed
DLV03913,ORD03913,2025-05-26,2025-06-01,,Blue Dart,Out for Delivery
DLV03914,ORD03914,2025-07-15,2025-07-17,,DTDC,Failed
DLV03915,ORD03915,2025-12-07,2025-12-09,,XpressBees,Failed
DLV03916,ORD03916,2025-02-14,2025-02-16,,Blue Dart,In Transit
DLV03917,ORD03917,2025-05-08,2025-05-11,,XpressBees,Failed
DLV03918,ORD03918,2025-02-06,2025-02-08,,XpressBees,Delayed
DLV03919,ORD03919,2025-05-05,2025-05-10,,DTDC,Out for Delivery
DLV03920,ORD03920,2025-11-27,2025-11-30,,Ecom Express,In Transit
DLV03921,ORD03921,2025-08-31,2025-09-05,,XpressBees,In Transit
DLV03922,ORD03922,2025-05-23,2025-05-29,,Ecom Express,Out for Delivery
DLV03923,ORD03923,2025-01-10,2025-01-16,,DTDC,Failed
DLV03924,ORD03924,2025-04-17,2025-04-19,,Ecom Express,Failed
DLV03925,ORD03925,2025-01-26,2025-01-30,,Delhivery,Failed
DLV03926,ORD03926,2025-01-25,2025-01-27,,DTDC,In Transit
DLV03927,ORD03927,2025-12-28,2026-01-01,,DTDC,In Transit
DLV03928,ORD03928,2025-06-27,2025-07-02,,Blue Dart,In Transit
DLV03929,ORD03929,2025-06-28,2025-07-02,,Delhivery,Out for Delivery
DLV03930,ORD03930,2025-06-07,2025-06-09,,Delhivery,Failed
DLV03931,ORD03931,2025-06-20,2025-06-27,,DTDC,Delayed
DLV03932,ORD03932,2025-02-09,2025-02-12,,Blue Dart,Failed
DLV03933,ORD03933,2025-05-14,2025-05-18,,Delhivery,Out for Delivery
DLV03934,ORD03934,2025-12-08,2025-12-14,,Delhivery,Delayed
DLV03935,ORD03935,2025-06-21,2025-06-28,,XpressBees,In Transit
DLV03936,ORD03936,2025-12-17,2025-12-20,,Ecom Express,In Transit
DLV03937,ORD03937,2025-11-17,2025-11-24,,XpressBees,Delayed
DLV03938,ORD03938,2025-06-05,2025-06-11,,DTDC,Delayed
DLV03939,ORD03939,2025-01-11,2025-01-14,,XpressBees,Out for Delivery
DLV03940,ORD03940,2025-05-08,2025-05-10,,Delhivery,In Transit
DLV03941,ORD03941,2025-01-30,2025-02-04,,DTDC,Failed
DLV03942,ORD03942,2025-08-20,2025-08-27,2025-08-30,DTDC,Delivered
DLV03943,ORD03943,2025-03-21,2025-03-28,,Ecom Express,In Transit
DLV03944,ORD03944,2025-07-08,2025-07-10,,XpressBees,Delayed
DLV03945,ORD03945,2025-11-18,2025-11-21,,Blue Dart,In Transit
DLV03946,ORD03946,2025-10-25,2025-10-30,,DTDC,Failed
DLV03947,ORD03947,2025-11-06,2025-11-09,,Delhivery,Delayed
DLV03948,ORD03948,2025-04-30,2025-05-06,,Blue Dart,Out for Delivery
DLV03949,ORD03949,2025-09-04,2025-09-08,,Ecom Express,Delayed
DLV03950,ORD03950,2025-10-10,2025-10-12,2025-10-12,Blue Dart,Delivered
DLV03951,ORD03951,2025-10-03,2025-10-10,,Blue Dart,Out for Delivery
DLV03952,ORD03952,2025-05-02,2025-05-07,,DTDC,Failed
DLV03953,ORD03953,2025-10-03,2025-10-07,,Blue Dart,Failed
DLV03954,ORD03954,2025-05-04,2025-05-06,,Delhivery,Out for Delivery
DLV03955,ORD03955,2025-02-23,2025-02-26,,Delhivery,Delayed
DLV03956,ORD03956,2025-05-31,2025-06-06,,Blue Dart,Failed
DLV03957,ORD03957,2025-09-05,2025-09-09,,Blue Dart,Delayed
DLV03958,ORD03958,2025-10-16,2025-10-18,,XpressBees,Failed
DLV03959,ORD03959,2025-09-24,2025-09-27,2025-09-30,Blue Dart,Delivered
DLV03960,ORD03960,2025-12-16,2025-12-21,,Delhivery,Out for Delivery
DLV03961,ORD03961,2025-09-10,2025-09-16,,Blue Dart,Out for Delivery
DLV03962,ORD03962,2025-01-29,2025-02-03,2025-02-04,Blue Dart,Delivered
DLV03963,ORD03963,2025-03-30,2025-04-03,,DTDC,Out for Delivery
DLV03964,ORD03964,2025-08-22,2025-08-27,,Delhivery,Out for Delivery
DLV03965,ORD03965,2025-10-16,2025-10-19,,Delhivery,Out for Delivery
DLV03966,ORD03966,2025-02-12,2025-02-18,,XpressBees,Delayed
DLV03967,ORD03967,2025-03-01,2025-03-08,,Ecom Express,Delayed
DLV03968,ORD03968,2025-11-12,2025-11-14,2025-11-15,Delhivery,Delivered
DLV03969,ORD03969,2025-01-28,2025-01-30,2025-01-30,Blue Dart,Delivered
DLV03970,ORD03970,2025-01-28,2025-02-01,,XpressBees,Out for Delivery
DLV03971,ORD03971,2025-12-29,2026-01-04,,DTDC,Out for Delivery
DLV03972,ORD03972,2025-05-23,2025-05-28,,Delhivery,In Transit
DLV03973,ORD03973,2025-04-14,2025-04-20,,Delhivery,Delayed
DLV03974,ORD03974,2025-04-15,2025-04-20,,Delhivery,In Transit
DLV03975,ORD03975,2025-04-19,2025-04-22,,XpressBees,Failed
DLV03976,ORD03976,2025-01-08,2025-01-13,,Ecom Express,Out for Delivery
DLV03977,ORD03977,2025-09-22,2025-09-25,,Delhivery,Delayed
DLV03978,ORD03978,2025-05-01,2025-05-06,,Ecom Express,Out for Delivery
DLV03979,ORD03979,2025-12-06,2025-12-10,,Ecom Express,Delayed
DLV03980,ORD03980,2025-07-16,2025-07-20,2025-07-20,Ecom Express,Delivered
DLV03981,ORD03981,2025-06-03,2025-06-07,,Ecom Express,Failed
DLV03982,ORD03982,2025-02-22,2025-03-01,2025-03-04,DTDC,Delivered
DLV03983,ORD03983,2025-09-04,2025-09-07,,Blue Dart,In Transit
DLV03984,ORD03984,2025-04-16,2025-04-21,,Ecom Express,Delayed
DLV03985,ORD03985,2025-05-01,2025-05-08,,Blue Dart,Failed
DLV03986,ORD03986,2025-11-05,2025-11-09,,Blue Dart,Failed
DLV03987,ORD03987,2025-11-24,2025-11-29,,XpressBees,In Transit
DLV03988,ORD03988,2025-03-18,2025-03-20,,DTDC,Delayed
DLV03989,ORD03989,2025-07-02,2025-07-04,,Blue Dart,Delayed
DLV03990,ORD03990,2025-10-27,2025-10-29,2025-10-29,Ecom Express,Delivered
DLV03991,ORD03991,2025-08-29,2025-09-02,,Blue Dart,In Transit
DLV03992,ORD03992,2025-04-01,2025-04-04,,DTDC,Out for Delivery
DLV03993,ORD03993,2025-05-18,2025-05-20,,XpressBees,Delayed
DLV03994,ORD03994,2025-01-08,2025-01-14,,XpressBees,Out for Delivery
DLV03995,ORD03995,2025-07-11,2025-07-17,,XpressBees,Failed
DLV03996,ORD03996,2025-03-04,2025-03-06,,Delhivery,Delayed
DLV03997,ORD03997,2025-01-29,2025-02-05,,DTDC,In Transit
DLV03998,ORD03998,2025-01-09,2025-01-12,,XpressBees,In Transit
DLV03999,ORD03999,2025-03-05,2025-03-11,,Blue Dart,Delayed
DLV04000,ORD04000,2025-01-31,2025-02-05,,Blue Dart,In Transit
DLV04001,ORD04001,2025-03-09,2025-03-12,,DTDC,Delayed
DLV04002,ORD04002,2025-09-19,2025-09-24,,Ecom Express,Failed
DLV04003,ORD04003,2025-06-03,2025-06-08,,XpressBees,In Transit
DLV04004,ORD04004,2025-05-13,2025-05-16,,XpressBees,Out for Delivery
DLV04005,ORD04005,2025-05-04,2025-05-06,,DTDC,Out for Delivery
DLV04006,ORD04006,2025-01-17,2025-01-24,,Ecom Express,Failed
DLV04007,ORD04007,2025-12-03,2025-12-08,,Ecom Express,Failed
DLV04008,ORD04008,2025-05-09,2025-05-16,,Ecom Express,In Transit
DLV04009,ORD04009,2025-01-05,2025-01-07,,Blue Dart,Out for Delivery
DLV04010,ORD04010,2025-11-19,2025-11-21,,DTDC,Failed
DLV04011,ORD04011,2025-02-27,2025-03-02,,XpressBees,In Transit
DLV04012,ORD04012,2025-02-23,2025-03-02,,Ecom Express,Out for Delivery
DLV04013,ORD04013,2025-04-23,2025-04-27,2025-04-30,XpressBees,Delivered
DLV04014,ORD04014,2025-09-26,2025-10-03,2025-10-02,DTDC,Delivered
DLV04015,ORD04015,2025-07-30,2025-08-01,,XpressBees,In Transit
DLV04016,ORD04016,2025-12-31,2026-01-05,,XpressBees,Out for Delivery
DLV04017,ORD04017,2025-05-05,2025-05-09,,XpressBees,Delayed
DLV04018,ORD04018,2025-11-04,2025-11-06,,DTDC,In Transit
DLV04019,ORD04019,2025-07-08,2025-07-13,,XpressBees,Failed
DLV04020,ORD04020,2025-01-25,2025-01-27,,Blue Dart,Delayed
DLV04021,ORD04021,2025-01-28,2025-01-31,2025-02-03,Blue Dart,Delivered
DLV04022,ORD04022,2025-12-19,2025-12-26,,DTDC,Failed
DLV04023,ORD04023,2025-01-12,2025-01-17,,Blue Dart,In Transit
DLV04024,ORD04024,2025-03-01,2025-03-08,,XpressBees,Out for Delivery
DLV04025,ORD04025,2025-01-05,2025-01-10,2025-01-11,Blue Dart,Delivered
DLV04026,ORD04026,2025-12-31,2026-01-02,,Blue Dart,Failed
DLV04027,ORD04027,2025-11-19,2025-11-21,,Ecom Express,Failed
DLV04028,ORD04028,2025-10-14,2025-10-21,2025-10-20,Delhivery,Delivered
DLV04029,ORD04029,2025-10-28,2025-11-03,,Ecom Express,Failed
DLV04030,ORD04030,2025-06-04,2025-06-10,2025-06-09,XpressBees,Delivered
DLV04031,ORD04031,2025-10-14,2025-10-20,,DTDC,Out for Delivery
DLV04032,ORD04032,2025-06-05,2025-06-11,,DTDC,Delayed
DLV04033,ORD04033,2025-04-01,2025-04-07,,Blue Dart,Out for Delivery
DLV04034,ORD04034,2025-07-10,2025-07-17,2025-07-19,Blue Dart,Delivered
DLV04035,ORD04035,2025-01-05,2025-01-08,,XpressBees,Failed
DLV04036,ORD04036,2025-04-25,2025-05-01,,Delhivery,Failed
DLV04037,ORD04037,2025-12-12,2025-12-19,,DTDC,Out for Delivery
DLV04038,ORD04038,2025-10-21,2025-10-26,,XpressBees,Out for Delivery
DLV04039,ORD04039,2025-04-21,2025-04-26,,Delhivery,Failed
DLV04040,ORD04040,2025-08-28,2025-08-30,,Ecom Express,Delayed
DLV04041,ORD04041,2025-11-24,2025-12-01,,DTDC,In Transit
DLV04042,ORD04042,2025-04-21,2025-04-24,,Delhivery,Failed
DLV04043,ORD04043,2025-02-05,2025-02-10,,Ecom Express,Failed
DLV04044,ORD04044,2025-03-11,2025-03-14,,XpressBees,Out for Delivery
DLV04045,ORD04045,2025-08-13,2025-08-18,,Blue Dart,Out for Delivery
DLV04046,ORD04046,2025-01-29,2025-02-05,2025-02-06,XpressBees,Delivered
DLV04047,ORD04047,2025-10-17,2025-10-22,,XpressBees,Failed
DLV04048,ORD04048,2025-01-11,2025-01-14,,DTDC,Delayed
DLV04049,ORD04049,2025-09-16,2025-09-21,,Ecom Express,Out for Delivery
DLV04050,ORD04050,2025-07-10,2025-07-12,,Delhivery,Failed
DLV04051,ORD04051,2025-10-28,2025-10-31,,DTDC,Out for Delivery
DLV04052,ORD04052,2025-01-02,2025-01-09,,Delhivery,Delayed
DLV04053,ORD04053,2025-06-09,2025-06-14,2025-06-14,Delhivery,Delivered
DLV04054,ORD04054,2025-04-03,2025-04-10,,Delhivery,In Transit
DLV04055,ORD04055,2025-07-08,2025-07-12,,Ecom Express,Out for Delivery
DLV04056,ORD04056,2025-03-25,2025-03-29,,Ecom Express,In Transit
DLV04057,ORD04057,2025-06-17,2025-06-22,,Blue Dart,In Transit
DLV04058,ORD04058,2025-03-09,2025-03-12,,Ecom Express,In Transit
DLV04059,ORD04059,2025-05-22,2025-05-29,,Blue Dart,In Transit
DLV04060,ORD04060,2025-10-30,2025-11-06,,Blue Dart,Failed
DLV04061,ORD04061,2025-08-14,2025-08-19,,XpressBees,Failed
DLV04062,ORD04062,2025-11-22,2025-11-25,,Delhivery,In Transit
DLV04063,ORD04063,2025-04-27,2025-04-30,,XpressBees,Failed
DLV04064,ORD04064,2025-11-02,2025-11-09,,XpressBees,Failed
DLV04065,ORD04065,2025-09-21,2025-09-24,,Delhivery,Failed
DLV04066,ORD04066,2025-02-22,2025-02-25,2025-02-27,Blue Dart,Delivered
DLV04067,ORD04067,2025-07-23,2025-07-28,,Ecom Express,Failed
DLV04068,ORD04068,2025-07-14,2025-07-18,,XpressBees,Out for Delivery
DLV04069,ORD04069,2025-07-18,2025-07-20,,Delhivery,Delayed
DLV04070,ORD04070,2025-04-05,2025-04-12,,DTDC,Delayed
DLV04071,ORD04071,2025-05-20,2025-05-24,,Ecom Express,In Transit
DLV04072,ORD04072,2025-03-13,2025-03-18,,DTDC,Out for Delivery
DLV04073,ORD04073,2025-09-06,2025-09-11,,Ecom Express,Failed
DLV04074,ORD04074,2025-08-14,2025-08-17,,Blue Dart,In Transit
DLV04075,ORD04075,2025-06-22,2025-06-24,,XpressBees,Out for Delivery
DLV04076,ORD04076,2025-07-21,2025-07-23,,XpressBees,In Transit
DLV04077,ORD04077,2025-01-14,2025-01-17,,Ecom Express,In Transit
DLV04078,ORD04078,2025-08-14,2025-08-16,,Blue Dart,In Transit
DLV04079,ORD04079,2025-05-27,2025-06-02,,Blue Dart,Failed
DLV04080,ORD04080,2025-02-15,2025-02-19,,Delhivery,Out for Delivery
DLV04081,ORD04081,2025-08-27,2025-09-01,,DTDC,Out for Delivery
DLV04082,ORD04082,2025-03-11,2025-03-18,,Delhivery,In Transit
DLV04083,ORD04083,2025-09-15,2025-09-20,,XpressBees,In Transit
DLV04084,ORD04084,2025-06-25,2025-06-29,2025-07-01,Blue Dart,Delivered
DLV04085,ORD04085,2025-07-07,2025-07-11,,Blue Dart,Failed
DLV04086,ORD04086,2025-05-05,2025-05-10,2025-05-13,Ecom Express,Delivered
DLV04087,ORD04087,2025-03-23,2025-03-28,,Delhivery,Failed
DLV04088,ORD04088,2025-06-29,2025-07-03,,Delhivery,Failed
DLV04089,ORD04089,2025-12-08,2025-12-10,2025-12-11,Blue Dart,Delivered
DLV04090,ORD04090,2025-08-22,2025-08-26,,Ecom Express,Delayed
DLV04091,ORD04091,2025-08-27,2025-08-29,,Ecom Express,Failed
DLV04092,ORD04092,2025-03-13,2025-03-17,2025-03-20,Blue Dart,Delivered
DLV04093,ORD04093,2025-02-17,2025-02-22,,Blue Dart,Delayed
DLV04094,ORD04094,2025-04-22,2025-04-26,,Blue Dart,Failed
DLV04095,ORD04095,2025-06-01,2025-06-05,2025-06-06,DTDC,Delivered
DLV04096,ORD04096,2025-11-09,2025-11-13,2025-11-15,Ecom Express,Delivered
DLV04097,ORD04097,2025-08-24,2025-08-31,,Blue Dart,Failed
DLV04098,ORD04098,2025-11-24,2025-11-29,,Blue Dart,Failed
DLV04099,ORD04099,2025-01-31,2025-02-04,2025-02-04,XpressBees,Delivered
DLV04100,ORD04100,2025-10-28,2025-11-02,,DTDC,In Transit
DLV04101,ORD04101,2025-06-29,2025-07-05,2025-07-08,DTDC,Delivered
DLV04102,ORD04102,2025-08-18,2025-08-22,,Ecom Express,Delayed
DLV04103,ORD04103,2025-04-06,2025-04-13,2025-04-14,Blue Dart,Delivered
DLV04104,ORD04104,2025-03-25,2025-03-31,,Delhivery,Failed
DLV04105,ORD04105,2025-02-22,2025-02-28,,Delhivery,Delayed
DLV04106,ORD04106,2025-03-11,2025-03-16,,Blue Dart,Delayed
DLV04107,ORD04107,2025-12-27,2025-12-30,,Blue Dart,Failed
DLV04108,ORD04108,2025-08-19,2025-08-22,2025-08-21,Ecom Express,Delivered
DLV04109,ORD04109,2025-01-16,2025-01-19,,XpressBees,Delayed
DLV04110,ORD04110,2025-11-19,2025-11-26,,Ecom Express,In Transit
DLV04111,ORD04111,2025-09-23,2025-09-26,,Ecom Express,Failed
DLV04112,ORD04112,2025-11-18,2025-11-25,2025-11-24,Ecom Express,Delivered
DLV04113,ORD04113,2025-08-16,2025-08-22,,Delhivery,Failed
DLV04114,ORD04114,2025-08-30,2025-09-01,,Delhivery,Out for Delivery
DLV04115,ORD04115,2025-03-02,2025-03-06,,Blue Dart,Out for Delivery
DLV04116,ORD04116,2025-10-18,2025-10-24,,Delhivery,Out for Delivery
DLV04117,ORD04117,2025-05-09,2025-05-11,2025-05-13,Ecom Express,Delivered
DLV04118,ORD04118,2025-08-01,2025-08-06,,DTDC,In Transit
DLV04119,ORD04119,2025-11-16,2025-11-20,,XpressBees,Failed
DLV04120,ORD04120,2025-08-01,2025-08-04,,DTDC,Out for Delivery
DLV04121,ORD04121,2025-09-04,2025-09-10,,Delhivery,In Transit
DLV04122,ORD04122,2025-02-17,2025-02-22,,Blue Dart,In Transit
DLV04123,ORD04123,2025-12-19,2025-12-21,,XpressBees,Failed
DLV04124,ORD04124,2025-02-28,2025-03-02,,Delhivery,Delayed
DLV04125,ORD04125,2025-11-10,2025-11-15,2025-11-16,XpressBees,Delivered
DLV04126,ORD04126,2025-09-10,2025-09-16,2025-09-15,XpressBees,Delivered
DLV04127,ORD04127,2025-01-27,2025-01-30,,Ecom Express,Failed
DLV04128,ORD04128,2025-06-14,2025-06-19,,Blue Dart,Failed
DLV04129,ORD04129,2025-04-22,2025-04-26,,DTDC,Delayed
DLV04130,ORD04130,2025-06-07,2025-06-14,,Blue Dart,Out for Delivery
DLV04131,ORD04131,2025-03-06,2025-03-11,2025-03-11,DTDC,Delivered
DLV04132,ORD04132,2025-01-11,2025-01-15,,DTDC,Failed
DLV04133,ORD04133,2025-02-26,2025-03-01,,DTDC,In Transit
DLV04134,ORD04134,2025-06-12,2025-06-16,,XpressBees,Failed
DLV04135,ORD04135,2025-03-09,2025-03-12,,Blue Dart,Out for Delivery
DLV04136,ORD04136,2025-09-30,2025-10-07,,Delhivery,Out for Delivery
DLV04137,ORD04137,2025-11-03,2025-11-07,2025-11-10,DTDC,Delivered
DLV04138,ORD04138,2025-08-18,2025-08-24,,Blue Dart,Out for Delivery
DLV04139,ORD04139,2025-08-15,2025-08-20,2025-08-19,DTDC,Delivered
DLV04140,ORD04140,2025-05-27,2025-05-31,,Delhivery,Out for Delivery
DLV04141,ORD04141,2025-11-01,2025-11-06,,DTDC,Delayed
DLV04142,ORD04142,2025-01-04,2025-01-08,,Delhivery,In Transit
DLV04143,ORD04143,2025-05-15,2025-05-19,2025-05-19,DTDC,Delivered
DLV04144,ORD04144,2025-12-18,2025-12-21,,Blue Dart,Failed
DLV04145,ORD04145,2025-09-04,2025-09-09,,Ecom Express,Failed
DLV04146,ORD04146,2025-10-30,2025-11-01,,Delhivery,Delayed
DLV04147,ORD04147,2025-06-04,2025-06-11,,DTDC,Delayed
DLV04148,ORD04148,2025-08-19,2025-08-24,,XpressBees,Failed
DLV04149,ORD04149,2025-02-05,2025-02-12,,Ecom Express,Out for Delivery
DLV04150,ORD04150,2025-12-01,2025-12-05,,DTDC,Out for Delivery
DLV04151,ORD04151,2025-10-03,2025-10-06,,Ecom Express,Out for Delivery
DLV04152,ORD04152,2025-07-17,2025-07-24,,Blue Dart,Delayed
DLV04153,ORD04153,2025-02-12,2025-02-17,,Ecom Express,In Transit
DLV04154,ORD04154,2025-07-18,2025-07-22,,Ecom Express,In Transit
DLV04155,ORD04155,2025-04-08,2025-04-10,,Ecom Express,Delayed
DLV04156,ORD04156,2025-09-20,2025-09-26,,Delhivery,Out for Delivery
DLV04157,ORD04157,2025-08-25,2025-08-31,,XpressBees,Out for Delivery
DLV04158,ORD04158,2025-11-22,2025-11-27,,XpressBees,In Transit
DLV04159,ORD04159,2025-08-16,2025-08-21,,Delhivery,Delayed
DLV04160,ORD04160,2025-11-18,2025-11-20,,Delhivery,Delayed
DLV04161,ORD04161,2025-02-27,2025-03-02,,Delhivery,Out for Delivery
DLV04162,ORD04162,2025-11-26,2025-11-30,,XpressBees,Out for Delivery
DLV04163,ORD04163,2025-02-06,2025-02-08,2025-02-09,XpressBees,Delivered
DLV04164,ORD04164,2025-04-16,2025-04-23,,Delhivery,Out for Delivery
DLV04165,ORD04165,2025-02-24,2025-03-02,,Blue Dart,In Transit
DLV04166,ORD04166,2025-01-02,2025-01-04,,Delhivery,Out for Delivery
DLV04167,ORD04167,2025-07-20,2025-07-22,,Delhivery,Delayed
DLV04168,ORD04168,2025-12-26,2026-01-02,,XpressBees,Delayed
DLV04169,ORD04169,2025-06-05,2025-06-08,,DTDC,Failed
DLV04170,ORD04170,2025-09-02,2025-09-09,,Blue Dart,Out for Delivery
DLV04171,ORD04171,2025-07-20,2025-07-25,,Ecom Express,In Transit
DLV04172,ORD04172,2025-07-07,2025-07-13,,Ecom Express,In Transit
DLV04173,ORD04173,2025-12-11,2025-12-14,,Delhivery,Failed
DLV04174,ORD04174,2025-09-27,2025-09-30,2025-10-01,Delhivery,Delivered
DLV04175,ORD04175,2025-09-17,2025-09-19,,Blue Dart,Out for Delivery
DLV04176,ORD04176,2025-07-19,2025-07-22,,XpressBees,In Transit
DLV04177,ORD04177,2025-05-18,2025-05-20,2025-05-22,DTDC,Delivered
DLV04178,ORD04178,2025-09-06,2025-09-13,,Blue Dart,In Transit
DLV04179,ORD04179,2025-02-02,2025-02-08,,XpressBees,Out for Delivery
DLV04180,ORD04180,2025-05-16,2025-05-20,,Blue Dart,In Transit
DLV04181,ORD04181,2025-01-17,2025-01-23,,DTDC,In Transit
DLV04182,ORD04182,2025-12-25,2025-12-29,2025-12-29,XpressBees,Delivered
DLV04183,ORD04183,2025-12-04,2025-12-10,2025-12-10,Blue Dart,Delivered
DLV04184,ORD04184,2025-02-19,2025-02-22,,Ecom Express,Delayed
DLV04185,ORD04185,2025-06-20,2025-06-26,,Ecom Express,Delayed
DLV04186,ORD04186,2025-06-03,2025-06-06,,XpressBees,In Transit
DLV04187,ORD04187,2025-05-14,2025-05-21,2025-05-22,XpressBees,Delivered
DLV04188,ORD04188,2025-09-03,2025-09-07,,Ecom Express,Delayed
DLV04189,ORD04189,2025-10-27,2025-10-30,,DTDC,In Transit
DLV04190,ORD04190,2025-06-09,2025-06-11,2025-06-10,Delhivery,Delivered
DLV04191,ORD04191,2025-11-08,2025-11-12,2025-11-12,XpressBees,Delivered
DLV04192,ORD04192,2025-12-25,2025-12-30,,XpressBees,Failed
DLV04193,ORD04193,2025-11-12,2025-11-15,,DTDC,Out for Delivery
DLV04194,ORD04194,2025-03-05,2025-03-08,2025-03-08,XpressBees,Delivered
DLV04195,ORD04195,2025-06-24,2025-06-26,,Ecom Express,In Transit
DLV04196,ORD04196,2025-11-28,2025-12-02,,Blue Dart,Delayed
DLV04197,ORD04197,2025-10-08,2025-10-15,,Blue Dart,Out for Delivery
DLV04198,ORD04198,2025-12-11,2025-12-14,,Ecom Express,Delayed
DLV04199,ORD04199,2025-05-05,2025-05-10,,DTDC,Delayed
DLV04200,ORD04200,2025-12-25,2025-12-30,,Ecom Express,Delayed
DLV04201,ORD04201,2025-11-05,2025-11-08,,DTDC,Delayed
DLV04202,ORD04202,2025-08-09,2025-08-16,,Blue Dart,In Transit
DLV04203,ORD04203,2025-04-07,2025-04-12,2025-04-14,Ecom Express,Delivered
DLV04204,ORD04204,2025-09-29,2025-10-06,2025-10-07,Blue Dart,Delivered
DLV04205,ORD04205,2025-07-29,2025-07-31,2025-08-02,Blue Dart,Delivered
DLV04206,ORD04206,2025-03-26,2025-03-31,,Delhivery,In Transit
DLV04207,ORD04207,2025-12-24,2025-12-30,,Ecom Express,Out for Delivery
DLV04208,ORD04208,2025-11-09,2025-11-12,,Ecom Express,Failed
DLV04209,ORD04209,2025-04-18,2025-04-25,,Delhivery,In Transit
DLV04210,ORD04210,2025-11-12,2025-11-17,,Delhivery,Delayed
DLV04211,ORD04211,2025-11-21,2025-11-26,,Ecom Express,Delayed
DLV04212,ORD04212,2025-05-06,2025-05-11,2025-05-10,Delhivery,Delivered
DLV04213,ORD04213,2025-05-12,2025-05-17,,DTDC,Failed
DLV04214,ORD04214,2025-06-06,2025-06-11,,XpressBees,In Transit
DLV04215,ORD04215,2025-07-31,2025-08-04,,XpressBees,Delayed
DLV04216,ORD04216,2025-12-27,2025-12-31,,DTDC,Out for Delivery
DLV04217,ORD04217,2025-03-04,2025-03-10,,Delhivery,Out for Delivery
DLV04218,ORD04218,2025-03-15,2025-03-22,2025-03-24,Delhivery,Delivered
DLV04219,ORD04219,2025-10-05,2025-10-12,,DTDC,In Transit
DLV04220,ORD04220,2025-02-19,2025-02-21,,XpressBees,Delayed
DLV04221,ORD04221,2025-05-18,2025-05-23,2025-05-26,Blue Dart,Delivered
DLV04222,ORD04222,2025-01-04,2025-01-10,,Ecom Express,Out for Delivery
DLV04223,ORD04223,2025-01-26,2025-02-01,,Delhivery,Delayed
DLV04224,ORD04224,2025-12-07,2025-12-09,,DTDC,Delayed
DLV04225,ORD04225,2025-02-25,2025-02-27,,Blue Dart,Out for Delivery
DLV04226,ORD04226,2025-12-01,2025-12-06,,Blue Dart,Delayed
DLV04227,ORD04227,2025-06-13,2025-06-19,2025-06-21,Delhivery,Delivered
DLV04228,ORD04228,2025-08-31,2025-09-06,,Blue Dart,Delayed
DLV04229,ORD04229,2025-10-17,2025-10-23,2025-10-23,DTDC,Delivered
DLV04230,ORD04230,2025-03-27,2025-04-03,2025-04-03,XpressBees,Delivered
DLV04231,ORD04231,2025-12-01,2025-12-08,,XpressBees,In Transit
DLV04232,ORD04232,2025-02-12,2025-02-15,2025-02-14,XpressBees,Delivered
DLV04233,ORD04233,2025-01-26,2025-02-02,,Delhivery,Out for Delivery
DLV04234,ORD04234,2025-07-09,2025-07-15,,Blue Dart,Delayed
DLV04235,ORD04235,2025-05-21,2025-05-28,,XpressBees,Out for Delivery
DLV04236,ORD04236,2025-07-13,2025-07-16,,DTDC,Failed
DLV04237,ORD04237,2025-04-27,2025-04-30,,XpressBees,Out for Delivery
DLV04238,ORD04238,2025-04-30,2025-05-02,2025-05-04,Delhivery,Delivered
DLV04239,ORD04239,2025-07-18,2025-07-24,,DTDC,Failed
DLV04240,ORD04240,2025-06-10,2025-06-14,,XpressBees,Failed
DLV04241,ORD04241,2025-02-26,2025-02-28,,Delhivery,In Transit
DLV04242,ORD04242,2025-12-28,2026-01-01,,Ecom Express,In Transit
DLV04243,ORD04243,2025-09-27,2025-10-02,2025-10-04,DTDC,Delivered
DLV04244,ORD04244,2025-02-05,2025-02-10,,Delhivery,Out for Delivery
DLV04245,ORD04245,2025-08-20,2025-08-23,,Ecom Express,Failed
DLV04246,ORD04246,2025-03-26,2025-03-28,,Blue Dart,Failed
DLV04247,ORD04247,2025-03-12,2025-03-17,2025-03-17,XpressBees,Delivered
DLV04248,ORD04248,2025-03-31,2025-04-03,,Ecom Express,Failed
DLV04249,ORD04249,2025-09-25,2025-09-28,,Ecom Express,In Transit
DLV04250,ORD04250,2025-08-03,2025-08-07,,Blue Dart,Failed
DLV04251,ORD04251,2025-09-14,2025-09-21,,Blue Dart,Out for Delivery
DLV04252,ORD04252,2025-05-03,2025-05-07,2025-05-07,XpressBees,Delivered
DLV04253,ORD04253,2025-03-14,2025-03-19,,DTDC,Delayed
DLV04254,ORD04254,2025-08-21,2025-08-26,,Ecom Express,Out for Delivery
DLV04255,ORD04255,2025-02-18,2025-02-23,,DTDC,In Transit
DLV04256,ORD04256,2025-12-08,2025-12-14,,DTDC,Delayed
DLV04257,ORD04257,2025-04-20,2025-04-24,,Blue Dart,Delayed
DLV04258,ORD04258,2025-11-15,2025-11-18,,Ecom Express,Delayed
DLV04259,ORD04259,2025-06-04,2025-06-09,,DTDC,In Transit
DLV04260,ORD04260,2025-07-10,2025-07-15,,XpressBees,Delayed
DLV04261,ORD04261,2025-04-05,2025-04-08,,XpressBees,Delayed
DLV04262,ORD04262,2025-08-21,2025-08-28,,DTDC,Out for Delivery
DLV04263,ORD04263,2025-12-09,2025-12-15,,Ecom Express,Out for Delivery
DLV04264,ORD04264,2025-09-17,2025-09-19,,Delhivery,Delayed
DLV04265,ORD04265,2025-05-31,2025-06-07,,XpressBees,Failed
DLV04266,ORD04266,2025-11-27,2025-11-30,,DTDC,Delayed
DLV04267,ORD04267,2025-06-02,2025-06-08,2025-06-09,Delhivery,Delivered
DLV04268,ORD04268,2025-03-18,2025-03-24,,DTDC,Out for Delivery
DLV04269,ORD04269,2025-11-08,2025-11-11,,Blue Dart,In Transit
DLV04270,ORD04270,2025-05-12,2025-05-19,,Delhivery,Delayed
DLV04271,ORD04271,2025-01-10,2025-01-13,,XpressBees,Out for Delivery
DLV04272,ORD04272,2025-03-14,2025-03-18,,Delhivery,Out for Delivery
DLV04273,ORD04273,2025-08-27,2025-08-29,,XpressBees,In Transit
DLV04274,ORD04274,2025-11-03,2025-11-09,,Blue Dart,Out for Delivery
DLV04275,ORD04275,2025-09-20,2025-09-24,,Delhivery,Delayed
DLV04276,ORD04276,2025-05-07,2025-05-12,2025-05-14,Ecom Express,Delivered
DLV04277,ORD04277,2025-03-30,2025-04-01,,DTDC,Failed
DLV04278,ORD04278,2025-05-20,2025-05-25,,XpressBees,In Transit
DLV04279,ORD04279,2025-01-04,2025-01-08,,Blue Dart,Out for Delivery
DLV04280,ORD04280,2025-12-08,2025-12-10,,Ecom Express,In Transit
DLV04281,ORD04281,2025-10-21,2025-10-23,2025-10-25,DTDC,Delivered
DLV04282,ORD04282,2025-02-01,2025-02-07,,Delhivery,Delayed
DLV04283,ORD04283,2025-01-02,2025-01-08,,Ecom Express,Delayed
DLV04284,ORD04284,2025-11-21,2025-11-24,,XpressBees,Failed
DLV04285,ORD04285,2025-06-08,2025-06-12,,Delhivery,Failed
DLV04286,ORD04286,2025-01-23,2025-01-28,,Ecom Express,Failed
DLV04287,ORD04287,2025-06-29,2025-07-05,2025-07-04,Ecom Express,Delivered
DLV04288,ORD04288,2025-09-14,2025-09-21,,Ecom Express,Failed
DLV04289,ORD04289,2025-08-25,2025-08-29,,Blue Dart,Failed
DLV04290,ORD04290,2025-02-06,2025-02-08,2025-02-09,XpressBees,Delivered
DLV04291,ORD04291,2025-05-11,2025-05-13,,DTDC,Delayed
DLV04292,ORD04292,2025-07-08,2025-07-15,2025-07-18,Delhivery,Delivered
DLV04293,ORD04293,2025-08-17,2025-08-23,,Delhivery,Delayed
DLV04294,ORD04294,2025-02-12,2025-02-14,,XpressBees,Failed
DLV04295,ORD04295,2025-11-03,2025-11-09,,DTDC,Out for Delivery
DLV04296,ORD04296,2025-09-21,2025-09-24,,Blue Dart,Delayed
DLV04297,ORD04297,2025-04-30,2025-05-07,2025-05-07,DTDC,Delivered
DLV04298,ORD04298,2025-03-07,2025-03-13,,DTDC,In Transit
DLV04299,ORD04299,2025-06-13,2025-06-15,,Ecom Express,Failed
DLV04300,ORD04300,2025-06-28,2025-07-01,,DTDC,Delayed
DLV04301,ORD04301,2025-11-27,2025-12-03,,DTDC,In Transit
DLV04302,ORD04302,2025-11-12,2025-11-17,,Delhivery,Failed
DLV04303,ORD04303,2025-12-21,2025-12-28,,Delhivery,In Transit
DLV04304,ORD04304,2025-08-08,2025-08-10,,Blue Dart,Delayed
DLV04305,ORD04305,2025-04-23,2025-04-28,,XpressBees,Failed
DLV04306,ORD04306,2025-03-27,2025-03-29,2025-03-31,Ecom Express,Delivered
DLV04307,ORD04307,2025-06-04,2025-06-10,,XpressBees,Out for Delivery
DLV04308,ORD04308,2025-12-14,2025-12-16,,Ecom Express,Failed
DLV04309,ORD04309,2025-10-18,2025-10-24,,Blue Dart,Delayed
DLV04310,ORD04310,2025-03-02,2025-03-09,2025-03-10,Delhivery,Delivered
DLV04311,ORD04311,2025-11-25,2025-12-02,,Blue Dart,Failed
DLV04312,ORD04312,2025-10-11,2025-10-16,,Blue Dart,Delayed
DLV04313,ORD04313,2025-02-06,2025-02-11,,DTDC,Delayed
DLV04314,ORD04314,2025-12-29,2026-01-03,,Delhivery,In Transit
DLV04315,ORD04315,2025-05-06,2025-05-09,,Delhivery,Failed
DLV04316,ORD04316,2025-03-15,2025-03-17,,Blue Dart,Out for Delivery
DLV04317,ORD04317,2025-08-27,2025-09-02,,XpressBees,Delayed
DLV04318,ORD04318,2025-01-07,2025-01-09,,Delhivery,In Transit
DLV04319,ORD04319,2025-10-22,2025-10-29,,Ecom Express,Delayed
DLV04320,ORD04320,2025-10-10,2025-10-13,,Blue Dart,Out for Delivery
DLV04321,ORD04321,2025-01-29,2025-02-03,2025-02-02,Ecom Express,Delivered
DLV04322,ORD04322,2025-05-12,2025-05-18,2025-05-21,Ecom Express,Delivered
DLV04323,ORD04323,2025-03-14,2025-03-19,,XpressBees,Out for Delivery
DLV04324,ORD04324,2025-06-05,2025-06-10,,Delhivery,Delayed
DLV04325,ORD04325,2025-10-27,2025-10-31,2025-11-03,Blue Dart,Delivered
DLV04326,ORD04326,2025-08-17,2025-08-20,,DTDC,Delayed
DLV04327,ORD04327,2025-11-10,2025-11-15,,XpressBees,In Transit
DLV04328,ORD04328,2025-05-28,2025-06-03,,Ecom Express,Out for Delivery
DLV04329,ORD04329,2025-09-24,2025-09-29,,Delhivery,Delayed
DLV04330,ORD04330,2025-05-01,2025-05-03,,DTDC,Out for Delivery
DLV04331,ORD04331,2025-02-27,2025-03-02,,DTDC,Failed
DLV04332,ORD04332,2025-10-19,2025-10-25,,Blue Dart,Out for Delivery
DLV04333,ORD04333,2025-07-22,2025-07-26,,Blue Dart,Out for Delivery
DLV04334,ORD04334,2025-03-31,2025-04-04,,Ecom Express,In Transit
DLV04335,ORD04335,2025-06-02,2025-06-08,2025-06-07,Delhivery,Delivered
DLV04336,ORD04336,2025-04-04,2025-04-11,2025-04-11,Delhivery,Delivered
DLV04337,ORD04337,2025-01-13,2025-01-20,,XpressBees,Out for Delivery
DLV04338,ORD04338,2025-01-11,2025-01-15,,Delhivery,Delayed
DLV04339,ORD04339,2025-08-09,2025-08-12,,Ecom Express,Delayed
DLV04340,ORD04340,2025-07-13,2025-07-17,,Ecom Express,Failed
DLV04341,ORD04341,2025-02-21,2025-02-23,,DTDC,Out for Delivery
DLV04342,ORD04342,2025-06-04,2025-06-07,,XpressBees,In Transit
DLV04343,ORD04343,2025-04-15,2025-04-18,,XpressBees,In Transit
DLV04344,ORD04344,2025-05-07,2025-05-11,,XpressBees,In Transit
DLV04345,ORD04345,2025-08-14,2025-08-18,,Blue Dart,In Transit
DLV04346,ORD04346,2025-09-23,2025-09-26,,XpressBees,In Transit
DLV04347,ORD04347,2025-08-03,2025-08-05,,DTDC,Out for Delivery
DLV04348,ORD04348,2025-08-05,2025-08-07,,DTDC,Delayed
DLV04349,ORD04349,2025-03-19,2025-03-24,2025-03-24,Blue Dart,Delivered
DLV04350,ORD04350,2025-06-05,2025-06-08,,Delhivery,Failed
DLV04351,ORD04351,2025-09-20,2025-09-26,,Ecom Express,In Transit
DLV04352,ORD04352,2025-09-29,2025-10-01,,Delhivery,In Transit
DLV04353,ORD04353,2025-08-29,2025-09-03,,XpressBees,Delayed
DLV04354,ORD04354,2025-05-29,2025-06-04,,Blue Dart,In Transit
DLV04355,ORD04355,2025-10-13,2025-10-20,,Ecom Express,Delayed
DLV04356,ORD04356,2025-02-27,2025-03-02,2025-03-04,Ecom Express,Delivered
DLV04357,ORD04357,2025-11-19,2025-11-23,,XpressBees,Out for Delivery
DLV04358,ORD04358,2025-04-12,2025-04-18,2025-04-19,Delhivery,Delivered
DLV04359,ORD04359,2025-12-20,2025-12-26,,Ecom Express,In Transit
DLV04360,ORD04360,2025-12-26,2026-01-02,,Blue Dart,In Transit
DLV04361,ORD04361,2025-11-05,2025-11-08,,DTDC,Failed
DLV04362,ORD04362,2025-04-26,2025-04-28,,Ecom Express,Out for Delivery
DLV04363,ORD04363,2025-08-11,2025-08-14,,Ecom Express,Delayed
DLV04364,ORD04364,2025-02-27,2025-03-03,,XpressBees,Failed
DLV04365,ORD04365,2025-09-13,2025-09-20,2025-09-23,Ecom Express,Delivered
DLV04366,ORD04366,2025-02-16,2025-02-21,,Blue Dart,Delayed
DLV04367,ORD04367,2025-10-13,2025-10-18,,DTDC,Delayed
DLV04368,ORD04368,2025-03-12,2025-03-14,,Blue Dart,Delayed
DLV04369,ORD04369,2025-12-17,2025-12-22,,XpressBees,Failed
DLV04370,ORD04370,2025-02-22,2025-02-24,2025-02-27,Delhivery,Delivered
DLV04371,ORD04371,2025-03-16,2025-03-18,,Blue Dart,Out for Delivery
DLV04372,ORD04372,2025-09-14,2025-09-20,2025-09-22,Blue Dart,Delivered
DLV04373,ORD04373,2025-09-07,2025-09-11,,Ecom Express,Delayed
DLV04374,ORD04374,2025-10-19,2025-10-24,2025-10-23,Delhivery,Delivered
DLV04375,ORD04375,2025-07-01,2025-07-03,,Delhivery,Failed
DLV04376,ORD04376,2025-10-07,2025-10-12,2025-10-14,Ecom Express,Delivered
DLV04377,ORD04377,2025-07-06,2025-07-13,,Ecom Express,Out for Delivery
DLV04378,ORD04378,2025-05-31,2025-06-04,,Delhivery,Failed
DLV04379,ORD04379,2025-10-02,2025-10-07,,XpressBees,Delayed
DLV04380,ORD04380,2025-04-14,2025-04-20,2025-04-23,Ecom Express,Delivered
DLV04381,ORD04381,2025-06-16,2025-06-19,,XpressBees,Delayed
DLV04382,ORD04382,2025-03-30,2025-04-03,,XpressBees,Delayed
DLV04383,ORD04383,2025-01-27,2025-01-31,,Delhivery,Delayed
DLV04384,ORD04384,2025-09-22,2025-09-27,,XpressBees,In Transit
DLV04385,ORD04385,2025-11-17,2025-11-21,2025-11-21,Ecom Express,Delivered
DLV04386,ORD04386,2025-07-27,2025-07-31,,XpressBees,In Transit
DLV04387,ORD04387,2025-02-23,2025-02-27,2025-02-27,DTDC,Delivered
DLV04388,ORD04388,2025-03-26,2025-03-30,,XpressBees,Failed
DLV04389,ORD04389,2025-06-06,2025-06-08,2025-06-11,Delhivery,Delivered
DLV04390,ORD04390,2025-01-29,2025-01-31,,DTDC,Failed
DLV04391,ORD04391,2025-04-09,2025-04-15,2025-04-15,DTDC,Delivered
DLV04392,ORD04392,2025-04-22,2025-04-27,,XpressBees,Delayed
DLV04393,ORD04393,2025-04-05,2025-04-07,,Delhivery,Delayed
DLV04394,ORD04394,2025-09-07,2025-09-13,,Delhivery,Failed
DLV04395,ORD04395,2025-09-30,2025-10-04,2025-10-06,XpressBees,Delivered
DLV04396,ORD04396,2025-09-19,2025-09-23,,Delhivery,Out for Delivery
DLV04397,ORD04397,2025-10-26,2025-10-29,,Ecom Express,Out for Delivery
DLV04398,ORD04398,2025-03-16,2025-03-23,,XpressBees,In Transit
DLV04399,ORD04399,2025-03-02,2025-03-07,2025-03-08,XpressBees,Delivered
DLV04400,ORD04400,2025-01-01,2025-01-07,2025-01-09,DTDC,Delivered
DLV04401,ORD04401,2025-02-21,2025-02-27,,Blue Dart,In Transit
DLV04402,ORD04402,2025-03-21,2025-03-23,,XpressBees,Out for Delivery
DLV04403,ORD04403,2025-03-04,2025-03-06,,Blue Dart,Failed
DLV04404,ORD04404,2025-01-30,2025-02-03,2025-02-03,DTDC,Delivered
DLV04405,ORD04405,2025-09-16,2025-09-21,2025-09-22,Delhivery,Delivered
DLV04406,ORD04406,2025-01-11,2025-01-15,,Delhivery,Delayed
DLV04407,ORD04407,2025-08-10,2025-08-17,,XpressBees,Delayed
DLV04408,ORD04408,2025-11-06,2025-11-08,,XpressBees,Out for Delivery
DLV04409,ORD04409,2025-05-12,2025-05-17,2025-05-19,DTDC,Delivered
DLV04410,ORD04410,2025-08-13,2025-08-18,2025-08-17,Blue Dart,Delivered
DLV04411,ORD04411,2025-12-21,2025-12-25,,DTDC,Failed
DLV04412,ORD04412,2025-02-26,2025-03-03,,DTDC,Out for Delivery
DLV04413,ORD04413,2025-03-16,2025-03-19,2025-03-20,DTDC,Delivered
DLV04414,ORD04414,2025-12-21,2025-12-23,,DTDC,In Transit
DLV04415,ORD04415,2025-02-07,2025-02-13,,XpressBees,In Transit
DLV04416,ORD04416,2025-12-05,2025-12-07,2025-12-06,Blue Dart,Delivered
DLV04417,ORD04417,2025-01-29,2025-02-02,,XpressBees,Failed
DLV04418,ORD04418,2025-09-28,2025-10-05,,DTDC,Failed
DLV04419,ORD04419,2025-03-15,2025-03-18,,Delhivery,In Transit
DLV04420,ORD04420,2025-07-31,2025-08-05,,Blue Dart,Out for Delivery
DLV04421,ORD04421,2025-06-16,2025-06-20,,DTDC,Delayed
DLV04422,ORD04422,2025-03-27,2025-04-01,,DTDC,Delayed
DLV04423,ORD04423,2025-01-01,2025-01-03,,Delhivery,Failed
DLV04424,ORD04424,2025-05-05,2025-05-10,,Ecom Express,Failed
DLV04425,ORD04425,2025-02-15,2025-02-18,2025-02-18,Blue Dart,Delivered
DLV04426,ORD04426,2025-05-10,2025-05-14,,DTDC,Out for Delivery
DLV04427,ORD04427,2025-07-16,2025-07-21,,DTDC,Failed
DLV04428,ORD04428,2025-10-30,2025-11-05,,Ecom Express,Failed
DLV04429,ORD04429,2025-05-06,2025-05-12,,XpressBees,In Transit
DLV04430,ORD04430,2025-10-09,2025-10-14,,DTDC,Failed
DLV04431,ORD04431,2025-07-10,2025-07-15,,DTDC,Out for Delivery
DLV04432,ORD04432,2025-11-14,2025-11-20,,XpressBees,Failed
DLV04433,ORD04433,2025-10-27,2025-10-31,,XpressBees,Delayed
DLV04434,ORD04434,2025-09-28,2025-09-30,,DTDC,In Transit
DLV04435,ORD04435,2025-11-05,2025-11-11,,Delhivery,Failed
DLV04436,ORD04436,2025-03-20,2025-03-27,,XpressBees,Delayed
DLV04437,ORD04437,2025-01-09,2025-01-11,,XpressBees,Out for Delivery
DLV04438,ORD04438,2025-07-07,2025-07-10,,DTDC,Delayed
DLV04439,ORD04439,2025-02-14,2025-02-19,,Ecom Express,Failed
DLV04440,ORD04440,2025-01-06,2025-01-09,,Ecom Express,Delayed
DLV04441,ORD04441,2025-04-03,2025-04-05,,Delhivery,In Transit
DLV04442,ORD04442,2025-05-02,2025-05-06,,XpressBees,Failed
DLV04443,ORD04443,2025-02-13,2025-02-19,,Blue Dart,Failed
DLV04444,ORD04444,2025-10-10,2025-10-14,,XpressBees,Failed
DLV04445,ORD04445,2025-02-23,2025-03-01,2025-02-28,Ecom Express,Delivered
DLV04446,ORD04446,2025-08-08,2025-08-13,2025-08-16,Delhivery,Delivered
DLV04447,ORD04447,2025-12-11,2025-12-14,,Delhivery,Failed
DLV04448,ORD04448,2025-03-22,2025-03-26,,XpressBees,In Transit
DLV04449,ORD04449,2025-01-27,2025-01-29,,Blue Dart,Delayed
DLV04450,ORD04450,2025-08-09,2025-08-12,,Delhivery,In Transit
DLV04451,ORD04451,2025-03-08,2025-03-13,,Ecom Express,Out for Delivery
DLV04452,ORD04452,2025-08-08,2025-08-14,,DTDC,Failed
DLV04453,ORD04453,2025-04-14,2025-04-19,,Ecom Express,Out for Delivery
DLV04454,ORD04454,2025-08-16,2025-08-20,,Delhivery,Out for Delivery
DLV04455,ORD04455,2025-11-12,2025-11-14,,DTDC,Delayed
DLV04456,ORD04456,2025-08-24,2025-08-28,,DTDC,Failed
DLV04457,ORD04457,2025-09-25,2025-10-01,,Ecom Express,Failed
DLV04458,ORD04458,2025-09-02,2025-09-08,,Delhivery,Delayed
DLV04459,ORD04459,2025-01-05,2025-01-12,,XpressBees,Failed
DLV04460,ORD04460,2025-03-28,2025-04-02,,Blue Dart,In Transit
DLV04461,ORD04461,2025-04-20,2025-04-26,,DTDC,Delayed
DLV04462,ORD04462,2025-02-05,2025-02-09,,Blue Dart,Delayed
DLV04463,ORD04463,2025-03-24,2025-03-27,,DTDC,Out for Delivery
DLV04464,ORD04464,2025-03-03,2025-03-10,2025-03-13,Blue Dart,Delivered
DLV04465,ORD04465,2025-09-25,2025-09-30,,XpressBees,In Transit
DLV04466,ORD04466,2025-01-20,2025-01-26,,DTDC,Out for Delivery
DLV04467,ORD04467,2025-01-11,2025-01-13,,Delhivery,Out for Delivery
DLV04468,ORD04468,2025-04-13,2025-04-15,,Blue Dart,Failed
DLV04469,ORD04469,2025-09-29,2025-10-06,,Blue Dart,Failed
DLV04470,ORD04470,2025-04-06,2025-04-13,,Ecom Express,Delayed
DLV04471,ORD04471,2025-04-12,2025-04-19,,Delhivery,Delayed
DLV04472,ORD04472,2025-12-22,2025-12-25,,XpressBees,In Transit
DLV04473,ORD04473,2025-11-23,2025-11-30,,DTDC,Out for Delivery
DLV04474,ORD04474,2025-07-23,2025-07-25,,XpressBees,In Transit
DLV04475,ORD04475,2025-08-12,2025-08-18,,XpressBees,In Transit
DLV04476,ORD04476,2025-07-08,2025-07-15,2025-07-16,XpressBees,Delivered
DLV04477,ORD04477,2025-11-24,2025-11-28,,Blue Dart,Delayed
DLV04478,ORD04478,2025-09-26,2025-09-28,,Delhivery,In Transit
DLV04479,ORD04479,2025-10-11,2025-10-17,2025-10-19,Delhivery,Delivered
DLV04480,ORD04480,2025-01-16,2025-01-22,,XpressBees,Delayed
DLV04481,ORD04481,2025-07-29,2025-08-04,,DTDC,In Transit
DLV04482,ORD04482,2025-09-18,2025-09-21,,Ecom Express,In Transit
DLV04483,ORD04483,2025-05-28,2025-06-04,,XpressBees,Failed
DLV04484,ORD04484,2025-07-21,2025-07-27,,XpressBees,Out for Delivery
DLV04485,ORD04485,2025-05-21,2025-05-24,2025-05-24,Ecom Express,Delivered
DLV04486,ORD04486,2025-10-26,2025-11-01,,Ecom Express,In Transit
DLV04487,ORD04487,2025-03-21,2025-03-23,,DTDC,Failed
DLV04488,ORD04488,2025-07-01,2025-07-03,,Ecom Express,In Transit
DLV04489,ORD04489,2025-03-04,2025-03-11,2025-03-12,XpressBees,Delivered
DLV04490,ORD04490,2025-11-28,2025-12-05,,Ecom Express,In Transit
DLV04491,ORD04491,2025-03-21,2025-03-28,,XpressBees,Out for Delivery
DLV04492,ORD04492,2025-05-13,2025-05-19,,XpressBees,In Transit
DLV04493,ORD04493,2025-09-21,2025-09-27,2025-09-28,XpressBees,Delivered
DLV04494,ORD04494,2025-05-28,2025-05-31,,Ecom Express,Failed
DLV04495,ORD04495,2025-10-24,2025-10-31,,Ecom Express,In Transit
DLV04496,ORD04496,2025-05-27,2025-05-30,2025-06-01,Delhivery,Delivered
DLV04497,ORD04497,2025-04-30,2025-05-07,2025-05-06,XpressBees,Delivered
DLV04498,ORD04498,2025-06-13,2025-06-17,,Delhivery,Delayed
DLV04499,ORD04499,2025-02-21,2025-02-28,,Delhivery,In Transit
DLV04500,ORD04500,2025-02-06,2025-02-10,,Blue Dart,Out for Delivery
DLV04501,ORD04501,2025-07-17,2025-07-23,,DTDC,Delayed
DLV04502,ORD04502,2025-12-07,2025-12-13,,Blue Dart,Failed
DLV04503,ORD04503,2025-12-23,2025-12-25,,Delhivery,Delayed
DLV04504,ORD04504,2025-01-13,2025-01-16,,Ecom Express,Out for Delivery
DLV04505,ORD04505,2025-09-07,2025-09-11,,XpressBees,Out for Delivery
DLV04506,ORD04506,2025-05-17,2025-05-23,,DTDC,Delayed
DLV04507,ORD04507,2025-03-14,2025-03-16,,Delhivery,In Transit
DLV04508,ORD04508,2025-01-19,2025-01-23,2025-01-22,DTDC,Delivered
DLV04509,ORD04509,2025-07-21,2025-07-28,2025-07-27,Ecom Express,Delivered
DLV04510,ORD04510,2025-11-09,2025-11-12,,Ecom Express,Out for Delivery
DLV04511,ORD04511,2025-05-25,2025-05-27,,Blue Dart,In Transit
DLV04512,ORD04512,2025-11-16,2025-11-22,,DTDC,In Transit
DLV04513,ORD04513,2025-10-13,2025-10-19,,XpressBees,In Transit
DLV04514,ORD04514,2025-08-23,2025-08-28,,Blue Dart,Out for Delivery
DLV04515,ORD04515,2025-10-17,2025-10-19,,Delhivery,Failed
DLV04516,ORD04516,2025-03-07,2025-03-09,,Blue Dart,Out for Delivery
DLV04517,ORD04517,2025-06-16,2025-06-22,,XpressBees,In Transit
DLV04518,ORD04518,2025-06-07,2025-06-13,,Delhivery,Failed
DLV04519,ORD04519,2025-01-03,2025-01-10,,Blue Dart,In Transit
DLV04520,ORD04520,2025-02-14,2025-02-21,,Blue Dart,Out for Delivery
DLV04521,ORD04521,2025-01-02,2025-01-04,,XpressBees,In Transit
DLV04522,ORD04522,2025-04-03,2025-04-10,2025-04-12,Blue Dart,Delivered
DLV04523,ORD04523,2025-11-19,2025-11-24,,Blue Dart,Delayed
DLV04524,ORD04524,2025-06-12,2025-06-17,,Ecom Express,Out for Delivery
DLV04525,ORD04525,2025-12-06,2025-12-13,,Blue Dart,In Transit
DLV04526,ORD04526,2025-09-12,2025-09-15,,Delhivery,Out for Delivery
DLV04527,ORD04527,2025-11-04,2025-11-07,,XpressBees,In Transit
DLV04528,ORD04528,2025-03-09,2025-03-15,2025-03-16,XpressBees,Delivered
DLV04529,ORD04529,2025-01-07,2025-01-12,,Ecom Express,Failed
DLV04530,ORD04530,2025-03-25,2025-03-28,,DTDC,Delayed
DLV04531,ORD04531,2025-04-11,2025-04-14,,XpressBees,Failed
DLV04532,ORD04532,2025-12-25,2025-12-28,,Delhivery,Out for Delivery
DLV04533,ORD04533,2025-12-31,2026-01-06,,DTDC,Failed
DLV04534,ORD04534,2025-03-21,2025-03-23,,Blue Dart,Failed
DLV04535,ORD04535,2025-07-05,2025-07-12,,Ecom Express,In Transit
DLV04536,ORD04536,2025-10-16,2025-10-18,,Blue Dart,In Transit
DLV04537,ORD04537,2025-09-10,2025-09-16,2025-09-18,Blue Dart,Delivered
DLV04538,ORD04538,2025-08-21,2025-08-26,,DTDC,In Transit
DLV04539,ORD04539,2025-02-12,2025-02-16,,Ecom Express,Out for Delivery
DLV04540,ORD04540,2025-10-20,2025-10-24,2025-10-25,Blue Dart,Delivered
DLV04541,ORD04541,2025-04-27,2025-05-03,,XpressBees,Delayed
DLV04542,ORD04542,2025-07-22,2025-07-28,,Ecom Express,In Transit
DLV04543,ORD04543,2025-06-17,2025-06-22,,DTDC,Failed
DLV04544,ORD04544,2025-10-21,2025-10-28,,Delhivery,In Transit
DLV04545,ORD04545,2025-05-15,2025-05-20,,XpressBees,In Transit
DLV04546,ORD04546,2025-11-19,2025-11-21,,Ecom Express,Failed
DLV04547,ORD04547,2025-08-29,2025-08-31,,Blue Dart,In Transit
DLV04548,ORD04548,2025-01-09,2025-01-15,,DTDC,Delayed
DLV04549,ORD04549,2025-07-14,2025-07-16,,Delhivery,Delayed
DLV04550,ORD04550,2025-10-10,2025-10-14,2025-10-14,Ecom Express,Delivered
DLV04551,ORD04551,2025-04-07,2025-04-14,,Ecom Express,Out for Delivery
DLV04552,ORD04552,2025-05-06,2025-05-12,2025-05-14,Ecom Express,Delivered
DLV04553,ORD04553,2025-10-16,2025-10-22,,Blue Dart,In Transit
DLV04554,ORD04554,2025-02-28,2025-03-07,,Blue Dart,Failed
DLV04555,ORD04555,2025-06-26,2025-07-03,,DTDC,Out for Delivery
DLV04556,ORD04556,2025-04-28,2025-05-03,,XpressBees,Delayed
DLV04557,ORD04557,2025-04-21,2025-04-26,,XpressBees,Out for Delivery
DLV04558,ORD04558,2025-03-31,2025-04-07,,Ecom Express,Out for Delivery
DLV04559,ORD04559,2025-12-11,2025-12-15,,XpressBees,Out for Delivery
DLV04560,ORD04560,2025-01-12,2025-01-16,2025-01-19,Delhivery,Delivered
DLV04561,ORD04561,2025-11-12,2025-11-14,,Delhivery,Failed
DLV04562,ORD04562,2025-05-18,2025-05-20,2025-05-22,XpressBees,Delivered
DLV04563,ORD04563,2025-06-21,2025-06-27,,Blue Dart,In Transit
DLV04564,ORD04564,2025-07-14,2025-07-17,,DTDC,Out for Delivery
DLV04565,ORD04565,2025-11-18,2025-11-25,2025-11-27,DTDC,Delivered
DLV04566,ORD04566,2025-03-15,2025-03-21,,Blue Dart,Failed
DLV04567,ORD04567,2025-04-20,2025-04-27,,XpressBees,Failed
DLV04568,ORD04568,2025-03-22,2025-03-29,,Delhivery,In Transit
DLV04569,ORD04569,2025-05-23,2025-05-25,2025-05-28,Blue Dart,Delivered
DLV04570,ORD04570,2025-07-05,2025-07-08,,Blue Dart,Delayed
DLV04571,ORD04571,2025-02-14,2025-02-16,,XpressBees,Delayed
DLV04572,ORD04572,2025-06-29,2025-07-06,,Ecom Express,Failed
DLV04573,ORD04573,2025-04-18,2025-04-23,,XpressBees,In Transit
DLV04574,ORD04574,2025-02-19,2025-02-23,2025-02-23,Ecom Express,Delivered
DLV04575,ORD04575,2025-06-09,2025-06-13,,Ecom Express,Out for Delivery
DLV04576,ORD04576,2025-05-12,2025-05-16,2025-05-18,DTDC,Delivered
DLV04577,ORD04577,2025-11-06,2025-11-12,2025-11-11,XpressBees,Delivered
DLV04578,ORD04578,2025-01-07,2025-01-14,,Ecom Express,In Transit
DLV04579,ORD04579,2025-07-05,2025-07-07,2025-07-08,DTDC,Delivered
DLV04580,ORD04580,2025-07-02,2025-07-08,2025-07-10,Ecom Express,Delivered
DLV04581,ORD04581,2025-05-26,2025-06-02,,Blue Dart,Out for Delivery
DLV04582,ORD04582,2025-09-07,2025-09-13,,Blue Dart,In Transit
DLV04583,ORD04583,2025-04-16,2025-04-20,,Ecom Express,Out for Delivery
DLV04584,ORD04584,2025-08-30,2025-09-03,,Delhivery,Out for Delivery
DLV04585,ORD04585,2025-08-03,2025-08-10,2025-08-11,Ecom Express,Delivered
DLV04586,ORD04586,2025-07-13,2025-07-16,2025-07-16,DTDC,Delivered
DLV04587,ORD04587,2025-05-07,2025-05-10,,Blue Dart,Delayed
DLV04588,ORD04588,2025-12-11,2025-12-18,,Ecom Express,Out for Delivery
DLV04589,ORD04589,2025-10-21,2025-10-28,2025-10-30,Ecom Express,Delivered
DLV04590,ORD04590,2025-02-02,2025-02-05,,Blue Dart,Out for Delivery
DLV04591,ORD04591,2025-12-13,2025-12-16,,DTDC,Failed
DLV04592,ORD04592,2025-07-01,2025-07-04,2025-07-06,Blue Dart,Delivered
DLV04593,ORD04593,2025-04-11,2025-04-16,2025-04-19,Ecom Express,Delivered
DLV04594,ORD04594,2025-03-29,2025-04-05,,DTDC,Failed
DLV04595,ORD04595,2025-03-26,2025-03-28,,XpressBees,Out for Delivery
DLV04596,ORD04596,2025-04-26,2025-04-30,,Blue Dart,Delayed
DLV04597,ORD04597,2025-06-20,2025-06-27,,XpressBees,In Transit
DLV04598,ORD04598,2025-10-13,2025-10-15,2025-10-17,Ecom Express,Delivered
DLV04599,ORD04599,2025-02-17,2025-02-23,2025-02-25,DTDC,Delivered
DLV04600,ORD04600,2025-04-25,2025-04-30,,DTDC,In Transit
DLV04601,ORD04601,2025-01-31,2025-02-06,,Delhivery,Failed
DLV04602,ORD04602,2025-04-29,2025-05-06,,Blue Dart,In Transit
DLV04603,ORD04603,2025-09-29,2025-10-01,,Delhivery,Failed
DLV04604,ORD04604,2025-11-21,2025-11-28,,Ecom Express,Out for Delivery
DLV04605,ORD04605,2025-05-10,2025-05-13,,Delhivery,Failed
DLV04606,ORD04606,2025-09-04,2025-09-06,,Delhivery,In Transit
DLV04607,ORD04607,2025-03-05,2025-03-11,,DTDC,Failed
DLV04608,ORD04608,2025-02-18,2025-02-21,,Delhivery,Out for Delivery
DLV04609,ORD04609,2025-05-13,2025-05-17,,Blue Dart,Failed
DLV04610,ORD04610,2025-12-01,2025-12-03,2025-12-02,DTDC,Delivered
DLV04611,ORD04611,2025-09-01,2025-09-04,,XpressBees,In Transit
DLV04612,ORD04612,2025-08-17,2025-08-23,,Delhivery,Failed
DLV04613,ORD04613,2025-02-19,2025-02-26,,Ecom Express,Out for Delivery
DLV04614,ORD04614,2025-05-03,2025-05-10,,Ecom Express,Out for Delivery
DLV04615,ORD04615,2025-08-26,2025-09-02,,XpressBees,Failed
DLV04616,ORD04616,2025-08-07,2025-08-13,,Blue Dart,Delayed
DLV04617,ORD04617,2025-07-22,2025-07-25,,Blue Dart,In Transit
DLV04618,ORD04618,2025-07-26,2025-07-31,,Delhivery,In Transit
DLV04619,ORD04619,2025-06-15,2025-06-20,2025-06-19,DTDC,Delivered
DLV04620,ORD04620,2025-11-30,2025-12-05,2025-12-04,DTDC,Delivered
DLV04621,ORD04621,2025-08-07,2025-08-10,2025-08-10,XpressBees,Delivered
DLV04622,ORD04622,2025-10-26,2025-10-31,,DTDC,Failed
DLV04623,ORD04623,2025-12-30,2026-01-05,,Ecom Express,In Transit
DLV04624,ORD04624,2025-09-13,2025-09-19,,Blue Dart,Failed
DLV04625,ORD04625,2025-07-24,2025-07-30,,Blue Dart,Out for Delivery
DLV04626,ORD04626,2025-07-05,2025-07-10,,Ecom Express,Delayed
DLV04627,ORD04627,2025-01-15,2025-01-22,,Delhivery,Failed
DLV04628,ORD04628,2025-11-11,2025-11-18,2025-11-21,Blue Dart,Delivered
DLV04629,ORD04629,2025-07-22,2025-07-25,,Delhivery,Delayed
DLV04630,ORD04630,2025-02-02,2025-02-06,,XpressBees,Delayed
DLV04631,ORD04631,2025-12-02,2025-12-04,,Blue Dart,Delayed
DLV04632,ORD04632,2025-09-19,2025-09-22,2025-09-25,Delhivery,Delivered
DLV04633,ORD04633,2025-12-09,2025-12-15,,DTDC,Failed
DLV04634,ORD04634,2025-05-02,2025-05-06,2025-05-09,Blue Dart,Delivered
DLV04635,ORD04635,2025-07-05,2025-07-10,,XpressBees,Delayed
DLV04636,ORD04636,2025-03-08,2025-03-14,,Delhivery,Failed
DLV04637,ORD04637,2025-04-23,2025-04-26,,DTDC,Failed
DLV04638,ORD04638,2025-01-04,2025-01-10,,Delhivery,In Transit
DLV04639,ORD04639,2025-09-14,2025-09-17,2025-09-16,Delhivery,Delivered
DLV04640,ORD04640,2025-12-20,2025-12-24,2025-12-27,DTDC,Delivered
DLV04641,ORD04641,2025-08-17,2025-08-20,2025-08-20,Delhivery,Delivered
DLV04642,ORD04642,2025-06-25,2025-06-30,,Delhivery,Failed
DLV04643,ORD04643,2025-04-02,2025-04-05,,Blue Dart,In Transit
DLV04644,ORD04644,2025-07-27,2025-07-30,,XpressBees,Failed
DLV04645,ORD04645,2025-12-29,2026-01-02,,Ecom Express,Out for Delivery
DLV04646,ORD04646,2025-11-07,2025-11-09,,XpressBees,Delayed
DLV04647,ORD04647,2025-10-01,2025-10-04,2025-10-03,Blue Dart,Delivered
DLV04648,ORD04648,2025-06-28,2025-07-03,2025-07-02,Ecom Express,Delivered
DLV04649,ORD04649,2025-06-08,2025-06-11,,Delhivery,Delayed
DLV04650,ORD04650,2025-09-20,2025-09-27,,DTDC,Delayed
DLV04651,ORD04651,2025-11-28,2025-12-02,2025-12-05,Ecom Express,Delivered
DLV04652,ORD04652,2025-07-30,2025-08-06,,Ecom Express,In Transit
DLV04653,ORD04653,2025-07-11,2025-07-16,,Ecom Express,Failed
DLV04654,ORD04654,2025-04-22,2025-04-29,,Blue Dart,Out for Delivery
DLV04655,ORD04655,2025-02-10,2025-02-17,,Ecom Express,Failed
DLV04656,ORD04656,2025-06-28,2025-06-30,,XpressBees,Delayed
DLV04657,ORD04657,2025-10-09,2025-10-13,,DTDC,Delayed
DLV04658,ORD04658,2025-10-27,2025-10-29,,DTDC,Failed
DLV04659,ORD04659,2025-02-14,2025-02-18,,Delhivery,Delayed
DLV04660,ORD04660,2025-03-22,2025-03-24,,Delhivery,Delayed
DLV04661,ORD04661,2025-03-19,2025-03-22,,XpressBees,In Transit
DLV04662,ORD04662,2025-08-14,2025-08-17,,DTDC,Delayed
DLV04663,ORD04663,2025-09-09,2025-09-16,,Delhivery,Failed
DLV04664,ORD04664,2025-02-18,2025-02-22,,DTDC,Delayed
DLV04665,ORD04665,2025-12-17,2025-12-19,,Blue Dart,In Transit
DLV04666,ORD04666,2025-07-29,2025-08-05,,Ecom Express,Out for Delivery
DLV04667,ORD04667,2025-11-09,2025-11-13,,XpressBees,Delayed
DLV04668,ORD04668,2025-06-05,2025-06-08,,Blue Dart,In Transit
DLV04669,ORD04669,2025-04-21,2025-04-27,,Delhivery,Delayed
DLV04670,ORD04670,2025-05-06,2025-05-11,,Delhivery,In Transit
DLV04671,ORD04671,2025-06-28,2025-07-04,,XpressBees,Delayed
DLV04672,ORD04672,2025-04-19,2025-04-26,,Ecom Express,In Transit
DLV04673,ORD04673,2025-04-02,2025-04-06,,DTDC,In Transit
DLV04674,ORD04674,2025-03-18,2025-03-23,,Blue Dart,Delayed
DLV04675,ORD04675,2025-12-02,2025-12-09,,Blue Dart,Delayed
DLV04676,ORD04676,2025-07-30,2025-08-05,,Delhivery,Delayed
DLV04677,ORD04677,2025-12-06,2025-12-08,,XpressBees,Out for Delivery
DLV04678,ORD04678,2025-07-03,2025-07-09,,DTDC,Out for Delivery
DLV04679,ORD04679,2025-02-19,2025-02-22,,Blue Dart,Delayed
DLV04680,ORD04680,2025-06-06,2025-06-12,,DTDC,Failed
DLV04681,ORD04681,2025-04-05,2025-04-09,,DTDC,In Transit
DLV04682,ORD04682,2025-04-17,2025-04-22,2025-04-21,Delhivery,Delivered
DLV04683,ORD04683,2025-02-05,2025-02-07,,DTDC,Delayed
DLV04684,ORD04684,2025-05-05,2025-05-12,,Blue Dart,Failed
DLV04685,ORD04685,2025-11-29,2025-12-02,,Delhivery,Out for Delivery
DLV04686,ORD04686,2025-08-16,2025-08-18,2025-08-19,Delhivery,Delivered
DLV04687,ORD04687,2025-01-21,2025-01-27,2025-01-26,Blue Dart,Delivered
DLV04688,ORD04688,2025-02-24,2025-03-03,,XpressBees,Out for Delivery
DLV04689,ORD04689,2025-10-19,2025-10-24,,Ecom Express,Out for Delivery
DLV04690,ORD04690,2025-12-25,2025-12-27,,Blue Dart,Out for Delivery
DLV04691,ORD04691,2025-12-21,2025-12-24,,Ecom Express,Failed
DLV04692,ORD04692,2025-11-27,2025-11-29,,Blue Dart,In Transit
DLV04693,ORD04693,2025-07-15,2025-07-22,,Delhivery,Delayed
DLV04694,ORD04694,2025-09-19,2025-09-25,,Delhivery,Failed
DLV04695,ORD04695,2025-09-01,2025-09-03,2025-09-05,XpressBees,Delivered
DLV04696,ORD04696,2025-06-07,2025-06-10,,Blue Dart,Failed
DLV04697,ORD04697,2025-05-16,2025-05-18,,Ecom Express,In Transit
DLV04698,ORD04698,2025-12-24,2025-12-26,,Ecom Express,Failed
DLV04699,ORD04699,2025-01-08,2025-01-12,,DTDC,Failed
DLV04700,ORD04700,2025-11-30,2025-12-04,,Blue Dart,Delayed
DLV04701,ORD04701,2025-03-29,2025-04-03,,DTDC,In Transit
DLV04702,ORD04702,2025-02-11,2025-02-13,2025-02-14,Blue Dart,Delivered
DLV04703,ORD04703,2025-04-11,2025-04-18,2025-04-21,Blue Dart,Delivered
DLV04704,ORD04704,2025-11-17,2025-11-21,,Delhivery,Delayed
DLV04705,ORD04705,2025-04-06,2025-04-12,,XpressBees,In Transit
DLV04706,ORD04706,2025-11-30,2025-12-04,2025-12-06,Ecom Express,Delivered
DLV04707,ORD04707,2025-02-10,2025-02-13,,DTDC,Out for Delivery
DLV04708,ORD04708,2025-02-18,2025-02-24,,Ecom Express,Out for Delivery
DLV04709,ORD04709,2025-07-21,2025-07-26,,DTDC,Out for Delivery
DLV04710,ORD04710,2025-05-24,2025-05-31,,DTDC,In Transit
DLV04711,ORD04711,2025-04-06,2025-04-08,,DTDC,Out for Delivery
DLV04712,ORD04712,2025-02-21,2025-02-24,,XpressBees,Out for Delivery
DLV04713,ORD04713,2025-08-14,2025-08-17,,Blue Dart,Delayed
DLV04714,ORD04714,2025-07-12,2025-07-14,,Delhivery,In Transit
DLV04715,ORD04715,2025-01-31,2025-02-02,,Blue Dart,Delayed
DLV04716,ORD04716,2025-02-01,2025-02-08,,Blue Dart,Failed
DLV04717,ORD04717,2025-04-26,2025-05-03,,DTDC,In Transit
DLV04718,ORD04718,2025-05-15,2025-05-20,,Delhivery,Delayed
DLV04719,ORD04719,2025-08-22,2025-08-28,,DTDC,Delayed
DLV04720,ORD04720,2025-10-25,2025-10-31,,Ecom Express,Out for Delivery
DLV04721,ORD04721,2025-07-01,2025-07-03,,Delhivery,Delayed
DLV04722,ORD04722,2025-04-06,2025-04-08,,Ecom Express,Out for Delivery
DLV04723,ORD04723,2025-10-07,2025-10-09,,Ecom Express,Failed
DLV04724,ORD04724,2025-02-26,2025-03-05,,Ecom Express,In Transit
DLV04725,ORD04725,2025-11-22,2025-11-27,,XpressBees,Failed
DLV04726,ORD04726,2025-06-01,2025-06-05,,Blue Dart,Delayed
DLV04727,ORD04727,2025-06-17,2025-06-20,,DTDC,Failed
DLV04728,ORD04728,2025-03-03,2025-03-07,,XpressBees,Failed
DLV04729,ORD04729,2025-01-23,2025-01-28,,DTDC,In Transit
DLV04730,ORD04730,2025-03-08,2025-03-13,,XpressBees,Out for Delivery
DLV04731,ORD04731,2025-01-28,2025-01-30,,DTDC,Delayed
DLV04732,ORD04732,2025-05-07,2025-05-13,,XpressBees,In Transit
DLV04733,ORD04733,2025-01-30,2025-02-06,,XpressBees,Out for Delivery
DLV04734,ORD04734,2025-03-02,2025-03-06,,Ecom Express,In Transit
DLV04735,ORD04735,2025-05-12,2025-05-17,,Ecom Express,In Transit
DLV04736,ORD04736,2025-03-30,2025-04-06,2025-04-08,Delhivery,Delivered
DLV04737,ORD04737,2025-03-24,2025-03-29,2025-03-29,Blue Dart,Delivered
DLV04738,ORD04738,2025-12-19,2025-12-23,2025-12-22,XpressBees,Delivered
DLV04739,ORD04739,2025-06-11,2025-06-14,,Delhivery,Delayed
DLV04740,ORD04740,2025-05-21,2025-05-27,,Blue Dart,Failed
DLV04741,ORD04741,2025-12-30,2026-01-05,,Ecom Express,In Transit
DLV04742,ORD04742,2025-05-11,2025-05-17,,DTDC,In Transit
DLV04743,ORD04743,2025-05-03,2025-05-07,2025-05-10,XpressBees,Delivered
DLV04744,ORD04744,2025-07-20,2025-07-25,,Delhivery,Delayed
DLV04745,ORD04745,2025-07-14,2025-07-16,,Delhivery,Out for Delivery
DLV04746,ORD04746,2025-12-26,2025-12-28,,DTDC,Delayed
DLV04747,ORD04747,2025-01-15,2025-01-22,,Delhivery,In Transit
DLV04748,ORD04748,2025-06-24,2025-07-01,,Blue Dart,Failed
DLV04749,ORD04749,2025-03-16,2025-03-22,,Ecom Express,Delayed
DLV04750,ORD04750,2025-06-18,2025-06-20,2025-06-23,Blue Dart,Delivered
DLV04751,ORD04751,2025-01-17,2025-01-19,,Delhivery,In Transit
DLV04752,ORD04752,2025-11-25,2025-12-02,,XpressBees,Out for Delivery
DLV04753,ORD04753,2025-01-29,2025-02-03,,DTDC,In Transit
DLV04754,ORD04754,2025-07-07,2025-07-10,,Blue Dart,Delayed
DLV04755,ORD04755,2025-09-16,2025-09-23,,Blue Dart,Delayed
DLV04756,ORD04756,2025-01-23,2025-01-28,,Delhivery,In Transit
DLV04757,ORD04757,2025-09-18,2025-09-24,2025-09-26,Ecom Express,Delivered
DLV04758,ORD04758,2025-09-25,2025-10-02,,Delhivery,Out for Delivery
DLV04759,ORD04759,2025-05-10,2025-05-14,,Ecom Express,In Transit
DLV04760,ORD04760,2025-03-19,2025-03-21,,Delhivery,Failed
DLV04761,ORD04761,2025-08-07,2025-08-12,2025-08-14,Blue Dart,Delivered
DLV04762,ORD04762,2025-03-02,2025-03-09,,Blue Dart,Failed
DLV04763,ORD04763,2025-11-14,2025-11-16,,Delhivery,Out for Delivery
DLV04764,ORD04764,2025-03-23,2025-03-30,2025-03-31,XpressBees,Delivered
DLV04765,ORD04765,2025-09-24,2025-10-01,2025-10-02,XpressBees,Delivered
DLV04766,ORD04766,2025-11-04,2025-11-08,,Blue Dart,Failed
DLV04767,ORD04767,2025-03-01,2025-03-08,,Ecom Express,In Transit
DLV04768,ORD04768,2025-12-30,2026-01-03,,Ecom Express,Out for Delivery
DLV04769,ORD04769,2025-08-16,2025-08-18,,Blue Dart,Delayed
DLV04770,ORD04770,2025-07-26,2025-07-29,,DTDC,Failed
DLV04771,ORD04771,2025-07-30,2025-08-06,2025-08-08,Ecom Express,Delivered
DLV04772,ORD04772,2025-02-18,2025-02-22,,Blue Dart,Out for Delivery
DLV04773,ORD04773,2025-01-08,2025-01-15,,XpressBees,Failed
DLV04774,ORD04774,2025-07-31,2025-08-02,,DTDC,In Transit
DLV04775,ORD04775,2025-01-08,2025-01-12,,Ecom Express,Out for Delivery
DLV04776,ORD04776,2025-06-20,2025-06-25,,Delhivery,Failed
DLV04777,ORD04777,2025-06-10,2025-06-12,,XpressBees,Out for Delivery
DLV04778,ORD04778,2025-12-05,2025-12-10,,XpressBees,In Transit
DLV04779,ORD04779,2025-09-09,2025-09-16,,Delhivery,In Transit
DLV04780,ORD04780,2025-02-01,2025-02-05,,Delhivery,Out for Delivery
DLV04781,ORD04781,2025-04-08,2025-04-11,,XpressBees,In Transit
DLV04782,ORD04782,2025-10-16,2025-10-18,,Ecom Express,In Transit
DLV04783,ORD04783,2025-04-09,2025-04-15,,Delhivery,Delayed
DLV04784,ORD04784,2025-06-04,2025-06-10,,Blue Dart,Out for Delivery
DLV04785,ORD04785,2025-05-23,2025-05-26,,Blue Dart,Delayed
DLV04786,ORD04786,2025-06-14,2025-06-17,,Ecom Express,Out for Delivery
DLV04787,ORD04787,2025-09-24,2025-09-26,,XpressBees,Delayed
DLV04788,ORD04788,2025-11-23,2025-11-27,,Blue Dart,In Transit
DLV04789,ORD04789,2025-08-12,2025-08-16,,Blue Dart,Delayed
DLV04790,ORD04790,2025-02-01,2025-02-05,,XpressBees,In Transit
DLV04791,ORD04791,2025-10-28,2025-11-02,2025-11-03,DTDC,Delivered
DLV04792,ORD04792,2025-08-07,2025-08-09,,Blue Dart,Failed
DLV04793,ORD04793,2025-03-31,2025-04-03,2025-04-05,Delhivery,Delivered
DLV04794,ORD04794,2025-04-02,2025-04-07,,DTDC,Out for Delivery
DLV04795,ORD04795,2025-02-19,2025-02-25,,Ecom Express,Failed
DLV04796,ORD04796,2025-01-21,2025-01-25,,Delhivery,Delayed
DLV04797,ORD04797,2025-04-26,2025-05-01,2025-05-03,Blue Dart,Delivered
DLV04798,ORD04798,2025-04-24,2025-04-27,,Delhivery,Out for Delivery
DLV04799,ORD04799,2025-06-04,2025-06-07,2025-06-09,DTDC,Delivered
DLV04800,ORD04800,2025-12-01,2025-12-07,,Delhivery,Failed
DLV04801,ORD04801,2025-04-13,2025-04-15,,DTDC,Delayed
DLV04802,ORD04802,2025-11-24,2025-11-28,,Delhivery,Failed
DLV04803,ORD04803,2025-07-17,2025-07-21,,XpressBees,In Transit
DLV04804,ORD04804,2025-12-28,2026-01-01,,Delhivery,Delayed
DLV04805,ORD04805,2025-02-19,2025-02-21,2025-02-23,Blue Dart,Delivered
DLV04806,ORD04806,2025-11-03,2025-11-09,,Blue Dart,Delayed
DLV04807,ORD04807,2025-09-23,2025-09-27,2025-09-30,XpressBees,Delivered
DLV04808,ORD04808,2025-12-03,2025-12-05,,Ecom Express,Failed
DLV04809,ORD04809,2025-07-21,2025-07-23,,DTDC,Failed
DLV04810,ORD04810,2025-11-05,2025-11-10,2025-11-12,XpressBees,Delivered
DLV04811,ORD04811,2025-01-20,2025-01-24,,XpressBees,Failed
DLV04812,ORD04812,2025-07-02,2025-07-07,2025-07-09,Delhivery,Delivered
DLV04813,ORD04813,2025-06-27,2025-06-29,,Blue Dart,In Transit
DLV04814,ORD04814,2025-04-27,2025-05-01,,DTDC,Out for Delivery
DLV04815,ORD04815,2025-09-09,2025-09-14,,DTDC,Out for Delivery
DLV04816,ORD04816,2025-09-15,2025-09-20,,XpressBees,Failed
DLV04817,ORD04817,2025-07-27,2025-07-29,,DTDC,Failed
DLV04818,ORD04818,2025-05-01,2025-05-04,,Delhivery,Out for Delivery
DLV04819,ORD04819,2025-11-17,2025-11-23,,DTDC,In Transit
DLV04820,ORD04820,2025-04-22,2025-04-25,,Delhivery,Out for Delivery
DLV04821,ORD04821,2025-08-03,2025-08-05,,Ecom Express,In Transit
DLV04822,ORD04822,2025-04-13,2025-04-18,2025-04-20,XpressBees,Delivered
DLV04823,ORD04823,2025-06-11,2025-06-17,,Blue Dart,Out for Delivery
DLV04824,ORD04824,2025-07-24,2025-07-27,,Blue Dart,Failed
DLV04825,ORD04825,2025-05-25,2025-05-31,,DTDC,Out for Delivery
DLV04826,ORD04826,2025-05-21,2025-05-27,,Blue Dart,In Transit
DLV04827,ORD04827,2025-04-14,2025-04-17,,Blue Dart,In Transit
DLV04828,ORD04828,2025-04-02,2025-04-04,2025-04-06,DTDC,Delivered
DLV04829,ORD04829,2025-08-23,2025-08-29,,Delhivery,In Transit
DLV04830,ORD04830,2025-08-05,2025-08-11,,Ecom Express,Delayed
DLV04831,ORD04831,2025-03-10,2025-03-14,2025-03-17,Blue Dart,Delivered
DLV04832,ORD04832,2025-08-27,2025-09-02,,Delhivery,In Transit
DLV04833,ORD04833,2025-07-22,2025-07-25,,Ecom Express,In Transit
DLV04834,ORD04834,2025-05-20,2025-05-23,,DTDC,In Transit
DLV04835,ORD04835,2025-10-30,2025-11-04,,Blue Dart,Out for Delivery
DLV04836,ORD04836,2025-09-06,2025-09-13,2025-09-15,DTDC,Delivered
DLV04837,ORD04837,2025-11-16,2025-11-20,,Blue Dart,Out for Delivery
DLV04838,ORD04838,2025-12-05,2025-12-08,,Delhivery,Out for Delivery
DLV04839,ORD04839,2025-10-30,2025-11-03,,Ecom Express,Failed
DLV04840,ORD04840,2025-10-15,2025-10-22,,Ecom Express,Failed
DLV04841,ORD04841,2025-04-29,2025-05-02,,Ecom Express,Out for Delivery
DLV04842,ORD04842,2025-11-28,2025-12-03,,Blue Dart,Failed
DLV04843,ORD04843,2025-04-15,2025-04-19,,Blue Dart,Out for Delivery
DLV04844,ORD04844,2025-09-01,2025-09-06,,XpressBees,Out for Delivery
DLV04845,ORD04845,2025-10-25,2025-11-01,,DTDC,In Transit
DLV04846,ORD04846,2025-08-12,2025-08-19,,Delhivery,Delayed
DLV04847,ORD04847,2025-06-15,2025-06-19,,DTDC,Out for Delivery
DLV04848,ORD04848,2025-01-09,2025-01-12,,XpressBees,In Transit
DLV04849,ORD04849,2025-01-24,2025-01-29,,DTDC,Delayed
DLV04850,ORD04850,2025-06-28,2025-07-03,,Delhivery,Out for Delivery
DLV04851,ORD04851,2025-06-05,2025-06-11,,Ecom Express,Out for Delivery
DLV04852,ORD04852,2025-06-14,2025-06-17,,XpressBees,Failed
DLV04853,ORD04853,2025-03-07,2025-03-13,,Delhivery,In Transit
DLV04854,ORD04854,2025-04-27,2025-04-29,2025-04-28,XpressBees,Delivered
DLV04855,ORD04855,2025-05-25,2025-05-27,,Ecom Express,Delayed
DLV04856,ORD04856,2025-02-27,2025-03-04,,Blue Dart,Failed
DLV04857,ORD04857,2025-03-11,2025-03-15,,XpressBees,Delayed
DLV04858,ORD04858,2025-08-18,2025-08-22,,XpressBees,Delayed
DLV04859,ORD04859,2025-10-05,2025-10-12,2025-10-14,DTDC,Delivered
DLV04860,ORD04860,2025-01-21,2025-01-26,,Ecom Express,Delayed
DLV04861,ORD04861,2025-10-20,2025-10-25,,Ecom Express,Out for Delivery
DLV04862,ORD04862,2025-12-05,2025-12-12,2025-12-11,DTDC,Delivered
DLV04863,ORD04863,2025-08-11,2025-08-14,,DTDC,Failed
DLV04864,ORD04864,2025-09-26,2025-10-02,,DTDC,In Transit
DLV04865,ORD04865,2025-09-19,2025-09-23,,DTDC,Delayed
DLV04866,ORD04866,2025-01-02,2025-01-05,,Delhivery,Delayed
DLV04867,ORD04867,2025-07-08,2025-07-15,,Ecom Express,Delayed
DLV04868,ORD04868,2025-10-12,2025-10-17,,DTDC,Out for Delivery
DLV04869,ORD04869,2025-06-18,2025-06-23,,Delhivery,Out for Delivery
DLV04870,ORD04870,2025-01-18,2025-01-20,,XpressBees,Delayed
DLV04871,ORD04871,2025-09-15,2025-09-19,2025-09-19,DTDC,Delivered
DLV04872,ORD04872,2025-06-01,2025-06-03,,Ecom Express,Out for Delivery
DLV04873,ORD04873,2025-03-22,2025-03-29,,Blue Dart,Out for Delivery
DLV04874,ORD04874,2025-03-09,2025-03-16,,XpressBees,In Transit
DLV04875,ORD04875,2025-04-19,2025-04-22,,DTDC,Failed
DLV04876,ORD04876,2025-07-10,2025-07-13,,Ecom Express,Failed
DLV04877,ORD04877,2025-08-10,2025-08-17,,Ecom Express,Failed
DLV04878,ORD04878,2025-03-14,2025-03-19,2025-03-21,Blue Dart,Delivered
DLV04879,ORD04879,2025-09-20,2025-09-23,,XpressBees,In Transit
DLV04880,ORD04880,2025-06-30,2025-07-02,,Blue Dart,Delayed
DLV04881,ORD04881,2025-01-15,2025-01-18,,DTDC,Delayed
DLV04882,ORD04882,2025-10-09,2025-10-13,,XpressBees,In Transit
DLV04883,ORD04883,2025-12-10,2025-12-16,,Delhivery,Delayed
DLV04884,ORD04884,2025-07-27,2025-08-03,,Blue Dart,Failed
DLV04885,ORD04885,2025-02-16,2025-02-18,2025-02-18,Ecom Express,Delivered
DLV04886,ORD04886,2025-09-09,2025-09-13,,DTDC,Out for Delivery
DLV04887,ORD04887,2025-05-09,2025-05-13,,DTDC,Out for Delivery
DLV04888,ORD04888,2025-09-21,2025-09-26,2025-09-27,Ecom Express,Delivered
DLV04889,ORD04889,2025-04-11,2025-04-14,,Delhivery,In Transit
DLV04890,ORD04890,2025-06-21,2025-06-28,,Delhivery,Failed
DLV04891,ORD04891,2025-09-24,2025-09-29,,Blue Dart,Failed
DLV04892,ORD04892,2025-10-14,2025-10-21,,XpressBees,Delayed
DLV04893,ORD04893,2025-09-14,2025-09-17,2025-09-16,Blue Dart,Delivered
DLV04894,ORD04894,2025-09-22,2025-09-25,2025-09-24,DTDC,Delivered
DLV04895,ORD04895,2025-03-16,2025-03-22,,XpressBees,Failed
DLV04896,ORD04896,2025-06-12,2025-06-17,,Ecom Express,Failed
DLV04897,ORD04897,2025-09-05,2025-09-09,,XpressBees,Failed
DLV04898,ORD04898,2025-02-11,2025-02-13,,XpressBees,Failed
DLV04899,ORD04899,2025-10-13,2025-10-19,,XpressBees,Delayed
DLV04900,ORD04900,2025-03-22,2025-03-28,,XpressBees,Delayed
DLV04901,ORD04901,2025-10-31,2025-11-06,,XpressBees,Delayed
DLV04902,ORD04902,2025-06-25,2025-06-27,,Ecom Express,Failed
DLV04903,ORD04903,2025-03-23,2025-03-28,,Ecom Express,In Transit
DLV04904,ORD04904,2025-06-09,2025-06-11,,Ecom Express,Delayed
DLV04905,ORD04905,2025-04-04,2025-04-07,,Ecom Express,In Transit
DLV04906,ORD04906,2025-02-06,2025-02-08,,Blue Dart,Out for Delivery
DLV04907,ORD04907,2025-04-08,2025-04-10,2025-04-10,Blue Dart,Delivered
DLV04908,ORD04908,2025-01-24,2025-01-31,,XpressBees,Failed
DLV04909,ORD04909,2025-07-30,2025-08-06,2025-08-05,Blue Dart,Delivered
DLV04910,ORD04910,2025-11-20,2025-11-23,,Blue Dart,Out for Delivery
DLV04911,ORD04911,2025-04-20,2025-04-22,2025-04-25,XpressBees,Delivered
DLV04912,ORD04912,2025-04-06,2025-04-08,2025-04-09,Delhivery,Delivered
DLV04913,ORD04913,2025-04-21,2025-04-23,,XpressBees,In Transit
DLV04914,ORD04914,2025-12-15,2025-12-19,2025-12-20,XpressBees,Delivered
DLV04915,ORD04915,2025-04-19,2025-04-24,,Ecom Express,Delayed
DLV04916,ORD04916,2025-11-04,2025-11-09,,Ecom Express,In Transit
DLV04917,ORD04917,2025-07-13,2025-07-20,,Blue Dart,In Transit
DLV04918,ORD04918,2025-11-21,2025-11-23,,Ecom Express,In Transit
DLV04919,ORD04919,2025-08-21,2025-08-24,2025-08-27,DTDC,Delivered
DLV04920,ORD04920,2025-08-20,2025-08-25,,Blue Dart,In Transit
DLV04921,ORD04921,2025-08-23,2025-08-29,,Ecom Express,Failed
DLV04922,ORD04922,2025-04-03,2025-04-05,,XpressBees,In Transit
DLV04923,ORD04923,2025-02-18,2025-02-23,,Blue Dart,Delayed
DLV04924,ORD04924,2025-12-03,2025-12-10,,XpressBees,Delayed
DLV04925,ORD04925,2025-09-23,2025-09-25,,Ecom Express,In Transit
DLV04926,ORD04926,2025-09-18,2025-09-23,,XpressBees,In Transit
DLV04927,ORD04927,2025-09-02,2025-09-06,,Blue Dart,Delayed
DLV04928,ORD04928,2025-10-17,2025-10-23,2025-10-23,DTDC,Delivered
DLV04929,ORD04929,2025-09-15,2025-09-19,2025-09-18,Delhivery,Delivered
DLV04930,ORD04930,2025-12-25,2025-12-29,,Delhivery,In Transit
DLV04931,ORD04931,2025-10-16,2025-10-21,,Delhivery,Failed
DLV04932,ORD04932,2025-04-16,2025-04-23,2025-04-23,Ecom Express,Delivered
DLV04933,ORD04933,2025-04-01,2025-04-06,,Ecom Express,Failed
DLV04934,ORD04934,2025-11-26,2025-12-02,,XpressBees,Out for Delivery
DLV04935,ORD04935,2025-07-22,2025-07-28,,Blue Dart,Out for Delivery
DLV04936,ORD04936,2025-12-09,2025-12-11,2025-12-14,Ecom Express,Delivered
DLV04937,ORD04937,2025-10-22,2025-10-28,,XpressBees,In Transit
DLV04938,ORD04938,2025-12-13,2025-12-17,,XpressBees,In Transit
DLV04939,ORD04939,2025-05-26,2025-05-31,,Blue Dart,Out for Delivery
DLV04940,ORD04940,2025-07-01,2025-07-04,,Ecom Express,Out for Delivery
DLV04941,ORD04941,2025-08-18,2025-08-21,2025-08-23,Delhivery,Delivered
DLV04942,ORD04942,2025-10-26,2025-10-28,,XpressBees,Delayed
DLV04943,ORD04943,2025-04-15,2025-04-21,,Delhivery,Delayed
DLV04944,ORD04944,2025-01-14,2025-01-18,,Delhivery,Out for Delivery
DLV04945,ORD04945,2025-05-07,2025-05-12,2025-05-13,XpressBees,Delivered
DLV04946,ORD04946,2025-07-05,2025-07-11,2025-07-11,Ecom Express,Delivered
DLV04947,ORD04947,2025-09-10,2025-09-13,,DTDC,Delayed
DLV04948,ORD04948,2025-10-22,2025-10-24,2025-10-23,Delhivery,Delivered
DLV04949,ORD04949,2025-09-02,2025-09-08,2025-09-11,Blue Dart,Delivered
DLV04950,ORD04950,2025-01-10,2025-01-16,2025-01-16,XpressBees,Delivered
DLV04951,ORD04951,2025-05-19,2025-05-22,2025-05-22,Delhivery,Delivered
DLV04952,ORD04952,2025-10-30,2025-11-02,,Ecom Express,Out for Delivery
DLV04953,ORD04953,2025-03-26,2025-04-02,,Blue Dart,Out for Delivery
DLV04954,ORD04954,2025-02-06,2025-02-09,,XpressBees,In Transit
DLV04955,ORD04955,2025-08-03,2025-08-09,,Ecom Express,Failed
DLV04956,ORD04956,2025-04-21,2025-04-27,,DTDC,Delayed
DLV04957,ORD04957,2025-09-13,2025-09-20,,Blue Dart,In Transit
DLV04958,ORD04958,2025-11-04,2025-11-11,,Ecom Express,Delayed
DLV04959,ORD04959,2025-06-11,2025-06-16,,Blue Dart,Failed
DLV04960,ORD04960,2025-07-22,2025-07-27,,DTDC,Failed
DLV04961,ORD04961,2025-12-31,2026-01-07,,Ecom Express,Failed
DLV04962,ORD04962,2025-01-02,2025-01-09,,Ecom Express,Out for Delivery
DLV04963,ORD04963,2025-12-20,2025-12-22,,XpressBees,Failed
DLV04964,ORD04964,2025-11-21,2025-11-23,2025-11-26,DTDC,Delivered
DLV04965,ORD04965,2025-09-14,2025-09-20,,XpressBees,Out for Delivery
DLV04966,ORD04966,2025-04-10,2025-04-15,,DTDC,Failed
DLV04967,ORD04967,2025-01-15,2025-01-22,,Delhivery,Delayed
DLV04968,ORD04968,2025-09-18,2025-09-20,2025-09-23,Ecom Express,Delivered
DLV04969,ORD04969,2025-12-22,2025-12-25,,Ecom Express,Out for Delivery
DLV04970,ORD04970,2025-06-26,2025-06-29,,DTDC,Delayed
DLV04971,ORD04971,2025-03-07,2025-03-10,,DTDC,Out for Delivery
DLV04972,ORD04972,2025-04-09,2025-04-15,,DTDC,Delayed
DLV04973,ORD04973,2025-03-23,2025-03-28,,Ecom Express,In Transit
DLV04974,ORD04974,2025-09-12,2025-09-19,,XpressBees,Out for Delivery
DLV04975,ORD04975,2025-12-29,2026-01-01,,Blue Dart,In Transit
DLV04976,ORD04976,2025-09-07,2025-09-13,2025-09-15,Ecom Express,Delivered
DLV04977,ORD04977,2025-11-29,2025-12-02,,Blue Dart,Out for Delivery
DLV04978,ORD04978,2025-01-31,2025-02-07,,DTDC,Failed
DLV04979,ORD04979,2025-10-30,2025-11-04,,XpressBees,Failed
DLV04980,ORD04980,2025-08-27,2025-09-01,2025-09-04,DTDC,Delivered
DLV04981,ORD04981,2025-02-05,2025-02-08,,Delhivery,Delayed
DLV04982,ORD04982,2025-04-16,2025-04-21,,XpressBees,Failed
DLV04983,ORD04983,2025-09-01,2025-09-05,,DTDC,Delayed
DLV04984,ORD04984,2025-07-03,2025-07-08,,Ecom Express,Out for Delivery
DLV04985,ORD04985,2025-08-04,2025-08-11,,Delhivery,Out for Delivery
DLV04986,ORD04986,2025-05-16,2025-05-21,,DTDC,Delayed
DLV04987,ORD04987,2025-10-30,2025-11-05,2025-11-08,XpressBees,Delivered
DLV04988,ORD04988,2025-02-20,2025-02-25,2025-02-26,Blue Dart,Delivered
DLV04989,ORD04989,2025-06-08,2025-06-10,,Blue Dart,In Transit
DLV04990,ORD04990,2025-08-04,2025-08-06,,Blue Dart,Out for Delivery
DLV04991,ORD04991,2025-02-03,2025-02-06,2025-02-07,Delhivery,Delivered
DLV04992,ORD04992,2025-09-06,2025-09-11,,DTDC,Out for Delivery
DLV04993,ORD04993,2025-10-17,2025-10-21,,XpressBees,Out for Delivery
DLV04994,ORD04994,2025-07-14,2025-07-16,,Ecom Express,Delayed
DLV04995,ORD04995,2025-06-15,2025-06-19,,Delhivery,Out for Delivery
DLV04996,ORD04996,2025-02-27,2025-03-05,,Blue Dart,In Transit
DLV04997,ORD04997,2025-09-23,2025-09-25,,Blue Dart,Out for Delivery
DLV04998,ORD04998,2025-06-23,2025-06-25,,Ecom Express,In Transit
DLV04999,ORD04999,2025-03-25,2025-03-29,,Blue Dart,In Transit
DLV05000,ORD05000,2025-12-04,2025-12-06,,Blue Dart,Out for Delivery
DLV05001,ORD05001,2025-06-13,2025-06-15,,XpressBees,Failed
DLV05002,ORD05002,2025-07-25,2025-07-31,,Ecom Express,In Transit
DLV05003,ORD05003,2025-09-13,2025-09-20,,XpressBees,Out for Delivery
DLV05004,ORD05004,2025-06-27,2025-07-04,,DTDC,Failed
DLV05005,ORD05005,2025-01-31,2025-02-04,,XpressBees,In Transit
DLV05006,ORD05006,2025-11-17,2025-11-21,2025-11-21,DTDC,Delivered
DLV05007,ORD05007,2025-06-02,2025-06-08,2025-06-07,Delhivery,Delivered
DLV05008,ORD05008,2025-04-11,2025-04-17,2025-04-18,Delhivery,Delivered
DLV05009,ORD05009,2025-02-19,2025-02-23,,Ecom Express,Delayed
DLV05010,ORD05010,2025-07-09,2025-07-15,2025-07-15,XpressBees,Delivered
DLV05011,ORD05011,2025-12-27,2026-01-02,,Blue Dart,Failed
DLV05012,ORD05012,2025-11-23,2025-11-29,2025-12-02,DTDC,Delivered
DLV05013,ORD05013,2025-01-24,2025-01-27,,Ecom Express,Delayed
DLV05014,ORD05014,2025-04-27,2025-05-03,,XpressBees,Delayed
DLV05015,ORD05015,2025-05-19,2025-05-24,,Delhivery,Failed
DLV05016,ORD05016,2025-07-04,2025-07-07,,Blue Dart,Delayed
DLV05017,ORD05017,2025-06-27,2025-06-29,2025-07-01,Delhivery,Delivered
DLV05018,ORD05018,2025-10-28,2025-11-04,,Blue Dart,Delayed
DLV05019,ORD05019,2025-09-08,2025-09-14,,XpressBees,Failed
DLV05020,ORD05020,2025-05-20,2025-05-26,,XpressBees,Delayed
DLV05021,ORD05021,2025-01-06,2025-01-09,2025-01-10,DTDC,Delivered
DLV05022,ORD05022,2025-06-20,2025-06-23,,Ecom Express,Out for Delivery
DLV05023,ORD05023,2025-10-11,2025-10-17,2025-10-19,DTDC,Delivered
DLV05024,ORD05024,2025-02-07,2025-02-09,,Delhivery,Delayed
DLV05025,ORD05025,2025-08-23,2025-08-25,,Delhivery,In Transit
DLV05026,ORD05026,2025-04-04,2025-04-07,,Ecom Express,Delayed
DLV05027,ORD05027,2025-06-21,2025-06-26,,Ecom Express,Out for Delivery
DLV05028,ORD05028,2025-04-04,2025-04-11,,Blue Dart,In Transit
DLV05029,ORD05029,2025-09-12,2025-09-19,,XpressBees,Out for Delivery
DLV05030,ORD05030,2025-12-26,2025-12-29,2025-12-28,Blue Dart,Delivered
DLV05031,ORD05031,2025-09-11,2025-09-14,2025-09-16,Blue Dart,Delivered
DLV05032,ORD05032,2025-05-08,2025-05-10,,Delhivery,Delayed
DLV05033,ORD05033,2025-09-16,2025-09-21,,Blue Dart,Delayed
DLV05034,ORD05034,2025-01-03,2025-01-06,,Blue Dart,Failed
DLV05035,ORD05035,2025-06-16,2025-06-19,2025-06-22,DTDC,Delivered
DLV05036,ORD05036,2025-06-14,2025-06-18,2025-06-20,XpressBees,Delivered
DLV05037,ORD05037,2025-12-22,2025-12-28,,Delhivery,In Transit
DLV05038,ORD05038,2025-07-02,2025-07-08,2025-07-11,Delhivery,Delivered
DLV05039,ORD05039,2025-04-19,2025-04-26,,XpressBees,Failed
DLV05040,ORD05040,2025-02-26,2025-03-04,2025-03-03,Ecom Express,Delivered
DLV05041,ORD05041,2025-11-15,2025-11-18,,XpressBees,In Transit
DLV05042,ORD05042,2025-10-05,2025-10-08,,Blue Dart,Out for Delivery
DLV05043,ORD05043,2025-10-13,2025-10-20,,Delhivery,Out for Delivery
DLV05044,ORD05044,2025-11-30,2025-12-04,,Delhivery,Delayed
DLV05045,ORD05045,2025-06-29,2025-07-02,,Delhivery,Delayed
DLV05046,ORD05046,2025-11-06,2025-11-08,2025-11-09,DTDC,Delivered
DLV05047,ORD05047,2025-10-22,2025-10-25,,DTDC,In Transit
DLV05048,ORD05048,2025-04-19,2025-04-26,,DTDC,Failed
DLV05049,ORD05049,2025-05-01,2025-05-03,,DTDC,Delayed
DLV05050,ORD05050,2025-01-11,2025-01-13,,Blue Dart,Failed
DLV05051,ORD05051,2025-11-22,2025-11-29,,DTDC,Delayed
DLV05052,ORD05052,2025-09-06,2025-09-10,,Delhivery,In Transit
DLV05053,ORD05053,2025-04-20,2025-04-23,,DTDC,Out for Delivery
DLV05054,ORD05054,2025-11-05,2025-11-11,,XpressBees,Delayed
DLV05055,ORD05055,2025-08-16,2025-08-18,,Delhivery,In Transit
DLV05056,ORD05056,2025-08-06,2025-08-11,2025-08-11,Delhivery,Delivered
DLV05057,ORD05057,2025-07-09,2025-07-16,,Delhivery,Out for Delivery
DLV05058,ORD05058,2025-03-20,2025-03-26,,Blue Dart,Failed
DLV05059,ORD05059,2025-01-11,2025-01-17,,Ecom Express,Failed
DLV05060,ORD05060,2025-10-20,2025-10-24,,DTDC,In Transit
DLV05061,ORD05061,2025-04-09,2025-04-13,,XpressBees,Failed
DLV05062,ORD05062,2025-03-06,2025-03-13,,DTDC,Delayed
DLV05063,ORD05063,2025-04-06,2025-04-11,2025-04-14,Delhivery,Delivered
DLV05064,ORD05064,2025-05-29,2025-06-05,,XpressBees,Failed
DLV05065,ORD05065,2025-07-06,2025-07-11,2025-07-12,Ecom Express,Delivered
DLV05066,ORD05066,2025-04-29,2025-05-06,,Blue Dart,Out for Delivery
DLV05067,ORD05067,2025-05-15,2025-05-20,,Blue Dart,Delayed
DLV05068,ORD05068,2025-08-14,2025-08-16,,Ecom Express,Out for Delivery
DLV05069,ORD05069,2025-08-10,2025-08-12,,Ecom Express,Delayed
DLV05070,ORD05070,2025-07-01,2025-07-06,,Blue Dart,Failed
DLV05071,ORD05071,2025-11-01,2025-11-04,,Blue Dart,In Transit
DLV05072,ORD05072,2025-06-06,2025-06-11,,Ecom Express,Delayed
DLV05073,ORD05073,2025-06-28,2025-07-01,,Blue Dart,Out for Delivery
DLV05074,ORD05074,2025-01-05,2025-01-12,,XpressBees,Delayed
DLV05075,ORD05075,2025-10-02,2025-10-07,,XpressBees,Out for Delivery
DLV05076,ORD05076,2025-04-14,2025-04-21,,DTDC,Delayed
DLV05077,ORD05077,2025-08-27,2025-09-02,,Blue Dart,In Transit
DLV05078,ORD05078,2025-10-12,2025-10-16,2025-10-17,Blue Dart,Delivered
DLV05079,ORD05079,2025-04-13,2025-04-18,,Delhivery,Out for Delivery
DLV05080,ORD05080,2025-10-11,2025-10-14,,Blue Dart,In Transit
DLV05081,ORD05081,2025-09-22,2025-09-25,2025-09-24,XpressBees,Delivered
DLV05082,ORD05082,2025-05-14,2025-05-19,,Blue Dart,Failed
DLV05083,ORD05083,2025-06-05,2025-06-10,,DTDC,In Transit
DLV05084,ORD05084,2025-08-07,2025-08-09,,Ecom Express,In Transit
DLV05085,ORD05085,2025-02-27,2025-03-05,,XpressBees,Out for Delivery
DLV05086,ORD05086,2025-11-07,2025-11-12,,Delhivery,In Transit
DLV05087,ORD05087,2025-05-30,2025-06-03,,XpressBees,Out for Delivery
DLV05088,ORD05088,2025-11-12,2025-11-16,2025-11-18,DTDC,Delivered
DLV05089,ORD05089,2025-10-22,2025-10-27,,Ecom Express,Out for Delivery
DLV05090,ORD05090,2025-09-22,2025-09-25,,Delhivery,In Transit
DLV05091,ORD05091,2025-07-05,2025-07-11,2025-07-12,XpressBees,Delivered
DLV05092,ORD05092,2025-04-05,2025-04-12,,Ecom Express,Out for Delivery
DLV05093,ORD05093,2025-10-09,2025-10-14,2025-10-17,Ecom Express,Delivered
DLV05094,ORD05094,2025-03-27,2025-04-02,,XpressBees,Delayed
DLV05095,ORD05095,2025-11-12,2025-11-18,,Blue Dart,Out for Delivery
DLV05096,ORD05096,2025-07-20,2025-07-26,,Delhivery,In Transit
DLV05097,ORD05097,2025-01-14,2025-01-17,2025-01-18,DTDC,Delivered
DLV05098,ORD05098,2025-09-18,2025-09-23,,Ecom Express,Delayed
DLV05099,ORD05099,2025-10-15,2025-10-18,,DTDC,Out for Delivery
DLV05100,ORD05100,2025-05-03,2025-05-09,,Blue Dart,Failed
DLV05101,ORD05101,2025-03-07,2025-03-10,,Blue Dart,Failed
DLV05102,ORD05102,2025-07-21,2025-07-24,,Blue Dart,Delayed
DLV05103,ORD05103,2025-05-14,2025-05-19,,Delhivery,Delayed
DLV05104,ORD05104,2025-05-12,2025-05-19,,DTDC,Failed
DLV05105,ORD05105,2025-11-12,2025-11-15,2025-11-14,XpressBees,Delivered
DLV05106,ORD05106,2025-11-29,2025-12-03,,Blue Dart,Delayed
DLV05107,ORD05107,2025-10-16,2025-10-19,,Ecom Express,Out for Delivery
DLV05108,ORD05108,2025-02-16,2025-02-23,,Ecom Express,Delayed
DLV05109,ORD05109,2025-10-22,2025-10-29,,Blue Dart,Out for Delivery
DLV05110,ORD05110,2025-10-28,2025-11-04,,Blue Dart,In Transit
DLV05111,ORD05111,2025-11-16,2025-11-21,,DTDC,Failed
DLV05112,ORD05112,2025-08-08,2025-08-13,,Delhivery,Delayed
DLV05113,ORD05113,2025-03-20,2025-03-23,,Delhivery,Failed
DLV05114,ORD05114,2025-03-01,2025-03-07,,XpressBees,Delayed
DLV05115,ORD05115,2025-05-20,2025-05-25,,Delhivery,Delayed
DLV05116,ORD05116,2025-05-29,2025-06-04,2025-06-03,Ecom Express,Delivered
DLV05117,ORD05117,2025-06-19,2025-06-25,2025-06-27,XpressBees,Delivered
DLV05118,ORD05118,2025-01-21,2025-01-23,2025-01-24,Blue Dart,Delivered
DLV05119,ORD05119,2025-03-03,2025-03-09,,XpressBees,In Transit
DLV05120,ORD05120,2025-08-13,2025-08-20,,DTDC,In Transit
DLV05121,ORD05121,2025-09-15,2025-09-21,,Delhivery,Out for Delivery
DLV05122,ORD05122,2025-03-25,2025-03-27,,DTDC,In Transit
DLV05123,ORD05123,2025-03-07,2025-03-11,,Blue Dart,Out for Delivery
DLV05124,ORD05124,2025-04-05,2025-04-10,,DTDC,Failed
DLV05125,ORD05125,2025-07-06,2025-07-11,,DTDC,Failed
DLV05126,ORD05126,2025-09-02,2025-09-05,,Ecom Express,Failed
DLV05127,ORD05127,2025-04-01,2025-04-08,,XpressBees,Delayed
DLV05128,ORD05128,2025-12-04,2025-12-08,2025-12-11,XpressBees,Delivered
DLV05129,ORD05129,2025-03-26,2025-03-28,,Blue Dart,In Transit
DLV05130,ORD05130,2025-05-09,2025-05-11,,Blue Dart,Delayed
DLV05131,ORD05131,2025-09-11,2025-09-15,,DTDC,Failed
DLV05132,ORD05132,2025-09-15,2025-09-22,2025-09-22,XpressBees,Delivered
DLV05133,ORD05133,2025-12-15,2025-12-20,,XpressBees,Failed
DLV05134,ORD05134,2025-05-10,2025-05-16,,XpressBees,In Transit
DLV05135,ORD05135,2025-05-03,2025-05-08,,XpressBees,Out for Delivery
DLV05136,ORD05136,2025-03-23,2025-03-26,,Blue Dart,In Transit
DLV05137,ORD05137,2025-03-13,2025-03-16,2025-03-16,Delhivery,Delivered
DLV05138,ORD05138,2025-10-24,2025-10-29,2025-10-31,XpressBees,Delivered
DLV05139,ORD05139,2025-07-22,2025-07-26,,Blue Dart,Failed
DLV05140,ORD05140,2025-12-12,2025-12-14,,Blue Dart,Delayed
DLV05141,ORD05141,2025-02-04,2025-02-06,,Blue Dart,Out for Delivery
DLV05142,ORD05142,2025-12-23,2025-12-25,,Delhivery,In Transit
DLV05143,ORD05143,2025-12-25,2025-12-30,,Delhivery,Failed
DLV05144,ORD05144,2025-05-22,2025-05-28,2025-05-28,DTDC,Delivered
DLV05145,ORD05145,2025-03-28,2025-04-04,,Blue Dart,In Transit
DLV05146,ORD05146,2025-03-06,2025-03-13,,Delhivery,In Transit
DLV05147,ORD05147,2025-03-20,2025-03-25,,XpressBees,Out for Delivery
DLV05148,ORD05148,2025-01-15,2025-01-21,,XpressBees,Delayed
DLV05149,ORD05149,2025-04-11,2025-04-17,,XpressBees,Delayed
DLV05150,ORD05150,2025-06-15,2025-06-22,,Blue Dart,In Transit
DLV05151,ORD05151,2025-03-17,2025-03-19,,Blue Dart,In Transit
DLV05152,ORD05152,2025-01-31,2025-02-04,,DTDC,Out for Delivery
DLV05153,ORD05153,2025-11-21,2025-11-28,,Delhivery,Failed
DLV05154,ORD05154,2025-10-28,2025-11-02,,Blue Dart,Out for Delivery
DLV05155,ORD05155,2025-09-12,2025-09-17,,XpressBees,Out for Delivery
DLV05156,ORD05156,2025-08-19,2025-08-26,,Delhivery,Out for Delivery
DLV05157,ORD05157,2025-08-17,2025-08-20,,Delhivery,Out for Delivery
DLV05158,ORD05158,2025-02-18,2025-02-22,,Ecom Express,Out for Delivery
DLV05159,ORD05159,2025-11-19,2025-11-24,,Ecom Express,Failed
DLV05160,ORD05160,2025-06-27,2025-07-03,,Blue Dart,In Transit
DLV05161,ORD05161,2025-04-03,2025-04-05,,Ecom Express,Failed
DLV05162,ORD05162,2025-07-21,2025-07-25,,Ecom Express,In Transit
DLV05163,ORD05163,2025-09-02,2025-09-05,,XpressBees,Out for Delivery
DLV05164,ORD05164,2025-08-30,2025-09-03,,XpressBees,In Transit
DLV05165,ORD05165,2025-11-09,2025-11-12,,DTDC,Failed
DLV05166,ORD05166,2025-11-28,2025-12-04,,Delhivery,In Transit
DLV05167,ORD05167,2025-11-17,2025-11-22,,DTDC,Failed
DLV05168,ORD05168,2025-06-17,2025-06-22,,DTDC,Failed
DLV05169,ORD05169,2025-04-29,2025-05-03,2025-05-02,Delhivery,Delivered
DLV05170,ORD05170,2025-02-26,2025-03-03,,XpressBees,Delayed
DLV05171,ORD05171,2025-10-26,2025-10-28,,Delhivery,Failed
DLV05172,ORD05172,2025-02-04,2025-02-06,,Ecom Express,Failed
DLV05173,ORD05173,2025-01-09,2025-01-12,,Ecom Express,In Transit
DLV05174,ORD05174,2025-12-15,2025-12-21,,Delhivery,Out for Delivery
DLV05175,ORD05175,2025-04-04,2025-04-11,,DTDC,Delayed
DLV05176,ORD05176,2025-06-04,2025-06-07,,Ecom Express,Delayed
DLV05177,ORD05177,2025-11-13,2025-11-17,,XpressBees,Out for Delivery
DLV05178,ORD05178,2025-04-03,2025-04-06,,Blue Dart,In Transit
DLV05179,ORD05179,2025-12-06,2025-12-08,,Ecom Express,Out for Delivery
DLV05180,ORD05180,2025-11-30,2025-12-07,,XpressBees,Failed
DLV05181,ORD05181,2025-12-23,2025-12-30,,XpressBees,Delayed
DLV05182,ORD05182,2025-04-17,2025-04-21,2025-04-21,XpressBees,Delivered
DLV05183,ORD05183,2025-01-18,2025-01-20,2025-01-21,DTDC,Delivered
DLV05184,ORD05184,2025-02-01,2025-02-07,,Ecom Express,Failed
DLV05185,ORD05185,2025-01-15,2025-01-22,2025-01-24,Blue Dart,Delivered
DLV05186,ORD05186,2025-12-19,2025-12-25,,Delhivery,Failed
DLV05187,ORD05187,2025-05-06,2025-05-11,,Blue Dart,Delayed
DLV05188,ORD05188,2025-05-25,2025-05-29,,Ecom Express,In Transit
DLV05189,ORD05189,2025-08-24,2025-08-28,,Delhivery,Delayed
DLV05190,ORD05190,2025-04-17,2025-04-19,,Delhivery,Delayed
DLV05191,ORD05191,2025-07-21,2025-07-28,2025-07-31,Delhivery,Delivered
DLV05192,ORD05192,2025-05-17,2025-05-23,,Delhivery,Failed
DLV05193,ORD05193,2025-06-12,2025-06-15,,XpressBees,Failed
DLV05194,ORD05194,2025-06-23,2025-06-26,,Blue Dart,Failed
DLV05195,ORD05195,2025-08-09,2025-08-12,2025-08-14,Delhivery,Delivered
DLV05196,ORD05196,2025-06-20,2025-06-24,,Delhivery,Delayed
DLV05197,ORD05197,2025-12-03,2025-12-10,,XpressBees,In Transit
DLV05198,ORD05198,2025-12-24,2025-12-29,,Delhivery,Delayed
DLV05199,ORD05199,2025-11-17,2025-11-20,,Delhivery,Failed
DLV05200,ORD05200,2025-09-23,2025-09-25,,Blue Dart,Out for Delivery
DLV05201,ORD05201,2025-11-07,2025-11-14,,Ecom Express,Failed
DLV05202,ORD05202,2025-10-30,2025-11-05,,Ecom Express,Delayed
DLV05203,ORD05203,2025-04-05,2025-04-12,,Blue Dart,Out for Delivery
DLV05204,ORD05204,2025-04-18,2025-04-21,,Ecom Express,Out for Delivery
DLV05205,ORD05205,2025-11-11,2025-11-17,,Blue Dart,In Transit
DLV05206,ORD05206,2025-06-28,2025-06-30,,DTDC,Failed
DLV05207,ORD05207,2025-10-10,2025-10-13,2025-10-15,Ecom Express,Delivered
DLV05208,ORD05208,2025-09-21,2025-09-23,,XpressBees,Delayed
DLV05209,ORD05209,2025-12-14,2025-12-16,,DTDC,In Transit
DLV05210,ORD05210,2025-01-04,2025-01-08,,DTDC,In Transit
DLV05211,ORD05211,2025-01-25,2025-01-29,,Blue Dart,In Transit
DLV05212,ORD05212,2025-10-10,2025-10-15,,XpressBees,Failed
DLV05213,ORD05213,2025-07-09,2025-07-11,2025-07-14,XpressBees,Delivered
DLV05214,ORD05214,2025-06-26,2025-06-29,,XpressBees,In Transit
DLV05215,ORD05215,2025-01-02,2025-01-09,,DTDC,In Transit
DLV05216,ORD05216,2025-02-10,2025-02-13,,Ecom Express,Delayed
DLV05217,ORD05217,2025-02-10,2025-02-14,,Ecom Express,In Transit
DLV05218,ORD05218,2025-10-16,2025-10-20,,XpressBees,Failed
DLV05219,ORD05219,2025-08-20,2025-08-24,,DTDC,Failed
DLV05220,ORD05220,2025-09-18,2025-09-25,,DTDC,In Transit
DLV05221,ORD05221,2025-12-28,2026-01-03,,Blue Dart,In Transit
DLV05222,ORD05222,2025-05-14,2025-05-18,,Ecom Express,Failed
DLV05223,ORD05223,2025-10-02,2025-10-06,2025-10-08,XpressBees,Delivered
DLV05224,ORD05224,2025-03-23,2025-03-27,,Delhivery,In Transit
DLV05225,ORD05225,2025-02-16,2025-02-22,,DTDC,In Transit
DLV05226,ORD05226,2025-06-06,2025-06-12,,XpressBees,Failed
DLV05227,ORD05227,2025-04-02,2025-04-06,,Delhivery,In Transit
DLV05228,ORD05228,2025-11-22,2025-11-26,2025-11-26,XpressBees,Delivered
DLV05229,ORD05229,2025-09-27,2025-09-29,,Delhivery,Failed
DLV05230,ORD05230,2025-01-26,2025-01-29,,Blue Dart,Out for Delivery
DLV05231,ORD05231,2025-01-05,2025-01-10,2025-01-11,DTDC,Delivered
DLV05232,ORD05232,2025-06-18,2025-06-24,,DTDC,Out for Delivery
DLV05233,ORD05233,2025-09-26,2025-09-30,,Blue Dart,Out for Delivery
DLV05234,ORD05234,2025-09-17,2025-09-24,,XpressBees,Out for Delivery
DLV05235,ORD05235,2025-02-10,2025-02-16,2025-02-16,DTDC,Delivered
DLV05236,ORD05236,2025-08-18,2025-08-20,,DTDC,Failed
DLV05237,ORD05237,2025-10-19,2025-10-26,,DTDC,Out for Delivery
DLV05238,ORD05238,2025-09-22,2025-09-27,,Ecom Express,In Transit
DLV05239,ORD05239,2025-07-22,2025-07-25,,Delhivery,Failed
DLV05240,ORD05240,2025-06-26,2025-07-02,,DTDC,Out for Delivery
DLV05241,ORD05241,2025-06-01,2025-06-05,,Delhivery,In Transit
DLV05242,ORD05242,2025-10-16,2025-10-20,,Ecom Express,Out for Delivery
DLV05243,ORD05243,2025-12-29,2026-01-04,2026-01-03,DTDC,Delivered
DLV05244,ORD05244,2025-12-21,2025-12-25,,Ecom Express,Delayed
DLV05245,ORD05245,2025-11-29,2025-12-02,,Ecom Express,Out for Delivery
DLV05246,ORD05246,2025-04-12,2025-04-16,,DTDC,Delayed
DLV05247,ORD05247,2025-03-25,2025-03-31,2025-03-31,DTDC,Delivered
DLV05248,ORD05248,2025-04-07,2025-04-12,,Blue Dart,In Transit
DLV05249,ORD05249,2025-03-11,2025-03-17,,Ecom Express,In Transit
DLV05250,ORD05250,2025-01-31,2025-02-06,,XpressBees,Delayed
DLV05251,ORD05251,2025-03-07,2025-03-10,2025-03-09,Ecom Express,Delivered
DLV05252,ORD05252,2025-06-09,2025-06-12,2025-06-15,XpressBees,Delivered
DLV05253,ORD05253,2025-10-31,2025-11-06,,DTDC,In Transit
DLV05254,ORD05254,2025-05-24,2025-05-31,,XpressBees,Failed
DLV05255,ORD05255,2025-06-26,2025-07-01,,XpressBees,In Transit
DLV05256,ORD05256,2025-11-11,2025-11-14,,Ecom Express,Delayed
DLV05257,ORD05257,2025-09-19,2025-09-25,,XpressBees,Failed
DLV05258,ORD05258,2025-05-03,2025-05-07,,Ecom Express,In Transit
DLV05259,ORD05259,2025-03-15,2025-03-21,,Blue Dart,Failed
DLV05260,ORD05260,2025-01-18,2025-01-25,,XpressBees,In Transit
DLV05261,ORD05261,2025-12-02,2025-12-07,,Ecom Express,Failed
DLV05262,ORD05262,2025-09-03,2025-09-09,,DTDC,In Transit
DLV05263,ORD05263,2025-07-14,2025-07-20,,XpressBees,In Transit
DLV05264,ORD05264,2025-02-14,2025-02-19,2025-02-22,Delhivery,Delivered
DLV05265,ORD05265,2025-08-04,2025-08-08,,Ecom Express,Failed
DLV05266,ORD05266,2025-04-29,2025-05-01,,Blue Dart,Failed
DLV05267,ORD05267,2025-01-31,2025-02-06,,Ecom Express,Failed
DLV05268,ORD05268,2025-06-16,2025-06-21,,Ecom Express,Failed
DLV05269,ORD05269,2025-12-22,2025-12-25,,Blue Dart,Failed
DLV05270,ORD05270,2025-11-04,2025-11-11,2025-11-10,Delhivery,Delivered
DLV05271,ORD05271,2025-07-04,2025-07-07,,XpressBees,In Transit
DLV05272,ORD05272,2025-03-15,2025-03-21,,XpressBees,Out for Delivery
DLV05273,ORD05273,2025-08-11,2025-08-14,,Blue Dart,In Transit
DLV05274,ORD05274,2025-09-23,2025-09-26,,XpressBees,Failed
DLV05275,ORD05275,2025-05-26,2025-05-30,,XpressBees,In Transit
DLV05276,ORD05276,2025-10-26,2025-11-01,2025-11-01,Delhivery,Delivered
DLV05277,ORD05277,2025-07-01,2025-07-06,,Delhivery,Out for Delivery
DLV05278,ORD05278,2025-11-11,2025-11-14,,Ecom Express,Failed
DLV05279,ORD05279,2025-10-25,2025-10-31,2025-11-01,DTDC,Delivered
DLV05280,ORD05280,2025-08-08,2025-08-14,,Blue Dart,Failed
DLV05281,ORD05281,2025-10-19,2025-10-23,,Blue Dart,Delayed
DLV05282,ORD05282,2025-10-06,2025-10-11,,DTDC,Delayed
DLV05283,ORD05283,2025-07-22,2025-07-27,2025-07-27,Delhivery,Delivered
DLV05284,ORD05284,2025-07-25,2025-07-29,,DTDC,Delayed
DLV05285,ORD05285,2025-01-19,2025-01-22,,Delhivery,In Transit
DLV05286,ORD05286,2025-01-12,2025-01-17,,DTDC,Delayed
DLV05287,ORD05287,2025-03-25,2025-04-01,,XpressBees,Out for Delivery
DLV05288,ORD05288,2025-11-14,2025-11-17,2025-11-16,Delhivery,Delivered
DLV05289,ORD05289,2025-06-22,2025-06-28,,Ecom Express,In Transit
DLV05290,ORD05290,2025-12-23,2025-12-25,,XpressBees,Delayed
DLV05291,ORD05291,2025-12-06,2025-12-10,,DTDC,Out for Delivery
DLV05292,ORD05292,2025-05-09,2025-05-15,,Ecom Express,Failed
DLV05293,ORD05293,2025-10-23,2025-10-29,,DTDC,In Transit
DLV05294,ORD05294,2025-08-29,2025-09-05,,XpressBees,Failed
DLV05295,ORD05295,2025-11-24,2025-12-01,,DTDC,Out for Delivery
DLV05296,ORD05296,2025-07-13,2025-07-16,,Delhivery,Failed
DLV05297,ORD05297,2025-11-11,2025-11-15,,DTDC,Out for Delivery
DLV05298,ORD05298,2025-04-28,2025-05-04,2025-05-04,Delhivery,Delivered
DLV05299,ORD05299,2025-01-07,2025-01-10,2025-01-12,Blue Dart,Delivered
DLV05300,ORD05300,2025-11-09,2025-11-13,,Blue Dart,In Transit
DLV05301,ORD05301,2025-04-15,2025-04-18,,XpressBees,Delayed
DLV05302,ORD05302,2025-05-16,2025-05-20,,Blue Dart,Delayed
DLV05303,ORD05303,2025-02-11,2025-02-13,,Ecom Express,In Transit
DLV05304,ORD05304,2025-07-31,2025-08-04,,Blue Dart,Delayed
DLV05305,ORD05305,2025-10-09,2025-10-12,,Blue Dart,In Transit
DLV05306,ORD05306,2025-11-23,2025-11-30,,Delhivery,Out for Delivery
DLV05307,ORD05307,2025-02-27,2025-03-02,,Ecom Express,Failed
DLV05308,ORD05308,2025-03-16,2025-03-18,,Delhivery,Out for Delivery
DLV05309,ORD05309,2025-11-27,2025-12-04,,XpressBees,Failed
DLV05310,ORD05310,2025-02-02,2025-02-08,,Blue Dart,Delayed
DLV05311,ORD05311,2025-06-08,2025-06-11,2025-06-10,Ecom Express,Delivered
DLV05312,ORD05312,2025-01-19,2025-01-25,,Blue Dart,Failed
DLV05313,ORD05313,2025-02-02,2025-02-05,,XpressBees,In Transit
DLV05314,ORD05314,2025-10-05,2025-10-10,,Delhivery,Out for Delivery
DLV05315,ORD05315,2025-09-01,2025-09-07,,Delhivery,Out for Delivery
DLV05316,ORD05316,2025-08-17,2025-08-22,,Blue Dart,Failed
DLV05317,ORD05317,2025-01-11,2025-01-16,,Ecom Express,In Transit
DLV05318,ORD05318,2025-02-14,2025-02-21,2025-02-21,Delhivery,Delivered
DLV05319,ORD05319,2025-10-11,2025-10-16,,Ecom Express,Delayed
DLV05320,ORD05320,2025-02-10,2025-02-13,,Blue Dart,Out for Delivery
DLV05321,ORD05321,2025-08-28,2025-09-04,,Delhivery,Failed
DLV05322,ORD05322,2025-05-21,2025-05-25,,DTDC,Delayed
DLV05323,ORD05323,2025-12-29,2025-12-31,,Ecom Express,Failed
DLV05324,ORD05324,2025-06-12,2025-06-16,,Delhivery,Failed
DLV05325,ORD05325,2025-09-02,2025-09-05,,DTDC,Out for Delivery
DLV05326,ORD05326,2025-06-02,2025-06-08,,DTDC,Out for Delivery
DLV05327,ORD05327,2025-02-05,2025-02-12,,Blue Dart,Out for Delivery
DLV05328,ORD05328,2025-04-18,2025-04-21,,Blue Dart,Delayed
DLV05329,ORD05329,2025-08-31,2025-09-02,,Delhivery,Delayed
DLV05330,ORD05330,2025-01-24,2025-01-26,,XpressBees,In Transit
DLV05331,ORD05331,2025-02-03,2025-02-08,2025-02-11,Delhivery,Delivered
DLV05332,ORD05332,2025-06-27,2025-06-29,,Blue Dart,In Transit
DLV05333,ORD05333,2025-12-10,2025-12-12,,Blue Dart,In Transit
DLV05334,ORD05334,2025-07-07,2025-07-11,2025-07-13,Delhivery,Delivered
DLV05335,ORD05335,2025-08-23,2025-08-30,,Blue Dart,Failed
DLV05336,ORD05336,2025-06-13,2025-06-15,,XpressBees,In Transit
DLV05337,ORD05337,2025-12-28,2025-12-31,2026-01-03,XpressBees,Delivered
DLV05338,ORD05338,2025-05-04,2025-05-07,,DTDC,Failed
DLV05339,ORD05339,2025-08-30,2025-09-04,,XpressBees,Failed
DLV05340,ORD05340,2025-12-10,2025-12-13,,Blue Dart,Out for Delivery
DLV05341,ORD05341,2025-09-24,2025-10-01,2025-09-30,Blue Dart,Delivered
DLV05342,ORD05342,2025-09-21,2025-09-28,,Blue Dart,In Transit
DLV05343,ORD05343,2025-11-20,2025-11-25,,Delhivery,Out for Delivery
DLV05344,ORD05344,2025-02-08,2025-02-12,,DTDC,Failed
DLV05345,ORD05345,2025-06-29,2025-07-01,,Ecom Express,Out for Delivery
DLV05346,ORD05346,2025-04-18,2025-04-21,2025-04-24,Ecom Express,Delivered
DLV05347,ORD05347,2025-08-12,2025-08-19,,Delhivery,Out for Delivery
DLV05348,ORD05348,2025-06-02,2025-06-09,,DTDC,In Transit
DLV05349,ORD05349,2025-03-04,2025-03-07,,XpressBees,In Transit
DLV05350,ORD05350,2025-05-29,2025-06-01,,Blue Dart,Out for Delivery
DLV05351,ORD05351,2025-09-29,2025-10-01,,DTDC,In Transit
DLV05352,ORD05352,2025-10-17,2025-10-24,,XpressBees,Delayed
DLV05353,ORD05353,2025-07-15,2025-07-19,2025-07-19,DTDC,Delivered
DLV05354,ORD05354,2025-04-14,2025-04-18,,XpressBees,Out for Delivery
DLV05355,ORD05355,2025-03-03,2025-03-09,,Ecom Express,In Transit
DLV05356,ORD05356,2025-11-29,2025-12-04,,XpressBees,Out for Delivery
DLV05357,ORD05357,2025-04-08,2025-04-15,,Delhivery,In Transit
DLV05358,ORD05358,2025-12-11,2025-12-18,,Delhivery,In Transit
DLV05359,ORD05359,2025-01-09,2025-01-16,,DTDC,Failed
DLV05360,ORD05360,2025-04-29,2025-05-03,,Ecom Express,Failed
DLV05361,ORD05361,2025-12-10,2025-12-13,,XpressBees,In Transit
DLV05362,ORD05362,2025-05-02,2025-05-05,,Ecom Express,In Transit
DLV05363,ORD05363,2025-09-15,2025-09-19,2025-09-22,XpressBees,Delivered
DLV05364,ORD05364,2025-03-28,2025-04-03,2025-04-02,XpressBees,Delivered
DLV05365,ORD05365,2025-07-02,2025-07-09,,Ecom Express,In Transit
DLV05366,ORD05366,2025-03-06,2025-03-09,,Delhivery,In Transit
DLV05367,ORD05367,2025-07-09,2025-07-14,2025-07-17,Ecom Express,Delivered
DLV05368,ORD05368,2025-08-04,2025-08-09,,Delhivery,Failed
DLV05369,ORD05369,2025-02-16,2025-02-21,,Blue Dart,Delayed
DLV05370,ORD05370,2025-05-11,2025-05-15,,Blue Dart,Failed
DLV05371,ORD05371,2025-09-16,2025-09-19,,Ecom Express,Failed
DLV05372,ORD05372,2025-09-08,2025-09-10,,Blue Dart,Out for Delivery
DLV05373,ORD05373,2025-08-16,2025-08-18,,Ecom Express,Delayed
DLV05374,ORD05374,2025-05-21,2025-05-25,2025-05-26,XpressBees,Delivered
DLV05375,ORD05375,2025-11-03,2025-11-05,,Delhivery,Out for Delivery
DLV05376,ORD05376,2025-01-20,2025-01-24,,Ecom Express,In Transit
DLV05377,ORD05377,2025-01-14,2025-01-19,,Ecom Express,Delayed
DLV05378,ORD05378,2025-07-29,2025-08-01,,DTDC,In Transit
DLV05379,ORD05379,2025-10-11,2025-10-18,,Delhivery,In Transit
DLV05380,ORD05380,2025-09-08,2025-09-13,2025-09-16,XpressBees,Delivered
DLV05381,ORD05381,2025-04-14,2025-04-18,,Ecom Express,Delayed
DLV05382,ORD05382,2025-05-25,2025-06-01,,DTDC,Out for Delivery
DLV05383,ORD05383,2025-10-03,2025-10-08,2025-10-09,Ecom Express,Delivered
DLV05384,ORD05384,2025-10-12,2025-10-17,,Blue Dart,In Transit
DLV05385,ORD05385,2025-02-12,2025-02-15,,Ecom Express,Failed
DLV05386,ORD05386,2025-07-16,2025-07-20,2025-07-23,XpressBees,Delivered
DLV05387,ORD05387,2025-10-30,2025-11-05,,Blue Dart,Failed
DLV05388,ORD05388,2025-10-11,2025-10-17,,DTDC,Out for Delivery
DLV05389,ORD05389,2025-10-24,2025-10-28,,Delhivery,Out for Delivery
DLV05390,ORD05390,2025-01-17,2025-01-24,,Ecom Express,Out for Delivery
DLV05391,ORD05391,2025-10-21,2025-10-28,,Delhivery,In Transit
DLV05392,ORD05392,2025-07-23,2025-07-25,,DTDC,Out for Delivery
DLV05393,ORD05393,2025-05-18,2025-05-24,2025-05-26,Blue Dart,Delivered
DLV05394,ORD05394,2025-12-23,2025-12-25,,Blue Dart,Delayed
DLV05395,ORD05395,2025-08-28,2025-09-01,,Delhivery,Delayed
DLV05396,ORD05396,2025-10-04,2025-10-07,,DTDC,In Transit
DLV05397,ORD05397,2025-08-17,2025-08-21,,Delhivery,Failed
DLV05398,ORD05398,2025-03-20,2025-03-27,,XpressBees,Delayed
DLV05399,ORD05399,2025-05-26,2025-06-02,,Blue Dart,Failed
DLV05400,ORD05400,2025-03-17,2025-03-24,,XpressBees,Out for Delivery
DLV05401,ORD05401,2025-08-10,2025-08-13,,XpressBees,Out for Delivery
DLV05402,ORD05402,2025-01-30,2025-02-06,,Delhivery,In Transit
DLV05403,ORD05403,2025-09-03,2025-09-08,,Blue Dart,Delayed
DLV05404,ORD05404,2025-12-09,2025-12-14,,Blue Dart,Delayed
DLV05405,ORD05405,2025-07-06,2025-07-09,,XpressBees,Delayed
DLV05406,ORD05406,2025-06-13,2025-06-18,,Blue Dart,Failed
DLV05407,ORD05407,2025-08-04,2025-08-10,2025-08-12,Ecom Express,Delivered
DLV05408,ORD05408,2025-02-10,2025-02-15,,Delhivery,In Transit
DLV05409,ORD05409,2025-01-05,2025-01-07,2025-01-10,XpressBees,Delivered
DLV05410,ORD05410,2025-10-15,2025-10-18,2025-10-21,Blue Dart,Delivered
DLV05411,ORD05411,2025-07-28,2025-08-03,,DTDC,Out for Delivery
DLV05412,ORD05412,2025-11-12,2025-11-19,,XpressBees,Out for Delivery
DLV05413,ORD05413,2025-04-28,2025-05-01,2025-05-04,XpressBees,Delivered
DLV05414,ORD05414,2025-07-25,2025-07-27,,DTDC,Delayed
DLV05415,ORD05415,2025-01-25,2025-01-28,,DTDC,In Transit
DLV05416,ORD05416,2025-12-05,2025-12-08,,DTDC,Out for Delivery
DLV05417,ORD05417,2025-03-19,2025-03-23,,Blue Dart,Out for Delivery
DLV05418,ORD05418,2025-09-12,2025-09-17,,DTDC,Delayed
DLV05419,ORD05419,2025-01-07,2025-01-12,,Ecom Express,In Transit
DLV05420,ORD05420,2025-04-09,2025-04-15,,Delhivery,Delayed
DLV05421,ORD05421,2025-12-02,2025-12-09,,Delhivery,Failed
DLV05422,ORD05422,2025-09-25,2025-09-29,,DTDC,In Transit
DLV05423,ORD05423,2025-11-12,2025-11-19,,Ecom Express,In Transit
DLV05424,ORD05424,2025-10-06,2025-10-08,,DTDC,Out for Delivery
DLV05425,ORD05425,2025-07-21,2025-07-27,,DTDC,Failed
DLV05426,ORD05426,2025-12-18,2025-12-20,,DTDC,In Transit
DLV05427,ORD05427,2025-06-25,2025-07-02,,Blue Dart,In Transit
DLV05428,ORD05428,2025-09-02,2025-09-06,,Blue Dart,Out for Delivery
DLV05429,ORD05429,2025-03-30,2025-04-01,,Delhivery,Out for Delivery
DLV05430,ORD05430,2025-01-29,2025-02-02,,XpressBees,Out for Delivery
DLV05431,ORD05431,2025-09-17,2025-09-21,,Ecom Express,Failed
DLV05432,ORD05432,2025-01-09,2025-01-15,,XpressBees,In Transit
DLV05433,ORD05433,2025-09-23,2025-09-26,,DTDC,Failed
DLV05434,ORD05434,2025-08-24,2025-08-29,,XpressBees,Failed
DLV05435,ORD05435,2025-11-24,2025-11-28,,DTDC,In Transit
DLV05436,ORD05436,2025-08-27,2025-08-30,,Blue Dart,Delayed
DLV05437,ORD05437,2025-12-31,2026-01-07,,Blue Dart,Delayed
DLV05438,ORD05438,2025-09-04,2025-09-10,,Blue Dart,Out for Delivery
DLV05439,ORD05439,2025-08-29,2025-09-03,,Ecom Express,In Transit
DLV05440,ORD05440,2025-03-22,2025-03-24,,Delhivery,In Transit
DLV05441,ORD05441,2025-12-20,2025-12-26,,DTDC,Delayed
DLV05442,ORD05442,2025-12-05,2025-12-08,2025-12-08,DTDC,Delivered
DLV05443,ORD05443,2025-09-02,2025-09-07,2025-09-09,Blue Dart,Delivered
DLV05444,ORD05444,2025-09-16,2025-09-18,,Blue Dart,In Transit
DLV05445,ORD05445,2025-07-28,2025-08-03,,Delhivery,Failed
DLV05446,ORD05446,2025-10-24,2025-10-28,,Delhivery,Failed
DLV05447,ORD05447,2025-03-31,2025-04-04,,XpressBees,Out for Delivery
DLV05448,ORD05448,2025-07-02,2025-07-05,2025-07-05,DTDC,Delivered
DLV05449,ORD05449,2025-05-11,2025-05-14,,XpressBees,Failed
DLV05450,ORD05450,2025-09-13,2025-09-18,,Ecom Express,Delayed
DLV05451,ORD05451,2025-08-12,2025-08-18,,DTDC,Out for Delivery
DLV05452,ORD05452,2025-07-27,2025-08-01,,DTDC,Delayed
DLV05453,ORD05453,2025-07-25,2025-08-01,,Blue Dart,Failed
DLV05454,ORD05454,2025-09-05,2025-09-09,,DTDC,Failed
DLV05455,ORD05455,2025-05-27,2025-06-02,,Ecom Express,Out for Delivery
DLV05456,ORD05456,2025-07-24,2025-07-31,2025-08-03,XpressBees,Delivered
DLV05457,ORD05457,2025-05-14,2025-05-21,,Delhivery,Delayed
DLV05458,ORD05458,2025-09-08,2025-09-12,2025-09-15,XpressBees,Delivered
DLV05459,ORD05459,2025-06-24,2025-06-30,,Blue Dart,In Transit
DLV05460,ORD05460,2025-01-13,2025-01-19,,DTDC,Failed
DLV05461,ORD05461,2025-07-13,2025-07-18,2025-07-18,Delhivery,Delivered
DLV05462,ORD05462,2025-01-15,2025-01-21,,DTDC,In Transit
DLV05463,ORD05463,2025-01-27,2025-01-29,,Blue Dart,Delayed
DLV05464,ORD05464,2025-06-30,2025-07-05,2025-07-05,Ecom Express,Delivered
DLV05465,ORD05465,2025-01-22,2025-01-25,,XpressBees,Failed
DLV05466,ORD05466,2025-01-28,2025-02-04,,Delhivery,In Transit
DLV05467,ORD05467,2025-01-22,2025-01-25,,Blue Dart,Delayed
DLV05468,ORD05468,2025-03-17,2025-03-21,2025-03-24,DTDC,Delivered
DLV05469,ORD05469,2025-05-13,2025-05-17,,Blue Dart,Delayed
DLV05470,ORD05470,2025-07-18,2025-07-23,,XpressBees,In Transit
DLV05471,ORD05471,2025-06-15,2025-06-18,,Blue Dart,In Transit
DLV05472,ORD05472,2025-09-27,2025-10-02,,Blue Dart,In Transit
DLV05473,ORD05473,2025-08-05,2025-08-08,,Blue Dart,Delayed
DLV05474,ORD05474,2025-09-25,2025-09-28,2025-09-30,Ecom Express,Delivered
DLV05475,ORD05475,2025-12-03,2025-12-07,,Ecom Express,In Transit
DLV05476,ORD05476,2025-12-15,2025-12-21,,Delhivery,Failed
DLV05477,ORD05477,2025-03-23,2025-03-25,,Ecom Express,Out for Delivery
DLV05478,ORD05478,2025-12-31,2026-01-07,,DTDC,Failed
DLV05479,ORD05479,2025-01-01,2025-01-06,,Blue Dart,Failed
DLV05480,ORD05480,2025-02-02,2025-02-07,,Blue Dart,Delayed
DLV05481,ORD05481,2025-11-04,2025-11-06,2025-11-07,Ecom Express,Delivered
DLV05482,ORD05482,2025-05-03,2025-05-07,2025-05-08,Delhivery,Delivered
DLV05483,ORD05483,2025-05-21,2025-05-28,,DTDC,Out for Delivery
DLV05484,ORD05484,2025-04-29,2025-05-05,,XpressBees,Failed
DLV05485,ORD05485,2025-01-31,2025-02-06,,DTDC,Delayed
DLV05486,ORD05486,2025-03-26,2025-04-02,2025-04-02,Delhivery,Delivered
DLV05487,ORD05487,2025-08-02,2025-08-06,,Delhivery,Failed
DLV05488,ORD05488,2025-12-04,2025-12-09,,DTDC,In Transit
DLV05489,ORD05489,2025-11-11,2025-11-18,,DTDC,Delayed
DLV05490,ORD05490,2025-04-20,2025-04-26,,Ecom Express,Out for Delivery
DLV05491,ORD05491,2025-10-29,2025-11-04,,Delhivery,Failed
DLV05492,ORD05492,2025-12-27,2026-01-03,,DTDC,Out for Delivery
DLV05493,ORD05493,2025-02-12,2025-02-18,,Ecom Express,In Transit
DLV05494,ORD05494,2025-09-19,2025-09-22,,Blue Dart,Out for Delivery
DLV05495,ORD05495,2025-08-29,2025-08-31,,Delhivery,Out for Delivery
DLV05496,ORD05496,2025-01-21,2025-01-27,,XpressBees,In Transit
DLV05497,ORD05497,2025-06-22,2025-06-29,,Blue Dart,Out for Delivery
DLV05498,ORD05498,2025-08-22,2025-08-24,,DTDC,Failed
DLV05499,ORD05499,2025-11-14,2025-11-17,,Ecom Express,Out for Delivery
DLV05500,ORD05500,2025-11-18,2025-11-20,,Delhivery,Delayed
DLV05501,ORD05501,2025-09-08,2025-09-11,,Ecom Express,Failed
DLV05502,ORD05502,2025-12-26,2025-12-30,,Delhivery,Delayed
DLV05503,ORD05503,2025-03-30,2025-04-03,,Ecom Express,In Transit
DLV05504,ORD05504,2025-12-15,2025-12-21,2025-12-20,Ecom Express,Delivered
DLV05505,ORD05505,2025-07-01,2025-07-04,2025-07-07,Blue Dart,Delivered
DLV05506,ORD05506,2025-09-30,2025-10-05,,DTDC,Out for Delivery
DLV05507,ORD05507,2025-01-12,2025-01-19,2025-01-18,Ecom Express,Delivered
DLV05508,ORD05508,2025-01-30,2025-02-01,,DTDC,Failed
DLV05509,ORD05509,2025-12-01,2025-12-03,,XpressBees,Failed
DLV05510,ORD05510,2025-12-29,2026-01-03,2026-01-02,DTDC,Delivered
DLV05511,ORD05511,2025-06-14,2025-06-17,,Blue Dart,In Transit
DLV05512,ORD05512,2025-09-01,2025-09-03,,DTDC,Delayed
DLV05513,ORD05513,2025-08-29,2025-08-31,,Blue Dart,In Transit
DLV05514,ORD05514,2025-01-15,2025-01-18,,XpressBees,In Transit
DLV05515,ORD05515,2025-07-06,2025-07-08,,Ecom Express,In Transit
DLV05516,ORD05516,2025-01-26,2025-02-01,,Blue Dart,In Transit
DLV05517,ORD05517,2025-12-15,2025-12-20,,XpressBees,Out for Delivery
DLV05518,ORD05518,2025-02-09,2025-02-12,,XpressBees,Out for Delivery
DLV05519,ORD05519,2025-04-19,2025-04-23,,Ecom Express,Failed
DLV05520,ORD05520,2025-08-03,2025-08-09,,Blue Dart,Out for Delivery
DLV05521,ORD05521,2025-02-26,2025-02-28,,DTDC,Failed
DLV05522,ORD05522,2025-03-24,2025-03-31,,Ecom Express,In Transit
DLV05523,ORD05523,2025-11-04,2025-11-07,,DTDC,Delayed
DLV05524,ORD05524,2025-09-08,2025-09-10,,Ecom Express,Delayed
DLV05525,ORD05525,2025-07-21,2025-07-27,,DTDC,In Transit
DLV05526,ORD05526,2025-02-24,2025-03-01,,DTDC,Delayed
DLV05527,ORD05527,2025-05-25,2025-05-28,,DTDC,Delayed
DLV05528,ORD05528,2025-12-05,2025-12-11,,DTDC,Failed
DLV05529,ORD05529,2025-04-28,2025-05-03,,Delhivery,Failed
DLV05530,ORD05530,2025-09-23,2025-09-28,,Ecom Express,Failed
DLV05531,ORD05531,2025-07-01,2025-07-05,,DTDC,Failed
DLV05532,ORD05532,2025-08-20,2025-08-22,,DTDC,Delayed
DLV05533,ORD05533,2025-01-09,2025-01-14,2025-01-14,DTDC,Delivered
DLV05534,ORD05534,2025-06-03,2025-06-05,,Delhivery,Delayed
DLV05535,ORD05535,2025-02-05,2025-02-09,,Delhivery,Out for Delivery
DLV05536,ORD05536,2025-05-03,2025-05-05,,Delhivery,Out for Delivery
DLV05537,ORD05537,2025-11-29,2025-12-01,2025-11-30,XpressBees,Delivered
DLV05538,ORD05538,2025-08-01,2025-08-06,,Delhivery,Delayed
DLV05539,ORD05539,2025-12-19,2025-12-26,,Delhivery,Delayed
DLV05540,ORD05540,2025-06-10,2025-06-17,,Ecom Express,Out for Delivery
DLV05541,ORD05541,2025-04-04,2025-04-06,,Delhivery,Delayed
DLV05542,ORD05542,2025-10-18,2025-10-23,,Delhivery,Failed
DLV05543,ORD05543,2025-07-10,2025-07-14,,Blue Dart,In Transit
DLV05544,ORD05544,2025-07-10,2025-07-17,,DTDC,Delayed
DLV05545,ORD05545,2025-05-17,2025-05-19,,Delhivery,Out for Delivery
DLV05546,ORD05546,2025-11-02,2025-11-04,,DTDC,Delayed
DLV05547,ORD05547,2025-03-23,2025-03-29,,Delhivery,In Transit
DLV05548,ORD05548,2025-03-01,2025-03-07,,Ecom Express,Failed
DLV05549,ORD05549,2025-03-25,2025-03-30,2025-04-01,XpressBees,Delivered
DLV05550,ORD05550,2025-11-04,2025-11-07,2025-11-08,DTDC,Delivered
DLV05551,ORD05551,2025-09-03,2025-09-10,,XpressBees,Out for Delivery
DLV05552,ORD05552,2025-04-26,2025-04-29,2025-04-29,DTDC,Delivered
DLV05553,ORD05553,2025-02-14,2025-02-17,,Delhivery,Failed
DLV05554,ORD05554,2025-03-11,2025-03-16,,Blue Dart,Delayed
DLV05555,ORD05555,2025-12-30,2026-01-02,,Ecom Express,Out for Delivery
DLV05556,ORD05556,2025-03-23,2025-03-30,,DTDC,Failed
DLV05557,ORD05557,2025-04-13,2025-04-18,2025-04-17,DTDC,Delivered
DLV05558,ORD05558,2025-06-06,2025-06-11,,Ecom Express,Out for Delivery
DLV05559,ORD05559,2025-06-05,2025-06-08,,DTDC,Failed
DLV05560,ORD05560,2025-07-15,2025-07-21,,Delhivery,Failed
DLV05561,ORD05561,2025-03-22,2025-03-25,,XpressBees,Out for Delivery
DLV05562,ORD05562,2025-01-25,2025-01-27,2025-01-28,DTDC,Delivered
DLV05563,ORD05563,2025-12-02,2025-12-07,2025-12-07,Ecom Express,Delivered
DLV05564,ORD05564,2025-06-01,2025-06-07,,Ecom Express,In Transit
DLV05565,ORD05565,2025-08-12,2025-08-18,,XpressBees,In Transit
DLV05566,ORD05566,2025-12-26,2026-01-02,,Delhivery,Delayed
DLV05567,ORD05567,2025-04-11,2025-04-18,,XpressBees,Delayed
DLV05568,ORD05568,2025-07-18,2025-07-22,,XpressBees,Failed
DLV05569,ORD05569,2025-03-15,2025-03-18,,Delhivery,Delayed
DLV05570,ORD05570,2025-10-07,2025-10-12,,Delhivery,Delayed
DLV05571,ORD05571,2025-04-02,2025-04-06,,Blue Dart,Failed
DLV05572,ORD05572,2025-11-17,2025-11-20,,XpressBees,Delayed
DLV05573,ORD05573,2025-04-04,2025-04-10,,Delhivery,Delayed
DLV05574,ORD05574,2025-07-26,2025-07-30,,DTDC,Failed
DLV05575,ORD05575,2025-12-01,2025-12-05,2025-12-06,XpressBees,Delivered
DLV05576,ORD05576,2025-02-21,2025-02-28,,Delhivery,In Transit
DLV05577,ORD05577,2025-01-01,2025-01-08,2025-01-09,DTDC,Delivered
DLV05578,ORD05578,2025-06-04,2025-06-08,,Delhivery,In Transit
DLV05579,ORD05579,2025-12-19,2025-12-24,2025-12-26,Blue Dart,Delivered
DLV05580,ORD05580,2025-11-14,2025-11-21,2025-11-20,Ecom Express,Delivered
DLV05581,ORD05581,2025-07-16,2025-07-18,,Ecom Express,Out for Delivery
DLV05582,ORD05582,2025-01-01,2025-01-06,,Blue Dart,Delayed
DLV05583,ORD05583,2025-02-27,2025-03-03,,Blue Dart,Out for Delivery
DLV05584,ORD05584,2025-03-03,2025-03-10,,XpressBees,Out for Delivery
DLV05585,ORD05585,2025-08-08,2025-08-14,,XpressBees,Failed
DLV05586,ORD05586,2025-06-06,2025-06-13,,Delhivery,Failed
DLV05587,ORD05587,2025-06-29,2025-07-06,,Delhivery,In Transit
DLV05588,ORD05588,2025-02-05,2025-02-09,,Delhivery,Failed
DLV05589,ORD05589,2025-05-12,2025-05-14,,Blue Dart,Failed
DLV05590,ORD05590,2025-07-10,2025-07-13,,Ecom Express,Delayed
DLV05591,ORD05591,2025-10-20,2025-10-25,,Blue Dart,Delayed
DLV05592,ORD05592,2025-07-31,2025-08-06,,DTDC,In Transit
DLV05593,ORD05593,2025-05-17,2025-05-21,,Ecom Express,Delayed
DLV05594,ORD05594,2025-09-29,2025-10-04,,Delhivery,Out for Delivery
DLV05595,ORD05595,2025-09-27,2025-10-03,2025-10-04,XpressBees,Delivered
DLV05596,ORD05596,2025-05-11,2025-05-16,,Blue Dart,In Transit
DLV05597,ORD05597,2025-03-14,2025-03-17,,Ecom Express,Out for Delivery
DLV05598,ORD05598,2025-08-17,2025-08-21,,DTDC,Out for Delivery
DLV05599,ORD05599,2025-08-07,2025-08-10,2025-08-13,DTDC,Delivered
DLV05600,ORD05600,2025-01-21,2025-01-28,,Blue Dart,In Transit
DLV05601,ORD05601,2025-10-13,2025-10-16,2025-10-16,Ecom Express,Delivered
DLV05602,ORD05602,2025-01-05,2025-01-08,,DTDC,Failed
DLV05603,ORD05603,2025-06-06,2025-06-09,,Delhivery,In Transit
DLV05604,ORD05604,2025-12-07,2025-12-09,,DTDC,Out for Delivery
DLV05605,ORD05605,2025-08-26,2025-08-31,2025-09-01,Ecom Express,Delivered
DLV05606,ORD05606,2025-12-11,2025-12-16,,XpressBees,Failed
DLV05607,ORD05607,2025-06-22,2025-06-25,,Blue Dart,Failed
DLV05608,ORD05608,2025-02-13,2025-02-19,,Delhivery,Failed
DLV05609,ORD05609,2025-01-30,2025-02-05,,Blue Dart,Out for Delivery
DLV05610,ORD05610,2025-10-29,2025-11-02,,DTDC,Failed
DLV05611,ORD05611,2025-02-13,2025-02-17,,Ecom Express,Delayed
DLV05612,ORD05612,2025-01-11,2025-01-18,,XpressBees,Failed
DLV05613,ORD05613,2025-09-12,2025-09-16,,Delhivery,Delayed
DLV05614,ORD05614,2025-11-29,2025-12-02,,XpressBees,Delayed
DLV05615,ORD05615,2025-03-01,2025-03-04,,Blue Dart,Delayed
DLV05616,ORD05616,2025-09-26,2025-10-02,,DTDC,In Transit
DLV05617,ORD05617,2025-05-31,2025-06-07,,Blue Dart,In Transit
DLV05618,ORD05618,2025-10-11,2025-10-14,,DTDC,In Transit
DLV05619,ORD05619,2025-07-20,2025-07-22,,Delhivery,Failed
DLV05620,ORD05620,2025-10-10,2025-10-15,,Delhivery,Out for Delivery
DLV05621,ORD05621,2025-01-31,2025-02-05,,Delhivery,Failed
DLV05622,ORD05622,2025-04-01,2025-04-03,2025-04-05,DTDC,Delivered
DLV05623,ORD05623,2025-06-29,2025-07-02,,Delhivery,Failed
DLV05624,ORD05624,2025-02-17,2025-02-20,,XpressBees,Delayed
DLV05625,ORD05625,2025-08-14,2025-08-18,,Ecom Express,In Transit
DLV05626,ORD05626,2025-06-17,2025-06-20,,DTDC,Delayed
DLV05627,ORD05627,2025-06-10,2025-06-12,,DTDC,Delayed
DLV05628,ORD05628,2025-10-19,2025-10-21,,Ecom Express,Out for Delivery
DLV05629,ORD05629,2025-01-19,2025-01-21,,Delhivery,Failed
DLV05630,ORD05630,2025-02-28,2025-03-05,,Ecom Express,In Transit
DLV05631,ORD05631,2025-03-10,2025-03-16,,Ecom Express,Out for Delivery
DLV05632,ORD05632,2025-07-19,2025-07-21,,DTDC,In Transit
DLV05633,ORD05633,2025-11-30,2025-12-06,,DTDC,Delayed
DLV05634,ORD05634,2025-02-28,2025-03-06,,XpressBees,Delayed
DLV05635,ORD05635,2025-12-19,2025-12-26,2025-12-25,Delhivery,Delivered
DLV05636,ORD05636,2025-02-24,2025-02-26,,DTDC,Failed
DLV05637,ORD05637,2025-06-06,2025-06-13,,Delhivery,Delayed
DLV05638,ORD05638,2025-05-13,2025-05-19,,DTDC,Delayed
DLV05639,ORD05639,2025-03-27,2025-03-30,,XpressBees,Failed
DLV05640,ORD05640,2025-10-20,2025-10-24,,Ecom Express,Out for Delivery
DLV05641,ORD05641,2025-06-28,2025-07-05,2025-07-06,Delhivery,Delivered
DLV05642,ORD05642,2025-05-28,2025-06-01,,Blue Dart,In Transit
DLV05643,ORD05643,2025-09-26,2025-09-30,,XpressBees,Delayed
DLV05644,ORD05644,2025-04-04,2025-04-09,,Ecom Express,Out for Delivery
DLV05645,ORD05645,2025-07-08,2025-07-11,2025-07-13,Blue Dart,Delivered
DLV05646,ORD05646,2025-04-20,2025-04-25,,Ecom Express,In Transit
DLV05647,ORD05647,2025-07-16,2025-07-23,,DTDC,Delayed
DLV05648,ORD05648,2025-09-14,2025-09-18,,Delhivery,In Transit
DLV05649,ORD05649,2025-01-31,2025-02-03,,Ecom Express,Failed
DLV05650,ORD05650,2025-06-15,2025-06-20,,Delhivery,Delayed
DLV05651,ORD05651,2025-08-18,2025-08-21,,Delhivery,Delayed
DLV05652,ORD05652,2025-12-10,2025-12-12,,Delhivery,Out for Delivery
DLV05653,ORD05653,2025-07-13,2025-07-16,,XpressBees,In Transit
DLV05654,ORD05654,2025-04-10,2025-04-12,,Delhivery,Delayed
DLV05655,ORD05655,2025-09-08,2025-09-13,2025-09-13,Blue Dart,Delivered
DLV05656,ORD05656,2025-12-16,2025-12-22,,DTDC,In Transit
DLV05657,ORD05657,2025-10-14,2025-10-20,,Delhivery,In Transit
DLV05658,ORD05658,2025-10-21,2025-10-26,2025-10-28,DTDC,Delivered
DLV05659,ORD05659,2025-07-08,2025-07-12,,Delhivery,Out for Delivery
DLV05660,ORD05660,2025-04-25,2025-05-01,,DTDC,Failed
DLV05661,ORD05661,2025-07-29,2025-08-04,,XpressBees,Delayed
DLV05662,ORD05662,2025-06-02,2025-06-05,,Ecom Express,Failed
DLV05663,ORD05663,2025-10-20,2025-10-22,,Ecom Express,Failed
DLV05664,ORD05664,2025-04-11,2025-04-18,2025-04-19,Blue Dart,Delivered
DLV05665,ORD05665,2025-08-30,2025-09-06,,DTDC,Out for Delivery
DLV05666,ORD05666,2025-10-28,2025-10-30,,Ecom Express,In Transit
DLV05667,ORD05667,2025-09-10,2025-09-13,,Blue Dart,Delayed
DLV05668,ORD05668,2025-10-01,2025-10-05,2025-10-06,XpressBees,Delivered
DLV05669,ORD05669,2025-03-29,2025-04-05,,Delhivery,Failed
DLV05670,ORD05670,2025-06-05,2025-06-10,2025-06-12,XpressBees,Delivered
DLV05671,ORD05671,2025-09-11,2025-09-15,2025-09-18,XpressBees,Delivered
DLV05672,ORD05672,2025-09-08,2025-09-15,2025-09-17,Blue Dart,Delivered
DLV05673,ORD05673,2025-03-25,2025-03-29,2025-04-01,XpressBees,Delivered
DLV05674,ORD05674,2025-07-30,2025-08-05,2025-08-08,Delhivery,Delivered
DLV05675,ORD05675,2025-01-01,2025-01-05,,DTDC,Out for Delivery
DLV05676,ORD05676,2025-06-07,2025-06-14,2025-06-17,XpressBees,Delivered
DLV05677,ORD05677,2025-12-13,2025-12-18,,Ecom Express,Delayed
DLV05678,ORD05678,2025-02-24,2025-02-26,,Delhivery,Out for Delivery
DLV05679,ORD05679,2025-12-16,2025-12-20,,DTDC,Failed
DLV05680,ORD05680,2025-04-03,2025-04-08,2025-04-09,Ecom Express,Delivered
DLV05681,ORD05681,2025-05-26,2025-05-28,,DTDC,In Transit
DLV05682,ORD05682,2025-09-22,2025-09-29,,Ecom Express,In Transit
DLV05683,ORD05683,2025-03-30,2025-04-05,,XpressBees,In Transit
DLV05684,ORD05684,2025-10-10,2025-10-17,,Ecom Express,Out for Delivery
DLV05685,ORD05685,2025-02-20,2025-02-25,,XpressBees,Delayed
DLV05686,ORD05686,2025-06-04,2025-06-08,,XpressBees,Delayed
DLV05687,ORD05687,2025-04-27,2025-05-01,,DTDC,Out for Delivery
DLV05688,ORD05688,2025-08-30,2025-09-04,2025-09-07,XpressBees,Delivered
DLV05689,ORD05689,2025-03-11,2025-03-17,,DTDC,Failed
DLV05690,ORD05690,2025-09-25,2025-09-30,2025-09-29,Delhivery,Delivered
DLV05691,ORD05691,2025-02-21,2025-02-27,2025-03-01,Delhivery,Delivered
DLV05692,ORD05692,2025-01-31,2025-02-05,,XpressBees,Delayed
DLV05693,ORD05693,2025-04-30,2025-05-03,,Ecom Express,Failed
DLV05694,ORD05694,2025-09-01,2025-09-03,,Ecom Express,Failed
DLV05695,ORD05695,2025-01-27,2025-02-02,2025-02-05,XpressBees,Delivered
DLV05696,ORD05696,2025-03-01,2025-03-03,,XpressBees,In Transit
DLV05697,ORD05697,2025-05-14,2025-05-18,,Ecom Express,In Transit
DLV05698,ORD05698,2025-10-12,2025-10-17,,Delhivery,Delayed
DLV05699,ORD05699,2025-05-28,2025-05-31,,Delhivery,Out for Delivery
DLV05700,ORD05700,2025-08-18,2025-08-25,,XpressBees,In Transit
DLV05701,ORD05701,2025-08-18,2025-08-24,,Blue Dart,Delayed
DLV05702,ORD05702,2025-04-27,2025-05-02,,Ecom Express,Out for Delivery
DLV05703,ORD05703,2025-04-13,2025-04-16,,Ecom Express,In Transit
DLV05704,ORD05704,2025-01-14,2025-01-19,,Delhivery,In Transit
DLV05705,ORD05705,2025-05-31,2025-06-04,,XpressBees,Delayed
DLV05706,ORD05706,2025-12-17,2025-12-24,,XpressBees,In Transit
DLV05707,ORD05707,2025-08-29,2025-09-05,2025-09-05,Delhivery,Delivered
DLV05708,ORD05708,2025-01-17,2025-01-20,,XpressBees,Failed
DLV05709,ORD05709,2025-08-02,2025-08-08,2025-08-07,XpressBees,Delivered
DLV05710,ORD05710,2025-07-07,2025-07-14,,Ecom Express,Out for Delivery
DLV05711,ORD05711,2025-02-05,2025-02-12,,Ecom Express,In Transit
DLV05712,ORD05712,2025-08-20,2025-08-26,,Delhivery,Failed
DLV05713,ORD05713,2025-03-12,2025-03-18,,DTDC,Out for Delivery
DLV05714,ORD05714,2025-04-16,2025-04-22,,Blue Dart,Failed
DLV05715,ORD05715,2025-04-09,2025-04-12,,Delhivery,Failed
DLV05716,ORD05716,2025-02-03,2025-02-09,2025-02-10,Ecom Express,Delivered
DLV05717,ORD05717,2025-06-20,2025-06-24,,Blue Dart,Failed
DLV05718,ORD05718,2025-10-08,2025-10-12,,DTDC,Out for Delivery
DLV05719,ORD05719,2025-11-26,2025-12-01,2025-12-01,XpressBees,Delivered
DLV05720,ORD05720,2025-11-25,2025-11-29,,Ecom Express,Out for Delivery
DLV05721,ORD05721,2025-08-02,2025-08-08,,Ecom Express,Out for Delivery
DLV05722,ORD05722,2025-08-04,2025-08-07,,Blue Dart,Failed
DLV05723,ORD05723,2025-12-18,2025-12-25,,Ecom Express,Delayed
DLV05724,ORD05724,2025-03-25,2025-03-31,,XpressBees,Out for Delivery
DLV05725,ORD05725,2025-09-16,2025-09-21,,Delhivery,In Transit
DLV05726,ORD05726,2025-09-10,2025-09-17,,Delhivery,Failed
DLV05727,ORD05727,2025-08-07,2025-08-14,,Delhivery,Out for Delivery
DLV05728,ORD05728,2025-08-21,2025-08-24,,XpressBees,Out for Delivery
DLV05729,ORD05729,2025-05-31,2025-06-03,2025-06-02,Blue Dart,Delivered
DLV05730,ORD05730,2025-11-08,2025-11-15,2025-11-15,Blue Dart,Delivered
DLV05731,ORD05731,2025-06-26,2025-06-29,,Blue Dart,Delayed
DLV05732,ORD05732,2025-04-12,2025-04-17,,DTDC,Out for Delivery
DLV05733,ORD05733,2025-01-11,2025-01-18,,Delhivery,Failed
DLV05734,ORD05734,2025-07-31,2025-08-05,,XpressBees,Delayed
DLV05735,ORD05735,2025-09-14,2025-09-21,,Blue Dart,Delayed
DLV05736,ORD05736,2025-11-27,2025-11-30,,Delhivery,Out for Delivery
DLV05737,ORD05737,2025-04-19,2025-04-26,,Delhivery,Out for Delivery
DLV05738,ORD05738,2025-12-22,2025-12-27,,DTDC,Out for Delivery
DLV05739,ORD05739,2025-01-29,2025-02-03,2025-02-06,Delhivery,Delivered
DLV05740,ORD05740,2025-03-20,2025-03-23,,DTDC,Delayed
DLV05741,ORD05741,2025-11-17,2025-11-24,,Blue Dart,In Transit
DLV05742,ORD05742,2025-01-13,2025-01-18,,DTDC,In Transit
DLV05743,ORD05743,2025-08-27,2025-09-02,,DTDC,Failed
DLV05744,ORD05744,2025-10-18,2025-10-22,,Blue Dart,Delayed
DLV05745,ORD05745,2025-05-02,2025-05-05,,Delhivery,Failed
DLV05746,ORD05746,2025-01-25,2025-01-27,,Blue Dart,Out for Delivery
DLV05747,ORD05747,2025-06-18,2025-06-20,,Delhivery,Out for Delivery
DLV05748,ORD05748,2025-05-01,2025-05-06,2025-05-09,Blue Dart,Delivered
DLV05749,ORD05749,2025-06-08,2025-06-10,,XpressBees,Failed
DLV05750,ORD05750,2025-03-29,2025-04-05,,Blue Dart,Delayed
DLV05751,ORD05751,2025-01-15,2025-01-22,,Delhivery,Failed
DLV05752,ORD05752,2025-06-22,2025-06-26,,XpressBees,Out for Delivery
DLV05753,ORD05753,2025-12-17,2025-12-21,,Delhivery,Failed
DLV05754,ORD05754,2025-01-06,2025-01-08,,DTDC,Failed
DLV05755,ORD05755,2025-12-18,2025-12-20,,XpressBees,Delayed
DLV05756,ORD05756,2025-12-03,2025-12-05,,DTDC,In Transit
DLV05757,ORD05757,2025-02-27,2025-03-02,2025-03-04,XpressBees,Delivered
DLV05758,ORD05758,2025-02-22,2025-02-24,,XpressBees,Failed
DLV05759,ORD05759,2025-08-26,2025-08-31,,XpressBees,In Transit
DLV05760,ORD05760,2025-02-01,2025-02-08,,XpressBees,Out for Delivery
DLV05761,ORD05761,2025-06-18,2025-06-24,,XpressBees,Out for Delivery
DLV05762,ORD05762,2025-06-04,2025-06-11,,Ecom Express,Failed
DLV05763,ORD05763,2025-11-30,2025-12-05,,XpressBees,Failed
DLV05764,ORD05764,2025-10-11,2025-10-13,,Ecom Express,Delayed
DLV05765,ORD05765,2025-08-13,2025-08-18,,XpressBees,In Transit
DLV05766,ORD05766,2025-11-17,2025-11-23,,DTDC,Delayed
DLV05767,ORD05767,2025-09-15,2025-09-17,,XpressBees,Failed
DLV05768,ORD05768,2025-11-14,2025-11-19,,Delhivery,Failed
DLV05769,ORD05769,2025-09-20,2025-09-26,,Delhivery,Failed
DLV05770,ORD05770,2025-12-17,2025-12-20,,Ecom Express,Out for Delivery
DLV05771,ORD05771,2025-03-20,2025-03-23,,Blue Dart,Delayed
DLV05772,ORD05772,2025-04-09,2025-04-14,,Blue Dart,Failed
DLV05773,ORD05773,2025-09-23,2025-09-28,,DTDC,In Transit
DLV05774,ORD05774,2025-09-05,2025-09-11,,Delhivery,Failed
DLV05775,ORD05775,2025-05-15,2025-05-22,,XpressBees,Delayed
DLV05776,ORD05776,2025-03-26,2025-03-28,,DTDC,In Transit
DLV05777,ORD05777,2025-05-21,2025-05-23,2025-05-22,Blue Dart,Delivered
DLV05778,ORD05778,2025-10-22,2025-10-25,,Ecom Express,Delayed
DLV05779,ORD05779,2025-06-14,2025-06-20,,Ecom Express,Out for Delivery
DLV05780,ORD05780,2025-12-10,2025-12-14,,Delhivery,Failed
DLV05781,ORD05781,2025-06-08,2025-06-10,,Ecom Express,Out for Delivery
DLV05782,ORD05782,2025-11-07,2025-11-12,2025-11-15,XpressBees,Delivered
DLV05783,ORD05783,2025-04-24,2025-04-28,,Ecom Express,Failed
DLV05784,ORD05784,2025-07-20,2025-07-26,,Delhivery,Delayed
DLV05785,ORD05785,2025-04-05,2025-04-08,,XpressBees,In Transit
DLV05786,ORD05786,2025-04-09,2025-04-13,,Ecom Express,Out for Delivery
DLV05787,ORD05787,2025-05-25,2025-05-27,,DTDC,Delayed
DLV05788,ORD05788,2025-02-17,2025-02-23,,XpressBees,In Transit
DLV05789,ORD05789,2025-08-24,2025-08-30,,Blue Dart,Out for Delivery
DLV05790,ORD05790,2025-02-13,2025-02-15,,Ecom Express,Delayed
DLV05791,ORD05791,2025-07-22,2025-07-26,,Blue Dart,Out for Delivery
DLV05792,ORD05792,2025-01-09,2025-01-11,,XpressBees,Delayed
DLV05793,ORD05793,2025-08-09,2025-08-12,,Ecom Express,Out for Delivery
DLV05794,ORD05794,2025-11-18,2025-11-22,,Delhivery,Delayed
DLV05795,ORD05795,2025-02-14,2025-02-20,,Delhivery,Failed
DLV05796,ORD05796,2025-10-29,2025-10-31,,Delhivery,Out for Delivery
DLV05797,ORD05797,2025-04-16,2025-04-21,,Blue Dart,Out for Delivery
DLV05798,ORD05798,2025-03-19,2025-03-25,,Blue Dart,Failed
DLV05799,ORD05799,2025-11-21,2025-11-28,,Delhivery,In Transit
DLV05800,ORD05800,2025-01-03,2025-01-08,,XpressBees,Failed
DLV05801,ORD05801,2025-03-31,2025-04-07,,Ecom Express,In Transit
DLV05802,ORD05802,2025-10-01,2025-10-04,2025-10-05,Ecom Express,Delivered
DLV05803,ORD05803,2025-02-07,2025-02-10,,XpressBees,In Transit
DLV05804,ORD05804,2025-07-07,2025-07-14,,Delhivery,Out for Delivery
DLV05805,ORD05805,2025-12-15,2025-12-19,,XpressBees,Failed
DLV05806,ORD05806,2025-07-03,2025-07-07,,Delhivery,Delayed
DLV05807,ORD05807,2025-03-12,2025-03-14,2025-03-17,Delhivery,Delivered
DLV05808,ORD05808,2025-03-11,2025-03-14,,XpressBees,In Transit
DLV05809,ORD05809,2025-10-21,2025-10-27,,XpressBees,In Transit
DLV05810,ORD05810,2025-07-05,2025-07-10,,Ecom Express,Failed
DLV05811,ORD05811,2025-04-26,2025-04-28,,Delhivery,Delayed
DLV05812,ORD05812,2025-10-25,2025-10-31,,Delhivery,Failed
DLV05813,ORD05813,2025-06-16,2025-06-19,2025-06-19,Ecom Express,Delivered
DLV05814,ORD05814,2025-12-12,2025-12-19,,Delhivery,Failed
DLV05815,ORD05815,2025-12-29,2026-01-03,,Delhivery,Delayed
DLV05816,ORD05816,2025-10-19,2025-10-25,,DTDC,Failed
DLV05817,ORD05817,2025-11-13,2025-11-18,,Blue Dart,Failed
DLV05818,ORD05818,2025-06-06,2025-06-08,,Blue Dart,Failed
DLV05819,ORD05819,2025-01-15,2025-01-18,,Delhivery,In Transit
DLV05820,ORD05820,2025-06-28,2025-07-02,,XpressBees,In Transit
DLV05821,ORD05821,2025-08-28,2025-09-04,,Ecom Express,Failed
DLV05822,ORD05822,2025-02-24,2025-02-28,,DTDC,In Transit
DLV05823,ORD05823,2025-08-29,2025-09-01,2025-09-01,DTDC,Delivered
DLV05824,ORD05824,2025-10-13,2025-10-20,,Blue Dart,Delayed
DLV05825,ORD05825,2025-12-12,2025-12-18,,Ecom Express,Out for Delivery
DLV05826,ORD05826,2025-09-18,2025-09-22,2025-09-25,DTDC,Delivered
DLV05827,ORD05827,2025-12-16,2025-12-23,,Blue Dart,Delayed
DLV05828,ORD05828,2025-01-19,2025-01-25,2025-01-27,Ecom Express,Delivered
DLV05829,ORD05829,2025-10-07,2025-10-10,,DTDC,Delayed
DLV05830,ORD05830,2025-04-17,2025-04-24,,Blue Dart,Failed
DLV05831,ORD05831,2025-09-11,2025-09-17,,Blue Dart,In Transit
DLV05832,ORD05832,2025-03-27,2025-04-01,,XpressBees,Delayed
DLV05833,ORD05833,2025-07-19,2025-07-24,,Blue Dart,Delayed
DLV05834,ORD05834,2025-05-06,2025-05-13,2025-05-12,Ecom Express,Delivered
DLV05835,ORD05835,2025-08-14,2025-08-20,2025-08-21,Delhivery,Delivered
DLV05836,ORD05836,2025-03-05,2025-03-09,,Delhivery,Failed
DLV05837,ORD05837,2025-10-04,2025-10-11,,Ecom Express,Failed
DLV05838,ORD05838,2025-09-02,2025-09-06,,DTDC,Delayed
DLV05839,ORD05839,2025-09-25,2025-09-30,,Blue Dart,Out for Delivery
DLV05840,ORD05840,2025-01-06,2025-01-13,2025-01-12,Blue Dart,Delivered
DLV05841,ORD05841,2025-07-29,2025-08-01,,Delhivery,Delayed
DLV05842,ORD05842,2025-09-09,2025-09-12,,Delhivery,In Transit
DLV05843,ORD05843,2025-04-05,2025-04-11,2025-04-10,Delhivery,Delivered
DLV05844,ORD05844,2025-07-10,2025-07-15,,XpressBees,Out for Delivery
DLV05845,ORD05845,2025-06-18,2025-06-23,2025-06-26,DTDC,Delivered
DLV05846,ORD05846,2025-04-02,2025-04-07,,DTDC,Failed
DLV05847,ORD05847,2025-12-20,2025-12-24,,Delhivery,In Transit
DLV05848,ORD05848,2025-08-26,2025-08-30,,Ecom Express,Out for Delivery
DLV05849,ORD05849,2025-11-10,2025-11-13,,Delhivery,Delayed
DLV05850,ORD05850,2025-07-02,2025-07-05,,Delhivery,In Transit
DLV05851,ORD05851,2025-01-23,2025-01-25,,DTDC,Out for Delivery
DLV05852,ORD05852,2025-02-15,2025-02-17,2025-02-18,Blue Dart,Delivered
DLV05853,ORD05853,2025-10-12,2025-10-15,,DTDC,Delayed
DLV05854,ORD05854,2025-08-14,2025-08-19,,XpressBees,Failed
DLV05855,ORD05855,2025-03-12,2025-03-15,,Ecom Express,Delayed
DLV05856,ORD05856,2025-01-21,2025-01-24,2025-01-27,XpressBees,Delivered
DLV05857,ORD05857,2025-10-23,2025-10-28,,XpressBees,Failed
DLV05858,ORD05858,2025-08-24,2025-08-29,,DTDC,Delayed
DLV05859,ORD05859,2025-01-13,2025-01-15,2025-01-14,Blue Dart,Delivered
DLV05860,ORD05860,2025-10-05,2025-10-10,,Ecom Express,Delayed
DLV05861,ORD05861,2025-09-20,2025-09-24,,Ecom Express,Out for Delivery
DLV05862,ORD05862,2025-03-21,2025-03-25,,XpressBees,Failed
DLV05863,ORD05863,2025-07-30,2025-08-04,,Blue Dart,In Transit
DLV05864,ORD05864,2025-07-30,2025-08-02,2025-08-02,Blue Dart,Delivered
DLV05865,ORD05865,2025-09-24,2025-09-28,,Ecom Express,Out for Delivery
DLV05866,ORD05866,2025-09-12,2025-09-17,,Ecom Express,Failed
DLV05867,ORD05867,2025-11-29,2025-12-02,,Delhivery,In Transit
DLV05868,ORD05868,2025-11-06,2025-11-08,,XpressBees,Out for Delivery
DLV05869,ORD05869,2025-12-02,2025-12-06,2025-12-08,Blue Dart,Delivered
DLV05870,ORD05870,2025-01-01,2025-01-04,,DTDC,In Transit
DLV05871,ORD05871,2025-09-09,2025-09-14,,Blue Dart,In Transit
DLV05872,ORD05872,2025-12-27,2025-12-30,2025-12-29,Delhivery,Delivered
DLV05873,ORD05873,2025-08-14,2025-08-21,,Ecom Express,Failed
DLV05874,ORD05874,2025-07-18,2025-07-20,,Blue Dart,Delayed
DLV05875,ORD05875,2025-09-11,2025-09-15,,XpressBees,Failed
DLV05876,ORD05876,2025-05-28,2025-05-30,,XpressBees,Failed
DLV05877,ORD05877,2025-02-07,2025-02-10,,DTDC,In Transit
DLV05878,ORD05878,2025-12-13,2025-12-19,,Blue Dart,Delayed
DLV05879,ORD05879,2025-09-14,2025-09-16,,XpressBees,In Transit
DLV05880,ORD05880,2025-09-29,2025-10-03,,DTDC,Delayed
DLV05881,ORD05881,2025-11-07,2025-11-10,,Delhivery,Failed
DLV05882,ORD05882,2025-08-27,2025-09-02,,XpressBees,Failed
DLV05883,ORD05883,2025-08-24,2025-08-30,,Blue Dart,In Transit
DLV05884,ORD05884,2025-12-16,2025-12-22,,DTDC,Out for Delivery
DLV05885,ORD05885,2025-05-07,2025-05-09,,Ecom Express,Out for Delivery
DLV05886,ORD05886,2025-10-03,2025-10-05,,XpressBees,Delayed
DLV05887,ORD05887,2025-11-17,2025-11-24,,Blue Dart,Delayed
DLV05888,ORD05888,2025-09-21,2025-09-28,,DTDC,Delayed
DLV05889,ORD05889,2025-07-20,2025-07-27,,Ecom Express,Out for Delivery
DLV05890,ORD05890,2025-12-04,2025-12-09,,DTDC,Failed
DLV05891,ORD05891,2025-04-19,2025-04-25,,DTDC,In Transit
DLV05892,ORD05892,2025-04-27,2025-05-04,,Ecom Express,Out for Delivery
DLV05893,ORD05893,2025-12-01,2025-12-03,,DTDC,Failed
DLV05894,ORD05894,2025-10-18,2025-10-20,2025-10-20,Ecom Express,Delivered
DLV05895,ORD05895,2025-12-01,2025-12-04,2025-12-06,DTDC,Delivered
DLV05896,ORD05896,2025-11-01,2025-11-07,,XpressBees,Out for Delivery
DLV05897,ORD05897,2025-03-06,2025-03-13,,Delhivery,Failed
DLV05898,ORD05898,2025-02-06,2025-02-10,,XpressBees,In Transit
DLV05899,ORD05899,2025-06-23,2025-06-26,,Delhivery,In Transit
DLV05900,ORD05900,2025-08-18,2025-08-21,,DTDC,Out for Delivery
DLV05901,ORD05901,2025-09-26,2025-10-01,2025-10-04,XpressBees,Delivered
DLV05902,ORD05902,2025-12-08,2025-12-10,,DTDC,Failed
DLV05903,ORD05903,2025-09-13,2025-09-16,,Ecom Express,In Transit
DLV05904,ORD05904,2025-07-19,2025-07-22,,XpressBees,Failed
DLV05905,ORD05905,2025-07-28,2025-07-31,,Ecom Express,Delayed
DLV05906,ORD05906,2025-11-23,2025-11-26,,XpressBees,Out for Delivery
DLV05907,ORD05907,2025-03-07,2025-03-10,,DTDC,In Transit
DLV05908,ORD05908,2025-08-29,2025-09-04,,Delhivery,Out for Delivery
DLV05909,ORD05909,2025-06-22,2025-06-25,,DTDC,Delayed
DLV05910,ORD05910,2025-09-16,2025-09-18,,XpressBees,Failed
DLV05911,ORD05911,2025-11-26,2025-12-03,,Ecom Express,Out for Delivery
DLV05912,ORD05912,2025-10-10,2025-10-15,,XpressBees,In Transit
DLV05913,ORD05913,2025-06-13,2025-06-19,,Delhivery,Delayed
DLV05914,ORD05914,2025-12-19,2025-12-23,,Delhivery,Delayed
DLV05915,ORD05915,2025-12-05,2025-12-08,,XpressBees,Out for Delivery
DLV05916,ORD05916,2025-08-24,2025-08-28,,XpressBees,Out for Delivery
DLV05917,ORD05917,2025-08-07,2025-08-14,,Ecom Express,Delayed
DLV05918,ORD05918,2025-04-04,2025-04-11,,Ecom Express,Delayed
DLV05919,ORD05919,2025-11-03,2025-11-05,,XpressBees,Failed
DLV05920,ORD05920,2025-09-11,2025-09-17,,DTDC,In Transit
DLV05921,ORD05921,2025-08-18,2025-08-25,,XpressBees,In Transit
DLV05922,ORD05922,2025-02-22,2025-02-28,,XpressBees,Out for Delivery
DLV05923,ORD05923,2025-10-22,2025-10-27,,Ecom Express,Out for Delivery
DLV05924,ORD05924,2025-04-16,2025-04-21,,Blue Dart,Out for Delivery
DLV05925,ORD05925,2025-06-16,2025-06-21,,Blue Dart,Delayed
DLV05926,ORD05926,2025-10-11,2025-10-17,,Blue Dart,Delayed
DLV05927,ORD05927,2025-12-26,2025-12-30,,Blue Dart,Delayed
DLV05928,ORD05928,2025-12-23,2025-12-28,,Blue Dart,Out for Delivery
DLV05929,ORD05929,2025-03-08,2025-03-13,2025-03-13,Blue Dart,Delivered
DLV05930,ORD05930,2025-09-04,2025-09-10,,DTDC,Failed
DLV05931,ORD05931,2025-01-24,2025-01-27,2025-01-30,Blue Dart,Delivered
DLV05932,ORD05932,2025-08-04,2025-08-10,,XpressBees,Failed
DLV05933,ORD05933,2025-04-08,2025-04-11,,XpressBees,Out for Delivery
DLV05934,ORD05934,2025-03-05,2025-03-09,,DTDC,Delayed
DLV05935,ORD05935,2025-05-13,2025-05-20,,Blue Dart,Out for Delivery
DLV05936,ORD05936,2025-02-11,2025-02-17,,Delhivery,Delayed
DLV05937,ORD05937,2025-01-20,2025-01-23,,XpressBees,Failed
DLV05938,ORD05938,2025-04-07,2025-04-14,,DTDC,In Transit
DLV05939,ORD05939,2025-01-01,2025-01-04,,Blue Dart,In Transit
DLV05940,ORD05940,2025-02-25,2025-03-04,,Delhivery,In Transit
DLV05941,ORD05941,2025-10-27,2025-11-03,,Blue Dart,Failed
DLV05942,ORD05942,2025-11-20,2025-11-23,,DTDC,Out for Delivery
DLV05943,ORD05943,2025-02-02,2025-02-05,,Delhivery,Out for Delivery
DLV05944,ORD05944,2025-07-29,2025-08-01,,Ecom Express,In Transit
DLV05945,ORD05945,2025-12-12,2025-12-19,,Ecom Express,Failed
DLV05946,ORD05946,2025-10-21,2025-10-27,,Blue Dart,Out for Delivery
DLV05947,ORD05947,2025-06-15,2025-06-18,,Delhivery,Delayed
DLV05948,ORD05948,2025-11-10,2025-11-13,,Blue Dart,Out for Delivery
DLV05949,ORD05949,2025-09-10,2025-09-14,,DTDC,Delayed
DLV05950,ORD05950,2025-02-27,2025-03-03,,DTDC,Delayed
DLV05951,ORD05951,2025-04-13,2025-04-20,2025-04-21,Ecom Express,Delivered
DLV05952,ORD05952,2025-05-22,2025-05-28,,DTDC,Out for Delivery
DLV05953,ORD05953,2025-06-27,2025-07-02,,XpressBees,Out for Delivery
DLV05954,ORD05954,2025-06-01,2025-06-05,,Delhivery,Out for Delivery
DLV05955,ORD05955,2025-12-10,2025-12-13,,XpressBees,In Transit
DLV05956,ORD05956,2025-07-06,2025-07-11,,Ecom Express,Failed
DLV05957,ORD05957,2025-08-20,2025-08-26,2025-08-28,Blue Dart,Delivered
DLV05958,ORD05958,2025-10-02,2025-10-09,,Ecom Express,Out for Delivery
DLV05959,ORD05959,2025-03-05,2025-03-10,,DTDC,Delayed
DLV05960,ORD05960,2025-05-29,2025-06-03,,Delhivery,Delayed
DLV05961,ORD05961,2025-03-16,2025-03-23,,XpressBees,Out for Delivery
DLV05962,ORD05962,2025-01-25,2025-01-28,,DTDC,In Transit
DLV05963,ORD05963,2025-06-26,2025-06-30,,DTDC,Delayed
DLV05964,ORD05964,2025-11-21,2025-11-25,,Delhivery,Failed
DLV05965,ORD05965,2025-09-15,2025-09-17,,DTDC,Failed
DLV05966,ORD05966,2025-12-31,2026-01-05,,Ecom Express,In Transit
DLV05967,ORD05967,2025-06-21,2025-06-28,,Blue Dart,In Transit
DLV05968,ORD05968,2025-04-17,2025-04-24,2025-04-27,Ecom Express,Delivered
DLV05969,ORD05969,2025-09-11,2025-09-15,2025-09-18,Ecom Express,Delivered
DLV05970,ORD05970,2025-01-19,2025-01-26,,Ecom Express,Out for Delivery
DLV05971,ORD05971,2025-10-22,2025-10-29,2025-10-28,Delhivery,Delivered
DLV05972,ORD05972,2025-10-16,2025-10-23,,Delhivery,Failed
DLV05973,ORD05973,2025-03-11,2025-03-15,,DTDC,Failed
DLV05974,ORD05974,2025-07-23,2025-07-26,,Blue Dart,Failed
DLV05975,ORD05975,2025-02-17,2025-02-24,,DTDC,Failed
DLV05976,ORD05976,2025-06-09,2025-06-13,,XpressBees,Failed
DLV05977,ORD05977,2025-05-21,2025-05-28,,Ecom Express,Failed
DLV05978,ORD05978,2025-08-03,2025-08-07,,XpressBees,In Transit
DLV05979,ORD05979,2025-09-15,2025-09-20,,Delhivery,Out for Delivery
DLV05980,ORD05980,2025-02-28,2025-03-04,,DTDC,Failed
DLV05981,ORD05981,2025-12-29,2026-01-01,,Ecom Express,Out for Delivery
DLV05982,ORD05982,2025-03-25,2025-03-31,,Delhivery,Failed
DLV05983,ORD05983,2025-10-23,2025-10-27,,DTDC,Failed
DLV05984,ORD05984,2025-03-07,2025-03-11,2025-03-14,DTDC,Delivered
DLV05985,ORD05985,2025-11-11,2025-11-14,,DTDC,Failed
DLV05986,ORD05986,2025-04-09,2025-04-11,,XpressBees,Delayed
DLV05987,ORD05987,2025-05-21,2025-05-27,,DTDC,In Transit
DLV05988,ORD05988,2025-11-12,2025-11-15,,Delhivery,Out for Delivery
DLV05989,ORD05989,2025-02-09,2025-02-16,2025-02-17,Ecom Express,Delivered
DLV05990,ORD05990,2025-06-22,2025-06-29,,XpressBees,In Transit
DLV05991,ORD05991,2025-03-08,2025-03-11,,Ecom Express,Delayed
DLV05992,ORD05992,2025-03-31,2025-04-05,2025-04-08,Delhivery,Delivered
DLV05993,ORD05993,2025-03-17,2025-03-19,,Delhivery,Failed
DLV05994,ORD05994,2025-04-06,2025-04-12,,XpressBees,Delayed
DLV05995,ORD05995,2025-12-15,2025-12-21,,Delhivery,Delayed
DLV05996,ORD05996,2025-09-20,2025-09-25,,Delhivery,Failed
DLV05997,ORD05997,2025-10-20,2025-10-22,,DTDC,Delayed
DLV05998,ORD05998,2025-06-30,2025-07-04,,XpressBees,Failed
DLV05999,ORD05999,2025-11-14,2025-11-17,,Delhivery,In Transit
DLV06000,ORD06000,2025-07-06,2025-07-08,2025-07-11,Delhivery,Delivered
DLV06001,ORD06001,2025-02-21,2025-02-25,2025-02-25,XpressBees,Delivered
DLV06002,ORD06002,2025-11-25,2025-11-29,,Ecom Express,In Transit
DLV06003,ORD06003,2025-10-22,2025-10-28,,Blue Dart,Failed
DLV06004,ORD06004,2025-07-25,2025-07-30,,Blue Dart,Failed
DLV06005,ORD06005,2025-12-05,2025-12-09,,Ecom Express,In Transit
DLV06006,ORD06006,2025-03-13,2025-03-19,,Delhivery,Out for Delivery
DLV06007,ORD06007,2025-09-01,2025-09-08,,Blue Dart,Failed
DLV06008,ORD06008,2025-07-27,2025-07-31,,Blue Dart,Delayed
DLV06009,ORD06009,2025-12-25,2025-12-30,,Ecom Express,In Transit
DLV06010,ORD06010,2025-11-21,2025-11-23,,XpressBees,Delayed
DLV06011,ORD06011,2025-06-15,2025-06-18,,XpressBees,Out for Delivery
DLV06012,ORD06012,2025-05-12,2025-05-15,,DTDC,In Transit
DLV06013,ORD06013,2025-08-04,2025-08-11,2025-08-10,DTDC,Delivered
DLV06014,ORD06014,2025-08-19,2025-08-21,,XpressBees,Failed
DLV06015,ORD06015,2025-11-13,2025-11-18,,XpressBees,Delayed
DLV06016,ORD06016,2025-07-16,2025-07-21,2025-07-21,DTDC,Delivered
DLV06017,ORD06017,2025-07-08,2025-07-14,2025-07-17,XpressBees,Delivered
DLV06018,ORD06018,2025-05-27,2025-05-31,,XpressBees,Delayed
DLV06019,ORD06019,2025-01-08,2025-01-13,,XpressBees,Out for Delivery
DLV06020,ORD06020,2025-10-15,2025-10-22,,DTDC,Delayed
DLV06021,ORD06021,2025-04-11,2025-04-15,,Ecom Express,Failed
DLV06022,ORD06022,2025-06-18,2025-06-20,,Delhivery,Failed
DLV06023,ORD06023,2025-08-27,2025-08-30,2025-08-29,Delhivery,Delivered
DLV06024,ORD06024,2025-12-05,2025-12-11,,Delhivery,Delayed
DLV06025,ORD06025,2025-03-24,2025-03-28,,Blue Dart,Delayed
DLV06026,ORD06026,2025-02-24,2025-03-01,,DTDC,Failed
DLV06027,ORD06027,2025-10-12,2025-10-15,,XpressBees,In Transit
DLV06028,ORD06028,2025-12-14,2025-12-21,,Blue Dart,In Transit
DLV06029,ORD06029,2025-10-24,2025-10-27,,Blue Dart,In Transit
DLV06030,ORD06030,2025-10-28,2025-11-03,,XpressBees,Out for Delivery
DLV06031,ORD06031,2025-11-29,2025-12-05,2025-12-04,XpressBees,Delivered
DLV06032,ORD06032,2025-04-06,2025-04-13,,XpressBees,In Transit
DLV06033,ORD06033,2025-03-29,2025-04-03,2025-04-05,DTDC,Delivered
DLV06034,ORD06034,2025-06-26,2025-06-30,,DTDC,Delayed
DLV06035,ORD06035,2025-10-07,2025-10-12,2025-10-15,Delhivery,Delivered
DLV06036,ORD06036,2025-01-08,2025-01-11,,DTDC,In Transit
DLV06037,ORD06037,2025-02-13,2025-02-15,,Ecom Express,Failed
DLV06038,ORD06038,2025-11-14,2025-11-19,,XpressBees,In Transit
DLV06039,ORD06039,2025-12-01,2025-12-07,,XpressBees,Out for Delivery
DLV06040,ORD06040,2025-04-05,2025-04-11,,Delhivery,Failed
DLV06041,ORD06041,2025-07-12,2025-07-16,,Delhivery,Out for Delivery
DLV06042,ORD06042,2025-05-28,2025-05-30,,DTDC,In Transit
DLV06043,ORD06043,2025-03-13,2025-03-16,2025-03-16,Ecom Express,Delivered
DLV06044,ORD06044,2025-11-28,2025-12-02,2025-12-03,DTDC,Delivered
DLV06045,ORD06045,2025-11-26,2025-11-28,,DTDC,Failed
DLV06046,ORD06046,2025-06-29,2025-07-04,2025-07-03,DTDC,Delivered
DLV06047,ORD06047,2025-07-22,2025-07-24,,XpressBees,Out for Delivery
DLV06048,ORD06048,2025-12-23,2025-12-30,2026-01-01,DTDC,Delivered
DLV06049,ORD06049,2025-03-14,2025-03-18,,Blue Dart,Delayed
DLV06050,ORD06050,2025-02-15,2025-02-19,,DTDC,Delayed
DLV06051,ORD06051,2025-01-19,2025-01-26,,DTDC,In Transit
DLV06052,ORD06052,2025-04-08,2025-04-11,,Blue Dart,Delayed
DLV06053,ORD06053,2025-07-09,2025-07-13,,Ecom Express,In Transit
DLV06054,ORD06054,2025-08-02,2025-08-07,,XpressBees,Delayed
DLV06055,ORD06055,2025-05-31,2025-06-06,,Blue Dart,Failed
DLV06056,ORD06056,2025-11-19,2025-11-23,,DTDC,Delayed
DLV06057,ORD06057,2025-10-24,2025-10-28,,DTDC,Out for Delivery
DLV06058,ORD06058,2025-02-11,2025-02-15,,Ecom Express,Delayed
DLV06059,ORD06059,2025-07-02,2025-07-06,,XpressBees,Failed
DLV06060,ORD06060,2025-07-25,2025-07-30,,Blue Dart,Out for Delivery
DLV06061,ORD06061,2025-08-11,2025-08-14,,Blue Dart,In Transit
DLV06062,ORD06062,2025-03-25,2025-03-28,2025-03-28,Delhivery,Delivered
DLV06063,ORD06063,2025-08-30,2025-09-03,,Ecom Express,Out for Delivery
DLV06064,ORD06064,2025-03-04,2025-03-10,,Ecom Express,Out for Delivery
DLV06065,ORD06065,2025-04-27,2025-05-02,,Blue Dart,Out for Delivery
DLV06066,ORD06066,2025-01-02,2025-01-07,2025-01-06,Ecom Express,Delivered
DLV06067,ORD06067,2025-03-10,2025-03-16,,XpressBees,In Transit
DLV06068,ORD06068,2025-10-09,2025-10-15,,Delhivery,Out for Delivery
DLV06069,ORD06069,2025-05-27,2025-06-02,,Ecom Express,In Transit
DLV06070,ORD06070,2025-10-03,2025-10-10,,XpressBees,Failed
DLV06071,ORD06071,2025-05-26,2025-05-28,,Ecom Express,Delayed
DLV06072,ORD06072,2025-10-10,2025-10-15,,Delhivery,Failed
DLV06073,ORD06073,2025-06-17,2025-06-19,,Ecom Express,Out for Delivery
DLV06074,ORD06074,2025-06-05,2025-06-07,,XpressBees,Out for Delivery
DLV06075,ORD06075,2025-05-29,2025-06-02,2025-06-03,Delhivery,Delivered
DLV06076,ORD06076,2025-11-29,2025-12-03,,DTDC,Out for Delivery
DLV06077,ORD06077,2025-08-15,2025-08-19,,XpressBees,Out for Delivery
DLV06078,ORD06078,2025-11-28,2025-12-01,,DTDC,In Transit
DLV06079,ORD06079,2025-10-01,2025-10-03,2025-10-05,Delhivery,Delivered
DLV06080,ORD06080,2025-05-07,2025-05-13,,Delhivery,Failed
DLV06081,ORD06081,2025-08-03,2025-08-05,,Blue Dart,Failed
DLV06082,ORD06082,2025-08-10,2025-08-17,,Ecom Express,Out for Delivery
DLV06083,ORD06083,2025-04-01,2025-04-06,,XpressBees,Delayed
DLV06084,ORD06084,2025-12-26,2025-12-31,,Ecom Express,Failed
DLV06085,ORD06085,2025-02-20,2025-02-22,,XpressBees,In Transit
DLV06086,ORD06086,2025-05-21,2025-05-25,,Delhivery,Delayed
DLV06087,ORD06087,2025-10-23,2025-10-28,,Delhivery,In Transit
DLV06088,ORD06088,2025-10-29,2025-11-03,,Blue Dart,Failed
DLV06089,ORD06089,2025-04-15,2025-04-17,,Delhivery,Delayed
DLV06090,ORD06090,2025-11-21,2025-11-24,2025-11-24,DTDC,Delivered
DLV06091,ORD06091,2025-04-29,2025-05-05,,Blue Dart,In Transit
DLV06092,ORD06092,2025-03-16,2025-03-21,,DTDC,In Transit
DLV06093,ORD06093,2025-08-02,2025-08-07,,Ecom Express,Out for Delivery
DLV06094,ORD06094,2025-11-17,2025-11-23,,DTDC,Failed
DLV06095,ORD06095,2025-10-05,2025-10-08,,Blue Dart,Failed
DLV06096,ORD06096,2025-05-10,2025-05-17,,Delhivery,In Transit
DLV06097,ORD06097,2025-05-19,2025-05-21,,DTDC,Failed
DLV06098,ORD06098,2025-02-24,2025-02-28,,Blue Dart,Out for Delivery
DLV06099,ORD06099,2025-01-27,2025-01-31,2025-02-02,XpressBees,Delivered
DLV06100,ORD06100,2025-04-17,2025-04-21,,Delhivery,Delayed
DLV06101,ORD06101,2025-05-02,2025-05-09,,XpressBees,Out for Delivery
DLV06102,ORD06102,2025-09-29,2025-10-04,2025-10-04,DTDC,Delivered
DLV06103,ORD06103,2025-08-21,2025-08-26,,Ecom Express,Out for Delivery
DLV06104,ORD06104,2025-04-30,2025-05-04,,Ecom Express,Out for Delivery
DLV06105,ORD06105,2025-07-15,2025-07-19,,Blue Dart,Out for Delivery
DLV06106,ORD06106,2025-12-14,2025-12-19,,XpressBees,In Transit
DLV06107,ORD06107,2025-12-16,2025-12-22,,Blue Dart,Delayed
DLV06108,ORD06108,2025-10-23,2025-10-28,,Delhivery,Delayed
DLV06109,ORD06109,2025-01-03,2025-01-09,,Ecom Express,Delayed
DLV06110,ORD06110,2025-04-01,2025-04-08,,Delhivery,Out for Delivery
DLV06111,ORD06111,2025-08-24,2025-08-28,,XpressBees,Out for Delivery
DLV06112,ORD06112,2025-10-22,2025-10-28,,Blue Dart,In Transit
DLV06113,ORD06113,2025-12-10,2025-12-15,2025-12-18,Ecom Express,Delivered
DLV06114,ORD06114,2025-11-03,2025-11-09,,Blue Dart,Delayed
DLV06115,ORD06115,2025-12-27,2025-12-29,,XpressBees,Out for Delivery
DLV06116,ORD06116,2025-03-15,2025-03-22,,DTDC,Delayed
DLV06117,ORD06117,2025-10-30,2025-11-05,,DTDC,Out for Delivery
DLV06118,ORD06118,2025-02-16,2025-02-23,,Delhivery,Failed
DLV06119,ORD06119,2025-09-20,2025-09-27,2025-09-29,Delhivery,Delivered
DLV06120,ORD06120,2025-08-26,2025-08-31,,Ecom Express,In Transit
DLV06121,ORD06121,2025-07-04,2025-07-09,,XpressBees,Failed
DLV06122,ORD06122,2025-12-22,2025-12-24,,Blue Dart,Delayed
DLV06123,ORD06123,2025-09-25,2025-10-02,,DTDC,In Transit
DLV06124,ORD06124,2025-03-25,2025-04-01,,DTDC,Delayed
DLV06125,ORD06125,2025-11-25,2025-11-29,,XpressBees,Failed
DLV06126,ORD06126,2025-03-22,2025-03-24,,Ecom Express,Out for Delivery
DLV06127,ORD06127,2025-05-11,2025-05-17,,DTDC,Out for Delivery
DLV06128,ORD06128,2025-04-05,2025-04-08,,XpressBees,Delayed
DLV06129,ORD06129,2025-07-09,2025-07-13,,DTDC,Out for Delivery
DLV06130,ORD06130,2025-08-20,2025-08-27,,XpressBees,Out for Delivery
DLV06131,ORD06131,2025-11-12,2025-11-16,,XpressBees,Out for Delivery
DLV06132,ORD06132,2025-12-23,2025-12-25,,Ecom Express,In Transit
DLV06133,ORD06133,2025-10-11,2025-10-14,,DTDC,Delayed
DLV06134,ORD06134,2025-08-22,2025-08-26,,XpressBees,In Transit
DLV06135,ORD06135,2025-08-16,2025-08-23,,DTDC,Out for Delivery
DLV06136,ORD06136,2025-08-22,2025-08-26,,Blue Dart,In Transit
DLV06137,ORD06137,2025-11-15,2025-11-20,,DTDC,Out for Delivery
DLV06138,ORD06138,2025-09-08,2025-09-14,2025-09-13,DTDC,Delivered
DLV06139,ORD06139,2025-03-12,2025-03-14,2025-03-16,Blue Dart,Delivered
DLV06140,ORD06140,2025-02-19,2025-02-21,,Delhivery,Out for Delivery
DLV06141,ORD06141,2025-04-26,2025-05-02,,Ecom Express,Failed
DLV06142,ORD06142,2025-12-28,2026-01-03,2026-01-05,DTDC,Delivered
DLV06143,ORD06143,2025-08-14,2025-08-18,,Blue Dart,Out for Delivery
DLV06144,ORD06144,2025-01-10,2025-01-15,,DTDC,Failed
DLV06145,ORD06145,2025-04-19,2025-04-24,,XpressBees,Out for Delivery
DLV06146,ORD06146,2025-11-09,2025-11-15,,DTDC,Failed
DLV06147,ORD06147,2025-05-13,2025-05-19,2025-05-18,Delhivery,Delivered
DLV06148,ORD06148,2025-11-03,2025-11-05,,Delhivery,Out for Delivery
DLV06149,ORD06149,2025-07-28,2025-07-31,,Blue Dart,Failed
DLV06150,ORD06150,2025-06-16,2025-06-20,2025-06-23,XpressBees,Delivered
DLV06151,ORD06151,2025-07-26,2025-07-29,2025-07-31,Ecom Express,Delivered
DLV06152,ORD06152,2025-06-17,2025-06-21,,Ecom Express,Delayed
DLV06153,ORD06153,2025-09-05,2025-09-10,2025-09-11,XpressBees,Delivered
DLV06154,ORD06154,2025-07-12,2025-07-17,,Delhivery,Failed
DLV06155,ORD06155,2025-06-07,2025-06-11,,DTDC,Out for Delivery
DLV06156,ORD06156,2025-10-12,2025-10-17,,Blue Dart,Failed
DLV06157,ORD06157,2025-09-02,2025-09-09,,Blue Dart,Failed
DLV06158,ORD06158,2025-09-20,2025-09-23,,Delhivery,Out for Delivery
DLV06159,ORD06159,2025-02-01,2025-02-08,2025-02-10,Delhivery,Delivered
DLV06160,ORD06160,2025-09-01,2025-09-03,2025-09-06,Ecom Express,Delivered
DLV06161,ORD06161,2025-02-28,2025-03-07,,Delhivery,Out for Delivery
DLV06162,ORD06162,2025-09-13,2025-09-16,,Ecom Express,In Transit
DLV06163,ORD06163,2025-10-10,2025-10-14,,DTDC,Failed
DLV06164,ORD06164,2025-09-15,2025-09-22,,Ecom Express,In Transit
DLV06165,ORD06165,2025-03-25,2025-03-29,,Ecom Express,Failed
DLV06166,ORD06166,2025-01-12,2025-01-14,,XpressBees,Failed
DLV06167,ORD06167,2025-04-08,2025-04-11,,XpressBees,Failed
DLV06168,ORD06168,2025-01-17,2025-01-24,,DTDC,Delayed
DLV06169,ORD06169,2025-02-13,2025-02-20,,Delhivery,Failed
DLV06170,ORD06170,2025-03-15,2025-03-17,,Ecom Express,Out for Delivery
DLV06171,ORD06171,2025-11-08,2025-11-11,,Blue Dart,Out for Delivery
DLV06172,ORD06172,2025-01-12,2025-01-16,,Ecom Express,Out for Delivery
DLV06173,ORD06173,2025-12-17,2025-12-20,2025-12-21,Ecom Express,Delivered
DLV06174,ORD06174,2025-10-01,2025-10-04,,Delhivery,In Transit
DLV06175,ORD06175,2025-09-23,2025-09-25,2025-09-26,Ecom Express,Delivered
DLV06176,ORD06176,2025-02-12,2025-02-17,2025-02-19,DTDC,Delivered
DLV06177,ORD06177,2025-09-19,2025-09-26,,Delhivery,In Transit
DLV06178,ORD06178,2025-01-06,2025-01-10,,DTDC,Out for Delivery
DLV06179,ORD06179,2025-03-02,2025-03-06,,Delhivery,In Transit
DLV06180,ORD06180,2025-07-10,2025-07-14,2025-07-14,Blue Dart,Delivered
DLV06181,ORD06181,2025-06-08,2025-06-11,,Delhivery,Delayed
DLV06182,ORD06182,2025-04-15,2025-04-18,,Blue Dart,In Transit
DLV06183,ORD06183,2025-10-18,2025-10-20,,Blue Dart,Out for Delivery
DLV06184,ORD06184,2025-03-28,2025-04-03,,Delhivery,In Transit
DLV06185,ORD06185,2025-06-23,2025-06-27,,Delhivery,Out for Delivery
DLV06186,ORD06186,2025-09-13,2025-09-16,2025-09-19,Ecom Express,Delivered
DLV06187,ORD06187,2025-09-29,2025-10-02,,DTDC,Out for Delivery
DLV06188,ORD06188,2025-10-29,2025-11-01,,Ecom Express,Out for Delivery
DLV06189,ORD06189,2025-03-21,2025-03-28,2025-03-27,Ecom Express,Delivered
DLV06190,ORD06190,2025-04-11,2025-04-16,2025-04-16,DTDC,Delivered
DLV06191,ORD06191,2025-09-25,2025-09-29,2025-09-30,Delhivery,Delivered
DLV06192,ORD06192,2025-01-12,2025-01-19,,Ecom Express,In Transit
DLV06193,ORD06193,2025-01-15,2025-01-20,,DTDC,Out for Delivery
DLV06194,ORD06194,2025-10-05,2025-10-11,,XpressBees,In Transit
DLV06195,ORD06195,2025-10-19,2025-10-21,,XpressBees,Delayed
DLV06196,ORD06196,2025-02-03,2025-02-09,,XpressBees,Failed
DLV06197,ORD06197,2025-05-09,2025-05-13,,XpressBees,Failed
DLV06198,ORD06198,2025-06-16,2025-06-20,,Delhivery,Failed
DLV06199,ORD06199,2025-02-04,2025-02-06,,Ecom Express,In Transit
DLV06200,ORD06200,2025-03-19,2025-03-21,,Ecom Express,Out for Delivery
DLV06201,ORD06201,2025-09-16,2025-09-19,,Blue Dart,In Transit
DLV06202,ORD06202,2025-08-21,2025-08-28,,Ecom Express,Out for Delivery
DLV06203,ORD06203,2025-10-24,2025-10-26,,Blue Dart,Failed
DLV06204,ORD06204,2025-12-28,2025-12-30,,DTDC,Out for Delivery
DLV06205,ORD06205,2025-08-08,2025-08-12,,Delhivery,Failed
DLV06206,ORD06206,2025-02-18,2025-02-23,,DTDC,Out for Delivery
DLV06207,ORD06207,2025-07-26,2025-07-31,,XpressBees,In Transit
DLV06208,ORD06208,2025-03-10,2025-03-15,,DTDC,Delayed
DLV06209,ORD06209,2025-11-01,2025-11-04,,DTDC,Delayed
DLV06210,ORD06210,2025-11-13,2025-11-19,,XpressBees,Out for Delivery
DLV06211,ORD06211,2025-01-23,2025-01-28,,DTDC,In Transit
DLV06212,ORD06212,2025-06-09,2025-06-16,,Delhivery,In Transit
DLV06213,ORD06213,2025-12-19,2025-12-23,2025-12-24,Blue Dart,Delivered
DLV06214,ORD06214,2025-02-14,2025-02-17,,XpressBees,In Transit
DLV06215,ORD06215,2025-10-29,2025-11-04,,DTDC,In Transit
DLV06216,ORD06216,2025-01-12,2025-01-17,,Delhivery,In Transit
DLV06217,ORD06217,2025-02-10,2025-02-12,,XpressBees,Out for Delivery
DLV06218,ORD06218,2025-03-18,2025-03-21,,DTDC,Failed
DLV06219,ORD06219,2025-09-05,2025-09-07,,Delhivery,In Transit
DLV06220,ORD06220,2025-11-21,2025-11-25,,DTDC,Failed
DLV06221,ORD06221,2025-01-13,2025-01-18,,DTDC,In Transit
DLV06222,ORD06222,2025-01-02,2025-01-07,,Delhivery,Failed
DLV06223,ORD06223,2025-07-28,2025-08-04,,Ecom Express,Failed
DLV06224,ORD06224,2025-07-22,2025-07-29,,DTDC,Delayed
DLV06225,ORD06225,2025-10-15,2025-10-17,,XpressBees,In Transit
DLV06226,ORD06226,2025-03-26,2025-04-01,,Ecom Express,Failed
DLV06227,ORD06227,2025-03-18,2025-03-20,,Delhivery,Failed
DLV06228,ORD06228,2025-08-16,2025-08-22,,DTDC,Out for Delivery
DLV06229,ORD06229,2025-09-10,2025-09-14,,XpressBees,In Transit
DLV06230,ORD06230,2025-09-15,2025-09-22,,Delhivery,Failed
DLV06231,ORD06231,2025-03-25,2025-03-30,,XpressBees,Failed
DLV06232,ORD06232,2025-05-18,2025-05-25,,DTDC,In Transit
DLV06233,ORD06233,2025-04-09,2025-04-16,,DTDC,In Transit
DLV06234,ORD06234,2025-05-22,2025-05-28,,Blue Dart,Out for Delivery
DLV06235,ORD06235,2025-12-11,2025-12-14,,XpressBees,Out for Delivery
DLV06236,ORD06236,2025-07-08,2025-07-15,,Ecom Express,Delayed
DLV06237,ORD06237,2025-05-30,2025-06-03,,Ecom Express,Out for Delivery
DLV06238,ORD06238,2025-05-16,2025-05-22,,Ecom Express,Out for Delivery
DLV06239,ORD06239,2025-09-28,2025-10-05,,Delhivery,Failed
DLV06240,ORD06240,2025-05-10,2025-05-14,2025-05-17,DTDC,Delivered
DLV06241,ORD06241,2025-02-26,2025-03-04,,Blue Dart,Delayed
DLV06242,ORD06242,2025-09-08,2025-09-10,,Delhivery,Delayed
DLV06243,ORD06243,2025-06-29,2025-07-03,,XpressBees,In Transit
DLV06244,ORD06244,2025-09-29,2025-10-05,,Ecom Express,Out for Delivery
DLV06245,ORD06245,2025-08-17,2025-08-19,,Delhivery,In Transit
DLV06246,ORD06246,2025-11-16,2025-11-22,,Ecom Express,In Transit
DLV06247,ORD06247,2025-06-13,2025-06-17,,DTDC,Delayed
DLV06248,ORD06248,2025-03-10,2025-03-16,,XpressBees,Delayed
DLV06249,ORD06249,2025-12-15,2025-12-21,,Blue Dart,Out for Delivery
DLV06250,ORD06250,2025-01-30,2025-02-01,,Delhivery,Failed
DLV06251,ORD06251,2025-04-17,2025-04-22,,Blue Dart,Delayed
DLV06252,ORD06252,2025-07-15,2025-07-18,2025-07-20,DTDC,Delivered
DLV06253,ORD06253,2025-03-14,2025-03-19,2025-03-21,DTDC,Delivered
DLV06254,ORD06254,2025-08-16,2025-08-22,2025-08-21,Ecom Express,Delivered
DLV06255,ORD06255,2025-04-08,2025-04-15,,Blue Dart,In Transit
DLV06256,ORD06256,2025-01-10,2025-01-12,,XpressBees,Delayed
DLV06257,ORD06257,2025-10-19,2025-10-25,,DTDC,Delayed
DLV06258,ORD06258,2025-05-17,2025-05-23,,Delhivery,Out for Delivery
DLV06259,ORD06259,2025-01-17,2025-01-19,,Blue Dart,Failed
DLV06260,ORD06260,2025-04-21,2025-04-26,,XpressBees,Out for Delivery
DLV06261,ORD06261,2025-08-23,2025-08-27,,Ecom Express,In Transit
DLV06262,ORD06262,2025-07-02,2025-07-05,,XpressBees,In Transit
DLV06263,ORD06263,2025-11-14,2025-11-20,,Blue Dart,Failed
DLV06264,ORD06264,2025-12-20,2025-12-22,,Delhivery,In Transit
DLV06265,ORD06265,2025-02-16,2025-02-23,,XpressBees,Out for Delivery
DLV06266,ORD06266,2025-08-28,2025-08-30,,DTDC,In Transit
DLV06267,ORD06267,2025-10-30,2025-11-02,,Ecom Express,Delayed
DLV06268,ORD06268,2025-02-15,2025-02-17,,XpressBees,Out for Delivery
DLV06269,ORD06269,2025-06-01,2025-06-04,,Delhivery,In Transit
DLV06270,ORD06270,2025-04-02,2025-04-06,,Delhivery,Delayed
DLV06271,ORD06271,2025-08-26,2025-08-30,,Ecom Express,Failed
DLV06272,ORD06272,2025-06-16,2025-06-23,,Delhivery,In Transit
DLV06273,ORD06273,2025-04-03,2025-04-08,,Ecom Express,Failed
DLV06274,ORD06274,2025-02-22,2025-02-26,,DTDC,Delayed
DLV06275,ORD06275,2025-04-24,2025-04-29,,Delhivery,Delayed
DLV06276,ORD06276,2025-08-30,2025-09-03,,XpressBees,Delayed
DLV06277,ORD06277,2025-11-28,2025-12-04,,Delhivery,Out for Delivery
DLV06278,ORD06278,2025-02-13,2025-02-15,,XpressBees,Delayed
DLV06279,ORD06279,2025-06-12,2025-06-17,,Delhivery,Out for Delivery
DLV06280,ORD06280,2025-12-12,2025-12-15,,XpressBees,Failed
DLV06281,ORD06281,2025-04-08,2025-04-14,,DTDC,In Transit
DLV06282,ORD06282,2025-01-27,2025-01-31,,Blue Dart,In Transit
DLV06283,ORD06283,2025-05-14,2025-05-20,2025-05-21,XpressBees,Delivered
DLV06284,ORD06284,2025-11-26,2025-12-02,,Blue Dart,In Transit
DLV06285,ORD06285,2025-11-14,2025-11-20,2025-11-20,Ecom Express,Delivered
DLV06286,ORD06286,2025-05-02,2025-05-05,,Blue Dart,Out for Delivery
DLV06287,ORD06287,2025-05-29,2025-06-01,2025-05-31,Blue Dart,Delivered
DLV06288,ORD06288,2025-01-24,2025-01-30,2025-02-02,DTDC,Delivered
DLV06289,ORD06289,2025-06-24,2025-06-26,,Ecom Express,Out for Delivery
DLV06290,ORD06290,2025-09-01,2025-09-06,,Delhivery,Out for Delivery
DLV06291,ORD06291,2025-10-30,2025-11-02,2025-11-01,DTDC,Delivered
DLV06292,ORD06292,2025-03-04,2025-03-07,,Delhivery,Failed
DLV06293,ORD06293,2025-03-30,2025-04-01,,Blue Dart,Failed
DLV06294,ORD06294,2025-08-16,2025-08-19,,Delhivery,Out for Delivery
DLV06295,ORD06295,2025-04-22,2025-04-26,2025-04-25,Blue Dart,Delivered
DLV06296,ORD06296,2025-05-10,2025-05-13,,Delhivery,Delayed
DLV06297,ORD06297,2025-07-18,2025-07-20,,Blue Dart,Delayed
DLV06298,ORD06298,2025-12-26,2026-01-02,,Blue Dart,Failed
DLV06299,ORD06299,2025-11-17,2025-11-22,,Blue Dart,Out for Delivery
DLV06300,ORD06300,2025-05-26,2025-05-28,,Ecom Express,Failed
DLV06301,ORD06301,2025-05-14,2025-05-17,,Ecom Express,Failed
DLV06302,ORD06302,2025-11-09,2025-11-15,,Blue Dart,Out for Delivery
DLV06303,ORD06303,2025-03-22,2025-03-25,,XpressBees,In Transit
DLV06304,ORD06304,2025-01-19,2025-01-22,,DTDC,Out for Delivery
DLV06305,ORD06305,2025-06-27,2025-07-03,,XpressBees,Failed
DLV06306,ORD06306,2025-09-20,2025-09-23,2025-09-23,Ecom Express,Delivered
DLV06307,ORD06307,2025-02-27,2025-03-02,,Delhivery,Delayed
DLV06308,ORD06308,2025-02-26,2025-03-02,,Delhivery,Out for Delivery
DLV06309,ORD06309,2025-02-05,2025-02-07,2025-02-07,Ecom Express,Delivered
DLV06310,ORD06310,2025-10-01,2025-10-04,,DTDC,Delayed
DLV06311,ORD06311,2025-08-13,2025-08-18,,Ecom Express,Delayed
DLV06312,ORD06312,2025-08-23,2025-08-28,,XpressBees,In Transit
DLV06313,ORD06313,2025-04-11,2025-04-18,,XpressBees,Failed
DLV06314,ORD06314,2025-02-22,2025-02-24,,DTDC,Failed
DLV06315,ORD06315,2025-03-06,2025-03-13,,Ecom Express,In Transit
DLV06316,ORD06316,2025-04-16,2025-04-19,,Ecom Express,In Transit
DLV06317,ORD06317,2025-08-02,2025-08-07,,DTDC,In Transit
DLV06318,ORD06318,2025-08-30,2025-09-03,,Blue Dart,Failed
DLV06319,ORD06319,2025-12-07,2025-12-09,,DTDC,In Transit
DLV06320,ORD06320,2025-01-26,2025-01-30,,XpressBees,Delayed
DLV06321,ORD06321,2025-05-09,2025-05-15,2025-05-17,Ecom Express,Delivered
DLV06322,ORD06322,2025-03-15,2025-03-18,,Delhivery,Out for Delivery
DLV06323,ORD06323,2025-04-17,2025-04-24,,DTDC,Delayed
DLV06324,ORD06324,2025-12-02,2025-12-06,,Delhivery,In Transit
DLV06325,ORD06325,2025-09-17,2025-09-20,,DTDC,Delayed
DLV06326,ORD06326,2025-05-23,2025-05-26,,XpressBees,Out for Delivery
DLV06327,ORD06327,2025-10-24,2025-10-26,2025-10-28,Blue Dart,Delivered
DLV06328,ORD06328,2025-08-07,2025-08-10,2025-08-11,Delhivery,Delivered
DLV06329,ORD06329,2025-02-13,2025-02-18,,Ecom Express,Delayed
DLV06330,ORD06330,2025-06-25,2025-06-30,,Ecom Express,Out for Delivery
DLV06331,ORD06331,2025-08-12,2025-08-14,,Ecom Express,Failed
DLV06332,ORD06332,2025-09-30,2025-10-02,,Blue Dart,Out for Delivery
DLV06333,ORD06333,2025-12-12,2025-12-16,,XpressBees,Out for Delivery
DLV06334,ORD06334,2025-02-17,2025-02-23,,Blue Dart,Delayed
DLV06335,ORD06335,2025-12-11,2025-12-15,,XpressBees,Delayed
DLV06336,ORD06336,2025-10-29,2025-11-01,,Ecom Express,In Transit
DLV06337,ORD06337,2025-09-10,2025-09-16,,Ecom Express,Failed
DLV06338,ORD06338,2025-06-03,2025-06-09,,Blue Dart,In Transit
DLV06339,ORD06339,2025-06-27,2025-06-30,,Delhivery,Out for Delivery
DLV06340,ORD06340,2025-10-22,2025-10-25,,Delhivery,Failed
DLV06341,ORD06341,2025-04-22,2025-04-29,2025-04-29,Blue Dart,Delivered
DLV06342,ORD06342,2025-07-17,2025-07-21,,Ecom Express,Out for Delivery
DLV06343,ORD06343,2025-03-30,2025-04-05,,DTDC,Out for Delivery
DLV06344,ORD06344,2025-08-19,2025-08-23,,XpressBees,In Transit
DLV06345,ORD06345,2025-10-03,2025-10-05,2025-10-08,Ecom Express,Delivered
DLV06346,ORD06346,2025-10-22,2025-10-25,,XpressBees,Delayed
DLV06347,ORD06347,2025-08-25,2025-08-27,,DTDC,In Transit
DLV06348,ORD06348,2025-06-23,2025-06-25,,Blue Dart,Failed
DLV06349,ORD06349,2025-09-22,2025-09-28,,Delhivery,Failed
DLV06350,ORD06350,2025-03-19,2025-03-23,2025-03-23,DTDC,Delivered
DLV06351,ORD06351,2025-07-10,2025-07-16,,DTDC,Delayed
DLV06352,ORD06352,2025-02-13,2025-02-20,,Delhivery,Out for Delivery
DLV06353,ORD06353,2025-08-01,2025-08-06,2025-08-05,Ecom Express,Delivered
DLV06354,ORD06354,2025-10-06,2025-10-09,,Delhivery,Failed
DLV06355,ORD06355,2025-04-25,2025-04-27,,DTDC,Out for Delivery
DLV06356,ORD06356,2025-05-16,2025-05-22,2025-05-24,Blue Dart,Delivered
DLV06357,ORD06357,2025-06-07,2025-06-12,2025-06-12,Ecom Express,Delivered
DLV06358,ORD06358,2025-03-30,2025-04-05,,Blue Dart,Failed
DLV06359,ORD06359,2025-04-05,2025-04-08,,XpressBees,Delayed
DLV06360,ORD06360,2025-06-05,2025-06-07,2025-06-10,Ecom Express,Delivered
DLV06361,ORD06361,2025-04-01,2025-04-06,,XpressBees,Out for Delivery
DLV06362,ORD06362,2025-04-25,2025-04-29,,XpressBees,In Transit
DLV06363,ORD06363,2025-05-04,2025-05-06,2025-05-09,Delhivery,Delivered
DLV06364,ORD06364,2025-01-20,2025-01-24,,Ecom Express,Out for Delivery
DLV06365,ORD06365,2025-08-21,2025-08-26,,DTDC,In Transit
DLV06366,ORD06366,2025-01-14,2025-01-20,2025-01-19,DTDC,Delivered
DLV06367,ORD06367,2025-08-25,2025-09-01,2025-08-31,Ecom Express,Delivered
DLV06368,ORD06368,2025-12-15,2025-12-20,,XpressBees,In Transit
DLV06369,ORD06369,2025-10-17,2025-10-19,,XpressBees,Failed
DLV06370,ORD06370,2025-05-12,2025-05-19,,Delhivery,Delayed
DLV06371,ORD06371,2025-11-26,2025-11-30,2025-11-30,XpressBees,Delivered
DLV06372,ORD06372,2025-04-11,2025-04-16,,DTDC,Out for Delivery
DLV06373,ORD06373,2025-04-08,2025-04-11,2025-04-11,Ecom Express,Delivered
DLV06374,ORD06374,2025-12-01,2025-12-03,,DTDC,Failed
DLV06375,ORD06375,2025-06-06,2025-06-09,,DTDC,Out for Delivery
DLV06376,ORD06376,2025-01-03,2025-01-08,2025-01-08,DTDC,Delivered
DLV06377,ORD06377,2025-11-16,2025-11-21,,DTDC,Out for Delivery
DLV06378,ORD06378,2025-01-14,2025-01-16,,Delhivery,Failed
DLV06379,ORD06379,2025-10-14,2025-10-20,2025-10-20,Ecom Express,Delivered
DLV06380,ORD06380,2025-11-17,2025-11-21,,Ecom Express,Failed
DLV06381,ORD06381,2025-01-17,2025-01-19,,Delhivery,In Transit
DLV06382,ORD06382,2025-05-21,2025-05-25,,XpressBees,Failed
DLV06383,ORD06383,2025-03-29,2025-04-01,,Ecom Express,Failed
DLV06384,ORD06384,2025-06-01,2025-06-03,,XpressBees,Out for Delivery
DLV06385,ORD06385,2025-01-18,2025-01-21,,DTDC,Out for Delivery
DLV06386,ORD06386,2025-09-14,2025-09-17,,XpressBees,Delayed
DLV06387,ORD06387,2025-10-27,2025-11-01,,XpressBees,In Transit
DLV06388,ORD06388,2025-02-11,2025-02-15,,DTDC,In Transit
DLV06389,ORD06389,2025-12-03,2025-12-09,,XpressBees,Out for Delivery
DLV06390,ORD06390,2025-03-04,2025-03-07,,Delhivery,Delayed
DLV06391,ORD06391,2025-11-08,2025-11-14,,Blue Dart,Failed
DLV06392,ORD06392,2025-02-15,2025-02-18,,XpressBees,In Transit
DLV06393,ORD06393,2025-03-25,2025-03-30,,XpressBees,Failed
DLV06394,ORD06394,2025-11-08,2025-11-14,,Blue Dart,Delayed
DLV06395,ORD06395,2025-08-02,2025-08-06,,Delhivery,Out for Delivery
DLV06396,ORD06396,2025-02-03,2025-02-07,,Ecom Express,Out for Delivery
DLV06397,ORD06397,2025-01-04,2025-01-10,,Ecom Express,Out for Delivery
DLV06398,ORD06398,2025-09-28,2025-10-05,,Blue Dart,Out for Delivery
DLV06399,ORD06399,2025-04-03,2025-04-08,,DTDC,In Transit
DLV06400,ORD06400,2025-05-28,2025-05-31,,Ecom Express,In Transit
DLV06401,ORD06401,2025-04-02,2025-04-07,,Delhivery,Failed
DLV06402,ORD06402,2025-04-25,2025-04-30,,Blue Dart,Out for Delivery
DLV06403,ORD06403,2025-04-16,2025-04-23,,Ecom Express,Failed
DLV06404,ORD06404,2025-11-22,2025-11-27,,Blue Dart,Failed
DLV06405,ORD06405,2025-09-30,2025-10-02,,Delhivery,Failed
DLV06406,ORD06406,2025-07-24,2025-07-27,,DTDC,Failed
DLV06407,ORD06407,2025-04-29,2025-05-01,,Delhivery,In Transit
DLV06408,ORD06408,2025-12-05,2025-12-07,,DTDC,Out for Delivery
DLV06409,ORD06409,2025-05-09,2025-05-12,,Ecom Express,Out for Delivery
DLV06410,ORD06410,2025-03-11,2025-03-14,,XpressBees,In Transit
DLV06411,ORD06411,2025-08-11,2025-08-14,,Ecom Express,Out for Delivery
DLV06412,ORD06412,2025-01-27,2025-02-02,2025-02-01,Delhivery,Delivered
DLV06413,ORD06413,2025-10-09,2025-10-16,,XpressBees,Delayed
DLV06414,ORD06414,2025-12-16,2025-12-22,,Delhivery,Out for Delivery
DLV06415,ORD06415,2025-12-02,2025-12-04,,DTDC,In Transit
DLV06416,ORD06416,2025-02-27,2025-03-04,2025-03-04,XpressBees,Delivered
DLV06417,ORD06417,2025-05-12,2025-05-18,,XpressBees,Out for Delivery
DLV06418,ORD06418,2025-07-11,2025-07-17,,XpressBees,Failed
DLV06419,ORD06419,2025-09-12,2025-09-15,2025-09-14,XpressBees,Delivered
DLV06420,ORD06420,2025-01-28,2025-02-03,,Blue Dart,Failed
DLV06421,ORD06421,2025-10-03,2025-10-10,,Ecom Express,Out for Delivery
DLV06422,ORD06422,2025-10-03,2025-10-10,,DTDC,Delayed
DLV06423,ORD06423,2025-11-16,2025-11-19,,Ecom Express,Failed
DLV06424,ORD06424,2025-01-23,2025-01-30,,Blue Dart,Delayed
DLV06425,ORD06425,2025-03-08,2025-03-14,,DTDC,Out for Delivery
DLV06426,ORD06426,2025-10-30,2025-11-06,,Delhivery,Out for Delivery
DLV06427,ORD06427,2025-05-29,2025-05-31,,DTDC,In Transit
DLV06428,ORD06428,2025-11-25,2025-11-29,,DTDC,Out for Delivery
DLV06429,ORD06429,2025-09-28,2025-09-30,,XpressBees,Failed
DLV06430,ORD06430,2025-05-29,2025-06-02,,Delhivery,Failed
DLV06431,ORD06431,2025-12-14,2025-12-19,,XpressBees,Delayed
DLV06432,ORD06432,2025-08-26,2025-09-02,,Blue Dart,Failed
DLV06433,ORD06433,2025-03-10,2025-03-16,,XpressBees,Failed
DLV06434,ORD06434,2025-09-15,2025-09-18,,Delhivery,In Transit
DLV06435,ORD06435,2025-01-05,2025-01-08,2025-01-08,Ecom Express,Delivered
DLV06436,ORD06436,2025-12-30,2026-01-06,,Blue Dart,Delayed
DLV06437,ORD06437,2025-01-09,2025-01-12,,DTDC,Out for Delivery
DLV06438,ORD06438,2025-05-20,2025-05-25,,DTDC,Failed
DLV06439,ORD06439,2025-10-30,2025-11-04,,Delhivery,Failed
DLV06440,ORD06440,2025-10-01,2025-10-04,2025-10-07,XpressBees,Delivered
DLV06441,ORD06441,2025-11-20,2025-11-24,,Delhivery,Failed
DLV06442,ORD06442,2025-11-12,2025-11-14,,DTDC,In Transit
DLV06443,ORD06443,2025-11-14,2025-11-16,,Delhivery,Failed
DLV06444,ORD06444,2025-10-12,2025-10-14,,Ecom Express,In Transit
DLV06445,ORD06445,2025-02-16,2025-02-19,2025-02-20,Blue Dart,Delivered
DLV06446,ORD06446,2025-11-08,2025-11-12,,XpressBees,Delayed
DLV06447,ORD06447,2025-07-12,2025-07-17,2025-07-16,Blue Dart,Delivered
DLV06448,ORD06448,2025-06-23,2025-06-28,,Ecom Express,Out for Delivery
DLV06449,ORD06449,2025-10-16,2025-10-19,,Ecom Express,Delayed
DLV06450,ORD06450,2025-11-20,2025-11-27,,Blue Dart,Delayed
DLV06451,ORD06451,2025-08-14,2025-08-21,,Delhivery,Failed
DLV06452,ORD06452,2025-08-20,2025-08-23,,XpressBees,Delayed
DLV06453,ORD06453,2025-09-25,2025-10-01,,XpressBees,Out for Delivery
DLV06454,ORD06454,2025-08-27,2025-09-01,,Delhivery,Failed
DLV06455,ORD06455,2025-12-16,2025-12-19,,XpressBees,Delayed
DLV06456,ORD06456,2025-05-08,2025-05-15,,DTDC,Failed
DLV06457,ORD06457,2025-02-09,2025-02-11,,XpressBees,Failed
DLV06458,ORD06458,2025-02-26,2025-03-01,,Ecom Express,Failed
DLV06459,ORD06459,2025-09-13,2025-09-19,,Blue Dart,Out for Delivery
DLV06460,ORD06460,2025-04-20,2025-04-23,,Ecom Express,In Transit
DLV06461,ORD06461,2025-01-07,2025-01-14,,Delhivery,Delayed
DLV06462,ORD06462,2025-11-23,2025-11-30,2025-12-03,DTDC,Delivered
DLV06463,ORD06463,2025-10-07,2025-10-14,,Ecom Express,Delayed
DLV06464,ORD06464,2025-04-27,2025-04-30,2025-04-29,DTDC,Delivered
DLV06465,ORD06465,2025-12-25,2025-12-30,,Delhivery,Out for Delivery
DLV06466,ORD06466,2025-12-15,2025-12-19,,Blue Dart,Out for Delivery
DLV06467,ORD06467,2025-12-03,2025-12-09,,Delhivery,Failed
DLV06468,ORD06468,2025-10-12,2025-10-17,,DTDC,Out for Delivery
DLV06469,ORD06469,2025-07-06,2025-07-10,,Ecom Express,Out for Delivery
DLV06470,ORD06470,2025-04-25,2025-05-02,2025-05-03,Ecom Express,Delivered
DLV06471,ORD06471,2025-11-07,2025-11-10,,XpressBees,In Transit
DLV06472,ORD06472,2025-05-07,2025-05-14,,Ecom Express,Out for Delivery
DLV06473,ORD06473,2025-07-24,2025-07-26,,Ecom Express,Delayed
DLV06474,ORD06474,2025-08-21,2025-08-27,,Blue Dart,Failed
DLV06475,ORD06475,2025-09-15,2025-09-18,,Blue Dart,Failed
DLV06476,ORD06476,2025-04-20,2025-04-26,,Blue Dart,In Transit
DLV06477,ORD06477,2025-05-29,2025-06-05,2025-06-05,Delhivery,Delivered
DLV06478,ORD06478,2025-02-21,2025-02-27,2025-03-01,XpressBees,Delivered
DLV06479,ORD06479,2025-05-29,2025-06-05,,DTDC,Failed
DLV06480,ORD06480,2025-04-29,2025-05-03,,Blue Dart,Out for Delivery
DLV06481,ORD06481,2025-08-05,2025-08-12,,DTDC,Failed
DLV06482,ORD06482,2025-09-18,2025-09-22,,Ecom Express,Delayed
DLV06483,ORD06483,2025-12-01,2025-12-06,,Blue Dart,Out for Delivery
DLV06484,ORD06484,2025-02-07,2025-02-11,,Blue Dart,Failed
DLV06485,ORD06485,2025-06-17,2025-06-21,,Delhivery,Out for Delivery
DLV06486,ORD06486,2025-01-27,2025-01-31,,Blue Dart,Failed
DLV06487,ORD06487,2025-01-29,2025-01-31,,Blue Dart,In Transit
DLV06488,ORD06488,2025-12-02,2025-12-06,2025-12-09,Blue Dart,Delivered
DLV06489,ORD06489,2025-12-22,2025-12-26,2025-12-27,Ecom Express,Delivered
DLV06490,ORD06490,2025-02-05,2025-02-07,,DTDC,Failed
DLV06491,ORD06491,2025-09-10,2025-09-16,,XpressBees,Failed
DLV06492,ORD06492,2025-10-31,2025-11-04,,Delhivery,In Transit
DLV06493,ORD06493,2025-07-04,2025-07-07,,Ecom Express,Failed
DLV06494,ORD06494,2025-01-21,2025-01-25,,Ecom Express,Delayed
DLV06495,ORD06495,2025-06-24,2025-06-26,,Delhivery,In Transit
DLV06496,ORD06496,2025-06-04,2025-06-10,,Ecom Express,Failed
DLV06497,ORD06497,2025-02-28,2025-03-06,,Delhivery,Failed
DLV06498,ORD06498,2025-08-07,2025-08-13,,Delhivery,Out for Delivery
DLV06499,ORD06499,2025-10-28,2025-10-31,,Blue Dart,Failed
DLV06500,ORD06500,2025-03-21,2025-03-24,,XpressBees,Failed
DLV06501,ORD06501,2025-04-01,2025-04-03,,DTDC,Out for Delivery
DLV06502,ORD06502,2025-04-07,2025-04-11,,XpressBees,Delayed
DLV06503,ORD06503,2025-02-12,2025-02-18,2025-02-20,XpressBees,Delivered
DLV06504,ORD06504,2025-03-10,2025-03-17,,XpressBees,Delayed
DLV06505,ORD06505,2025-10-29,2025-10-31,,DTDC,In Transit
DLV06506,ORD06506,2025-06-22,2025-06-24,,Blue Dart,In Transit
DLV06507,ORD06507,2025-04-06,2025-04-09,,DTDC,Delayed
DLV06508,ORD06508,2025-06-18,2025-06-24,,Blue Dart,Failed
DLV06509,ORD06509,2025-01-14,2025-01-16,,Ecom Express,Delayed
DLV06510,ORD06510,2025-09-06,2025-09-11,2025-09-14,DTDC,Delivered
DLV06511,ORD06511,2025-10-10,2025-10-15,2025-10-18,Ecom Express,Delivered
DLV06512,ORD06512,2025-03-24,2025-03-31,,Ecom Express,In Transit
DLV06513,ORD06513,2025-10-02,2025-10-05,,Delhivery,Out for Delivery
DLV06514,ORD06514,2025-01-19,2025-01-25,2025-01-25,Delhivery,Delivered
DLV06515,ORD06515,2025-01-12,2025-01-14,,Blue Dart,Out for Delivery
DLV06516,ORD06516,2025-04-18,2025-04-21,,DTDC,Delayed
DLV06517,ORD06517,2025-05-07,2025-05-13,,Blue Dart,In Transit
DLV06518,ORD06518,2025-06-22,2025-06-29,,Delhivery,Failed
DLV06519,ORD06519,2025-08-28,2025-08-31,,Delhivery,Delayed
DLV06520,ORD06520,2025-07-09,2025-07-14,,Delhivery,Delayed
DLV06521,ORD06521,2025-03-29,2025-04-02,,Ecom Express,Delayed
DLV06522,ORD06522,2025-09-16,2025-09-18,,Blue Dart,Failed
DLV06523,ORD06523,2025-01-10,2025-01-12,,Blue Dart,Delayed
DLV06524,ORD06524,2025-11-06,2025-11-12,,Delhivery,Delayed
DLV06525,ORD06525,2025-10-21,2025-10-24,,DTDC,Failed
DLV06526,ORD06526,2025-10-31,2025-11-06,,Blue Dart,Failed
DLV06527,ORD06527,2025-06-28,2025-07-01,,XpressBees,Failed
DLV06528,ORD06528,2025-05-12,2025-05-14,2025-05-16,Ecom Express,Delivered
DLV06529,ORD06529,2025-07-14,2025-07-17,,Blue Dart,In Transit
DLV06530,ORD06530,2025-05-10,2025-05-16,2025-05-19,Delhivery,Delivered
DLV06531,ORD06531,2025-09-23,2025-09-28,,Delhivery,In Transit
DLV06532,ORD06532,2025-04-07,2025-04-13,,Ecom Express,Failed
DLV06533,ORD06533,2025-02-22,2025-02-28,,Ecom Express,Delayed
DLV06534,ORD06534,2025-09-03,2025-09-07,,DTDC,In Transit
DLV06535,ORD06535,2025-03-24,2025-03-29,,XpressBees,Failed
DLV06536,ORD06536,2025-10-14,2025-10-17,,XpressBees,Delayed
DLV06537,ORD06537,2025-07-10,2025-07-14,,XpressBees,Delayed
DLV06538,ORD06538,2025-11-27,2025-12-01,,DTDC,In Transit
DLV06539,ORD06539,2025-08-20,2025-08-25,2025-08-28,Ecom Express,Delivered
DLV06540,ORD06540,2025-04-23,2025-04-28,2025-05-01,DTDC,Delivered
DLV06541,ORD06541,2025-02-12,2025-02-19,,Delhivery,In Transit
DLV06542,ORD06542,2025-07-20,2025-07-22,,Blue Dart,In Transit
DLV06543,ORD06543,2025-05-16,2025-05-18,,Delhivery,Failed
DLV06544,ORD06544,2025-07-02,2025-07-05,,XpressBees,In Transit
DLV06545,ORD06545,2025-08-21,2025-08-23,,Delhivery,In Transit
DLV06546,ORD06546,2025-03-13,2025-03-15,2025-03-16,DTDC,Delivered
DLV06547,ORD06547,2025-10-15,2025-10-20,2025-10-20,Ecom Express,Delivered
DLV06548,ORD06548,2025-09-09,2025-09-14,,XpressBees,In Transit
DLV06549,ORD06549,2025-08-02,2025-08-08,,Blue Dart,In Transit
DLV06550,ORD06550,2025-12-31,2026-01-04,,DTDC,Delayed
DLV06551,ORD06551,2025-09-20,2025-09-24,,Delhivery,Delayed
DLV06552,ORD06552,2025-02-26,2025-03-01,2025-03-01,Ecom Express,Delivered
DLV06553,ORD06553,2025-07-05,2025-07-07,2025-07-09,Blue Dart,Delivered
DLV06554,ORD06554,2025-03-12,2025-03-16,,Blue Dart,Out for Delivery
DLV06555,ORD06555,2025-04-12,2025-04-17,,Ecom Express,Delayed
DLV06556,ORD06556,2025-02-02,2025-02-06,,Blue Dart,Out for Delivery
DLV06557,ORD06557,2025-06-05,2025-06-07,,Ecom Express,In Transit
DLV06558,ORD06558,2025-08-16,2025-08-21,2025-08-23,Delhivery,Delivered
DLV06559,ORD06559,2025-09-13,2025-09-17,2025-09-18,XpressBees,Delivered
DLV06560,ORD06560,2025-07-19,2025-07-24,2025-07-25,Blue Dart,Delivered
DLV06561,ORD06561,2025-06-23,2025-06-29,,Delhivery,Failed
DLV06562,ORD06562,2025-02-08,2025-02-15,,Blue Dart,Delayed
DLV06563,ORD06563,2025-06-25,2025-07-01,,Blue Dart,Delayed
DLV06564,ORD06564,2025-01-25,2025-01-31,,Ecom Express,Failed
DLV06565,ORD06565,2025-11-08,2025-11-10,2025-11-12,XpressBees,Delivered
DLV06566,ORD06566,2025-12-19,2025-12-21,,XpressBees,In Transit
DLV06567,ORD06567,2025-10-28,2025-11-01,2025-11-04,Ecom Express,Delivered
DLV06568,ORD06568,2025-08-31,2025-09-03,,DTDC,Delayed
DLV06569,ORD06569,2025-09-10,2025-09-16,,Ecom Express,Failed
DLV06570,ORD06570,2025-10-27,2025-11-03,,Delhivery,Delayed
DLV06571,ORD06571,2025-10-01,2025-10-06,2025-10-08,Delhivery,Delivered
DLV06572,ORD06572,2025-04-05,2025-04-10,2025-04-13,XpressBees,Delivered
DLV06573,ORD06573,2025-10-07,2025-10-11,,Delhivery,Out for Delivery
DLV06574,ORD06574,2025-05-20,2025-05-26,,Delhivery,In Transit
DLV06575,ORD06575,2025-01-25,2025-01-29,,Blue Dart,Delayed
DLV06576,ORD06576,2025-11-01,2025-11-08,,Delhivery,Failed
DLV06577,ORD06577,2025-02-21,2025-02-28,,Delhivery,Delayed
DLV06578,ORD06578,2025-01-27,2025-01-31,,Delhivery,In Transit
DLV06579,ORD06579,2025-03-20,2025-03-26,,DTDC,Failed
DLV06580,ORD06580,2025-09-24,2025-09-28,2025-09-27,XpressBees,Delivered
DLV06581,ORD06581,2025-02-02,2025-02-05,2025-02-08,XpressBees,Delivered
DLV06582,ORD06582,2025-08-25,2025-09-01,,Delhivery,Out for Delivery
DLV06583,ORD06583,2025-12-01,2025-12-08,2025-12-09,Ecom Express,Delivered
DLV06584,ORD06584,2025-08-28,2025-09-04,,XpressBees,In Transit
DLV06585,ORD06585,2025-08-19,2025-08-25,,Blue Dart,Out for Delivery
DLV06586,ORD06586,2025-02-24,2025-02-28,,Ecom Express,Delayed
DLV06587,ORD06587,2025-05-18,2025-05-24,,Blue Dart,Failed
DLV06588,ORD06588,2025-07-21,2025-07-26,,Delhivery,Out for Delivery
DLV06589,ORD06589,2025-12-07,2025-12-12,2025-12-14,XpressBees,Delivered
DLV06590,ORD06590,2025-12-12,2025-12-17,,XpressBees,Out for Delivery
DLV06591,ORD06591,2025-01-27,2025-02-03,,XpressBees,Out for Delivery
DLV06592,ORD06592,2025-09-17,2025-09-19,2025-09-19,Delhivery,Delivered
DLV06593,ORD06593,2025-05-01,2025-05-07,,Ecom Express,In Transit
DLV06594,ORD06594,2025-03-03,2025-03-05,,XpressBees,Out for Delivery
DLV06595,ORD06595,2025-09-05,2025-09-07,,Blue Dart,In Transit
DLV06596,ORD06596,2025-10-09,2025-10-14,,Delhivery,Failed
DLV06597,ORD06597,2025-01-06,2025-01-10,,Blue Dart,Failed
DLV06598,ORD06598,2025-03-17,2025-03-23,,Ecom Express,Delayed
DLV06599,ORD06599,2025-01-12,2025-01-14,,DTDC,Failed
DLV06600,ORD06600,2025-12-15,2025-12-19,,XpressBees,Failed
DLV06601,ORD06601,2025-08-16,2025-08-19,,Delhivery,Failed
DLV06602,ORD06602,2025-11-29,2025-12-03,,Blue Dart,Delayed
DLV06603,ORD06603,2025-03-12,2025-03-18,,XpressBees,Failed
DLV06604,ORD06604,2025-11-15,2025-11-17,2025-11-19,Ecom Express,Delivered
DLV06605,ORD06605,2025-10-20,2025-10-24,,Ecom Express,Failed
DLV06606,ORD06606,2025-04-28,2025-04-30,2025-04-29,Ecom Express,Delivered
DLV06607,ORD06607,2025-10-20,2025-10-25,,XpressBees,Out for Delivery
DLV06608,ORD06608,2025-06-03,2025-06-08,,DTDC,Out for Delivery
DLV06609,ORD06609,2025-07-16,2025-07-19,,DTDC,Out for Delivery
DLV06610,ORD06610,2025-10-17,2025-10-19,,DTDC,In Transit
DLV06611,ORD06611,2025-02-27,2025-03-02,,Blue Dart,Out for Delivery
DLV06612,ORD06612,2025-02-12,2025-02-15,2025-02-17,XpressBees,Delivered
DLV06613,ORD06613,2025-05-03,2025-05-09,,Blue Dart,Failed
DLV06614,ORD06614,2025-06-06,2025-06-11,2025-06-11,Blue Dart,Delivered
DLV06615,ORD06615,2025-10-02,2025-10-04,,DTDC,In Transit
DLV06616,ORD06616,2025-04-16,2025-04-20,,Delhivery,Delayed
DLV06617,ORD06617,2025-05-20,2025-05-24,2025-05-27,DTDC,Delivered
DLV06618,ORD06618,2025-06-29,2025-07-05,,DTDC,Failed
DLV06619,ORD06619,2025-05-18,2025-05-20,,DTDC,Delayed
DLV06620,ORD06620,2025-12-24,2025-12-27,,Delhivery,Out for Delivery
DLV06621,ORD06621,2025-11-04,2025-11-07,,Delhivery,Delayed
DLV06622,ORD06622,2025-01-12,2025-01-16,,Ecom Express,Failed
DLV06623,ORD06623,2025-06-21,2025-06-24,,XpressBees,In Transit
DLV06624,ORD06624,2025-08-26,2025-08-31,,Delhivery,Failed
DLV06625,ORD06625,2025-09-12,2025-09-14,,Ecom Express,Out for Delivery
DLV06626,ORD06626,2025-04-18,2025-04-23,,Delhivery,Failed
DLV06627,ORD06627,2025-09-04,2025-09-06,2025-09-06,DTDC,Delivered
DLV06628,ORD06628,2025-10-08,2025-10-13,,DTDC,Delayed
DLV06629,ORD06629,2025-08-23,2025-08-26,,Delhivery,Out for Delivery
DLV06630,ORD06630,2025-06-19,2025-06-24,,Ecom Express,Out for Delivery
DLV06631,ORD06631,2025-09-12,2025-09-19,,Blue Dart,Delayed
DLV06632,ORD06632,2025-01-22,2025-01-28,,Blue Dart,Delayed
DLV06633,ORD06633,2025-05-10,2025-05-17,,Ecom Express,Delayed
DLV06634,ORD06634,2025-08-13,2025-08-20,,XpressBees,Failed
DLV06635,ORD06635,2025-03-07,2025-03-13,,Ecom Express,Delayed
DLV06636,ORD06636,2025-12-13,2025-12-17,2025-12-19,DTDC,Delivered
DLV06637,ORD06637,2025-04-05,2025-04-10,,Ecom Express,Out for Delivery
DLV06638,ORD06638,2025-10-05,2025-10-10,,Delhivery,Failed
DLV06639,ORD06639,2025-06-16,2025-06-20,,Delhivery,Out for Delivery
DLV06640,ORD06640,2025-06-16,2025-06-22,,Delhivery,Delayed
DLV06641,ORD06641,2025-11-21,2025-11-27,,DTDC,Out for Delivery
DLV06642,ORD06642,2025-07-31,2025-08-04,,Ecom Express,In Transit
DLV06643,ORD06643,2025-01-04,2025-01-09,,Ecom Express,Delayed
DLV06644,ORD06644,2025-01-27,2025-01-30,,XpressBees,Failed
DLV06645,ORD06645,2025-05-22,2025-05-25,,Ecom Express,Delayed
DLV06646,ORD06646,2025-07-22,2025-07-25,,Delhivery,In Transit
DLV06647,ORD06647,2025-01-09,2025-01-13,,Delhivery,Delayed
DLV06648,ORD06648,2025-04-22,2025-04-24,2025-04-26,Ecom Express,Delivered
DLV06649,ORD06649,2025-07-11,2025-07-17,,XpressBees,Delayed
DLV06650,ORD06650,2025-12-03,2025-12-09,,Blue Dart,In Transit
DLV06651,ORD06651,2025-07-19,2025-07-21,,Delhivery,In Transit
DLV06652,ORD06652,2025-05-11,2025-05-15,,Ecom Express,Failed
DLV06653,ORD06653,2025-10-24,2025-10-29,,Blue Dart,Out for Delivery
DLV06654,ORD06654,2025-06-13,2025-06-16,,XpressBees,Delayed
DLV06655,ORD06655,2025-07-06,2025-07-13,,Blue Dart,Failed
DLV06656,ORD06656,2025-02-23,2025-02-28,,Ecom Express,Delayed
DLV06657,ORD06657,2025-04-26,2025-04-28,,Delhivery,Failed
DLV06658,ORD06658,2025-07-24,2025-07-31,,Ecom Express,Out for Delivery
DLV06659,ORD06659,2025-03-15,2025-03-17,,Blue Dart,Out for Delivery
DLV06660,ORD06660,2025-02-15,2025-02-20,2025-02-22,DTDC,Delivered
DLV06661,ORD06661,2025-02-01,2025-02-05,,Delhivery,In Transit
DLV06662,ORD06662,2025-07-03,2025-07-05,,Delhivery,Delayed
DLV06663,ORD06663,2025-10-18,2025-10-23,2025-10-26,Ecom Express,Delivered
DLV06664,ORD06664,2025-12-06,2025-12-11,2025-12-10,DTDC,Delivered
DLV06665,ORD06665,2025-08-05,2025-08-08,,Ecom Express,Delayed
DLV06666,ORD06666,2025-12-22,2025-12-27,,Ecom Express,Delayed
DLV06667,ORD06667,2025-03-19,2025-03-24,2025-03-25,DTDC,Delivered
DLV06668,ORD06668,2025-04-26,2025-04-29,,DTDC,Failed
DLV06669,ORD06669,2025-09-13,2025-09-18,,Delhivery,In Transit
DLV06670,ORD06670,2025-07-29,2025-08-01,,Delhivery,In Transit
DLV06671,ORD06671,2025-02-20,2025-02-22,,Delhivery,Delayed
DLV06672,ORD06672,2025-05-30,2025-06-06,2025-06-08,Blue Dart,Delivered
DLV06673,ORD06673,2025-03-01,2025-03-07,,Delhivery,Out for Delivery
DLV06674,ORD06674,2025-02-25,2025-03-04,,Ecom Express,Delayed
DLV06675,ORD06675,2025-05-15,2025-05-17,,XpressBees,In Transit
DLV06676,ORD06676,2025-10-29,2025-11-02,,XpressBees,Delayed
DLV06677,ORD06677,2025-08-08,2025-08-10,,Blue Dart,Out for Delivery
DLV06678,ORD06678,2025-07-01,2025-07-03,,XpressBees,Out for Delivery
DLV06679,ORD06679,2025-07-13,2025-07-16,,Blue Dart,Out for Delivery
DLV06680,ORD06680,2025-08-17,2025-08-19,,Delhivery,In Transit
DLV06681,ORD06681,2025-07-23,2025-07-29,,Blue Dart,Failed
DLV06682,ORD06682,2025-01-08,2025-01-11,,Delhivery,Failed
DLV06683,ORD06683,2025-01-05,2025-01-07,,XpressBees,In Transit
DLV06684,ORD06684,2025-10-13,2025-10-18,,DTDC,In Transit
DLV06685,ORD06685,2025-07-20,2025-07-27,,Blue Dart,Failed
DLV06686,ORD06686,2025-08-28,2025-09-01,,Ecom Express,In Transit
DLV06687,ORD06687,2025-08-01,2025-08-08,,Delhivery,In Transit
DLV06688,ORD06688,2025-11-20,2025-11-25,,Ecom Express,Out for Delivery
DLV06689,ORD06689,2025-02-27,2025-03-02,,Ecom Express,In Transit
DLV06690,ORD06690,2025-12-29,2026-01-04,,Delhivery,In Transit
DLV06691,ORD06691,2025-05-06,2025-05-12,,Blue Dart,Out for Delivery
DLV06692,ORD06692,2025-12-20,2025-12-22,,Delhivery,Delayed
DLV06693,ORD06693,2025-05-27,2025-05-30,,Delhivery,Delayed
DLV06694,ORD06694,2025-08-05,2025-08-11,,Blue Dart,In Transit
DLV06695,ORD06695,2025-12-10,2025-12-12,2025-12-15,Delhivery,Delivered
DLV06696,ORD06696,2025-06-06,2025-06-13,,Ecom Express,In Transit
DLV06697,ORD06697,2025-02-11,2025-02-13,2025-02-15,Ecom Express,Delivered
DLV06698,ORD06698,2025-05-23,2025-05-27,,XpressBees,Out for Delivery
DLV06699,ORD06699,2025-05-26,2025-05-31,,DTDC,Out for Delivery
DLV06700,ORD06700,2025-01-16,2025-01-21,,XpressBees,Delayed
DLV06701,ORD06701,2025-07-06,2025-07-10,,Delhivery,In Transit
DLV06702,ORD06702,2025-08-16,2025-08-22,,Ecom Express,Out for Delivery
DLV06703,ORD06703,2025-08-07,2025-08-13,,Delhivery,Out for Delivery
DLV06704,ORD06704,2025-04-16,2025-04-19,,Delhivery,In Transit
DLV06705,ORD06705,2025-04-07,2025-04-13,,Ecom Express,Delayed
DLV06706,ORD06706,2025-01-01,2025-01-03,,Delhivery,In Transit
DLV06707,ORD06707,2025-12-08,2025-12-12,,Blue Dart,In Transit
DLV06708,ORD06708,2025-05-16,2025-05-23,,XpressBees,Delayed
DLV06709,ORD06709,2025-11-09,2025-11-15,2025-11-15,DTDC,Delivered
DLV06710,ORD06710,2025-10-13,2025-10-20,,Delhivery,Out for Delivery
DLV06711,ORD06711,2025-10-28,2025-11-04,,Blue Dart,Failed
DLV06712,ORD06712,2025-08-09,2025-08-11,2025-08-12,Ecom Express,Delivered
DLV06713,ORD06713,2025-11-25,2025-11-28,,XpressBees,Out for Delivery
DLV06714,ORD06714,2025-01-24,2025-01-28,,Blue Dart,In Transit
DLV06715,ORD06715,2025-04-21,2025-04-24,,XpressBees,Out for Delivery
DLV06716,ORD06716,2025-07-23,2025-07-27,,Ecom Express,In Transit
DLV06717,ORD06717,2025-09-08,2025-09-14,2025-09-14,Blue Dart,Delivered
DLV06718,ORD06718,2025-08-02,2025-08-08,,Ecom Express,In Transit
DLV06719,ORD06719,2025-06-01,2025-06-05,2025-06-07,Delhivery,Delivered
DLV06720,ORD06720,2025-07-14,2025-07-19,,DTDC,Delayed
DLV06721,ORD06721,2025-01-27,2025-02-01,,Delhivery,Out for Delivery
DLV06722,ORD06722,2025-05-27,2025-06-01,,Blue Dart,Out for Delivery
DLV06723,ORD06723,2025-02-17,2025-02-19,,Ecom Express,Failed
DLV06724,ORD06724,2025-12-04,2025-12-08,2025-12-11,Delhivery,Delivered
DLV06725,ORD06725,2025-08-12,2025-08-16,,Delhivery,Delayed
DLV06726,ORD06726,2025-05-28,2025-06-01,,Ecom Express,In Transit
DLV06727,ORD06727,2025-04-22,2025-04-25,2025-04-24,Blue Dart,Delivered
DLV06728,ORD06728,2025-09-06,2025-09-11,,XpressBees,Failed
DLV06729,ORD06729,2025-12-02,2025-12-07,,XpressBees,In Transit
DLV06730,ORD06730,2025-04-14,2025-04-20,,XpressBees,Out for Delivery
DLV06731,ORD06731,2025-09-12,2025-09-15,,DTDC,Failed
DLV06732,ORD06732,2025-06-21,2025-06-27,,Delhivery,Delayed
DLV06733,ORD06733,2025-01-01,2025-01-07,,Ecom Express,Delayed
DLV06734,ORD06734,2025-04-02,2025-04-06,2025-04-05,DTDC,Delivered
DLV06735,ORD06735,2025-07-21,2025-07-26,2025-07-27,XpressBees,Delivered
DLV06736,ORD06736,2025-05-19,2025-05-24,,XpressBees,In Transit
DLV06737,ORD06737,2025-10-26,2025-10-31,,XpressBees,Failed
DLV06738,ORD06738,2025-05-01,2025-05-06,,Delhivery,In Transit
DLV06739,ORD06739,2025-05-31,2025-06-07,,Ecom Express,Failed
DLV06740,ORD06740,2025-02-26,2025-02-28,,Ecom Express,Out for Delivery
DLV06741,ORD06741,2025-06-12,2025-06-14,,Ecom Express,Out for Delivery
DLV06742,ORD06742,2025-05-08,2025-05-15,,Blue Dart,Delayed
DLV06743,ORD06743,2025-11-22,2025-11-26,,DTDC,Out for Delivery
DLV06744,ORD06744,2025-06-15,2025-06-21,,Delhivery,Out for Delivery
DLV06745,ORD06745,2025-11-05,2025-11-08,,Blue Dart,Out for Delivery
DLV06746,ORD06746,2025-10-06,2025-10-12,2025-10-13,Delhivery,Delivered
DLV06747,ORD06747,2025-06-30,2025-07-06,,Ecom Express,In Transit
DLV06748,ORD06748,2025-02-26,2025-03-04,,DTDC,Failed
DLV06749,ORD06749,2025-12-01,2025-12-03,,XpressBees,Delayed
DLV06750,ORD06750,2025-05-19,2025-05-22,2025-05-23,XpressBees,Delivered
DLV06751,ORD06751,2025-12-17,2025-12-19,,Ecom Express,Failed
DLV06752,ORD06752,2025-03-12,2025-03-15,,XpressBees,Delayed
DLV06753,ORD06753,2025-06-19,2025-06-21,,XpressBees,Delayed
DLV06754,ORD06754,2025-10-25,2025-10-29,,XpressBees,Failed
DLV06755,ORD06755,2025-06-24,2025-06-28,,Delhivery,Out for Delivery
DLV06756,ORD06756,2025-03-07,2025-03-14,,Delhivery,In Transit
DLV06757,ORD06757,2025-05-22,2025-05-29,,Blue Dart,Delayed
DLV06758,ORD06758,2025-07-20,2025-07-25,,Blue Dart,Failed
DLV06759,ORD06759,2025-10-28,2025-11-04,,Blue Dart,Failed
DLV06760,ORD06760,2025-01-18,2025-01-21,,XpressBees,Out for Delivery
DLV06761,ORD06761,2025-04-11,2025-04-16,2025-04-16,Ecom Express,Delivered
DLV06762,ORD06762,2025-06-10,2025-06-13,,Blue Dart,Failed
DLV06763,ORD06763,2025-12-11,2025-12-16,,Ecom Express,Failed
DLV06764,ORD06764,2025-01-10,2025-01-16,,Delhivery,Delayed
DLV06765,ORD06765,2025-07-24,2025-07-26,,XpressBees,Delayed
DLV06766,ORD06766,2025-02-18,2025-02-25,,XpressBees,In Transit
DLV06767,ORD06767,2025-09-24,2025-09-26,,Blue Dart,Failed
DLV06768,ORD06768,2025-12-29,2026-01-05,,Ecom Express,Delayed
DLV06769,ORD06769,2025-07-11,2025-07-13,,DTDC,In Transit
DLV06770,ORD06770,2025-02-01,2025-02-07,,XpressBees,Failed
DLV06771,ORD06771,2025-07-21,2025-07-24,,Blue Dart,Delayed
DLV06772,ORD06772,2025-06-23,2025-06-26,,XpressBees,Out for Delivery
DLV06773,ORD06773,2025-12-30,2026-01-05,2026-01-05,Ecom Express,Delivered
DLV06774,ORD06774,2025-06-13,2025-06-16,,Delhivery,Failed
DLV06775,ORD06775,2025-09-01,2025-09-03,2025-09-03,XpressBees,Delivered
DLV06776,ORD06776,2025-05-09,2025-05-13,,Ecom Express,In Transit
DLV06777,ORD06777,2025-06-17,2025-06-22,2025-06-23,Ecom Express,Delivered
DLV06778,ORD06778,2025-06-12,2025-06-18,,Blue Dart,In Transit
DLV06779,ORD06779,2025-04-07,2025-04-14,,Delhivery,In Transit
DLV06780,ORD06780,2025-02-02,2025-02-05,2025-02-06,Delhivery,Delivered
DLV06781,ORD06781,2025-02-12,2025-02-19,,Delhivery,In Transit
DLV06782,ORD06782,2025-03-12,2025-03-14,,Delhivery,Delayed
DLV06783,ORD06783,2025-02-19,2025-02-23,,DTDC,Out for Delivery
DLV06784,ORD06784,2025-08-27,2025-08-31,,Blue Dart,Failed
DLV06785,ORD06785,2025-01-31,2025-02-06,,Blue Dart,In Transit
DLV06786,ORD06786,2025-08-20,2025-08-25,,Blue Dart,Failed
DLV06787,ORD06787,2025-10-12,2025-10-14,,XpressBees,Failed
DLV06788,ORD06788,2025-07-18,2025-07-20,,XpressBees,Delayed
DLV06789,ORD06789,2025-07-14,2025-07-21,,XpressBees,Failed
DLV06790,ORD06790,2025-02-22,2025-02-25,,XpressBees,In Transit
DLV06791,ORD06791,2025-06-01,2025-06-06,,XpressBees,Failed
DLV06792,ORD06792,2025-10-04,2025-10-08,,Delhivery,Failed
DLV06793,ORD06793,2025-08-01,2025-08-07,,Delhivery,Delayed
DLV06794,ORD06794,2025-12-19,2025-12-25,2025-12-24,Ecom Express,Delivered
DLV06795,ORD06795,2025-05-27,2025-06-03,2025-06-05,Delhivery,Delivered
DLV06796,ORD06796,2025-12-22,2025-12-26,,DTDC,Out for Delivery
DLV06797,ORD06797,2025-11-18,2025-11-23,2025-11-24,DTDC,Delivered
DLV06798,ORD06798,2025-12-01,2025-12-08,,DTDC,Delayed
DLV06799,ORD06799,2025-10-15,2025-10-20,,DTDC,Out for Delivery
DLV06800,ORD06800,2025-12-20,2025-12-26,,Blue Dart,Delayed
DLV06801,ORD06801,2025-09-15,2025-09-18,,Delhivery,Failed
DLV06802,ORD06802,2025-12-21,2025-12-23,,Blue Dart,Delayed
DLV06803,ORD06803,2025-01-03,2025-01-08,,XpressBees,Delayed
DLV06804,ORD06804,2025-05-29,2025-06-04,,Blue Dart,In Transit
DLV06805,ORD06805,2025-10-22,2025-10-28,2025-10-29,XpressBees,Delivered
DLV06806,ORD06806,2025-04-28,2025-05-02,,Delhivery,Out for Delivery
DLV06807,ORD06807,2025-01-26,2025-02-01,,Blue Dart,Failed
DLV06808,ORD06808,2025-06-14,2025-06-16,,Blue Dart,Delayed
DLV06809,ORD06809,2025-04-03,2025-04-08,,DTDC,Out for Delivery
DLV06810,ORD06810,2025-06-03,2025-06-08,,Delhivery,Failed
DLV06811,ORD06811,2025-08-13,2025-08-16,,Blue Dart,Delayed
DLV06812,ORD06812,2025-04-04,2025-04-09,,XpressBees,Delayed
DLV06813,ORD06813,2025-02-07,2025-02-10,,Ecom Express,Out for Delivery
DLV06814,ORD06814,2025-05-04,2025-05-10,2025-05-10,Ecom Express,Delivered
DLV06815,ORD06815,2025-07-18,2025-07-22,,XpressBees,Out for Delivery
DLV06816,ORD06816,2025-11-04,2025-11-06,2025-11-05,Blue Dart,Delivered
DLV06817,ORD06817,2025-10-03,2025-10-05,,Blue Dart,Delayed
DLV06818,ORD06818,2025-03-17,2025-03-23,,DTDC,Failed
DLV06819,ORD06819,2025-02-24,2025-02-26,,Delhivery,Out for Delivery
DLV06820,ORD06820,2025-02-14,2025-02-19,,Delhivery,Out for Delivery
DLV06821,ORD06821,2025-09-14,2025-09-17,,XpressBees,Failed
DLV06822,ORD06822,2025-02-01,2025-02-03,,XpressBees,In Transit
DLV06823,ORD06823,2025-05-25,2025-05-31,,DTDC,Delayed
DLV06824,ORD06824,2025-07-12,2025-07-19,,Ecom Express,Failed
DLV06825,ORD06825,2025-01-26,2025-01-29,,DTDC,Failed
DLV06826,ORD06826,2025-08-03,2025-08-05,,Ecom Express,Delayed
DLV06827,ORD06827,2025-06-28,2025-07-05,2025-07-06,Ecom Express,Delivered
DLV06828,ORD06828,2025-01-08,2025-01-12,,DTDC,Failed
DLV06829,ORD06829,2025-08-10,2025-08-14,,Delhivery,Delayed
DLV06830,ORD06830,2025-05-02,2025-05-09,,Blue Dart,Delayed
DLV06831,ORD06831,2025-05-15,2025-05-20,,Delhivery,Delayed
DLV06832,ORD06832,2025-07-08,2025-07-11,2025-07-14,XpressBees,Delivered
DLV06833,ORD06833,2025-01-22,2025-01-24,,DTDC,Delayed
DLV06834,ORD06834,2025-09-08,2025-09-12,,Delhivery,Failed
DLV06835,ORD06835,2025-11-10,2025-11-13,,XpressBees,Failed
DLV06836,ORD06836,2025-05-06,2025-05-10,,Delhivery,Delayed
DLV06837,ORD06837,2025-12-21,2025-12-28,,Delhivery,Delayed
DLV06838,ORD06838,2025-12-09,2025-12-13,2025-12-16,DTDC,Delivered
DLV06839,ORD06839,2025-03-03,2025-03-06,,Blue Dart,Failed
DLV06840,ORD06840,2025-09-14,2025-09-19,,Ecom Express,In Transit
DLV06841,ORD06841,2025-07-22,2025-07-28,,DTDC,In Transit
DLV06842,ORD06842,2025-04-20,2025-04-27,2025-04-28,Delhivery,Delivered
DLV06843,ORD06843,2025-06-24,2025-06-30,2025-07-01,Blue Dart,Delivered
DLV06844,ORD06844,2025-08-18,2025-08-25,2025-08-27,XpressBees,Delivered
DLV06845,ORD06845,2025-06-20,2025-06-24,,Blue Dart,Failed
DLV06846,ORD06846,2025-08-15,2025-08-19,,DTDC,Out for Delivery
DLV06847,ORD06847,2025-09-16,2025-09-23,,Blue Dart,In Transit
DLV06848,ORD06848,2025-06-01,2025-06-08,,Delhivery,In Transit
DLV06849,ORD06849,2025-09-09,2025-09-12,,DTDC,Failed
DLV06850,ORD06850,2025-06-21,2025-06-24,,Delhivery,Out for Delivery
DLV06851,ORD06851,2025-01-09,2025-01-15,,Ecom Express,Failed
DLV06852,ORD06852,2025-07-25,2025-07-28,,DTDC,Delayed
DLV06853,ORD06853,2025-02-06,2025-02-09,,XpressBees,Out for Delivery
DLV06854,ORD06854,2025-01-24,2025-01-28,,DTDC,Failed
DLV06855,ORD06855,2025-03-28,2025-04-01,,Delhivery,Failed
DLV06856,ORD06856,2025-12-16,2025-12-22,2025-12-25,Delhivery,Delivered
DLV06857,ORD06857,2025-09-11,2025-09-16,,Delhivery,Failed
DLV06858,ORD06858,2025-04-17,2025-04-23,,Ecom Express,Out for Delivery
DLV06859,ORD06859,2025-08-04,2025-08-11,,Blue Dart,Failed
DLV06860,ORD06860,2025-07-05,2025-07-10,,Blue Dart,Failed
DLV06861,ORD06861,2025-11-24,2025-11-30,,Delhivery,Failed
DLV06862,ORD06862,2025-02-14,2025-02-19,,Delhivery,Out for Delivery
DLV06863,ORD06863,2025-12-02,2025-12-06,,Delhivery,Delayed
DLV06864,ORD06864,2025-10-24,2025-10-27,,Delhivery,In Transit
DLV06865,ORD06865,2025-02-27,2025-03-03,,Blue Dart,Failed
DLV06866,ORD06866,2025-08-17,2025-08-23,,XpressBees,Delayed
DLV06867,ORD06867,2025-06-30,2025-07-05,,XpressBees,Failed
DLV06868,ORD06868,2025-10-24,2025-10-30,,Ecom Express,Delayed
DLV06869,ORD06869,2025-02-04,2025-02-11,,DTDC,Delayed
DLV06870,ORD06870,2025-01-09,2025-01-12,,Ecom Express,Delayed
DLV06871,ORD06871,2025-07-17,2025-07-19,,DTDC,Delayed
DLV06872,ORD06872,2025-01-26,2025-01-29,,Blue Dart,In Transit
DLV06873,ORD06873,2025-08-09,2025-08-11,,Blue Dart,Out for Delivery
DLV06874,ORD06874,2025-10-10,2025-10-15,2025-10-16,Delhivery,Delivered
DLV06875,ORD06875,2025-06-30,2025-07-03,2025-07-05,XpressBees,Delivered
DLV06876,ORD06876,2025-07-16,2025-07-19,2025-07-18,XpressBees,Delivered
DLV06877,ORD06877,2025-05-03,2025-05-10,,DTDC,Out for Delivery
DLV06878,ORD06878,2025-07-16,2025-07-21,,XpressBees,In Transit
DLV06879,ORD06879,2025-06-03,2025-06-07,,Ecom Express,In Transit
DLV06880,ORD06880,2025-08-26,2025-08-28,,Ecom Express,In Transit
DLV06881,ORD06881,2025-02-13,2025-02-19,,XpressBees,Delayed
DLV06882,ORD06882,2025-12-27,2026-01-03,,Ecom Express,Delayed
DLV06883,ORD06883,2025-04-20,2025-04-26,,Ecom Express,Out for Delivery
DLV06884,ORD06884,2025-03-16,2025-03-23,,Delhivery,In Transit
DLV06885,ORD06885,2025-03-19,2025-03-21,,Ecom Express,In Transit
DLV06886,ORD06886,2025-01-19,2025-01-21,,Blue Dart,Failed
DLV06887,ORD06887,2025-04-27,2025-05-04,,DTDC,Out for Delivery
DLV06888,ORD06888,2025-01-19,2025-01-24,,Ecom Express,In Transit
DLV06889,ORD06889,2025-05-21,2025-05-28,,Ecom Express,In Transit
DLV06890,ORD06890,2025-10-04,2025-10-09,2025-10-11,XpressBees,Delivered
DLV06891,ORD06891,2025-05-21,2025-05-23,,Blue Dart,In Transit
DLV06892,ORD06892,2025-04-14,2025-04-21,,Blue Dart,Failed
DLV06893,ORD06893,2025-11-14,2025-11-19,,XpressBees,In Transit
DLV06894,ORD06894,2025-07-31,2025-08-07,,Ecom Express,Out for Delivery
DLV06895,ORD06895,2025-03-29,2025-04-04,,XpressBees,In Transit
DLV06896,ORD06896,2025-04-21,2025-04-26,2025-04-29,Ecom Express,Delivered
DLV06897,ORD06897,2025-05-02,2025-05-04,,Ecom Express,In Transit
DLV06898,ORD06898,2025-09-17,2025-09-23,,Ecom Express,In Transit
DLV06899,ORD06899,2025-05-13,2025-05-17,,DTDC,Out for Delivery
DLV06900,ORD06900,2025-03-20,2025-03-25,,DTDC,Delayed
DLV06901,ORD06901,2025-02-15,2025-02-22,2025-02-21,XpressBees,Delivered
DLV06902,ORD06902,2025-08-10,2025-08-17,,Delhivery,Failed
DLV06903,ORD06903,2025-04-02,2025-04-07,,XpressBees,Out for Delivery
DLV06904,ORD06904,2025-01-30,2025-02-06,,Blue Dart,Delayed
DLV06905,ORD06905,2025-01-23,2025-01-29,,Blue Dart,Failed
DLV06906,ORD06906,2025-10-10,2025-10-17,,Blue Dart,Failed
DLV06907,ORD06907,2025-08-23,2025-08-27,,Blue Dart,Delayed
DLV06908,ORD06908,2025-07-28,2025-08-04,,Ecom Express,Failed
DLV06909,ORD06909,2025-02-24,2025-02-27,2025-03-02,Delhivery,Delivered
DLV06910,ORD06910,2025-08-05,2025-08-07,,Ecom Express,Failed
DLV06911,ORD06911,2025-08-31,2025-09-02,,Delhivery,Out for Delivery
DLV06912,ORD06912,2025-10-30,2025-11-05,,Blue Dart,Delayed
DLV06913,ORD06913,2025-09-21,2025-09-26,,Blue Dart,Out for Delivery
DLV06914,ORD06914,2025-05-04,2025-05-09,,XpressBees,Failed
DLV06915,ORD06915,2025-08-11,2025-08-18,,Blue Dart,Out for Delivery
DLV06916,ORD06916,2025-01-11,2025-01-13,,Blue Dart,Failed
DLV06917,ORD06917,2025-11-04,2025-11-08,,XpressBees,In Transit
DLV06918,ORD06918,2025-10-03,2025-10-08,,Ecom Express,In Transit
DLV06919,ORD06919,2025-02-07,2025-02-13,,Blue Dart,In Transit
DLV06920,ORD06920,2025-02-03,2025-02-08,,Delhivery,In Transit
DLV06921,ORD06921,2025-07-02,2025-07-06,,Ecom Express,Failed
DLV06922,ORD06922,2025-07-13,2025-07-19,,Delhivery,Failed
DLV06923,ORD06923,2025-08-02,2025-08-09,,DTDC,Delayed
DLV06924,ORD06924,2025-03-20,2025-03-24,2025-03-25,XpressBees,Delivered
DLV06925,ORD06925,2025-03-19,2025-03-23,,XpressBees,Delayed
DLV06926,ORD06926,2025-08-02,2025-08-04,,Ecom Express,Delayed
DLV06927,ORD06927,2025-09-16,2025-09-18,,Blue Dart,Out for Delivery
DLV06928,ORD06928,2025-08-05,2025-08-12,2025-08-11,XpressBees,Delivered
DLV06929,ORD06929,2025-11-15,2025-11-22,,XpressBees,Failed
DLV06930,ORD06930,2025-02-25,2025-02-27,,Ecom Express,Delayed
DLV06931,ORD06931,2025-12-14,2025-12-18,,XpressBees,Failed
DLV06932,ORD06932,2025-12-24,2025-12-26,,Blue Dart,In Transit
DLV06933,ORD06933,2025-02-10,2025-02-13,,DTDC,Delayed
DLV06934,ORD06934,2025-02-27,2025-03-05,,DTDC,Delayed
DLV06935,ORD06935,2025-07-08,2025-07-11,,Ecom Express,Out for Delivery
DLV06936,ORD06936,2025-08-21,2025-08-25,,Delhivery,Failed
DLV06937,ORD06937,2025-07-18,2025-07-24,,Delhivery,Failed
DLV06938,ORD06938,2025-07-19,2025-07-22,,Delhivery,Delayed
DLV06939,ORD06939,2025-03-15,2025-03-17,,XpressBees,Out for Delivery
DLV06940,ORD06940,2025-02-01,2025-02-05,,DTDC,In Transit
DLV06941,ORD06941,2025-01-09,2025-01-11,,Blue Dart,Delayed
DLV06942,ORD06942,2025-04-06,2025-04-10,,Delhivery,Out for Delivery
DLV06943,ORD06943,2025-06-23,2025-06-28,,XpressBees,Delayed
DLV06944,ORD06944,2025-11-11,2025-11-14,2025-11-14,Ecom Express,Delivered
DLV06945,ORD06945,2025-10-30,2025-11-06,,Delhivery,Delayed
DLV06946,ORD06946,2025-10-13,2025-10-20,,Blue Dart,Delayed
DLV06947,ORD06947,2025-03-06,2025-03-10,,Ecom Express,Delayed
DLV06948,ORD06948,2025-08-21,2025-08-24,,Delhivery,In Transit
DLV06949,ORD06949,2025-03-11,2025-03-14,,Blue Dart,Out for Delivery
DLV06950,ORD06950,2025-01-05,2025-01-09,,Blue Dart,Out for Delivery
DLV06951,ORD06951,2025-05-27,2025-05-30,,DTDC,Failed
DLV06952,ORD06952,2025-02-21,2025-02-24,2025-02-23,DTDC,Delivered
DLV06953,ORD06953,2025-01-12,2025-01-19,,Delhivery,Delayed
DLV06954,ORD06954,2025-12-06,2025-12-12,,Blue Dart,Failed
DLV06955,ORD06955,2025-06-26,2025-07-01,,DTDC,In Transit
DLV06956,ORD06956,2025-02-28,2025-03-06,,DTDC,In Transit
DLV06957,ORD06957,2025-10-27,2025-10-31,,Blue Dart,Delayed
DLV06958,ORD06958,2025-03-15,2025-03-17,2025-03-16,DTDC,Delivered
DLV06959,ORD06959,2025-04-23,2025-04-30,,XpressBees,Delayed
DLV06960,ORD06960,2025-03-22,2025-03-25,,Blue Dart,Out for Delivery
DLV06961,ORD06961,2025-11-14,2025-11-17,,Ecom Express,Failed
DLV06962,ORD06962,2025-03-04,2025-03-08,2025-03-10,XpressBees,Delivered
DLV06963,ORD06963,2025-12-01,2025-12-05,,Delhivery,Delayed
DLV06964,ORD06964,2025-04-17,2025-04-21,,Ecom Express,Out for Delivery
DLV06965,ORD06965,2025-05-09,2025-05-12,,XpressBees,In Transit
DLV06966,ORD06966,2025-11-27,2025-12-04,,Ecom Express,Out for Delivery
DLV06967,ORD06967,2025-08-26,2025-08-31,,Delhivery,Out for Delivery
DLV06968,ORD06968,2025-08-03,2025-08-08,,Blue Dart,Delayed
DLV06969,ORD06969,2025-02-13,2025-02-18,,Blue Dart,Failed
DLV06970,ORD06970,2025-04-29,2025-05-05,,Blue Dart,In Transit
DLV06971,ORD06971,2025-05-25,2025-05-31,,XpressBees,Out for Delivery
DLV06972,ORD06972,2025-10-20,2025-10-25,,DTDC,Delayed
DLV06973,ORD06973,2025-02-22,2025-02-27,2025-03-02,Delhivery,Delivered
DLV06974,ORD06974,2025-01-27,2025-02-02,,Blue Dart,Delayed
DLV06975,ORD06975,2025-03-09,2025-03-14,2025-03-17,Blue Dart,Delivered
DLV06976,ORD06976,2025-10-17,2025-10-21,,Delhivery,In Transit
DLV06977,ORD06977,2025-08-01,2025-08-04,,DTDC,Out for Delivery
DLV06978,ORD06978,2025-02-21,2025-02-26,,XpressBees,Delayed
DLV06979,ORD06979,2025-10-03,2025-10-07,2025-10-08,Blue Dart,Delivered
DLV06980,ORD06980,2025-03-17,2025-03-22,,Delhivery,Delayed
DLV06981,ORD06981,2025-09-08,2025-09-11,,Ecom Express,In Transit
DLV06982,ORD06982,2025-06-27,2025-07-04,2025-07-04,Ecom Express,Delivered
DLV06983,ORD06983,2025-09-25,2025-09-28,,XpressBees,In Transit
DLV06984,ORD06984,2025-10-13,2025-10-17,,DTDC,Delayed
DLV06985,ORD06985,2025-09-11,2025-09-17,,DTDC,Delayed
DLV06986,ORD06986,2025-05-20,2025-05-22,,DTDC,In Transit
DLV06987,ORD06987,2025-09-06,2025-09-13,,Delhivery,In Transit
DLV06988,ORD06988,2025-02-02,2025-02-09,,DTDC,In Transit
DLV06989,ORD06989,2025-05-18,2025-05-23,2025-05-26,XpressBees,Delivered
DLV06990,ORD06990,2025-02-11,2025-02-17,,Ecom Express,In Transit
DLV06991,ORD06991,2025-02-10,2025-02-15,,Blue Dart,In Transit
DLV06992,ORD06992,2025-01-07,2025-01-14,,Delhivery,Failed
DLV06993,ORD06993,2025-06-23,2025-06-25,,XpressBees,Out for Delivery
DLV06994,ORD06994,2025-09-18,2025-09-22,,XpressBees,Delayed
DLV06995,ORD06995,2025-07-12,2025-07-19,,Delhivery,Out for Delivery
DLV06996,ORD06996,2025-03-27,2025-03-30,,DTDC,Failed
DLV06997,ORD06997,2025-02-28,2025-03-05,,XpressBees,In Transit
DLV06998,ORD06998,2025-12-17,2025-12-22,2025-12-24,DTDC,Delivered
DLV06999,ORD06999,2025-03-08,2025-03-14,,Blue Dart,Delayed
DLV07000,ORD07000,2025-08-21,2025-08-27,,Blue Dart,In Transit
DLV07001,ORD07001,2025-02-15,2025-02-20,,Delhivery,Delayed
DLV07002,ORD07002,2025-08-15,2025-08-19,,Delhivery,Out for Delivery
DLV07003,ORD07003,2025-07-12,2025-07-14,2025-07-17,DTDC,Delivered
DLV07004,ORD07004,2025-09-17,2025-09-22,,Delhivery,In Transit
DLV07005,ORD07005,2025-09-29,2025-10-01,,XpressBees,Failed
DLV07006,ORD07006,2025-07-04,2025-07-10,,Blue Dart,Failed
DLV07007,ORD07007,2025-02-22,2025-02-24,,Ecom Express,Delayed
DLV07008,ORD07008,2025-05-16,2025-05-18,,Ecom Express,Failed
DLV07009,ORD07009,2025-05-03,2025-05-10,2025-05-13,Blue Dart,Delivered
DLV07010,ORD07010,2025-06-30,2025-07-06,,XpressBees,Out for Delivery
DLV07011,ORD07011,2025-11-09,2025-11-14,,XpressBees,Out for Delivery
DLV07012,ORD07012,2025-01-14,2025-01-21,,DTDC,Delayed
DLV07013,ORD07013,2025-11-06,2025-11-11,,Delhivery,Out for Delivery
DLV07014,ORD07014,2025-06-14,2025-06-21,2025-06-22,Blue Dart,Delivered
DLV07015,ORD07015,2025-02-06,2025-02-13,,Blue Dart,Delayed
DLV07016,ORD07016,2025-01-28,2025-01-31,,Blue Dart,Out for Delivery
DLV07017,ORD07017,2025-11-29,2025-12-02,,Blue Dart,In Transit
DLV07018,ORD07018,2025-09-10,2025-09-17,,XpressBees,Failed
DLV07019,ORD07019,2025-08-22,2025-08-24,2025-08-24,Blue Dart,Delivered
DLV07020,ORD07020,2025-04-14,2025-04-20,2025-04-19,DTDC,Delivered
DLV07021,ORD07021,2025-03-04,2025-03-09,,Ecom Express,Out for Delivery
DLV07022,ORD07022,2025-09-16,2025-09-18,,Blue Dart,Out for Delivery
DLV07023,ORD07023,2025-06-30,2025-07-07,,Delhivery,Delayed
DLV07024,ORD07024,2025-04-04,2025-04-06,,DTDC,Delayed
DLV07025,ORD07025,2025-04-28,2025-05-01,,Delhivery,Out for Delivery
DLV07026,ORD07026,2025-02-22,2025-03-01,,Ecom Express,In Transit
DLV07027,ORD07027,2025-07-17,2025-07-19,,Delhivery,Out for Delivery
DLV07028,ORD07028,2025-05-01,2025-05-03,,XpressBees,In Transit
DLV07029,ORD07029,2025-04-30,2025-05-04,,Delhivery,Out for Delivery
DLV07030,ORD07030,2025-10-07,2025-10-11,2025-10-13,DTDC,Delivered
DLV07031,ORD07031,2025-09-15,2025-09-17,,Blue Dart,Failed
DLV07032,ORD07032,2025-01-17,2025-01-19,2025-01-21,Ecom Express,Delivered
DLV07033,ORD07033,2025-07-13,2025-07-18,2025-07-18,Delhivery,Delivered
DLV07034,ORD07034,2025-06-02,2025-06-09,2025-06-09,Delhivery,Delivered
DLV07035,ORD07035,2025-12-23,2025-12-29,,Blue Dart,Out for Delivery
DLV07036,ORD07036,2025-07-10,2025-07-14,,Ecom Express,Delayed
DLV07037,ORD07037,2025-02-09,2025-02-16,,Blue Dart,Failed
DLV07038,ORD07038,2025-04-02,2025-04-09,,DTDC,Failed
DLV07039,ORD07039,2025-12-13,2025-12-15,,Blue Dart,Failed
DLV07040,ORD07040,2025-08-03,2025-08-06,2025-08-07,XpressBees,Delivered
DLV07041,ORD07041,2025-10-15,2025-10-22,,Blue Dart,In Transit
DLV07042,ORD07042,2025-03-06,2025-03-09,,DTDC,In Transit
DLV07043,ORD07043,2025-04-12,2025-04-14,,Blue Dart,In Transit
DLV07044,ORD07044,2025-09-29,2025-10-02,,Ecom Express,Out for Delivery
DLV07045,ORD07045,2025-03-26,2025-03-28,2025-03-31,DTDC,Delivered
DLV07046,ORD07046,2025-05-09,2025-05-14,,Blue Dart,In Transit
DLV07047,ORD07047,2025-09-10,2025-09-14,,Delhivery,Failed
DLV07048,ORD07048,2025-11-03,2025-11-07,2025-11-09,DTDC,Delivered
DLV07049,ORD07049,2025-08-25,2025-08-30,,Blue Dart,Failed
DLV07050,ORD07050,2025-03-23,2025-03-25,,XpressBees,In Transit
DLV07051,ORD07051,2025-08-17,2025-08-23,2025-08-22,Delhivery,Delivered
DLV07052,ORD07052,2025-11-08,2025-11-11,,Delhivery,In Transit
DLV07053,ORD07053,2025-09-24,2025-09-29,,Ecom Express,In Transit
DLV07054,ORD07054,2025-02-15,2025-02-22,,Delhivery,Failed
DLV07055,ORD07055,2025-08-02,2025-08-07,2025-08-09,Delhivery,Delivered
DLV07056,ORD07056,2025-02-02,2025-02-08,2025-02-10,Ecom Express,Delivered
DLV07057,ORD07057,2025-06-15,2025-06-21,,DTDC,Failed
DLV07058,ORD07058,2025-05-16,2025-05-19,,Delhivery,Failed
DLV07059,ORD07059,2025-01-31,2025-02-06,2025-02-05,Blue Dart,Delivered
DLV07060,ORD07060,2025-10-03,2025-10-08,,Ecom Express,Out for Delivery
DLV07061,ORD07061,2025-07-30,2025-08-03,,Ecom Express,Out for Delivery
DLV07062,ORD07062,2025-06-03,2025-06-07,,DTDC,Out for Delivery
DLV07063,ORD07063,2025-11-08,2025-11-12,,XpressBees,Out for Delivery
DLV07064,ORD07064,2025-03-26,2025-03-31,,XpressBees,Failed
DLV07065,ORD07065,2025-06-10,2025-06-12,,Delhivery,In Transit
DLV07066,ORD07066,2025-01-17,2025-01-20,,Delhivery,In Transit
DLV07067,ORD07067,2025-06-16,2025-06-20,,Blue Dart,Delayed
DLV07068,ORD07068,2025-09-14,2025-09-17,2025-09-19,Ecom Express,Delivered
DLV07069,ORD07069,2025-06-05,2025-06-12,,Blue Dart,Delayed
DLV07070,ORD07070,2025-01-06,2025-01-11,,XpressBees,In Transit
DLV07071,ORD07071,2025-07-11,2025-07-18,,XpressBees,Delayed
DLV07072,ORD07072,2025-07-07,2025-07-14,,Blue Dart,In Transit
DLV07073,ORD07073,2025-10-10,2025-10-17,,DTDC,Delayed
DLV07074,ORD07074,2025-06-23,2025-06-27,,Delhivery,In Transit
DLV07075,ORD07075,2025-06-09,2025-06-15,,Ecom Express,In Transit
DLV07076,ORD07076,2025-05-04,2025-05-11,,Ecom Express,Failed
DLV07077,ORD07077,2025-09-24,2025-09-29,2025-09-28,Delhivery,Delivered
DLV07078,ORD07078,2025-06-01,2025-06-03,,Delhivery,Delayed
DLV07079,ORD07079,2025-11-22,2025-11-26,,Blue Dart,Failed
DLV07080,ORD07080,2025-01-09,2025-01-15,2025-01-18,Ecom Express,Delivered
DLV07081,ORD07081,2025-08-14,2025-08-21,,XpressBees,Delayed
DLV07082,ORD07082,2025-11-22,2025-11-28,2025-11-29,XpressBees,Delivered
DLV07083,ORD07083,2025-10-30,2025-11-01,2025-11-03,DTDC,Delivered
DLV07084,ORD07084,2025-08-23,2025-08-28,,XpressBees,Failed
DLV07085,ORD07085,2025-12-26,2026-01-01,,DTDC,In Transit
DLV07086,ORD07086,2025-04-08,2025-04-15,,Ecom Express,Delayed
DLV07087,ORD07087,2025-10-03,2025-10-05,,Blue Dart,Failed
DLV07088,ORD07088,2025-03-03,2025-03-08,2025-03-11,DTDC,Delivered
DLV07089,ORD07089,2025-10-31,2025-11-07,2025-11-10,DTDC,Delivered
DLV07090,ORD07090,2025-02-14,2025-02-21,,Delhivery,In Transit
DLV07091,ORD07091,2025-11-02,2025-11-07,,Ecom Express,Delayed
DLV07092,ORD07092,2025-08-18,2025-08-25,,DTDC,Delayed
DLV07093,ORD07093,2025-06-11,2025-06-18,,Delhivery,Out for Delivery
DLV07094,ORD07094,2025-12-13,2025-12-19,,XpressBees,Out for Delivery
DLV07095,ORD07095,2025-04-04,2025-04-07,,Ecom Express,Out for Delivery
DLV07096,ORD07096,2025-05-27,2025-05-29,,Blue Dart,In Transit
DLV07097,ORD07097,2025-11-08,2025-11-13,2025-11-13,DTDC,Delivered
DLV07098,ORD07098,2025-07-15,2025-07-18,,Blue Dart,Out for Delivery
DLV07099,ORD07099,2025-02-14,2025-02-20,,Delhivery,Out for Delivery
DLV07100,ORD07100,2025-05-25,2025-05-27,,DTDC,Delayed
DLV07101,ORD07101,2025-11-04,2025-11-08,,DTDC,Delayed
DLV07102,ORD07102,2025-11-11,2025-11-18,,XpressBees,Delayed
DLV07103,ORD07103,2025-05-27,2025-06-01,,DTDC,Failed
DLV07104,ORD07104,2025-09-29,2025-10-02,,Delhivery,Out for Delivery
DLV07105,ORD07105,2025-12-01,2025-12-05,,Ecom Express,In Transit
DLV07106,ORD07106,2025-09-21,2025-09-26,,DTDC,In Transit
DLV07107,ORD07107,2025-05-13,2025-05-20,,XpressBees,Delayed
DLV07108,ORD07108,2025-09-24,2025-09-26,2025-09-29,Delhivery,Delivered
DLV07109,ORD07109,2025-07-12,2025-07-18,,DTDC,Failed
DLV07110,ORD07110,2025-12-25,2026-01-01,,DTDC,Out for Delivery
DLV07111,ORD07111,2025-12-09,2025-12-15,,DTDC,Failed
DLV07112,ORD07112,2025-10-09,2025-10-13,,DTDC,Out for Delivery
DLV07113,ORD07113,2025-07-22,2025-07-28,,DTDC,Out for Delivery
DLV07114,ORD07114,2025-11-21,2025-11-23,2025-11-24,Delhivery,Delivered
DLV07115,ORD07115,2025-09-08,2025-09-12,2025-09-12,XpressBees,Delivered
DLV07116,ORD07116,2025-06-10,2025-06-15,2025-06-18,Ecom Express,Delivered
DLV07117,ORD07117,2025-04-12,2025-04-19,,DTDC,Failed
DLV07118,ORD07118,2025-08-24,2025-08-28,,Ecom Express,Out for Delivery
DLV07119,ORD07119,2025-11-26,2025-11-30,,XpressBees,Failed
DLV07120,ORD07120,2025-08-24,2025-08-26,,Ecom Express,Delayed
DLV07121,ORD07121,2025-03-05,2025-03-12,,DTDC,Failed
DLV07122,ORD07122,2025-08-05,2025-08-07,,XpressBees,Delayed
DLV07123,ORD07123,2025-12-13,2025-12-20,,DTDC,In Transit
DLV07124,ORD07124,2025-06-30,2025-07-02,,DTDC,Failed
DLV07125,ORD07125,2025-02-03,2025-02-07,,Delhivery,In Transit
DLV07126,ORD07126,2025-08-17,2025-08-21,,Blue Dart,In Transit
DLV07127,ORD07127,2025-06-09,2025-06-16,,XpressBees,In Transit
DLV07128,ORD07128,2025-10-29,2025-11-01,,XpressBees,Out for Delivery
DLV07129,ORD07129,2025-01-15,2025-01-20,,Blue Dart,In Transit
DLV07130,ORD07130,2025-11-05,2025-11-08,,Delhivery,Delayed
DLV07131,ORD07131,2025-01-23,2025-01-28,,DTDC,Failed
DLV07132,ORD07132,2025-03-25,2025-03-28,,Ecom Express,Out for Delivery
DLV07133,ORD07133,2025-07-14,2025-07-18,,Blue Dart,Out for Delivery
DLV07134,ORD07134,2025-08-10,2025-08-12,,DTDC,Delayed
DLV07135,ORD07135,2025-11-06,2025-11-09,,XpressBees,Out for Delivery
DLV07136,ORD07136,2025-07-01,2025-07-04,,Ecom Express,Delayed
DLV07137,ORD07137,2025-01-01,2025-01-04,2025-01-07,XpressBees,Delivered
DLV07138,ORD07138,2025-04-20,2025-04-27,2025-04-29,Ecom Express,Delivered
DLV07139,ORD07139,2025-01-22,2025-01-29,,Delhivery,Failed
DLV07140,ORD07140,2025-09-22,2025-09-24,,DTDC,Delayed
DLV07141,ORD07141,2025-03-08,2025-03-12,2025-03-12,DTDC,Delivered
DLV07142,ORD07142,2025-05-03,2025-05-06,,Blue Dart,In Transit
DLV07143,ORD07143,2025-10-30,2025-11-02,,Blue Dart,Delayed
DLV07144,ORD07144,2025-04-11,2025-04-17,,Blue Dart,Failed
DLV07145,ORD07145,2025-05-19,2025-05-26,,Delhivery,Out for Delivery
DLV07146,ORD07146,2025-12-16,2025-12-22,,XpressBees,Out for Delivery
DLV07147,ORD07147,2025-11-20,2025-11-24,2025-11-26,XpressBees,Delivered
DLV07148,ORD07148,2025-05-04,2025-05-06,,Blue Dart,In Transit
DLV07149,ORD07149,2025-07-20,2025-07-22,2025-07-23,Delhivery,Delivered
DLV07150,ORD07150,2025-05-01,2025-05-06,2025-05-07,Ecom Express,Delivered
DLV07151,ORD07151,2025-03-13,2025-03-19,,Blue Dart,Failed
DLV07152,ORD07152,2025-02-07,2025-02-12,2025-02-14,XpressBees,Delivered
DLV07153,ORD07153,2025-11-21,2025-11-26,,XpressBees,Out for Delivery
DLV07154,ORD07154,2025-03-14,2025-03-17,,DTDC,Failed
DLV07155,ORD07155,2025-08-09,2025-08-15,,Ecom Express,In Transit
DLV07156,ORD07156,2025-07-08,2025-07-10,,XpressBees,Out for Delivery
DLV07157,ORD07157,2025-08-03,2025-08-07,,Ecom Express,Failed
DLV07158,ORD07158,2025-05-27,2025-06-01,2025-06-02,Ecom Express,Delivered
DLV07159,ORD07159,2025-10-23,2025-10-28,,Blue Dart,Failed
DLV07160,ORD07160,2025-06-04,2025-06-09,2025-06-12,Delhivery,Delivered
DLV07161,ORD07161,2025-02-17,2025-02-22,,Delhivery,Out for Delivery
DLV07162,ORD07162,2025-09-14,2025-09-20,2025-09-19,Ecom Express,Delivered
DLV07163,ORD07163,2025-02-04,2025-02-09,,Blue Dart,Delayed
DLV07164,ORD07164,2025-09-29,2025-10-02,,Delhivery,Delayed
DLV07165,ORD07165,2025-05-10,2025-05-14,2025-05-15,XpressBees,Delivered
DLV07166,ORD07166,2025-11-17,2025-11-21,2025-11-21,XpressBees,Delivered
DLV07167,ORD07167,2025-04-19,2025-04-22,2025-04-24,Delhivery,Delivered
DLV07168,ORD07168,2025-01-24,2025-01-29,,Blue Dart,Delayed
DLV07169,ORD07169,2025-10-29,2025-11-03,,Ecom Express,In Transit
DLV07170,ORD07170,2025-07-28,2025-08-02,,DTDC,Out for Delivery
DLV07171,ORD07171,2025-01-30,2025-02-01,,Ecom Express,In Transit
DLV07172,ORD07172,2025-01-03,2025-01-06,,Delhivery,Delayed
DLV07173,ORD07173,2025-01-25,2025-01-31,2025-02-01,Delhivery,Delivered
DLV07174,ORD07174,2025-11-04,2025-11-07,,XpressBees,Delayed
DLV07175,ORD07175,2025-11-20,2025-11-26,,Delhivery,Failed
DLV07176,ORD07176,2025-06-19,2025-06-21,,Ecom Express,In Transit
DLV07177,ORD07177,2025-04-22,2025-04-25,,XpressBees,Out for Delivery
DLV07178,ORD07178,2025-01-26,2025-01-29,,XpressBees,Delayed
DLV07179,ORD07179,2025-09-10,2025-09-16,,XpressBees,In Transit
DLV07180,ORD07180,2025-03-10,2025-03-17,,XpressBees,Delayed
DLV07181,ORD07181,2025-03-15,2025-03-21,,DTDC,Out for Delivery
DLV07182,ORD07182,2025-03-09,2025-03-16,,Ecom Express,Delayed
DLV07183,ORD07183,2025-08-17,2025-08-20,,Ecom Express,In Transit
DLV07184,ORD07184,2025-12-10,2025-12-14,,DTDC,Failed
DLV07185,ORD07185,2025-07-06,2025-07-10,2025-07-09,Ecom Express,Delivered
DLV07186,ORD07186,2025-12-29,2026-01-01,2026-01-01,Delhivery,Delivered
DLV07187,ORD07187,2025-06-15,2025-06-17,,XpressBees,In Transit
DLV07188,ORD07188,2025-03-24,2025-03-31,,Blue Dart,Out for Delivery
DLV07189,ORD07189,2025-10-08,2025-10-15,,XpressBees,Out for Delivery
DLV07190,ORD07190,2025-04-16,2025-04-23,,Blue Dart,Out for Delivery
DLV07191,ORD07191,2025-03-13,2025-03-16,,Ecom Express,Out for Delivery
DLV07192,ORD07192,2025-01-09,2025-01-13,,Ecom Express,Delayed
DLV07193,ORD07193,2025-08-23,2025-08-26,,XpressBees,In Transit
DLV07194,ORD07194,2025-10-13,2025-10-17,,DTDC,In Transit
DLV07195,ORD07195,2025-06-20,2025-06-24,,Blue Dart,Delayed
DLV07196,ORD07196,2025-03-18,2025-03-23,2025-03-25,DTDC,Delivered
DLV07197,ORD07197,2025-08-09,2025-08-11,,DTDC,Out for Delivery
DLV07198,ORD07198,2025-10-25,2025-10-29,,Delhivery,In Transit
DLV07199,ORD07199,2025-01-14,2025-01-20,,DTDC,Out for Delivery
DLV07200,ORD07200,2025-12-17,2025-12-24,,Ecom Express,Out for Delivery
DLV07201,ORD07201,2025-07-22,2025-07-27,,Delhivery,Delayed
DLV07202,ORD07202,2025-10-21,2025-10-27,,Blue Dart,Failed
DLV07203,ORD07203,2025-04-08,2025-04-11,,Ecom Express,Out for Delivery
DLV07204,ORD07204,2025-11-29,2025-12-04,,DTDC,In Transit
DLV07205,ORD07205,2025-02-10,2025-02-13,,XpressBees,Out for Delivery
DLV07206,ORD07206,2025-12-23,2025-12-28,,DTDC,Failed
DLV07207,ORD07207,2025-08-29,2025-09-03,,XpressBees,Delayed
DLV07208,ORD07208,2025-06-08,2025-06-12,,Delhivery,Failed
DLV07209,ORD07209,2025-05-31,2025-06-06,2025-06-05,Ecom Express,Delivered
DLV07210,ORD07210,2025-11-21,2025-11-28,,Ecom Express,Out for Delivery
DLV07211,ORD07211,2025-10-31,2025-11-07,,Ecom Express,In Transit
DLV07212,ORD07212,2025-11-22,2025-11-25,,DTDC,Out for Delivery
DLV07213,ORD07213,2025-12-25,2025-12-27,,Ecom Express,Delayed
DLV07214,ORD07214,2025-06-12,2025-06-17,,Ecom Express,In Transit
DLV07215,ORD07215,2025-04-08,2025-04-11,,XpressBees,Failed
DLV07216,ORD07216,2025-10-23,2025-10-30,,DTDC,In Transit
DLV07217,ORD07217,2025-04-01,2025-04-06,2025-04-09,Ecom Express,Delivered
DLV07218,ORD07218,2025-09-19,2025-09-23,,XpressBees,Out for Delivery
DLV07219,ORD07219,2025-03-07,2025-03-10,,Delhivery,Delayed
DLV07220,ORD07220,2025-05-22,2025-05-24,,DTDC,Delayed
DLV07221,ORD07221,2025-11-18,2025-11-24,,Blue Dart,Failed
DLV07222,ORD07222,2025-04-03,2025-04-07,,XpressBees,Delayed
DLV07223,ORD07223,2025-07-30,2025-08-03,,Blue Dart,In Transit
DLV07224,ORD07224,2025-02-28,2025-03-07,,DTDC,Out for Delivery
DLV07225,ORD07225,2025-12-31,2026-01-04,2026-01-03,Ecom Express,Delivered
DLV07226,ORD07226,2025-11-17,2025-11-20,,Ecom Express,Failed
DLV07227,ORD07227,2025-11-01,2025-11-04,2025-11-04,Ecom Express,Delivered
DLV07228,ORD07228,2025-09-26,2025-09-30,,DTDC,Failed
DLV07229,ORD07229,2025-08-13,2025-08-16,,Delhivery,Failed
DLV07230,ORD07230,2025-02-05,2025-02-10,,Delhivery,Out for Delivery
DLV07231,ORD07231,2025-03-30,2025-04-04,2025-04-04,XpressBees,Delivered
DLV07232,ORD07232,2025-03-15,2025-03-20,,Ecom Express,Out for Delivery
DLV07233,ORD07233,2025-12-10,2025-12-15,,DTDC,Out for Delivery
DLV07234,ORD07234,2025-12-28,2026-01-02,2026-01-01,Ecom Express,Delivered
DLV07235,ORD07235,2025-05-26,2025-05-28,,Delhivery,In Transit
DLV07236,ORD07236,2025-05-16,2025-05-21,,Blue Dart,Out for Delivery
DLV07237,ORD07237,2025-08-13,2025-08-16,,XpressBees,Delayed
DLV07238,ORD07238,2025-08-06,2025-08-13,,DTDC,Delayed
DLV07239,ORD07239,2025-05-25,2025-05-28,,Delhivery,Out for Delivery
DLV07240,ORD07240,2025-02-03,2025-02-06,,XpressBees,Failed
DLV07241,ORD07241,2025-08-03,2025-08-10,,Blue Dart,Out for Delivery
DLV07242,ORD07242,2025-10-15,2025-10-17,,Ecom Express,Out for Delivery
DLV07243,ORD07243,2025-02-04,2025-02-10,,Ecom Express,In Transit
DLV07244,ORD07244,2025-02-21,2025-02-24,,Blue Dart,Out for Delivery
DLV07245,ORD07245,2025-01-22,2025-01-26,,XpressBees,Delayed
DLV07246,ORD07246,2025-08-08,2025-08-13,2025-08-12,Blue Dart,Delivered
DLV07247,ORD07247,2025-09-04,2025-09-08,,Delhivery,In Transit
DLV07248,ORD07248,2025-01-01,2025-01-08,2025-01-09,DTDC,Delivered
DLV07249,ORD07249,2025-11-10,2025-11-16,2025-11-16,DTDC,Delivered
DLV07250,ORD07250,2025-05-07,2025-05-11,,DTDC,Delayed
DLV07251,ORD07251,2025-12-10,2025-12-13,2025-12-12,DTDC,Delivered
DLV07252,ORD07252,2025-02-28,2025-03-02,,XpressBees,Delayed
DLV07253,ORD07253,2025-10-08,2025-10-12,,Blue Dart,Delayed
DLV07254,ORD07254,2025-11-05,2025-11-09,,Blue Dart,In Transit
DLV07255,ORD07255,2025-04-20,2025-04-25,,Delhivery,In Transit
DLV07256,ORD07256,2025-10-19,2025-10-22,,XpressBees,Failed
DLV07257,ORD07257,2025-12-28,2026-01-01,2026-01-03,DTDC,Delivered
DLV07258,ORD07258,2025-05-16,2025-05-19,2025-05-22,DTDC,Delivered
DLV07259,ORD07259,2025-04-27,2025-04-30,,Ecom Express,Failed
DLV07260,ORD07260,2025-12-22,2025-12-26,,Blue Dart,Failed
DLV07261,ORD07261,2025-10-04,2025-10-10,2025-10-09,Ecom Express,Delivered
DLV07262,ORD07262,2025-03-12,2025-03-14,,Blue Dart,In Transit
DLV07263,ORD07263,2025-01-05,2025-01-07,,XpressBees,Out for Delivery
DLV07264,ORD07264,2025-09-25,2025-09-27,,Blue Dart,Out for Delivery
DLV07265,ORD07265,2025-12-16,2025-12-22,,Blue Dart,Delayed
DLV07266,ORD07266,2025-07-19,2025-07-22,,Ecom Express,Out for Delivery
DLV07267,ORD07267,2025-10-06,2025-10-10,,Blue Dart,In Transit
DLV07268,ORD07268,2025-03-26,2025-03-28,,Delhivery,Delayed
DLV07269,ORD07269,2025-10-18,2025-10-20,,Delhivery,Failed
DLV07270,ORD07270,2025-08-15,2025-08-21,,Blue Dart,Delayed
DLV07271,ORD07271,2025-11-17,2025-11-24,2025-11-23,DTDC,Delivered
DLV07272,ORD07272,2025-03-01,2025-03-04,,Blue Dart,Delayed
DLV07273,ORD07273,2025-12-13,2025-12-16,,XpressBees,In Transit
DLV07274,ORD07274,2025-11-26,2025-11-28,,XpressBees,Failed
DLV07275,ORD07275,2025-07-25,2025-07-29,,Delhivery,Failed
DLV07276,ORD07276,2025-10-20,2025-10-22,,Blue Dart,Out for Delivery
DLV07277,ORD07277,2025-08-02,2025-08-07,,Blue Dart,Delayed
DLV07278,ORD07278,2025-05-01,2025-05-06,,Delhivery,Out for Delivery
DLV07279,ORD07279,2025-08-27,2025-09-03,,Delhivery,In Transit
DLV07280,ORD07280,2025-12-14,2025-12-20,,DTDC,Delayed
DLV07281,ORD07281,2025-12-27,2026-01-03,,DTDC,Delayed
DLV07282,ORD07282,2025-01-09,2025-01-16,,Ecom Express,In Transit
DLV07283,ORD07283,2025-09-23,2025-09-27,,Blue Dart,In Transit
DLV07284,ORD07284,2025-10-01,2025-10-03,,XpressBees,Delayed
DLV07285,ORD07285,2025-03-09,2025-03-13,,Ecom Express,Failed
DLV07286,ORD07286,2025-05-28,2025-06-01,,DTDC,In Transit
DLV07287,ORD07287,2025-03-14,2025-03-21,2025-03-21,Delhivery,Delivered
DLV07288,ORD07288,2025-07-13,2025-07-18,,Delhivery,Delayed
DLV07289,ORD07289,2025-04-03,2025-04-08,,XpressBees,Failed
DLV07290,ORD07290,2025-08-16,2025-08-21,,Blue Dart,Out for Delivery
DLV07291,ORD07291,2025-04-28,2025-05-05,,XpressBees,Failed
DLV07292,ORD07292,2025-11-21,2025-11-24,,Ecom Express,Failed
DLV07293,ORD07293,2025-10-05,2025-10-12,,DTDC,In Transit
DLV07294,ORD07294,2025-06-04,2025-06-09,,DTDC,Failed
DLV07295,ORD07295,2025-02-07,2025-02-13,,Ecom Express,In Transit
DLV07296,ORD07296,2025-07-14,2025-07-17,,DTDC,In Transit
DLV07297,ORD07297,2025-05-03,2025-05-09,2025-05-08,Ecom Express,Delivered
DLV07298,ORD07298,2025-02-20,2025-02-22,2025-02-25,Blue Dart,Delivered
DLV07299,ORD07299,2025-06-02,2025-06-05,,XpressBees,Failed
DLV07300,ORD07300,2025-12-18,2025-12-23,,Delhivery,Delayed
DLV07301,ORD07301,2025-06-26,2025-07-01,,Delhivery,Failed
DLV07302,ORD07302,2025-05-15,2025-05-22,,Delhivery,Out for Delivery
DLV07303,ORD07303,2025-11-05,2025-11-10,2025-11-09,DTDC,Delivered
DLV07304,ORD07304,2025-09-28,2025-10-04,,Delhivery,In Transit
DLV07305,ORD07305,2025-01-16,2025-01-22,,Delhivery,Out for Delivery
DLV07306,ORD07306,2025-03-31,2025-04-07,,Ecom Express,Out for Delivery
DLV07307,ORD07307,2025-02-07,2025-02-10,2025-02-10,XpressBees,Delivered
DLV07308,ORD07308,2025-04-19,2025-04-24,,Ecom Express,Out for Delivery
DLV07309,ORD07309,2025-07-24,2025-07-26,,XpressBees,Failed
DLV07310,ORD07310,2025-02-25,2025-02-27,2025-02-26,XpressBees,Delivered
DLV07311,ORD07311,2025-06-10,2025-06-17,,Ecom Express,Failed
DLV07312,ORD07312,2025-11-09,2025-11-15,,Delhivery,Out for Delivery
DLV07313,ORD07313,2025-03-16,2025-03-19,,DTDC,Delayed
DLV07314,ORD07314,2025-02-17,2025-02-21,,Blue Dart,Delayed
DLV07315,ORD07315,2025-02-05,2025-02-09,,DTDC,Failed
DLV07316,ORD07316,2025-10-23,2025-10-28,,Ecom Express,Failed
DLV07317,ORD07317,2025-12-04,2025-12-08,,DTDC,Delayed
DLV07318,ORD07318,2025-04-04,2025-04-06,,DTDC,Delayed
DLV07319,ORD07319,2025-10-31,2025-11-07,,XpressBees,Failed
DLV07320,ORD07320,2025-08-08,2025-08-13,,XpressBees,Failed
DLV07321,ORD07321,2025-11-01,2025-11-03,,XpressBees,Delayed
DLV07322,ORD07322,2025-02-10,2025-02-12,,DTDC,Delayed
DLV07323,ORD07323,2025-08-05,2025-08-08,,XpressBees,Out for Delivery
DLV07324,ORD07324,2025-03-17,2025-03-21,,Delhivery,Out for Delivery
DLV07325,ORD07325,2025-10-11,2025-10-14,,DTDC,Delayed
DLV07326,ORD07326,2025-01-11,2025-01-15,,DTDC,Out for Delivery
DLV07327,ORD07327,2025-07-10,2025-07-13,,DTDC,Out for Delivery
DLV07328,ORD07328,2025-11-08,2025-11-13,,Delhivery,Out for Delivery
DLV07329,ORD07329,2025-03-26,2025-03-31,,Delhivery,Out for Delivery
DLV07330,ORD07330,2025-07-25,2025-07-27,2025-07-28,XpressBees,Delivered
DLV07331,ORD07331,2025-06-04,2025-06-11,2025-06-14,XpressBees,Delivered
DLV07332,ORD07332,2025-02-16,2025-02-21,,Blue Dart,In Transit
DLV07333,ORD07333,2025-04-25,2025-04-30,,Ecom Express,Delayed
DLV07334,ORD07334,2025-06-19,2025-06-22,,Ecom Express,Out for Delivery
DLV07335,ORD07335,2025-11-01,2025-11-07,2025-11-09,Blue Dart,Delivered
DLV07336,ORD07336,2025-05-21,2025-05-23,,Delhivery,Out for Delivery
DLV07337,ORD07337,2025-09-23,2025-09-30,2025-10-03,Delhivery,Delivered
DLV07338,ORD07338,2025-11-21,2025-11-24,2025-11-25,Blue Dart,Delivered
DLV07339,ORD07339,2025-02-25,2025-03-01,,Blue Dart,Out for Delivery
DLV07340,ORD07340,2025-10-05,2025-10-10,,Delhivery,Failed
DLV07341,ORD07341,2025-05-18,2025-05-21,2025-05-21,XpressBees,Delivered
DLV07342,ORD07342,2025-06-23,2025-06-25,2025-06-24,Ecom Express,Delivered
DLV07343,ORD07343,2025-05-09,2025-05-13,2025-05-16,DTDC,Delivered
DLV07344,ORD07344,2025-08-11,2025-08-18,2025-08-19,Delhivery,Delivered
DLV07345,ORD07345,2025-07-18,2025-07-23,,Blue Dart,Failed
DLV07346,ORD07346,2025-10-30,2025-11-02,2025-11-05,XpressBees,Delivered
DLV07347,ORD07347,2025-09-29,2025-10-04,,Ecom Express,In Transit
DLV07348,ORD07348,2025-01-25,2025-01-27,,Ecom Express,In Transit
DLV07349,ORD07349,2025-10-28,2025-11-01,,DTDC,Failed
DLV07350,ORD07350,2025-06-17,2025-06-23,,DTDC,Failed
DLV07351,ORD07351,2025-09-21,2025-09-28,,Ecom Express,Out for Delivery
DLV07352,ORD07352,2025-08-31,2025-09-04,,XpressBees,Failed
DLV07353,ORD07353,2025-11-05,2025-11-08,,Delhivery,Failed
DLV07354,ORD07354,2025-04-18,2025-04-22,,Ecom Express,In Transit
DLV07355,ORD07355,2025-01-22,2025-01-26,,DTDC,Failed
DLV07356,ORD07356,2025-07-10,2025-07-13,,XpressBees,Out for Delivery
DLV07357,ORD07357,2025-03-14,2025-03-20,,DTDC,Out for Delivery
DLV07358,ORD07358,2025-12-24,2025-12-30,2026-01-01,Ecom Express,Delivered
DLV07359,ORD07359,2025-09-02,2025-09-07,,Ecom Express,Delayed
DLV07360,ORD07360,2025-09-05,2025-09-08,,Ecom Express,Out for Delivery
DLV07361,ORD07361,2025-05-04,2025-05-08,,Delhivery,Delayed
DLV07362,ORD07362,2025-06-01,2025-06-06,,DTDC,In Transit
DLV07363,ORD07363,2025-04-23,2025-04-30,,XpressBees,Out for Delivery
DLV07364,ORD07364,2025-08-11,2025-08-15,,XpressBees,Out for Delivery
DLV07365,ORD07365,2025-08-03,2025-08-09,,Blue Dart,Failed
DLV07366,ORD07366,2025-11-07,2025-11-10,2025-11-10,Delhivery,Delivered
DLV07367,ORD07367,2025-06-13,2025-06-19,2025-06-19,XpressBees,Delivered
DLV07368,ORD07368,2025-01-02,2025-01-04,,DTDC,Delayed
DLV07369,ORD07369,2025-11-14,2025-11-18,,DTDC,In Transit
DLV07370,ORD07370,2025-12-03,2025-12-10,,DTDC,In Transit
DLV07371,ORD07371,2025-09-02,2025-09-08,,DTDC,Out for Delivery
DLV07372,ORD07372,2025-10-27,2025-11-03,,Blue Dart,In Transit
DLV07373,ORD07373,2025-06-21,2025-06-23,2025-06-24,DTDC,Delivered
DLV07374,ORD07374,2025-02-06,2025-02-10,,Delhivery,In Transit
DLV07375,ORD07375,2025-07-06,2025-07-08,,Ecom Express,In Transit
DLV07376,ORD07376,2025-05-23,2025-05-26,,DTDC,Out for Delivery
DLV07377,ORD07377,2025-10-19,2025-10-23,,Ecom Express,In Transit
DLV07378,ORD07378,2025-12-28,2026-01-04,,Delhivery,Out for Delivery
DLV07379,ORD07379,2025-03-13,2025-03-19,2025-03-19,Delhivery,Delivered
DLV07380,ORD07380,2025-10-23,2025-10-25,2025-10-28,Blue Dart,Delivered
DLV07381,ORD07381,2025-01-05,2025-01-07,,DTDC,In Transit
DLV07382,ORD07382,2025-12-31,2026-01-03,,Ecom Express,Failed
DLV07383,ORD07383,2025-03-21,2025-03-24,,XpressBees,In Transit
DLV07384,ORD07384,2025-11-23,2025-11-25,2025-11-26,Delhivery,Delivered
DLV07385,ORD07385,2025-07-24,2025-07-28,,XpressBees,Out for Delivery
DLV07386,ORD07386,2025-08-30,2025-09-06,,XpressBees,Delayed
DLV07387,ORD07387,2025-07-01,2025-07-05,,Ecom Express,In Transit
DLV07388,ORD07388,2025-08-27,2025-09-01,,Delhivery,Out for Delivery
DLV07389,ORD07389,2025-05-29,2025-06-01,,XpressBees,Delayed
DLV07390,ORD07390,2025-09-26,2025-10-03,,XpressBees,Out for Delivery
DLV07391,ORD07391,2025-08-17,2025-08-20,,Blue Dart,Delayed
DLV07392,ORD07392,2025-10-21,2025-10-23,,Ecom Express,Out for Delivery
DLV07393,ORD07393,2025-01-09,2025-01-16,,Delhivery,Delayed
DLV07394,ORD07394,2025-08-30,2025-09-03,,Delhivery,Out for Delivery
DLV07395,ORD07395,2025-10-27,2025-11-02,,Blue Dart,Delayed
DLV07396,ORD07396,2025-01-26,2025-01-31,,DTDC,Failed
DLV07397,ORD07397,2025-08-05,2025-08-07,,DTDC,In Transit
DLV07398,ORD07398,2025-04-19,2025-04-25,,Blue Dart,Out for Delivery
DLV07399,ORD07399,2025-03-17,2025-03-20,,XpressBees,Delayed
DLV07400,ORD07400,2025-03-04,2025-03-09,,DTDC,Failed
DLV07401,ORD07401,2025-05-18,2025-05-22,,Blue Dart,In Transit
DLV07402,ORD07402,2025-06-27,2025-07-01,,Delhivery,In Transit
DLV07403,ORD07403,2025-03-19,2025-03-26,,Ecom Express,Failed
DLV07404,ORD07404,2025-03-08,2025-03-13,,DTDC,Out for Delivery
DLV07405,ORD07405,2025-10-16,2025-10-19,,Blue Dart,In Transit
DLV07406,ORD07406,2025-10-28,2025-11-02,,XpressBees,Delayed
DLV07407,ORD07407,2025-04-12,2025-04-18,,Blue Dart,Delayed
DLV07408,ORD07408,2025-05-20,2025-05-25,2025-05-28,Blue Dart,Delivered
DLV07409,ORD07409,2025-01-22,2025-01-28,2025-01-30,DTDC,Delivered
DLV07410,ORD07410,2025-02-24,2025-02-28,,XpressBees,Failed
DLV07411,ORD07411,2025-01-04,2025-01-10,2025-01-11,Blue Dart,Delivered
DLV07412,ORD07412,2025-08-18,2025-08-25,,Blue Dart,Delayed
DLV07413,ORD07413,2025-09-01,2025-09-07,,Ecom Express,In Transit
DLV07414,ORD07414,2025-12-30,2026-01-05,,XpressBees,In Transit
DLV07415,ORD07415,2025-01-01,2025-01-05,,DTDC,Delayed
DLV07416,ORD07416,2025-11-29,2025-12-05,2025-12-05,Ecom Express,Delivered
DLV07417,ORD07417,2025-06-29,2025-07-04,,DTDC,Out for Delivery
DLV07418,ORD07418,2025-11-06,2025-11-12,,DTDC,Out for Delivery
DLV07419,ORD07419,2025-11-28,2025-12-01,,Blue Dart,Out for Delivery
DLV07420,ORD07420,2025-02-22,2025-02-27,,Blue Dart,In Transit
DLV07421,ORD07421,2025-11-21,2025-11-28,,Blue Dart,Out for Delivery
DLV07422,ORD07422,2025-03-08,2025-03-15,2025-03-16,Delhivery,Delivered
DLV07423,ORD07423,2025-11-04,2025-11-08,,Blue Dart,In Transit
DLV07424,ORD07424,2025-05-05,2025-05-11,,Ecom Express,Out for Delivery
DLV07425,ORD07425,2025-01-14,2025-01-21,,Blue Dart,Delayed
DLV07426,ORD07426,2025-01-12,2025-01-16,,Delhivery,Failed
DLV07427,ORD07427,2025-12-12,2025-12-15,,Delhivery,Out for Delivery
DLV07428,ORD07428,2025-07-15,2025-07-22,,Delhivery,In Transit
DLV07429,ORD07429,2025-02-24,2025-03-02,,XpressBees,Delayed
DLV07430,ORD07430,2025-06-17,2025-06-21,,XpressBees,Out for Delivery
DLV07431,ORD07431,2025-12-19,2025-12-22,,XpressBees,Failed
DLV07432,ORD07432,2025-08-07,2025-08-10,,Delhivery,Failed
DLV07433,ORD07433,2025-06-09,2025-06-16,,Blue Dart,Failed
DLV07434,ORD07434,2025-06-11,2025-06-15,,DTDC,Delayed
DLV07435,ORD07435,2025-06-07,2025-06-09,,XpressBees,Out for Delivery
DLV07436,ORD07436,2025-05-01,2025-05-07,2025-05-09,Delhivery,Delivered
DLV07437,ORD07437,2025-11-08,2025-11-14,,XpressBees,In Transit
DLV07438,ORD07438,2025-02-14,2025-02-18,,XpressBees,Out for Delivery
DLV07439,ORD07439,2025-07-28,2025-07-31,2025-08-01,Ecom Express,Delivered
DLV07440,ORD07440,2025-06-02,2025-06-08,,Delhivery,Out for Delivery
DLV07441,ORD07441,2025-05-25,2025-05-30,2025-05-29,Delhivery,Delivered
DLV07442,ORD07442,2025-01-16,2025-01-21,,Delhivery,Out for Delivery
DLV07443,ORD07443,2025-06-04,2025-06-08,,Ecom Express,Delayed
DLV07444,ORD07444,2025-06-16,2025-06-21,,Ecom Express,Failed
DLV07445,ORD07445,2025-02-28,2025-03-06,,Delhivery,Out for Delivery
DLV07446,ORD07446,2025-01-24,2025-01-29,,Blue Dart,Out for Delivery
DLV07447,ORD07447,2025-10-28,2025-10-31,,Delhivery,Out for Delivery
DLV07448,ORD07448,2025-02-05,2025-02-11,2025-02-14,Ecom Express,Delivered
DLV07449,ORD07449,2025-01-12,2025-01-17,,Ecom Express,Out for Delivery
DLV07450,ORD07450,2025-01-17,2025-01-20,,Ecom Express,Delayed
DLV07451,ORD07451,2025-12-21,2025-12-25,2025-12-27,Blue Dart,Delivered
DLV07452,ORD07452,2025-11-07,2025-11-09,,XpressBees,In Transit
DLV07453,ORD07453,2025-01-14,2025-01-19,,Blue Dart,Out for Delivery
DLV07454,ORD07454,2025-01-22,2025-01-27,2025-01-26,Blue Dart,Delivered
DLV07455,ORD07455,2025-12-22,2025-12-24,,XpressBees,Delayed
DLV07456,ORD07456,2025-10-27,2025-10-30,,Delhivery,In Transit
DLV07457,ORD07457,2025-04-19,2025-04-26,,DTDC,Out for Delivery
DLV07458,ORD07458,2025-02-11,2025-02-15,,Delhivery,Out for Delivery
DLV07459,ORD07459,2025-10-07,2025-10-12,2025-10-11,XpressBees,Delivered
DLV07460,ORD07460,2025-07-11,2025-07-16,,Delhivery,Out for Delivery
DLV07461,ORD07461,2025-02-20,2025-02-25,,Ecom Express,Out for Delivery
DLV07462,ORD07462,2025-01-09,2025-01-13,,Blue Dart,In Transit
DLV07463,ORD07463,2025-09-21,2025-09-24,2025-09-27,Blue Dart,Delivered
DLV07464,ORD07464,2025-11-21,2025-11-28,,XpressBees,Out for Delivery
DLV07465,ORD07465,2025-11-03,2025-11-05,2025-11-05,Blue Dart,Delivered
DLV07466,ORD07466,2025-12-11,2025-12-18,,XpressBees,Out for Delivery
DLV07467,ORD07467,2025-02-09,2025-02-16,,Blue Dart,Delayed
DLV07468,ORD07468,2025-09-03,2025-09-07,,XpressBees,Failed
DLV07469,ORD07469,2025-04-30,2025-05-02,,Delhivery,Out for Delivery
DLV07470,ORD07470,2025-05-01,2025-05-05,,Blue Dart,In Transit
DLV07471,ORD07471,2025-05-25,2025-05-28,,DTDC,Out for Delivery
DLV07472,ORD07472,2025-09-15,2025-09-21,,Ecom Express,Out for Delivery
DLV07473,ORD07473,2025-09-30,2025-10-03,,Ecom Express,Delayed
DLV07474,ORD07474,2025-02-14,2025-02-20,,XpressBees,In Transit
DLV07475,ORD07475,2025-05-04,2025-05-07,,DTDC,Failed
DLV07476,ORD07476,2025-06-24,2025-06-27,2025-06-29,DTDC,Delivered
DLV07477,ORD07477,2025-08-05,2025-08-11,2025-08-12,XpressBees,Delivered
DLV07478,ORD07478,2025-06-11,2025-06-18,,DTDC,Delayed
DLV07479,ORD07479,2025-05-29,2025-05-31,,Delhivery,In Transit
DLV07480,ORD07480,2025-07-01,2025-07-04,,XpressBees,Failed
DLV07481,ORD07481,2025-03-28,2025-04-04,2025-04-07,Delhivery,Delivered
DLV07482,ORD07482,2025-05-18,2025-05-25,,DTDC,Out for Delivery
DLV07483,ORD07483,2025-10-25,2025-10-30,,Blue Dart,Out for Delivery
DLV07484,ORD07484,2025-01-28,2025-01-31,,Blue Dart,Out for Delivery
DLV07485,ORD07485,2025-03-02,2025-03-09,,Ecom Express,Failed
DLV07486,ORD07486,2025-05-01,2025-05-05,,XpressBees,Out for Delivery
DLV07487,ORD07487,2025-09-29,2025-10-06,,Delhivery,Delayed
DLV07488,ORD07488,2025-06-10,2025-06-13,,XpressBees,Delayed
DLV07489,ORD07489,2025-01-10,2025-01-15,,Delhivery,Out for Delivery
DLV07490,ORD07490,2025-02-02,2025-02-04,,Ecom Express,In Transit
DLV07491,ORD07491,2025-08-01,2025-08-04,,Delhivery,Out for Delivery
DLV07492,ORD07492,2025-03-05,2025-03-11,2025-03-14,Blue Dart,Delivered
DLV07493,ORD07493,2025-01-02,2025-01-05,2025-01-07,DTDC,Delivered
DLV07494,ORD07494,2025-01-02,2025-01-08,,DTDC,In Transit
DLV07495,ORD07495,2025-12-25,2025-12-27,,Blue Dart,Delayed
DLV07496,ORD07496,2025-05-15,2025-05-19,,Blue Dart,Out for Delivery
DLV07497,ORD07497,2025-06-18,2025-06-24,2025-06-27,Blue Dart,Delivered
DLV07498,ORD07498,2025-07-21,2025-07-27,,Blue Dart,Out for Delivery
DLV07499,ORD07499,2025-01-03,2025-01-05,,DTDC,Delayed
DLV07500,ORD07500,2025-02-06,2025-02-10,,DTDC,Delayed
DLV07501,ORD07501,2025-09-10,2025-09-14,,XpressBees,Delayed
DLV07502,ORD07502,2025-11-10,2025-11-14,,Ecom Express,In Transit
DLV07503,ORD07503,2025-05-10,2025-05-12,,Delhivery,Failed
DLV07504,ORD07504,2025-09-13,2025-09-16,,Ecom Express,Out for Delivery
DLV07505,ORD07505,2025-02-15,2025-02-22,,Blue Dart,Out for Delivery
DLV07506,ORD07506,2025-07-04,2025-07-07,2025-07-07,XpressBees,Delivered
DLV07507,ORD07507,2025-02-18,2025-02-22,,Ecom Express,Delayed
DLV07508,ORD07508,2025-08-10,2025-08-12,,DTDC,Delayed
DLV07509,ORD07509,2025-04-03,2025-04-07,,XpressBees,Failed
DLV07510,ORD07510,2025-10-10,2025-10-14,,Delhivery,Delayed
DLV07511,ORD07511,2025-10-11,2025-10-17,,Ecom Express,Delayed
DLV07512,ORD07512,2025-05-18,2025-05-25,,Delhivery,Delayed
DLV07513,ORD07513,2025-03-19,2025-03-26,,Delhivery,Delayed
DLV07514,ORD07514,2025-10-24,2025-10-28,,XpressBees,Delayed
DLV07515,ORD07515,2025-02-15,2025-02-22,,Delhivery,Delayed
DLV07516,ORD07516,2025-01-26,2025-02-01,,XpressBees,Out for Delivery
DLV07517,ORD07517,2025-02-18,2025-02-20,,Delhivery,Delayed
DLV07518,ORD07518,2025-03-17,2025-03-24,,DTDC,Delayed
DLV07519,ORD07519,2025-11-23,2025-11-29,,Delhivery,Delayed
DLV07520,ORD07520,2025-10-11,2025-10-13,,Delhivery,In Transit
DLV07521,ORD07521,2025-08-06,2025-08-13,,Delhivery,In Transit
DLV07522,ORD07522,2025-10-17,2025-10-24,,Delhivery,Failed
DLV07523,ORD07523,2025-08-03,2025-08-08,,XpressBees,Failed
DLV07524,ORD07524,2025-10-11,2025-10-17,,DTDC,Failed
DLV07525,ORD07525,2025-08-16,2025-08-20,,Delhivery,Out for Delivery
DLV07526,ORD07526,2025-07-18,2025-07-24,,Ecom Express,Out for Delivery
DLV07527,ORD07527,2025-12-07,2025-12-14,2025-12-14,DTDC,Delivered
DLV07528,ORD07528,2025-03-28,2025-04-03,2025-04-03,Ecom Express,Delivered
DLV07529,ORD07529,2025-05-16,2025-05-23,,DTDC,Out for Delivery
DLV07530,ORD07530,2025-11-04,2025-11-10,2025-11-12,Blue Dart,Delivered
DLV07531,ORD07531,2025-11-05,2025-11-11,,Delhivery,Out for Delivery
DLV07532,ORD07532,2025-07-27,2025-08-03,,Blue Dart,Failed
DLV07533,ORD07533,2025-02-10,2025-02-15,,Ecom Express,Failed
DLV07534,ORD07534,2025-03-27,2025-03-31,,Blue Dart,Out for Delivery
DLV07535,ORD07535,2025-09-10,2025-09-17,2025-09-20,Ecom Express,Delivered
DLV07536,ORD07536,2025-08-07,2025-08-14,,Delhivery,Out for Delivery
DLV07537,ORD07537,2025-05-08,2025-05-11,,Blue Dart,In Transit
DLV07538,ORD07538,2025-03-18,2025-03-24,2025-03-25,Ecom Express,Delivered
DLV07539,ORD07539,2025-08-16,2025-08-22,,Blue Dart,In Transit
DLV07540,ORD07540,2025-04-25,2025-04-28,,Blue Dart,Failed
DLV07541,ORD07541,2025-01-07,2025-01-11,,DTDC,Failed
DLV07542,ORD07542,2025-02-06,2025-02-13,2025-02-16,Ecom Express,Delivered
DLV07543,ORD07543,2025-03-04,2025-03-08,,DTDC,In Transit
DLV07544,ORD07544,2025-02-01,2025-02-04,,Blue Dart,Failed
DLV07545,ORD07545,2025-08-08,2025-08-13,,Ecom Express,Out for Delivery
DLV07546,ORD07546,2025-06-30,2025-07-07,,Ecom Express,In Transit
DLV07547,ORD07547,2025-10-23,2025-10-27,2025-10-26,DTDC,Delivered
DLV07548,ORD07548,2025-01-15,2025-01-19,2025-01-22,Delhivery,Delivered
DLV07549,ORD07549,2025-02-06,2025-02-09,,Delhivery,Delayed
DLV07550,ORD07550,2025-10-16,2025-10-21,,Delhivery,In Transit
DLV07551,ORD07551,2025-11-01,2025-11-04,2025-11-03,XpressBees,Delivered
DLV07552,ORD07552,2025-09-02,2025-09-08,,Delhivery,In Transit
DLV07553,ORD07553,2025-07-01,2025-07-05,2025-07-07,DTDC,Delivered
DLV07554,ORD07554,2025-10-03,2025-10-10,,Ecom Express,Out for Delivery
DLV07555,ORD07555,2025-08-08,2025-08-13,2025-08-15,XpressBees,Delivered
DLV07556,ORD07556,2025-10-24,2025-10-26,,Delhivery,Out for Delivery
DLV07557,ORD07557,2025-09-22,2025-09-25,2025-09-25,DTDC,Delivered
DLV07558,ORD07558,2025-03-22,2025-03-26,,Delhivery,Failed
DLV07559,ORD07559,2025-03-07,2025-03-12,,Delhivery,Delayed
DLV07560,ORD07560,2025-03-13,2025-03-17,,Delhivery,Delayed
DLV07561,ORD07561,2025-09-11,2025-09-17,,Delhivery,Out for Delivery
DLV07562,ORD07562,2025-06-21,2025-06-26,,Ecom Express,Out for Delivery
DLV07563,ORD07563,2025-06-11,2025-06-17,,DTDC,Delayed
DLV07564,ORD07564,2025-06-19,2025-06-24,,XpressBees,Out for Delivery
DLV07565,ORD07565,2025-06-26,2025-07-02,,XpressBees,Failed
DLV07566,ORD07566,2025-08-09,2025-08-16,,XpressBees,Out for Delivery
DLV07567,ORD07567,2025-09-28,2025-10-05,2025-10-06,DTDC,Delivered
DLV07568,ORD07568,2025-04-01,2025-04-03,,Ecom Express,Failed
DLV07569,ORD07569,2025-12-17,2025-12-23,,Blue Dart,In Transit
DLV07570,ORD07570,2025-10-01,2025-10-03,2025-10-04,XpressBees,Delivered
DLV07571,ORD07571,2025-05-07,2025-05-10,,Delhivery,Out for Delivery
DLV07572,ORD07572,2025-04-05,2025-04-10,,Delhivery,Delayed
DLV07573,ORD07573,2025-10-08,2025-10-15,,Ecom Express,Out for Delivery
DLV07574,ORD07574,2025-06-04,2025-06-09,,XpressBees,In Transit
DLV07575,ORD07575,2025-12-15,2025-12-21,2025-12-24,Delhivery,Delivered
DLV07576,ORD07576,2025-07-11,2025-07-13,,Delhivery,Failed
DLV07577,ORD07577,2025-03-24,2025-03-27,,Ecom Express,Delayed
DLV07578,ORD07578,2025-03-20,2025-03-26,,Blue Dart,Out for Delivery
DLV07579,ORD07579,2025-06-17,2025-06-22,,Delhivery,Delayed
DLV07580,ORD07580,2025-09-06,2025-09-13,,Delhivery,Out for Delivery
DLV07581,ORD07581,2025-08-17,2025-08-24,,DTDC,Out for Delivery
DLV07582,ORD07582,2025-01-11,2025-01-17,,DTDC,In Transit
DLV07583,ORD07583,2025-08-17,2025-08-20,,Blue Dart,Failed
DLV07584,ORD07584,2025-10-24,2025-10-28,2025-10-31,DTDC,Delivered
DLV07585,ORD07585,2025-10-05,2025-10-12,,DTDC,In Transit
DLV07586,ORD07586,2025-07-21,2025-07-28,,Ecom Express,Out for Delivery
DLV07587,ORD07587,2025-04-13,2025-04-20,,DTDC,In Transit
DLV07588,ORD07588,2025-06-15,2025-06-17,,Blue Dart,In Transit
DLV07589,ORD07589,2025-07-07,2025-07-12,,Blue Dart,In Transit
DLV07590,ORD07590,2025-03-05,2025-03-09,2025-03-11,XpressBees,Delivered
DLV07591,ORD07591,2025-10-06,2025-10-12,,DTDC,Failed
DLV07592,ORD07592,2025-10-27,2025-11-03,,XpressBees,In Transit
DLV07593,ORD07593,2025-06-14,2025-06-20,,Blue Dart,Out for Delivery
DLV07594,ORD07594,2025-07-20,2025-07-23,,XpressBees,Out for Delivery
DLV07595,ORD07595,2025-10-17,2025-10-22,,XpressBees,In Transit
DLV07596,ORD07596,2025-07-29,2025-08-04,,Delhivery,Delayed
DLV07597,ORD07597,2025-07-05,2025-07-08,,Blue Dart,Out for Delivery
DLV07598,ORD07598,2025-05-14,2025-05-16,,Delhivery,Out for Delivery
DLV07599,ORD07599,2025-05-14,2025-05-16,,XpressBees,Delayed
DLV07600,ORD07600,2025-03-28,2025-04-04,,Blue Dart,Out for Delivery
DLV07601,ORD07601,2025-02-04,2025-02-10,2025-02-12,Blue Dart,Delivered
DLV07602,ORD07602,2025-01-20,2025-01-27,,Ecom Express,Failed
DLV07603,ORD07603,2025-11-11,2025-11-14,,Delhivery,In Transit
DLV07604,ORD07604,2025-07-02,2025-07-04,,Ecom Express,Out for Delivery
DLV07605,ORD07605,2025-09-11,2025-09-14,,XpressBees,Out for Delivery
DLV07606,ORD07606,2025-12-01,2025-12-04,,DTDC,In Transit
DLV07607,ORD07607,2025-10-16,2025-10-22,,Blue Dart,Out for Delivery
DLV07608,ORD07608,2025-12-30,2026-01-02,2026-01-03,Ecom Express,Delivered
DLV07609,ORD07609,2025-09-04,2025-09-08,,Ecom Express,Failed
DLV07610,ORD07610,2025-07-31,2025-08-02,,Blue Dart,In Transit
DLV07611,ORD07611,2025-03-03,2025-03-08,,Blue Dart,In Transit
DLV07612,ORD07612,2025-11-24,2025-11-28,2025-12-01,Ecom Express,Delivered
DLV07613,ORD07613,2025-04-18,2025-04-23,,XpressBees,Delayed
DLV07614,ORD07614,2025-02-04,2025-02-07,,Ecom Express,Out for Delivery
DLV07615,ORD07615,2025-02-13,2025-02-18,,Ecom Express,In Transit
DLV07616,ORD07616,2025-02-04,2025-02-10,,Blue Dart,Failed
DLV07617,ORD07617,2025-09-27,2025-10-04,,DTDC,Delayed
DLV07618,ORD07618,2025-08-22,2025-08-28,,Ecom Express,In Transit
DLV07619,ORD07619,2025-03-19,2025-03-22,,XpressBees,In Transit
DLV07620,ORD07620,2025-04-16,2025-04-18,,XpressBees,Failed
DLV07621,ORD07621,2025-07-16,2025-07-20,,DTDC,In Transit
DLV07622,ORD07622,2025-03-09,2025-03-16,2025-03-17,Blue Dart,Delivered
DLV07623,ORD07623,2025-04-05,2025-04-11,,Delhivery,Failed
DLV07624,ORD07624,2025-01-09,2025-01-15,,XpressBees,Out for Delivery
DLV07625,ORD07625,2025-09-22,2025-09-25,2025-09-27,Delhivery,Delivered
DLV07626,ORD07626,2025-11-02,2025-11-05,2025-11-08,Ecom Express,Delivered
DLV07627,ORD07627,2025-01-30,2025-02-02,2025-02-02,XpressBees,Delivered
DLV07628,ORD07628,2025-07-25,2025-07-27,,XpressBees,In Transit
DLV07629,ORD07629,2025-11-15,2025-11-19,,DTDC,Failed
DLV07630,ORD07630,2025-05-18,2025-05-23,,Ecom Express,Failed
DLV07631,ORD07631,2025-11-01,2025-11-04,,Delhivery,In Transit
DLV07632,ORD07632,2025-11-19,2025-11-22,,Delhivery,Failed
DLV07633,ORD07633,2025-12-31,2026-01-07,,Delhivery,Failed
DLV07634,ORD07634,2025-10-25,2025-10-29,,Delhivery,In Transit
DLV07635,ORD07635,2025-01-16,2025-01-18,,XpressBees,Out for Delivery
DLV07636,ORD07636,2025-02-13,2025-02-17,2025-02-16,Blue Dart,Delivered
DLV07637,ORD07637,2025-10-25,2025-10-29,2025-10-29,Delhivery,Delivered
DLV07638,ORD07638,2025-04-30,2025-05-07,,DTDC,Delayed
DLV07639,ORD07639,2025-04-25,2025-04-27,2025-04-26,DTDC,Delivered
DLV07640,ORD07640,2025-02-14,2025-02-19,,XpressBees,Failed
DLV07641,ORD07641,2025-08-03,2025-08-09,,XpressBees,Delayed
DLV07642,ORD07642,2025-12-28,2026-01-04,,DTDC,Delayed
DLV07643,ORD07643,2025-11-13,2025-11-18,,DTDC,Delayed
DLV07644,ORD07644,2025-11-14,2025-11-17,,Ecom Express,Out for Delivery
DLV07645,ORD07645,2025-02-20,2025-02-25,,Delhivery,In Transit
DLV07646,ORD07646,2025-07-10,2025-07-13,2025-07-14,XpressBees,Delivered
DLV07647,ORD07647,2025-03-16,2025-03-23,,Delhivery,In Transit
DLV07648,ORD07648,2025-12-12,2025-12-18,,Ecom Express,In Transit
DLV07649,ORD07649,2025-06-22,2025-06-26,,Delhivery,In Transit
DLV07650,ORD07650,2025-08-31,2025-09-06,,Ecom Express,In Transit
DLV07651,ORD07651,2025-03-15,2025-03-18,,DTDC,In Transit
DLV07652,ORD07652,2025-05-28,2025-06-03,,Delhivery,Failed
DLV07653,ORD07653,2025-08-07,2025-08-09,,Blue Dart,Failed
DLV07654,ORD07654,2025-07-10,2025-07-17,,DTDC,In Transit
DLV07655,ORD07655,2025-01-19,2025-01-22,,Ecom Express,Out for Delivery
DLV07656,ORD07656,2025-05-02,2025-05-05,,DTDC,In Transit
DLV07657,ORD07657,2025-08-29,2025-09-04,,Delhivery,Out for Delivery
DLV07658,ORD07658,2025-03-09,2025-03-11,2025-03-10,XpressBees,Delivered
DLV07659,ORD07659,2025-06-17,2025-06-23,,Blue Dart,In Transit
DLV07660,ORD07660,2025-09-21,2025-09-23,,Ecom Express,In Transit
DLV07661,ORD07661,2025-12-19,2025-12-23,,DTDC,Delayed
DLV07662,ORD07662,2025-10-18,2025-10-21,,Delhivery,In Transit
DLV07663,ORD07663,2025-05-26,2025-05-28,,Delhivery,Out for Delivery
DLV07664,ORD07664,2025-11-23,2025-11-29,,Delhivery,In Transit
DLV07665,ORD07665,2025-12-14,2025-12-20,,Blue Dart,Failed
DLV07666,ORD07666,2025-11-20,2025-11-25,,XpressBees,Delayed
DLV07667,ORD07667,2025-02-09,2025-02-13,,Ecom Express,Out for Delivery
DLV07668,ORD07668,2025-10-04,2025-10-09,,XpressBees,In Transit
DLV07669,ORD07669,2025-11-11,2025-11-14,,DTDC,Delayed
DLV07670,ORD07670,2025-11-15,2025-11-22,2025-11-24,XpressBees,Delivered
DLV07671,ORD07671,2025-01-03,2025-01-08,,Blue Dart,Delayed
DLV07672,ORD07672,2025-08-25,2025-08-29,,XpressBees,In Transit
DLV07673,ORD07673,2025-10-14,2025-10-20,,XpressBees,Out for Delivery
DLV07674,ORD07674,2025-11-04,2025-11-10,,XpressBees,Failed
DLV07675,ORD07675,2025-10-05,2025-10-11,,Ecom Express,Out for Delivery
DLV07676,ORD07676,2025-12-12,2025-12-18,,Blue Dart,Delayed
DLV07677,ORD07677,2025-01-03,2025-01-10,,XpressBees,Delayed
DLV07678,ORD07678,2025-06-04,2025-06-09,,DTDC,Delayed
DLV07679,ORD07679,2025-12-09,2025-12-13,,Delhivery,Out for Delivery
DLV07680,ORD07680,2025-09-13,2025-09-18,,Delhivery,Delayed
DLV07681,ORD07681,2025-11-12,2025-11-15,,XpressBees,Out for Delivery
DLV07682,ORD07682,2025-01-07,2025-01-11,,XpressBees,Delayed
DLV07683,ORD07683,2025-03-12,2025-03-18,2025-03-17,Ecom Express,Delivered
DLV07684,ORD07684,2025-01-07,2025-01-09,,Blue Dart,Out for Delivery
DLV07685,ORD07685,2025-09-05,2025-09-11,,DTDC,Out for Delivery
DLV07686,ORD07686,2025-10-29,2025-11-04,,Ecom Express,Out for Delivery
DLV07687,ORD07687,2025-03-08,2025-03-10,,DTDC,Delayed
DLV07688,ORD07688,2025-03-01,2025-03-04,,DTDC,Failed
DLV07689,ORD07689,2025-03-14,2025-03-20,,Delhivery,Delayed
DLV07690,ORD07690,2025-04-30,2025-05-07,,Ecom Express,Out for Delivery
DLV07691,ORD07691,2025-11-08,2025-11-11,,DTDC,Delayed
DLV07692,ORD07692,2025-12-04,2025-12-11,,Delhivery,In Transit
DLV07693,ORD07693,2025-10-30,2025-11-02,,DTDC,Failed
DLV07694,ORD07694,2025-03-21,2025-03-27,,Delhivery,In Transit
DLV07695,ORD07695,2025-11-10,2025-11-15,,Delhivery,Out for Delivery
DLV07696,ORD07696,2025-12-11,2025-12-15,2025-12-18,Delhivery,Delivered
DLV07697,ORD07697,2025-03-05,2025-03-08,,DTDC,In Transit
DLV07698,ORD07698,2025-06-06,2025-06-10,,XpressBees,Failed
DLV07699,ORD07699,2025-10-03,2025-10-09,,Delhivery,Failed
DLV07700,ORD07700,2025-01-28,2025-02-03,,Blue Dart,In Transit
DLV07701,ORD07701,2025-08-01,2025-08-08,,Ecom Express,In Transit
DLV07702,ORD07702,2025-03-05,2025-03-11,,Ecom Express,In Transit
DLV07703,ORD07703,2025-07-26,2025-08-01,,DTDC,Delayed
DLV07704,ORD07704,2025-05-22,2025-05-29,,Ecom Express,Failed
DLV07705,ORD07705,2025-05-29,2025-05-31,,Ecom Express,In Transit
DLV07706,ORD07706,2025-02-21,2025-02-24,,Ecom Express,Out for Delivery
DLV07707,ORD07707,2025-10-19,2025-10-21,,XpressBees,In Transit
DLV07708,ORD07708,2025-12-23,2025-12-30,,Blue Dart,Failed
DLV07709,ORD07709,2025-09-18,2025-09-23,,Ecom Express,Failed
DLV07710,ORD07710,2025-09-26,2025-09-29,,XpressBees,Failed
DLV07711,ORD07711,2025-04-11,2025-04-18,,DTDC,Delayed
DLV07712,ORD07712,2025-10-29,2025-11-05,2025-11-05,Delhivery,Delivered
DLV07713,ORD07713,2025-07-16,2025-07-19,,DTDC,Out for Delivery
DLV07714,ORD07714,2025-03-06,2025-03-11,,Blue Dart,Out for Delivery
DLV07715,ORD07715,2025-01-02,2025-01-09,2025-01-10,XpressBees,Delivered
DLV07716,ORD07716,2025-02-06,2025-02-09,,Delhivery,In Transit
DLV07717,ORD07717,2025-04-04,2025-04-09,,Ecom Express,In Transit
DLV07718,ORD07718,2025-05-17,2025-05-24,2025-05-23,Delhivery,Delivered
DLV07719,ORD07719,2025-08-15,2025-08-21,,XpressBees,In Transit
DLV07720,ORD07720,2025-03-26,2025-04-01,2025-04-04,Delhivery,Delivered
DLV07721,ORD07721,2025-05-27,2025-05-29,2025-06-01,DTDC,Delivered
DLV07722,ORD07722,2025-07-17,2025-07-24,2025-07-25,DTDC,Delivered
DLV07723,ORD07723,2025-06-24,2025-06-26,2025-06-27,DTDC,Delivered
DLV07724,ORD07724,2025-06-05,2025-06-08,,Ecom Express,Failed
DLV07725,ORD07725,2025-11-03,2025-11-06,,Ecom Express,Failed
DLV07726,ORD07726,2025-01-20,2025-01-23,,DTDC,Delayed
DLV07727,ORD07727,2025-01-23,2025-01-29,,Delhivery,Out for Delivery
DLV07728,ORD07728,2025-02-18,2025-02-21,,Blue Dart,Out for Delivery
DLV07729,ORD07729,2025-07-28,2025-07-30,,Ecom Express,Delayed
DLV07730,ORD07730,2025-03-09,2025-03-11,,Blue Dart,Delayed
DLV07731,ORD07731,2025-07-26,2025-08-02,,DTDC,Failed
DLV07732,ORD07732,2025-09-26,2025-09-29,,Delhivery,Out for Delivery
DLV07733,ORD07733,2025-06-10,2025-06-13,,Blue Dart,Failed
DLV07734,ORD07734,2025-12-11,2025-12-15,,Delhivery,Delayed
DLV07735,ORD07735,2025-05-11,2025-05-13,,Delhivery,Out for Delivery
DLV07736,ORD07736,2025-11-30,2025-12-05,,Blue Dart,Delayed
DLV07737,ORD07737,2025-12-28,2026-01-04,,Blue Dart,In Transit
DLV07738,ORD07738,2025-01-30,2025-02-05,,DTDC,Failed
DLV07739,ORD07739,2025-11-06,2025-11-08,,XpressBees,Delayed
DLV07740,ORD07740,2025-05-30,2025-06-04,,Blue Dart,In Transit
DLV07741,ORD07741,2025-06-28,2025-07-01,,Ecom Express,Out for Delivery
DLV07742,ORD07742,2025-12-26,2025-12-30,,XpressBees,In Transit
DLV07743,ORD07743,2025-11-19,2025-11-26,,Blue Dart,Failed
DLV07744,ORD07744,2025-09-18,2025-09-20,,DTDC,Out for Delivery
DLV07745,ORD07745,2025-04-17,2025-04-20,,Delhivery,In Transit
DLV07746,ORD07746,2025-04-25,2025-05-02,,Blue Dart,In Transit
DLV07747,ORD07747,2025-08-18,2025-08-25,2025-08-28,XpressBees,Delivered
DLV07748,ORD07748,2025-07-17,2025-07-20,,Delhivery,Delayed
DLV07749,ORD07749,2025-01-16,2025-01-21,,Delhivery,Delayed
DLV07750,ORD07750,2025-04-29,2025-05-01,,Delhivery,Delayed
DLV07751,ORD07751,2025-06-02,2025-06-05,,Ecom Express,Failed
DLV07752,ORD07752,2025-07-01,2025-07-07,2025-07-08,Delhivery,Delivered
DLV07753,ORD07753,2025-10-11,2025-10-13,,XpressBees,In Transit
DLV07754,ORD07754,2025-09-10,2025-09-16,2025-09-16,XpressBees,Delivered
DLV07755,ORD07755,2025-03-02,2025-03-04,,Ecom Express,Delayed
DLV07756,ORD07756,2025-04-18,2025-04-21,,Delhivery,Out for Delivery
DLV07757,ORD07757,2025-03-18,2025-03-25,,Ecom Express,In Transit
DLV07758,ORD07758,2025-05-08,2025-05-10,,Delhivery,Out for Delivery
DLV07759,ORD07759,2025-09-30,2025-10-06,2025-10-06,Blue Dart,Delivered
DLV07760,ORD07760,2025-08-16,2025-08-18,,Ecom Express,Delayed
DLV07761,ORD07761,2025-03-13,2025-03-15,,Blue Dart,Delayed
DLV07762,ORD07762,2025-07-25,2025-08-01,,XpressBees,Out for Delivery
DLV07763,ORD07763,2025-09-22,2025-09-29,,Ecom Express,In Transit
DLV07764,ORD07764,2025-10-17,2025-10-19,,Ecom Express,Failed
DLV07765,ORD07765,2025-03-21,2025-03-28,,Delhivery,In Transit
DLV07766,ORD07766,2025-11-14,2025-11-20,,Blue Dart,Out for Delivery
DLV07767,ORD07767,2025-10-03,2025-10-05,,Delhivery,Failed
DLV07768,ORD07768,2025-05-08,2025-05-13,2025-05-14,Delhivery,Delivered
DLV07769,ORD07769,2025-06-27,2025-07-01,2025-07-04,Delhivery,Delivered
DLV07770,ORD07770,2025-12-01,2025-12-04,2025-12-04,XpressBees,Delivered
DLV07771,ORD07771,2025-02-25,2025-03-02,2025-03-02,DTDC,Delivered
DLV07772,ORD07772,2025-06-19,2025-06-24,,Delhivery,In Transit
DLV07773,ORD07773,2025-12-05,2025-12-07,,Blue Dart,Out for Delivery
DLV07774,ORD07774,2025-05-07,2025-05-12,,Delhivery,Delayed
DLV07775,ORD07775,2025-12-27,2025-12-30,,XpressBees,Out for Delivery
DLV07776,ORD07776,2025-10-22,2025-10-27,2025-10-26,XpressBees,Delivered
DLV07777,ORD07777,2025-05-15,2025-05-17,,DTDC,Delayed
DLV07778,ORD07778,2025-12-29,2026-01-02,,Ecom Express,Delayed
DLV07779,ORD07779,2025-05-21,2025-05-26,2025-05-25,Ecom Express,Delivered
DLV07780,ORD07780,2025-07-06,2025-07-12,2025-07-15,DTDC,Delivered
DLV07781,ORD07781,2025-05-14,2025-05-20,,Delhivery,Failed
DLV07782,ORD07782,2025-12-09,2025-12-12,,Ecom Express,Failed
DLV07783,ORD07783,2025-04-19,2025-04-21,,XpressBees,Failed
DLV07784,ORD07784,2025-09-25,2025-09-28,,DTDC,Out for Delivery
DLV07785,ORD07785,2025-06-14,2025-06-19,2025-06-21,Delhivery,Delivered
DLV07786,ORD07786,2025-10-12,2025-10-15,,XpressBees,In Transit
DLV07787,ORD07787,2025-07-15,2025-07-18,,Blue Dart,In Transit
DLV07788,ORD07788,2025-05-03,2025-05-10,2025-05-13,Blue Dart,Delivered
DLV07789,ORD07789,2025-01-03,2025-01-05,2025-01-08,Blue Dart,Delivered
DLV07790,ORD07790,2025-01-28,2025-02-04,,Blue Dart,Delayed
DLV07791,ORD07791,2025-07-29,2025-08-01,,XpressBees,In Transit
DLV07792,ORD07792,2025-11-23,2025-11-29,,XpressBees,Out for Delivery
DLV07793,ORD07793,2025-11-06,2025-11-11,,DTDC,Out for Delivery
DLV07794,ORD07794,2025-05-17,2025-05-20,,XpressBees,Failed
DLV07795,ORD07795,2025-12-22,2025-12-24,,Ecom Express,Delayed
DLV07796,ORD07796,2025-05-28,2025-05-31,,Ecom Express,Out for Delivery
DLV07797,ORD07797,2025-07-08,2025-07-10,2025-07-10,Blue Dart,Delivered
DLV07798,ORD07798,2025-03-10,2025-03-12,,Blue Dart,Out for Delivery
DLV07799,ORD07799,2025-11-29,2025-12-06,,Delhivery,Delayed
DLV07800,ORD07800,2025-07-09,2025-07-16,,Delhivery,In Transit
DLV07801,ORD07801,2025-08-21,2025-08-28,,Delhivery,Out for Delivery
DLV07802,ORD07802,2025-05-24,2025-05-31,,Ecom Express,In Transit
DLV07803,ORD07803,2025-03-08,2025-03-11,2025-03-11,Ecom Express,Delivered
DLV07804,ORD07804,2025-05-16,2025-05-20,,DTDC,In Transit
DLV07805,ORD07805,2025-06-22,2025-06-27,,XpressBees,Delayed
DLV07806,ORD07806,2025-11-09,2025-11-11,2025-11-12,DTDC,Delivered
DLV07807,ORD07807,2025-01-01,2025-01-05,2025-01-06,Delhivery,Delivered
DLV07808,ORD07808,2025-09-11,2025-09-14,,DTDC,Failed
DLV07809,ORD07809,2025-11-15,2025-11-20,,Delhivery,Failed
DLV07810,ORD07810,2025-04-19,2025-04-25,,Delhivery,Delayed
DLV07811,ORD07811,2025-09-05,2025-09-07,2025-09-10,DTDC,Delivered
DLV07812,ORD07812,2025-10-14,2025-10-17,,Blue Dart,In Transit
DLV07813,ORD07813,2025-05-19,2025-05-24,,XpressBees,Out for Delivery
DLV07814,ORD07814,2025-06-21,2025-06-24,,Delhivery,Failed
DLV07815,ORD07815,2025-06-17,2025-06-23,,Blue Dart,In Transit
DLV07816,ORD07816,2025-12-04,2025-12-11,,DTDC,Out for Delivery
DLV07817,ORD07817,2025-06-30,2025-07-07,,Blue Dart,Delayed
DLV07818,ORD07818,2025-04-07,2025-04-09,,Blue Dart,Failed
DLV07819,ORD07819,2025-08-11,2025-08-18,,XpressBees,Out for Delivery
DLV07820,ORD07820,2025-04-02,2025-04-04,,Delhivery,Delayed
DLV07821,ORD07821,2025-03-10,2025-03-16,,Delhivery,Out for Delivery
DLV07822,ORD07822,2025-12-13,2025-12-19,,XpressBees,Failed
DLV07823,ORD07823,2025-02-02,2025-02-06,2025-02-06,Delhivery,Delivered
DLV07824,ORD07824,2025-01-23,2025-01-28,,Blue Dart,Failed
DLV07825,ORD07825,2025-08-05,2025-08-09,,Ecom Express,Out for Delivery
DLV07826,ORD07826,2025-09-19,2025-09-21,,DTDC,Delayed
DLV07827,ORD07827,2025-09-21,2025-09-28,,DTDC,Failed
DLV07828,ORD07828,2025-08-25,2025-08-29,,DTDC,Delayed
DLV07829,ORD07829,2025-06-11,2025-06-18,,DTDC,Delayed
DLV07830,ORD07830,2025-11-03,2025-11-05,,XpressBees,Failed
DLV07831,ORD07831,2025-06-23,2025-06-27,,XpressBees,Delayed
DLV07832,ORD07832,2025-06-19,2025-06-26,2025-06-25,DTDC,Delivered
DLV07833,ORD07833,2025-08-07,2025-08-14,,DTDC,Delayed
DLV07834,ORD07834,2025-02-20,2025-02-24,,Ecom Express,Delayed
DLV07835,ORD07835,2025-06-01,2025-06-06,2025-06-08,Delhivery,Delivered
DLV07836,ORD07836,2025-08-26,2025-08-31,,Blue Dart,In Transit
DLV07837,ORD07837,2025-03-16,2025-03-22,,Delhivery,In Transit
DLV07838,ORD07838,2025-06-17,2025-06-19,,Ecom Express,Delayed
DLV07839,ORD07839,2025-06-16,2025-06-18,,Delhivery,In Transit
DLV07840,ORD07840,2025-11-21,2025-11-25,,DTDC,Delayed
DLV07841,ORD07841,2025-11-07,2025-11-10,,DTDC,In Transit
DLV07842,ORD07842,2025-07-29,2025-08-05,,Blue Dart,In Transit
DLV07843,ORD07843,2025-06-05,2025-06-08,2025-06-07,DTDC,Delivered
DLV07844,ORD07844,2025-06-19,2025-06-24,,XpressBees,Failed
DLV07845,ORD07845,2025-06-14,2025-06-19,,DTDC,Delayed
DLV07846,ORD07846,2025-03-07,2025-03-11,2025-03-13,DTDC,Delivered
DLV07847,ORD07847,2025-08-30,2025-09-04,,Blue Dart,Delayed
DLV07848,ORD07848,2025-05-05,2025-05-09,,Blue Dart,Out for Delivery
DLV07849,ORD07849,2025-09-01,2025-09-07,,Delhivery,Failed
DLV07850,ORD07850,2025-04-03,2025-04-08,,Blue Dart,In Transit
DLV07851,ORD07851,2025-08-15,2025-08-19,,DTDC,Delayed
DLV07852,ORD07852,2025-12-29,2026-01-03,,XpressBees,In Transit
DLV07853,ORD07853,2025-09-30,2025-10-03,,Blue Dart,In Transit
DLV07854,ORD07854,2025-08-18,2025-08-22,,Delhivery,In Transit
DLV07855,ORD07855,2025-12-31,2026-01-02,2026-01-01,DTDC,Delivered
DLV07856,ORD07856,2025-06-10,2025-06-16,,DTDC,Failed
DLV07857,ORD07857,2025-03-13,2025-03-15,,DTDC,Delayed
DLV07858,ORD07858,2025-09-02,2025-09-06,2025-09-06,Blue Dart,Delivered
DLV07859,ORD07859,2025-03-29,2025-04-04,,Delhivery,In Transit
DLV07860,ORD07860,2025-11-07,2025-11-12,,Delhivery,Failed
DLV07861,ORD07861,2025-09-18,2025-09-21,2025-09-23,Blue Dart,Delivered
DLV07862,ORD07862,2025-05-09,2025-05-11,,Ecom Express,Failed
DLV07863,ORD07863,2025-04-19,2025-04-21,,XpressBees,Delayed
DLV07864,ORD07864,2025-11-14,2025-11-20,,DTDC,Delayed
DLV07865,ORD07865,2025-04-27,2025-05-03,,Blue Dart,Failed
DLV07866,ORD07866,2025-06-09,2025-06-14,,DTDC,In Transit
DLV07867,ORD07867,2025-03-05,2025-03-12,,Ecom Express,Out for Delivery
DLV07868,ORD07868,2025-04-02,2025-04-08,,DTDC,Failed
DLV07869,ORD07869,2025-01-14,2025-01-21,2025-01-23,DTDC,Delivered
DLV07870,ORD07870,2025-07-10,2025-07-12,2025-07-14,Delhivery,Delivered
DLV07871,ORD07871,2025-10-10,2025-10-15,2025-10-18,Blue Dart,Delivered
DLV07872,ORD07872,2025-11-23,2025-11-30,,XpressBees,Out for Delivery
DLV07873,ORD07873,2025-07-30,2025-08-04,,Blue Dart,Out for Delivery
DLV07874,ORD07874,2025-09-18,2025-09-20,2025-09-20,Blue Dart,Delivered
DLV07875,ORD07875,2025-05-14,2025-05-18,2025-05-18,XpressBees,Delivered
DLV07876,ORD07876,2025-06-19,2025-06-23,,Ecom Express,Out for Delivery
DLV07877,ORD07877,2025-05-06,2025-05-11,2025-05-14,Delhivery,Delivered
DLV07878,ORD07878,2025-11-03,2025-11-05,,Ecom Express,Out for Delivery
DLV07879,ORD07879,2025-12-22,2025-12-27,,DTDC,Delayed
DLV07880,ORD07880,2025-06-22,2025-06-27,,DTDC,Out for Delivery
DLV07881,ORD07881,2025-09-09,2025-09-15,2025-09-17,XpressBees,Delivered
DLV07882,ORD07882,2025-10-01,2025-10-05,,Blue Dart,Failed
DLV07883,ORD07883,2025-10-18,2025-10-23,,XpressBees,Out for Delivery
DLV07884,ORD07884,2025-08-31,2025-09-04,,XpressBees,Out for Delivery
DLV07885,ORD07885,2025-09-22,2025-09-25,,Blue Dart,In Transit
DLV07886,ORD07886,2025-06-03,2025-06-06,,Delhivery,In Transit
DLV07887,ORD07887,2025-03-17,2025-03-19,,Blue Dart,Out for Delivery
DLV07888,ORD07888,2025-11-22,2025-11-27,,Delhivery,In Transit
DLV07889,ORD07889,2025-08-27,2025-09-03,,DTDC,Out for Delivery
DLV07890,ORD07890,2025-10-24,2025-10-26,,DTDC,Out for Delivery
DLV07891,ORD07891,2025-03-24,2025-03-31,,Delhivery,Delayed
DLV07892,ORD07892,2025-12-20,2025-12-24,,XpressBees,In Transit
DLV07893,ORD07893,2025-06-27,2025-06-30,,DTDC,In Transit
DLV07894,ORD07894,2025-03-24,2025-03-27,,XpressBees,Failed
DLV07895,ORD07895,2025-07-21,2025-07-25,,Delhivery,Failed
DLV07896,ORD07896,2025-11-18,2025-11-22,,Delhivery,Out for Delivery
DLV07897,ORD07897,2025-04-21,2025-04-24,,XpressBees,In Transit
DLV07898,ORD07898,2025-07-10,2025-07-15,,Delhivery,Failed
DLV07899,ORD07899,2025-01-02,2025-01-05,,DTDC,Delayed
DLV07900,ORD07900,2025-08-25,2025-08-30,,DTDC,Out for Delivery
DLV07901,ORD07901,2025-09-30,2025-10-02,2025-10-02,DTDC,Delivered
DLV07902,ORD07902,2025-08-08,2025-08-11,,Ecom Express,Out for Delivery
DLV07903,ORD07903,2025-08-03,2025-08-05,,Blue Dart,In Transit
DLV07904,ORD07904,2025-01-31,2025-02-05,,XpressBees,In Transit
DLV07905,ORD07905,2025-01-18,2025-01-22,,Blue Dart,In Transit
DLV07906,ORD07906,2025-03-31,2025-04-07,2025-04-10,Delhivery,Delivered
DLV07907,ORD07907,2025-10-24,2025-10-30,,Delhivery,Out for Delivery
DLV07908,ORD07908,2025-10-19,2025-10-26,,Blue Dart,Delayed
DLV07909,ORD07909,2025-06-20,2025-06-24,2025-06-23,Delhivery,Delivered
DLV07910,ORD07910,2025-08-30,2025-09-02,,Blue Dart,Failed
DLV07911,ORD07911,2025-01-04,2025-01-10,,XpressBees,Failed
DLV07912,ORD07912,2025-10-25,2025-10-30,,XpressBees,Out for Delivery
DLV07913,ORD07913,2025-07-04,2025-07-09,,Delhivery,Failed
DLV07914,ORD07914,2025-06-27,2025-07-03,2025-07-03,Ecom Express,Delivered
DLV07915,ORD07915,2025-06-10,2025-06-15,,Blue Dart,In Transit
DLV07916,ORD07916,2025-05-31,2025-06-05,,Delhivery,Delayed
DLV07917,ORD07917,2025-05-01,2025-05-03,,Delhivery,Failed
DLV07918,ORD07918,2025-09-27,2025-10-01,,Delhivery,Delayed
DLV07919,ORD07919,2025-03-21,2025-03-24,2025-03-27,Blue Dart,Delivered
DLV07920,ORD07920,2025-03-15,2025-03-17,,DTDC,Out for Delivery
DLV07921,ORD07921,2025-02-16,2025-02-19,,Ecom Express,Failed
DLV07922,ORD07922,2025-12-08,2025-12-10,,Blue Dart,Failed
DLV07923,ORD07923,2025-09-28,2025-10-05,2025-10-06,Ecom Express,Delivered
DLV07924,ORD07924,2025-11-13,2025-11-20,,DTDC,Delayed
DLV07925,ORD07925,2025-08-26,2025-08-29,,XpressBees,Failed
DLV07926,ORD07926,2025-06-09,2025-06-12,,Blue Dart,Out for Delivery
DLV07927,ORD07927,2025-10-31,2025-11-05,,Delhivery,Failed
DLV07928,ORD07928,2025-07-26,2025-07-30,2025-07-31,Delhivery,Delivered
DLV07929,ORD07929,2025-11-05,2025-11-08,,XpressBees,Failed
DLV07930,ORD07930,2025-01-25,2025-02-01,,DTDC,Out for Delivery
DLV07931,ORD07931,2025-08-17,2025-08-20,,Blue Dart,Delayed
DLV07932,ORD07932,2025-02-17,2025-02-23,,Ecom Express,Delayed
DLV07933,ORD07933,2025-02-05,2025-02-09,2025-02-09,XpressBees,Delivered
DLV07934,ORD07934,2025-12-06,2025-12-10,,Ecom Express,In Transit
DLV07935,ORD07935,2025-09-19,2025-09-26,,Delhivery,Failed
DLV07936,ORD07936,2025-11-10,2025-11-15,,DTDC,Out for Delivery
DLV07937,ORD07937,2025-12-25,2026-01-01,,Delhivery,Failed
DLV07938,ORD07938,2025-10-16,2025-10-18,2025-10-18,Ecom Express,Delivered
DLV07939,ORD07939,2025-11-28,2025-12-02,2025-12-03,XpressBees,Delivered
DLV07940,ORD07940,2025-04-17,2025-04-24,,XpressBees,Delayed
DLV07941,ORD07941,2025-11-21,2025-11-27,,DTDC,Out for Delivery
DLV07942,ORD07942,2025-03-27,2025-03-30,2025-04-01,DTDC,Delivered
DLV07943,ORD07943,2025-08-23,2025-08-27,,Blue Dart,In Transit
DLV07944,ORD07944,2025-12-12,2025-12-19,,XpressBees,In Transit
DLV07945,ORD07945,2025-01-16,2025-01-21,,XpressBees,Out for Delivery
DLV07946,ORD07946,2025-12-04,2025-12-09,,Blue Dart,Failed
DLV07947,ORD07947,2025-10-14,2025-10-17,,Delhivery,In Transit
DLV07948,ORD07948,2025-10-18,2025-10-25,,Ecom Express,In Transit
DLV07949,ORD07949,2025-09-28,2025-10-01,,XpressBees,Failed
DLV07950,ORD07950,2025-04-10,2025-04-16,,XpressBees,In Transit
DLV07951,ORD07951,2025-02-03,2025-02-07,,DTDC,In Transit
DLV07952,ORD07952,2025-12-29,2026-01-01,,Delhivery,In Transit
DLV07953,ORD07953,2025-03-30,2025-04-01,,Delhivery,Delayed
DLV07954,ORD07954,2025-03-19,2025-03-26,,Blue Dart,Failed
DLV07955,ORD07955,2025-02-27,2025-03-06,,Ecom Express,Delayed
DLV07956,ORD07956,2025-09-22,2025-09-28,,DTDC,Delayed
DLV07957,ORD07957,2025-12-20,2025-12-27,,XpressBees,Out for Delivery
DLV07958,ORD07958,2025-07-27,2025-08-03,,DTDC,Delayed
DLV07959,ORD07959,2025-04-06,2025-04-08,2025-04-09,DTDC,Delivered
DLV07960,ORD07960,2025-01-24,2025-01-31,,DTDC,Delayed
DLV07961,ORD07961,2025-11-26,2025-12-01,2025-11-30,Blue Dart,Delivered
DLV07962,ORD07962,2025-09-30,2025-10-02,,Blue Dart,In Transit
DLV07963,ORD07963,2025-09-10,2025-09-15,,Blue Dart,Out for Delivery
DLV07964,ORD07964,2025-05-22,2025-05-28,,Delhivery,Failed
DLV07965,ORD07965,2025-01-24,2025-01-28,,Ecom Express,In Transit
DLV07966,ORD07966,2025-11-15,2025-11-18,,Ecom Express,Failed
DLV07967,ORD07967,2025-03-25,2025-03-28,,XpressBees,Delayed
DLV07968,ORD07968,2025-07-26,2025-07-31,,DTDC,Out for Delivery
DLV07969,ORD07969,2025-12-29,2026-01-01,,Delhivery,Failed
DLV07970,ORD07970,2025-09-01,2025-09-07,2025-09-07,Ecom Express,Delivered
DLV07971,ORD07971,2025-01-02,2025-01-07,,Delhivery,Out for Delivery
DLV07972,ORD07972,2025-10-10,2025-10-12,,Blue Dart,Delayed
DLV07973,ORD07973,2025-02-08,2025-02-12,,Ecom Express,Out for Delivery
DLV07974,ORD07974,2025-07-09,2025-07-15,2025-07-14,Blue Dart,Delivered
DLV07975,ORD07975,2025-07-22,2025-07-24,,Blue Dart,In Transit
DLV07976,ORD07976,2025-04-05,2025-04-09,,DTDC,Failed
DLV07977,ORD07977,2025-06-12,2025-06-14,,DTDC,In Transit
DLV07978,ORD07978,2025-02-14,2025-02-18,2025-02-19,Blue Dart,Delivered
DLV07979,ORD07979,2025-04-02,2025-04-07,,Ecom Express,Out for Delivery
DLV07980,ORD07980,2025-03-06,2025-03-11,,Ecom Express,Delayed
DLV07981,ORD07981,2025-11-28,2025-11-30,,DTDC,Out for Delivery
DLV07982,ORD07982,2025-07-15,2025-07-22,2025-07-24,DTDC,Delivered
DLV07983,ORD07983,2025-05-05,2025-05-08,2025-05-08,XpressBees,Delivered
DLV07984,ORD07984,2025-04-29,2025-05-05,,XpressBees,In Transit
DLV07985,ORD07985,2025-09-07,2025-09-13,,XpressBees,Failed
DLV07986,ORD07986,2025-05-21,2025-05-23,,Ecom Express,Out for Delivery
DLV07987,ORD07987,2025-05-14,2025-05-17,,Delhivery,In Transit
DLV07988,ORD07988,2025-11-15,2025-11-18,,XpressBees,In Transit
DLV07989,ORD07989,2025-05-17,2025-05-23,2025-05-25,DTDC,Delivered
DLV07990,ORD07990,2025-09-01,2025-09-08,2025-09-08,Blue Dart,Delivered
DLV07991,ORD07991,2025-06-03,2025-06-09,,DTDC,Out for Delivery
DLV07992,ORD07992,2025-11-08,2025-11-12,,DTDC,Out for Delivery
DLV07993,ORD07993,2025-08-26,2025-09-02,,Ecom Express,Out for Delivery
DLV07994,ORD07994,2025-05-06,2025-05-11,2025-05-13,XpressBees,Delivered
DLV07995,ORD07995,2025-03-15,2025-03-21,,Ecom Express,In Transit
DLV07996,ORD07996,2025-01-12,2025-01-19,,Ecom Express,Out for Delivery
DLV07997,ORD07997,2025-11-25,2025-11-27,,XpressBees,Out for Delivery
DLV07998,ORD07998,2025-06-07,2025-06-14,,Ecom Express,Failed
DLV07999,ORD07999,2025-11-09,2025-11-12,,Delhivery,Out for Delivery
DLV08000,ORD08000,2025-04-05,2025-04-08,,Ecom Express,In Transit
DLV08001,ORD08001,2025-07-30,2025-08-06,,Delhivery,Out for Delivery
DLV08002,ORD08002,2025-06-05,2025-06-12,,DTDC,Delayed
DLV08003,ORD08003,2025-11-29,2025-12-05,,Ecom Express,Out for Delivery
DLV08004,ORD08004,2025-02-21,2025-02-28,,DTDC,Delayed
DLV08005,ORD08005,2025-12-17,2025-12-20,,Delhivery,Delayed
DLV08006,ORD08006,2025-11-18,2025-11-23,,Delhivery,In Transit
DLV08007,ORD08007,2025-12-27,2025-12-29,,XpressBees,Out for Delivery
DLV08008,ORD08008,2025-03-26,2025-03-28,,Ecom Express,Out for Delivery
DLV08009,ORD08009,2025-05-24,2025-05-26,2025-05-28,Delhivery,Delivered
DLV08010,ORD08010,2025-02-14,2025-02-16,,Delhivery,Failed
DLV08011,ORD08011,2025-02-17,2025-02-24,,Ecom Express,Out for Delivery
DLV08012,ORD08012,2025-10-15,2025-10-17,2025-10-20,Delhivery,Delivered
DLV08013,ORD08013,2025-04-05,2025-04-12,2025-04-15,Ecom Express,Delivered
DLV08014,ORD08014,2025-12-11,2025-12-18,,Blue Dart,Delayed
DLV08015,ORD08015,2025-06-15,2025-06-17,,DTDC,Delayed
DLV08016,ORD08016,2025-01-31,2025-02-03,,Delhivery,Failed
DLV08017,ORD08017,2025-10-31,2025-11-07,,XpressBees,Delayed
DLV08018,ORD08018,2025-10-12,2025-10-15,,Ecom Express,In Transit
DLV08019,ORD08019,2025-02-10,2025-02-16,,Delhivery,Delayed
DLV08020,ORD08020,2025-03-10,2025-03-14,,XpressBees,Failed
DLV08021,ORD08021,2025-02-03,2025-02-09,,DTDC,Delayed
DLV08022,ORD08022,2025-02-05,2025-02-07,2025-02-06,XpressBees,Delivered
DLV08023,ORD08023,2025-01-18,2025-01-21,2025-01-21,DTDC,Delivered
DLV08024,ORD08024,2025-03-13,2025-03-18,,DTDC,In Transit
DLV08025,ORD08025,2025-10-28,2025-11-04,,Ecom Express,Out for Delivery
DLV08026,ORD08026,2025-05-30,2025-06-03,,Ecom Express,In Transit
DLV08027,ORD08027,2025-05-12,2025-05-17,,Blue Dart,Out for Delivery
DLV08028,ORD08028,2025-09-29,2025-10-06,,XpressBees,Delayed
DLV08029,ORD08029,2025-02-07,2025-02-12,2025-02-15,DTDC,Delivered
DLV08030,ORD08030,2025-04-29,2025-05-01,,Blue Dart,Failed
DLV08031,ORD08031,2025-08-27,2025-08-29,,DTDC,In Transit
DLV08032,ORD08032,2025-02-19,2025-02-21,,XpressBees,Failed
DLV08033,ORD08033,2025-02-12,2025-02-15,,DTDC,Out for Delivery
DLV08034,ORD08034,2025-12-24,2025-12-29,,Delhivery,In Transit
DLV08035,ORD08035,2025-05-18,2025-05-23,,Delhivery,In Transit
DLV08036,ORD08036,2025-07-29,2025-08-02,,Ecom Express,Delayed
DLV08037,ORD08037,2025-07-21,2025-07-24,2025-07-25,Delhivery,Delivered
DLV08038,ORD08038,2025-11-06,2025-11-13,,Delhivery,In Transit
DLV08039,ORD08039,2025-11-14,2025-11-16,,DTDC,Delayed
DLV08040,ORD08040,2025-12-28,2026-01-03,2026-01-06,Blue Dart,Delivered
DLV08041,ORD08041,2025-08-08,2025-08-14,,DTDC,Failed
DLV08042,ORD08042,2025-09-20,2025-09-23,,Ecom Express,Failed
DLV08043,ORD08043,2025-11-15,2025-11-17,,Ecom Express,Delayed
DLV08044,ORD08044,2025-03-17,2025-03-19,,XpressBees,Delayed
DLV08045,ORD08045,2025-05-22,2025-05-29,,XpressBees,Out for Delivery
DLV08046,ORD08046,2025-04-05,2025-04-08,,XpressBees,Delayed
DLV08047,ORD08047,2025-01-27,2025-01-29,,XpressBees,Delayed
DLV08048,ORD08048,2025-10-15,2025-10-18,2025-10-17,Delhivery,Delivered
DLV08049,ORD08049,2025-09-27,2025-10-02,,DTDC,In Transit
DLV08050,ORD08050,2025-01-28,2025-01-31,,DTDC,Delayed
DLV08051,ORD08051,2025-09-14,2025-09-16,,Ecom Express,Out for Delivery
DLV08052,ORD08052,2025-07-09,2025-07-12,,Ecom Express,In Transit
DLV08053,ORD08053,2025-10-07,2025-10-10,,Blue Dart,In Transit
DLV08054,ORD08054,2025-10-02,2025-10-05,,Ecom Express,Delayed
DLV08055,ORD08055,2025-05-26,2025-06-01,,Ecom Express,In Transit
DLV08056,ORD08056,2025-10-12,2025-10-16,,Delhivery,Failed
DLV08057,ORD08057,2025-08-16,2025-08-18,,XpressBees,Failed
DLV08058,ORD08058,2025-10-28,2025-11-01,,Delhivery,In Transit
DLV08059,ORD08059,2025-09-26,2025-10-01,2025-09-30,DTDC,Delivered
DLV08060,ORD08060,2025-08-24,2025-08-26,,Ecom Express,Out for Delivery
DLV08061,ORD08061,2025-11-09,2025-11-14,,Delhivery,Out for Delivery
DLV08062,ORD08062,2025-04-22,2025-04-28,,XpressBees,Failed
DLV08063,ORD08063,2025-07-13,2025-07-16,,DTDC,Out for Delivery
DLV08064,ORD08064,2025-05-08,2025-05-15,,Blue Dart,In Transit
DLV08065,ORD08065,2025-12-15,2025-12-17,,Delhivery,Failed
DLV08066,ORD08066,2025-10-07,2025-10-14,,Ecom Express,Out for Delivery
DLV08067,ORD08067,2025-01-22,2025-01-25,2025-01-25,Delhivery,Delivered
DLV08068,ORD08068,2025-10-07,2025-10-10,2025-10-09,DTDC,Delivered
DLV08069,ORD08069,2025-08-09,2025-08-15,2025-08-17,Blue Dart,Delivered
DLV08070,ORD08070,2025-12-05,2025-12-07,,XpressBees,Out for Delivery
DLV08071,ORD08071,2025-02-02,2025-02-08,,DTDC,Delayed
DLV08072,ORD08072,2025-12-29,2025-12-31,,XpressBees,In Transit
DLV08073,ORD08073,2025-03-12,2025-03-14,,Delhivery,Out for Delivery
DLV08074,ORD08074,2025-01-18,2025-01-25,,DTDC,Delayed
DLV08075,ORD08075,2025-09-29,2025-10-02,,Blue Dart,Delayed
DLV08076,ORD08076,2025-08-12,2025-08-19,,Ecom Express,Failed
DLV08077,ORD08077,2025-09-03,2025-09-05,,Delhivery,In Transit
DLV08078,ORD08078,2025-03-10,2025-03-16,,Blue Dart,Failed
DLV08079,ORD08079,2025-08-26,2025-08-29,,Blue Dart,Delayed
DLV08080,ORD08080,2025-09-09,2025-09-11,,XpressBees,Out for Delivery
DLV08081,ORD08081,2025-05-30,2025-06-01,2025-06-03,Blue Dart,Delivered
DLV08082,ORD08082,2025-02-13,2025-02-17,,DTDC,Out for Delivery
DLV08083,ORD08083,2025-03-24,2025-03-31,,Delhivery,Failed
DLV08084,ORD08084,2025-10-14,2025-10-16,,XpressBees,Out for Delivery
DLV08085,ORD08085,2025-09-06,2025-09-12,2025-09-14,Ecom Express,Delivered
DLV08086,ORD08086,2025-06-05,2025-06-07,,Delhivery,Failed
DLV08087,ORD08087,2025-05-29,2025-06-01,,Ecom Express,Failed
DLV08088,ORD08088,2025-07-24,2025-07-29,,Ecom Express,In Transit
DLV08089,ORD08089,2025-05-13,2025-05-15,,XpressBees,Out for Delivery
DLV08090,ORD08090,2025-12-02,2025-12-05,2025-12-07,Blue Dart,Delivered
DLV08091,ORD08091,2025-05-28,2025-06-01,,Delhivery,Out for Delivery
DLV08092,ORD08092,2025-02-15,2025-02-21,,Delhivery,Delayed
DLV08093,ORD08093,2025-08-15,2025-08-17,,Blue Dart,In Transit
DLV08094,ORD08094,2025-03-28,2025-04-01,,Ecom Express,In Transit
DLV08095,ORD08095,2025-09-08,2025-09-14,2025-09-15,Ecom Express,Delivered
DLV08096,ORD08096,2025-09-26,2025-09-28,,DTDC,Out for Delivery
DLV08097,ORD08097,2025-05-06,2025-05-09,,Delhivery,Out for Delivery
DLV08098,ORD08098,2025-10-31,2025-11-03,,Blue Dart,Out for Delivery
DLV08099,ORD08099,2025-12-17,2025-12-23,2025-12-23,DTDC,Delivered
DLV08100,ORD08100,2025-08-13,2025-08-20,,Blue Dart,Failed
DLV08101,ORD08101,2025-10-07,2025-10-14,,Blue Dart,In Transit
DLV08102,ORD08102,2025-02-03,2025-02-08,,DTDC,Delayed
DLV08103,ORD08103,2025-10-31,2025-11-04,,Delhivery,Out for Delivery
DLV08104,ORD08104,2025-02-04,2025-02-10,,Delhivery,Delayed
DLV08105,ORD08105,2025-08-13,2025-08-15,,Ecom Express,Delayed
DLV08106,ORD08106,2025-04-10,2025-04-16,2025-04-17,XpressBees,Delivered
DLV08107,ORD08107,2025-05-14,2025-05-16,2025-05-15,XpressBees,Delivered
DLV08108,ORD08108,2025-07-30,2025-08-05,,XpressBees,In Transit
DLV08109,ORD08109,2025-11-30,2025-12-04,2025-12-07,DTDC,Delivered
DLV08110,ORD08110,2025-01-22,2025-01-25,,XpressBees,In Transit
DLV08111,ORD08111,2025-02-26,2025-03-02,,DTDC,In Transit
DLV08112,ORD08112,2025-03-18,2025-03-20,,Delhivery,Failed
DLV08113,ORD08113,2025-11-22,2025-11-29,,XpressBees,Delayed
DLV08114,ORD08114,2025-03-30,2025-04-01,,XpressBees,Delayed
DLV08115,ORD08115,2025-08-27,2025-09-02,,Blue Dart,Failed
DLV08116,ORD08116,2025-04-05,2025-04-11,,DTDC,Failed
DLV08117,ORD08117,2025-08-28,2025-09-04,2025-09-06,DTDC,Delivered
DLV08118,ORD08118,2025-08-03,2025-08-06,,Ecom Express,Failed
DLV08119,ORD08119,2025-01-10,2025-01-15,,Delhivery,Out for Delivery
DLV08120,ORD08120,2025-05-17,2025-05-21,2025-05-24,XpressBees,Delivered
DLV08121,ORD08121,2025-12-22,2025-12-26,2025-12-27,Delhivery,Delivered
DLV08122,ORD08122,2025-06-11,2025-06-15,,Delhivery,In Transit
DLV08123,ORD08123,2025-06-21,2025-06-25,,DTDC,Failed
DLV08124,ORD08124,2025-04-22,2025-04-25,,DTDC,In Transit
DLV08125,ORD08125,2025-01-15,2025-01-19,,DTDC,Delayed
DLV08126,ORD08126,2025-10-19,2025-10-25,,Delhivery,Delayed
DLV08127,ORD08127,2025-11-15,2025-11-21,,XpressBees,In Transit
DLV08128,ORD08128,2025-07-30,2025-08-05,2025-08-08,XpressBees,Delivered
DLV08129,ORD08129,2025-12-14,2025-12-16,2025-12-18,Delhivery,Delivered
DLV08130,ORD08130,2025-05-10,2025-05-14,2025-05-17,Delhivery,Delivered
DLV08131,ORD08131,2025-07-02,2025-07-07,,Ecom Express,Delayed
DLV08132,ORD08132,2025-10-29,2025-11-05,,Delhivery,In Transit
DLV08133,ORD08133,2025-09-03,2025-09-07,,Blue Dart,In Transit
DLV08134,ORD08134,2025-08-02,2025-08-08,,Ecom Express,Out for Delivery
DLV08135,ORD08135,2025-07-05,2025-07-07,,Delhivery,Delayed
DLV08136,ORD08136,2025-05-23,2025-05-28,,XpressBees,Out for Delivery
DLV08137,ORD08137,2025-03-23,2025-03-25,,Ecom Express,Delayed
DLV08138,ORD08138,2025-08-03,2025-08-05,2025-08-06,Delhivery,Delivered
DLV08139,ORD08139,2025-08-07,2025-08-12,,DTDC,Delayed
DLV08140,ORD08140,2025-06-10,2025-06-17,2025-06-18,XpressBees,Delivered
DLV08141,ORD08141,2025-06-09,2025-06-11,2025-06-12,XpressBees,Delivered
DLV08142,ORD08142,2025-11-24,2025-11-29,,XpressBees,Delayed
DLV08143,ORD08143,2025-07-12,2025-07-16,,DTDC,Delayed
DLV08144,ORD08144,2025-09-25,2025-09-27,,XpressBees,Delayed
DLV08145,ORD08145,2025-04-12,2025-04-15,,XpressBees,Failed
DLV08146,ORD08146,2025-04-17,2025-04-22,,Blue Dart,Out for Delivery
DLV08147,ORD08147,2025-03-24,2025-03-30,,Ecom Express,Delayed
DLV08148,ORD08148,2025-07-13,2025-07-20,,XpressBees,Out for Delivery
DLV08149,ORD08149,2025-11-09,2025-11-15,,DTDC,Delayed
DLV08150,ORD08150,2025-06-24,2025-06-26,,DTDC,Failed
DLV08151,ORD08151,2025-09-12,2025-09-17,,Delhivery,In Transit
DLV08152,ORD08152,2025-09-18,2025-09-25,,XpressBees,In Transit
DLV08153,ORD08153,2025-02-10,2025-02-16,,Ecom Express,Failed
DLV08154,ORD08154,2025-11-16,2025-11-21,,DTDC,In Transit
DLV08155,ORD08155,2025-04-20,2025-04-24,,Blue Dart,Failed
DLV08156,ORD08156,2025-12-01,2025-12-06,,Blue Dart,Delayed
DLV08157,ORD08157,2025-06-20,2025-06-22,,Delhivery,In Transit
DLV08158,ORD08158,2025-01-11,2025-01-16,,Ecom Express,In Transit
DLV08159,ORD08159,2025-09-06,2025-09-13,2025-09-13,Ecom Express,Delivered
DLV08160,ORD08160,2025-05-03,2025-05-09,,Delhivery,In Transit
DLV08161,ORD08161,2025-07-01,2025-07-06,,XpressBees,In Transit
DLV08162,ORD08162,2025-05-25,2025-05-31,,Delhivery,Out for Delivery
DLV08163,ORD08163,2025-02-19,2025-02-22,,DTDC,Delayed
DLV08164,ORD08164,2025-12-14,2025-12-20,,Delhivery,In Transit
DLV08165,ORD08165,2025-02-05,2025-02-11,,Delhivery,Delayed
DLV08166,ORD08166,2025-03-06,2025-03-11,,Delhivery,In Transit
DLV08167,ORD08167,2025-04-10,2025-04-13,,Blue Dart,Out for Delivery
DLV08168,ORD08168,2025-04-01,2025-04-05,,XpressBees,Delayed
DLV08169,ORD08169,2025-09-17,2025-09-24,,XpressBees,Failed
DLV08170,ORD08170,2025-09-19,2025-09-26,,XpressBees,In Transit
DLV08171,ORD08171,2025-08-23,2025-08-29,2025-08-30,DTDC,Delivered
DLV08172,ORD08172,2025-07-13,2025-07-20,,XpressBees,Delayed
DLV08173,ORD08173,2025-05-11,2025-05-16,,XpressBees,Delayed
DLV08174,ORD08174,2025-06-30,2025-07-05,,DTDC,Out for Delivery
DLV08175,ORD08175,2025-07-25,2025-07-27,,Blue Dart,Out for Delivery
DLV08176,ORD08176,2025-06-08,2025-06-11,2025-06-11,XpressBees,Delivered
DLV08177,ORD08177,2025-11-07,2025-11-11,2025-11-13,XpressBees,Delivered
DLV08178,ORD08178,2025-06-09,2025-06-13,,Ecom Express,In Transit
DLV08179,ORD08179,2025-06-22,2025-06-24,2025-06-23,Blue Dart,Delivered
DLV08180,ORD08180,2025-11-19,2025-11-23,,Delhivery,Delayed
DLV08181,ORD08181,2025-06-21,2025-06-28,2025-07-01,Delhivery,Delivered
DLV08182,ORD08182,2025-08-08,2025-08-14,,Ecom Express,Failed
DLV08183,ORD08183,2025-02-12,2025-02-19,,Blue Dart,Failed
DLV08184,ORD08184,2025-01-16,2025-01-23,,Delhivery,Delayed
DLV08185,ORD08185,2025-06-01,2025-06-06,,DTDC,Delayed
DLV08186,ORD08186,2025-12-14,2025-12-17,2025-12-16,XpressBees,Delivered
DLV08187,ORD08187,2025-11-18,2025-11-20,,Ecom Express,Delayed
DLV08188,ORD08188,2025-05-02,2025-05-07,,Delhivery,Out for Delivery
DLV08189,ORD08189,2025-09-11,2025-09-13,,Delhivery,In Transit
DLV08190,ORD08190,2025-04-12,2025-04-17,2025-04-18,Delhivery,Delivered
DLV08191,ORD08191,2025-09-19,2025-09-24,,XpressBees,In Transit
DLV08192,ORD08192,2025-11-21,2025-11-24,2025-11-26,Blue Dart,Delivered
DLV08193,ORD08193,2025-10-03,2025-10-05,,DTDC,In Transit
DLV08194,ORD08194,2025-06-14,2025-06-20,2025-06-22,Delhivery,Delivered
DLV08195,ORD08195,2025-10-07,2025-10-10,,XpressBees,Out for Delivery
DLV08196,ORD08196,2025-05-09,2025-05-14,2025-05-16,Ecom Express,Delivered
DLV08197,ORD08197,2025-06-19,2025-06-25,2025-06-24,Ecom Express,Delivered
DLV08198,ORD08198,2025-03-05,2025-03-07,2025-03-06,Blue Dart,Delivered
DLV08199,ORD08199,2025-09-15,2025-09-17,,XpressBees,In Transit
DLV08200,ORD08200,2025-05-26,2025-06-01,,Ecom Express,Delayed
DLV08201,ORD08201,2025-09-04,2025-09-11,,DTDC,Delayed
DLV08202,ORD08202,2025-07-26,2025-08-02,2025-08-03,Ecom Express,Delivered
DLV08203,ORD08203,2025-10-16,2025-10-20,,XpressBees,Failed
DLV08204,ORD08204,2025-01-21,2025-01-27,2025-01-28,Blue Dart,Delivered
DLV08205,ORD08205,2025-07-23,2025-07-28,2025-07-27,XpressBees,Delivered
DLV08206,ORD08206,2025-08-24,2025-08-26,,Ecom Express,Failed
DLV08207,ORD08207,2025-01-01,2025-01-07,,XpressBees,Failed
DLV08208,ORD08208,2025-01-11,2025-01-18,,Ecom Express,In Transit
DLV08209,ORD08209,2025-03-12,2025-03-14,,DTDC,In Transit
DLV08210,ORD08210,2025-02-14,2025-02-21,2025-02-20,Blue Dart,Delivered
DLV08211,ORD08211,2025-04-10,2025-04-13,,DTDC,Failed
DLV08212,ORD08212,2025-04-20,2025-04-23,,XpressBees,Delayed
DLV08213,ORD08213,2025-06-10,2025-06-16,,Ecom Express,Delayed
DLV08214,ORD08214,2025-07-12,2025-07-15,,XpressBees,Delayed
DLV08215,ORD08215,2025-11-05,2025-11-07,,Blue Dart,In Transit
DLV08216,ORD08216,2025-06-26,2025-06-30,,XpressBees,In Transit
DLV08217,ORD08217,2025-05-01,2025-05-08,2025-05-11,Ecom Express,Delivered
DLV08218,ORD08218,2025-01-18,2025-01-24,,Delhivery,Failed
DLV08219,ORD08219,2025-02-12,2025-02-14,,Ecom Express,In Transit
DLV08220,ORD08220,2025-07-29,2025-08-01,,Ecom Express,Out for Delivery
DLV08221,ORD08221,2025-09-21,2025-09-24,,Delhivery,Out for Delivery
DLV08222,ORD08222,2025-05-03,2025-05-06,2025-05-05,XpressBees,Delivered
DLV08223,ORD08223,2025-11-21,2025-11-25,,Delhivery,Delayed
DLV08224,ORD08224,2025-08-18,2025-08-21,,Ecom Express,Failed
DLV08225,ORD08225,2025-12-09,2025-12-13,2025-12-12,Delhivery,Delivered
DLV08226,ORD08226,2025-01-05,2025-01-08,,Ecom Express,Delayed
DLV08227,ORD08227,2025-05-24,2025-05-30,,Blue Dart,Out for Delivery
DLV08228,ORD08228,2025-06-22,2025-06-24,,XpressBees,Out for Delivery
DLV08229,ORD08229,2025-08-02,2025-08-07,,DTDC,Failed
DLV08230,ORD08230,2025-05-23,2025-05-25,2025-05-28,Blue Dart,Delivered
DLV08231,ORD08231,2025-03-03,2025-03-10,,Blue Dart,Delayed
DLV08232,ORD08232,2025-02-21,2025-02-27,,Blue Dart,Delayed
DLV08233,ORD08233,2025-05-05,2025-05-12,,XpressBees,Delayed
DLV08234,ORD08234,2025-11-04,2025-11-08,,Blue Dart,Failed
DLV08235,ORD08235,2025-02-28,2025-03-02,2025-03-03,Ecom Express,Delivered
DLV08236,ORD08236,2025-08-19,2025-08-25,,DTDC,In Transit
DLV08237,ORD08237,2025-12-07,2025-12-10,,DTDC,Delayed
DLV08238,ORD08238,2025-03-27,2025-03-31,,DTDC,In Transit
DLV08239,ORD08239,2025-10-30,2025-11-04,2025-11-03,Ecom Express,Delivered
DLV08240,ORD08240,2025-05-27,2025-06-03,2025-06-05,XpressBees,Delivered
DLV08241,ORD08241,2025-03-26,2025-03-30,,XpressBees,Out for Delivery
DLV08242,ORD08242,2025-06-25,2025-06-28,,Ecom Express,In Transit
DLV08243,ORD08243,2025-09-24,2025-09-27,2025-09-27,Delhivery,Delivered
DLV08244,ORD08244,2025-01-13,2025-01-15,,Delhivery,In Transit
DLV08245,ORD08245,2025-03-05,2025-03-10,2025-03-13,Blue Dart,Delivered
DLV08246,ORD08246,2025-09-01,2025-09-06,,Blue Dart,Failed
DLV08247,ORD08247,2025-10-08,2025-10-11,,XpressBees,Delayed
DLV08248,ORD08248,2025-08-18,2025-08-23,,Blue Dart,Failed
DLV08249,ORD08249,2025-11-08,2025-11-13,,Delhivery,Delayed
DLV08250,ORD08250,2025-12-20,2025-12-22,,DTDC,Out for Delivery
DLV08251,ORD08251,2025-04-14,2025-04-16,,Blue Dart,Out for Delivery
DLV08252,ORD08252,2025-09-12,2025-09-18,2025-09-19,Ecom Express,Delivered
DLV08253,ORD08253,2025-07-28,2025-07-30,2025-07-29,DTDC,Delivered
DLV08254,ORD08254,2025-08-12,2025-08-17,2025-08-19,Ecom Express,Delivered
DLV08255,ORD08255,2025-09-28,2025-10-02,2025-10-01,XpressBees,Delivered
DLV08256,ORD08256,2025-03-08,2025-03-11,,Delhivery,Failed
DLV08257,ORD08257,2025-05-27,2025-06-03,,Delhivery,Out for Delivery
DLV08258,ORD08258,2025-07-02,2025-07-04,,Delhivery,Out for Delivery
DLV08259,ORD08259,2025-12-22,2025-12-27,2025-12-28,Blue Dart,Delivered
DLV08260,ORD08260,2025-09-07,2025-09-09,,Ecom Express,Delayed
DLV08261,ORD08261,2025-05-17,2025-05-22,,Blue Dart,Delayed
DLV08262,ORD08262,2025-11-23,2025-11-26,,Delhivery,In Transit
DLV08263,ORD08263,2025-08-16,2025-08-20,,Ecom Express,Delayed
DLV08264,ORD08264,2025-08-11,2025-08-18,2025-08-17,Ecom Express,Delivered
DLV08265,ORD08265,2025-05-28,2025-06-03,,XpressBees,In Transit
DLV08266,ORD08266,2025-02-06,2025-02-10,,XpressBees,In Transit
DLV08267,ORD08267,2025-03-31,2025-04-07,,Delhivery,Delayed
DLV08268,ORD08268,2025-10-31,2025-11-04,2025-11-06,Ecom Express,Delivered
DLV08269,ORD08269,2025-03-03,2025-03-10,,Blue Dart,Out for Delivery
DLV08270,ORD08270,2025-03-25,2025-03-28,,Delhivery,Out for Delivery
DLV08271,ORD08271,2025-04-07,2025-04-09,2025-04-11,Delhivery,Delivered
DLV08272,ORD08272,2025-01-09,2025-01-15,,Delhivery,Out for Delivery
DLV08273,ORD08273,2025-10-05,2025-10-10,,XpressBees,Out for Delivery
DLV08274,ORD08274,2025-08-19,2025-08-23,2025-08-22,DTDC,Delivered
DLV08275,ORD08275,2025-09-26,2025-09-30,2025-10-01,Ecom Express,Delivered
DLV08276,ORD08276,2025-12-05,2025-12-08,,Blue Dart,Delayed
DLV08277,ORD08277,2025-08-11,2025-08-16,,Delhivery,Delayed
DLV08278,ORD08278,2025-12-18,2025-12-24,,Blue Dart,Delayed
DLV08279,ORD08279,2025-07-07,2025-07-12,,DTDC,Delayed
DLV08280,ORD08280,2025-06-28,2025-07-01,,Blue Dart,Failed
DLV08281,ORD08281,2025-08-24,2025-08-27,,Delhivery,In Transit
DLV08282,ORD08282,2025-07-09,2025-07-15,,DTDC,In Transit
DLV08283,ORD08283,2025-06-28,2025-07-05,,Ecom Express,In Transit
DLV08284,ORD08284,2025-01-02,2025-01-04,,DTDC,Out for Delivery
DLV08285,ORD08285,2025-04-16,2025-04-20,,Delhivery,Out for Delivery
DLV08286,ORD08286,2025-08-26,2025-09-02,,Delhivery,Out for Delivery
DLV08287,ORD08287,2025-04-16,2025-04-21,,Ecom Express,Failed
DLV08288,ORD08288,2025-02-21,2025-02-23,,Ecom Express,Failed
DLV08289,ORD08289,2025-12-18,2025-12-20,,Blue Dart,Delayed
DLV08290,ORD08290,2025-01-21,2025-01-25,,Ecom Express,In Transit
DLV08291,ORD08291,2025-12-04,2025-12-10,2025-12-12,Ecom Express,Delivered
DLV08292,ORD08292,2025-07-31,2025-08-07,,DTDC,Delayed
DLV08293,ORD08293,2025-07-09,2025-07-14,,DTDC,Delayed
DLV08294,ORD08294,2025-09-17,2025-09-19,,XpressBees,Out for Delivery
DLV08295,ORD08295,2025-03-24,2025-03-30,,Ecom Express,In Transit
DLV08296,ORD08296,2025-04-25,2025-05-02,,XpressBees,In Transit
DLV08297,ORD08297,2025-10-05,2025-10-10,,Blue Dart,Out for Delivery
DLV08298,ORD08298,2025-03-15,2025-03-17,,DTDC,Delayed
DLV08299,ORD08299,2025-01-07,2025-01-12,,Blue Dart,Out for Delivery
DLV08300,ORD08300,2025-05-11,2025-05-16,,Delhivery,Out for Delivery
DLV08301,ORD08301,2025-01-06,2025-01-11,,Ecom Express,Delayed
DLV08302,ORD08302,2025-10-31,2025-11-03,,XpressBees,Out for Delivery
DLV08303,ORD08303,2025-01-11,2025-01-14,,DTDC,Out for Delivery
DLV08304,ORD08304,2025-10-01,2025-10-04,,Ecom Express,Out for Delivery
DLV08305,ORD08305,2025-11-23,2025-11-27,,Blue Dart,Out for Delivery
DLV08306,ORD08306,2025-04-26,2025-04-30,,XpressBees,Failed
DLV08307,ORD08307,2025-12-02,2025-12-04,,Blue Dart,Failed
DLV08308,ORD08308,2025-04-23,2025-04-30,,Blue Dart,Out for Delivery
DLV08309,ORD08309,2025-03-15,2025-03-20,,Ecom Express,Delayed
DLV08310,ORD08310,2025-01-15,2025-01-20,,Delhivery,Failed
DLV08311,ORD08311,2025-06-20,2025-06-25,,Blue Dart,Out for Delivery
DLV08312,ORD08312,2025-05-30,2025-06-02,,Delhivery,Delayed
DLV08313,ORD08313,2025-11-12,2025-11-15,,Ecom Express,Out for Delivery
DLV08314,ORD08314,2025-01-05,2025-01-07,,Blue Dart,Delayed
DLV08315,ORD08315,2025-05-21,2025-05-26,,XpressBees,In Transit
DLV08316,ORD08316,2025-09-01,2025-09-07,,Delhivery,Out for Delivery
DLV08317,ORD08317,2025-11-07,2025-11-09,,Ecom Express,Failed
DLV08318,ORD08318,2025-12-28,2025-12-30,,Blue Dart,In Transit
DLV08319,ORD08319,2025-09-24,2025-09-28,,Ecom Express,Failed
DLV08320,ORD08320,2025-04-09,2025-04-12,,DTDC,Delayed
DLV08321,ORD08321,2025-07-19,2025-07-25,,Blue Dart,In Transit
DLV08322,ORD08322,2025-10-11,2025-10-15,,Delhivery,Delayed
DLV08323,ORD08323,2025-06-07,2025-06-10,,Delhivery,Delayed
DLV08324,ORD08324,2025-02-02,2025-02-05,2025-02-05,Delhivery,Delivered
DLV08325,ORD08325,2025-02-15,2025-02-21,,Ecom Express,Out for Delivery
DLV08326,ORD08326,2025-03-18,2025-03-21,,XpressBees,In Transit
DLV08327,ORD08327,2025-01-24,2025-01-29,,XpressBees,Delayed
DLV08328,ORD08328,2025-11-16,2025-11-23,,Ecom Express,Failed
DLV08329,ORD08329,2025-08-16,2025-08-22,,XpressBees,Out for Delivery
DLV08330,ORD08330,2025-10-14,2025-10-21,2025-10-21,Delhivery,Delivered
DLV08331,ORD08331,2025-10-02,2025-10-07,2025-10-08,Ecom Express,Delivered
DLV08332,ORD08332,2025-07-13,2025-07-15,,Ecom Express,Out for Delivery
DLV08333,ORD08333,2025-02-18,2025-02-25,,Ecom Express,Failed
DLV08334,ORD08334,2025-08-03,2025-08-07,,XpressBees,In Transit
DLV08335,ORD08335,2025-08-26,2025-09-02,,Ecom Express,Out for Delivery
DLV08336,ORD08336,2025-01-31,2025-02-05,,Blue Dart,Delayed
DLV08337,ORD08337,2025-09-09,2025-09-15,,Ecom Express,In Transit
DLV08338,ORD08338,2025-05-30,2025-06-05,,Delhivery,Failed
DLV08339,ORD08339,2025-12-06,2025-12-12,2025-12-15,DTDC,Delivered
DLV08340,ORD08340,2025-07-09,2025-07-15,,Delhivery,Out for Delivery
DLV08341,ORD08341,2025-10-27,2025-10-30,,Blue Dart,Out for Delivery
DLV08342,ORD08342,2025-05-16,2025-05-21,2025-05-22,Delhivery,Delivered
DLV08343,ORD08343,2025-11-02,2025-11-09,,XpressBees,Delayed
DLV08344,ORD08344,2025-06-25,2025-06-29,,XpressBees,In Transit
DLV08345,ORD08345,2025-12-23,2025-12-30,,XpressBees,Delayed
DLV08346,ORD08346,2025-06-14,2025-06-20,,XpressBees,Delayed
DLV08347,ORD08347,2025-11-09,2025-11-12,2025-11-11,Ecom Express,Delivered
DLV08348,ORD08348,2025-02-17,2025-02-22,,Blue Dart,Failed
DLV08349,ORD08349,2025-01-01,2025-01-08,,XpressBees,Delayed
DLV08350,ORD08350,2025-05-01,2025-05-04,2025-05-06,DTDC,Delivered
DLV08351,ORD08351,2025-11-04,2025-11-09,,Ecom Express,Delayed
DLV08352,ORD08352,2025-07-02,2025-07-04,,XpressBees,Out for Delivery
DLV08353,ORD08353,2025-01-08,2025-01-11,,Blue Dart,Failed
DLV08354,ORD08354,2025-08-31,2025-09-04,,XpressBees,In Transit
DLV08355,ORD08355,2025-10-26,2025-11-01,,Delhivery,Delayed
DLV08356,ORD08356,2025-05-30,2025-06-02,2025-06-02,DTDC,Delivered
DLV08357,ORD08357,2025-10-29,2025-11-04,,DTDC,Failed
DLV08358,ORD08358,2025-12-28,2025-12-30,,DTDC,Delayed
DLV08359,ORD08359,2025-10-26,2025-10-30,2025-11-02,XpressBees,Delivered
DLV08360,ORD08360,2025-03-22,2025-03-28,,Blue Dart,In Transit
DLV08361,ORD08361,2025-06-13,2025-06-20,2025-06-22,Delhivery,Delivered
DLV08362,ORD08362,2025-07-30,2025-08-04,,XpressBees,Failed
DLV08363,ORD08363,2025-11-12,2025-11-19,,Delhivery,In Transit
DLV08364,ORD08364,2025-09-29,2025-10-02,,Ecom Express,Failed
DLV08365,ORD08365,2025-07-09,2025-07-16,,Delhivery,Failed
DLV08366,ORD08366,2025-07-16,2025-07-19,,XpressBees,Failed
DLV08367,ORD08367,2025-04-30,2025-05-02,,DTDC,Delayed
DLV08368,ORD08368,2025-09-20,2025-09-27,,Ecom Express,Out for Delivery
DLV08369,ORD08369,2025-03-09,2025-03-12,,Delhivery,In Transit
DLV08370,ORD08370,2025-12-16,2025-12-18,,XpressBees,Failed
DLV08371,ORD08371,2025-01-15,2025-01-22,,Blue Dart,Out for Delivery
DLV08372,ORD08372,2025-07-06,2025-07-13,,Delhivery,Failed
DLV08373,ORD08373,2025-12-26,2025-12-30,,XpressBees,Delayed
DLV08374,ORD08374,2025-11-10,2025-11-12,2025-11-15,Ecom Express,Delivered
DLV08375,ORD08375,2025-01-03,2025-01-09,,Ecom Express,Failed
DLV08376,ORD08376,2025-05-26,2025-05-28,,Delhivery,Delayed
DLV08377,ORD08377,2025-08-21,2025-08-25,,XpressBees,In Transit
DLV08378,ORD08378,2025-02-09,2025-02-12,,DTDC,In Transit
DLV08379,ORD08379,2025-09-18,2025-09-21,,Ecom Express,In Transit
DLV08380,ORD08380,2025-07-23,2025-07-30,,Delhivery,Failed
DLV08381,ORD08381,2025-02-06,2025-02-10,,Blue Dart,Out for Delivery
DLV08382,ORD08382,2025-12-03,2025-12-06,,Ecom Express,Out for Delivery
DLV08383,ORD08383,2025-02-03,2025-02-09,,Blue Dart,Delayed
DLV08384,ORD08384,2025-03-30,2025-04-03,,XpressBees,Failed
DLV08385,ORD08385,2025-03-09,2025-03-12,2025-03-13,Delhivery,Delivered
DLV08386,ORD08386,2025-04-19,2025-04-24,,Blue Dart,Out for Delivery
DLV08387,ORD08387,2025-07-22,2025-07-29,2025-07-31,XpressBees,Delivered
DLV08388,ORD08388,2025-05-30,2025-06-01,,XpressBees,In Transit
DLV08389,ORD08389,2025-10-15,2025-10-21,,DTDC,In Transit
DLV08390,ORD08390,2025-04-30,2025-05-02,,DTDC,Out for Delivery
DLV08391,ORD08391,2025-04-05,2025-04-07,,Ecom Express,Failed
DLV08392,ORD08392,2025-05-29,2025-06-04,,Blue Dart,Delayed
DLV08393,ORD08393,2025-01-28,2025-01-31,,Ecom Express,Failed
DLV08394,ORD08394,2025-05-24,2025-05-31,,XpressBees,Failed
DLV08395,ORD08395,2025-05-10,2025-05-16,,Delhivery,Out for Delivery
DLV08396,ORD08396,2025-04-06,2025-04-08,,Blue Dart,Failed
DLV08397,ORD08397,2025-03-10,2025-03-12,2025-03-11,DTDC,Delivered
DLV08398,ORD08398,2025-06-24,2025-06-29,,DTDC,Delayed
DLV08399,ORD08399,2025-12-14,2025-12-18,,Ecom Express,Delayed
DLV08400,ORD08400,2025-06-04,2025-06-06,,Delhivery,Out for Delivery
DLV08401,ORD08401,2025-06-28,2025-06-30,2025-07-01,Ecom Express,Delivered
DLV08402,ORD08402,2025-03-06,2025-03-11,,DTDC,Out for Delivery
DLV08403,ORD08403,2025-01-12,2025-01-15,,Ecom Express,Out for Delivery
DLV08404,ORD08404,2025-04-06,2025-04-09,,Ecom Express,In Transit
DLV08405,ORD08405,2025-10-04,2025-10-09,,Delhivery,Failed
DLV08406,ORD08406,2025-06-09,2025-06-13,2025-06-14,Blue Dart,Delivered
DLV08407,ORD08407,2025-08-25,2025-08-31,2025-08-31,Delhivery,Delivered
DLV08408,ORD08408,2025-11-17,2025-11-19,,Ecom Express,Out for Delivery
DLV08409,ORD08409,2025-04-07,2025-04-12,,Blue Dart,In Transit
DLV08410,ORD08410,2025-08-24,2025-08-31,2025-09-02,Blue Dart,Delivered
DLV08411,ORD08411,2025-10-28,2025-11-04,2025-11-05,XpressBees,Delivered
DLV08412,ORD08412,2025-09-26,2025-09-29,,Delhivery,Delayed
DLV08413,ORD08413,2025-09-26,2025-09-28,,XpressBees,Failed
DLV08414,ORD08414,2025-01-12,2025-01-18,2025-01-20,Ecom Express,Delivered
DLV08415,ORD08415,2025-01-15,2025-01-21,,Delhivery,Out for Delivery
DLV08416,ORD08416,2025-08-12,2025-08-16,,Blue Dart,Out for Delivery
DLV08417,ORD08417,2025-06-09,2025-06-12,,Blue Dart,Out for Delivery
DLV08418,ORD08418,2025-12-09,2025-12-13,2025-12-16,XpressBees,Delivered
DLV08419,ORD08419,2025-12-09,2025-12-12,,XpressBees,Delayed
DLV08420,ORD08420,2025-08-28,2025-09-04,,DTDC,Delayed
DLV08421,ORD08421,2025-12-05,2025-12-08,,Delhivery,Delayed
DLV08422,ORD08422,2025-05-31,2025-06-04,,Ecom Express,Delayed
DLV08423,ORD08423,2025-12-17,2025-12-22,2025-12-25,Ecom Express,Delivered
DLV08424,ORD08424,2025-08-11,2025-08-15,2025-08-18,Ecom Express,Delivered
DLV08425,ORD08425,2025-09-26,2025-09-29,,XpressBees,Out for Delivery
DLV08426,ORD08426,2025-10-07,2025-10-12,2025-10-13,Blue Dart,Delivered
DLV08427,ORD08427,2025-04-21,2025-04-27,,Blue Dart,Failed
DLV08428,ORD08428,2025-04-16,2025-04-19,,XpressBees,Delayed
DLV08429,ORD08429,2025-08-18,2025-08-20,,Ecom Express,Out for Delivery
DLV08430,ORD08430,2025-10-11,2025-10-15,,DTDC,In Transit
DLV08431,ORD08431,2025-06-03,2025-06-06,,Delhivery,Out for Delivery
DLV08432,ORD08432,2025-02-11,2025-02-16,,DTDC,Delayed
DLV08433,ORD08433,2025-12-27,2025-12-30,,Delhivery,Out for Delivery
DLV08434,ORD08434,2025-06-30,2025-07-03,2025-07-03,DTDC,Delivered
DLV08435,ORD08435,2025-03-08,2025-03-15,2025-03-16,XpressBees,Delivered
DLV08436,ORD08436,2025-05-11,2025-05-15,,Delhivery,Failed
DLV08437,ORD08437,2025-03-30,2025-04-02,2025-04-05,Delhivery,Delivered
DLV08438,ORD08438,2025-09-09,2025-09-15,,Delhivery,In Transit
DLV08439,ORD08439,2025-05-16,2025-05-18,,Ecom Express,Delayed
DLV08440,ORD08440,2025-12-11,2025-12-17,,XpressBees,Failed
DLV08441,ORD08441,2025-09-12,2025-09-17,,XpressBees,Delayed
DLV08442,ORD08442,2025-10-16,2025-10-20,,Ecom Express,Out for Delivery
DLV08443,ORD08443,2025-11-10,2025-11-13,,XpressBees,Delayed
DLV08444,ORD08444,2025-10-24,2025-10-29,,Delhivery,In Transit
DLV08445,ORD08445,2025-08-11,2025-08-17,,DTDC,Failed
DLV08446,ORD08446,2025-04-02,2025-04-07,,Blue Dart,Delayed
DLV08447,ORD08447,2025-11-15,2025-11-18,,Delhivery,Failed
DLV08448,ORD08448,2025-02-21,2025-02-28,,Ecom Express,Out for Delivery
DLV08449,ORD08449,2025-07-14,2025-07-18,,Blue Dart,Failed
DLV08450,ORD08450,2025-08-16,2025-08-22,2025-08-23,Ecom Express,Delivered
DLV08451,ORD08451,2025-11-03,2025-11-08,2025-11-08,DTDC,Delivered
DLV08452,ORD08452,2025-02-03,2025-02-08,,DTDC,Delayed
DLV08453,ORD08453,2025-04-28,2025-04-30,,Blue Dart,Delayed
DLV08454,ORD08454,2025-01-30,2025-02-01,,Blue Dart,Delayed
DLV08455,ORD08455,2025-09-25,2025-09-30,,Ecom Express,Delayed
DLV08456,ORD08456,2025-12-08,2025-12-12,,Blue Dart,Delayed
DLV08457,ORD08457,2025-09-18,2025-09-22,,DTDC,Delayed
DLV08458,ORD08458,2025-01-01,2025-01-07,,Delhivery,Failed
DLV08459,ORD08459,2025-03-22,2025-03-29,,Delhivery,Delayed
DLV08460,ORD08460,2025-12-12,2025-12-15,,Delhivery,In Transit
DLV08461,ORD08461,2025-12-30,2026-01-06,,DTDC,Failed
DLV08462,ORD08462,2025-10-05,2025-10-07,,XpressBees,Delayed
DLV08463,ORD08463,2025-02-03,2025-02-07,2025-02-08,Delhivery,Delivered
DLV08464,ORD08464,2025-03-26,2025-03-29,,DTDC,Out for Delivery
DLV08465,ORD08465,2025-09-26,2025-09-28,,XpressBees,In Transit
DLV08466,ORD08466,2025-05-10,2025-05-14,2025-05-14,Delhivery,Delivered
DLV08467,ORD08467,2025-07-10,2025-07-14,,Ecom Express,In Transit
DLV08468,ORD08468,2025-09-27,2025-10-04,2025-10-07,XpressBees,Delivered
DLV08469,ORD08469,2025-11-29,2025-12-03,,DTDC,Delayed
DLV08470,ORD08470,2025-05-08,2025-05-14,,XpressBees,Out for Delivery
DLV08471,ORD08471,2025-08-25,2025-08-29,,Blue Dart,Delayed
DLV08472,ORD08472,2025-07-17,2025-07-24,,DTDC,Failed
DLV08473,ORD08473,2025-03-20,2025-03-26,,XpressBees,Delayed
DLV08474,ORD08474,2025-12-19,2025-12-26,2025-12-27,Blue Dart,Delivered
DLV08475,ORD08475,2025-01-06,2025-01-08,,XpressBees,Delayed
DLV08476,ORD08476,2025-08-01,2025-08-05,,XpressBees,Out for Delivery
DLV08477,ORD08477,2025-07-07,2025-07-10,,DTDC,In Transit
DLV08478,ORD08478,2025-08-26,2025-08-31,,Blue Dart,In Transit
DLV08479,ORD08479,2025-05-18,2025-05-22,,Blue Dart,Failed
DLV08480,ORD08480,2025-06-15,2025-06-20,,Ecom Express,Delayed
DLV08481,ORD08481,2025-01-31,2025-02-05,,DTDC,Failed
DLV08482,ORD08482,2025-03-17,2025-03-21,,XpressBees,Failed
DLV08483,ORD08483,2025-04-11,2025-04-16,2025-04-19,XpressBees,Delivered
DLV08484,ORD08484,2025-08-05,2025-08-12,,Ecom Express,Out for Delivery
DLV08485,ORD08485,2025-04-27,2025-04-30,2025-05-03,Ecom Express,Delivered
DLV08486,ORD08486,2025-07-07,2025-07-12,,XpressBees,In Transit
DLV08487,ORD08487,2025-05-10,2025-05-13,,DTDC,Failed
DLV08488,ORD08488,2025-03-31,2025-04-04,,Ecom Express,Failed
DLV08489,ORD08489,2025-11-15,2025-11-20,,Blue Dart,In Transit
DLV08490,ORD08490,2025-03-19,2025-03-22,,Ecom Express,In Transit
DLV08491,ORD08491,2025-09-10,2025-09-12,,DTDC,In Transit
DLV08492,ORD08492,2025-06-29,2025-07-06,,XpressBees,Failed
DLV08493,ORD08493,2025-01-24,2025-01-29,2025-01-28,DTDC,Delivered
DLV08494,ORD08494,2025-07-02,2025-07-04,2025-07-06,XpressBees,Delivered
DLV08495,ORD08495,2025-02-02,2025-02-08,,Blue Dart,Out for Delivery
DLV08496,ORD08496,2025-07-08,2025-07-14,2025-07-16,DTDC,Delivered
DLV08497,ORD08497,2025-09-21,2025-09-24,,DTDC,Out for Delivery
DLV08498,ORD08498,2025-02-16,2025-02-18,,XpressBees,Failed
DLV08499,ORD08499,2025-12-03,2025-12-08,2025-12-10,Blue Dart,Delivered
DLV08500,ORD08500,2025-07-06,2025-07-13,2025-07-16,DTDC,Delivered
DLV08501,ORD08501,2025-03-01,2025-03-04,,XpressBees,Failed
DLV08502,ORD08502,2025-02-13,2025-02-18,,XpressBees,Out for Delivery
DLV08503,ORD08503,2025-10-18,2025-10-22,,Ecom Express,Delayed
DLV08504,ORD08504,2025-03-31,2025-04-06,,DTDC,In Transit
DLV08505,ORD08505,2025-03-15,2025-03-20,2025-03-21,Ecom Express,Delivered
DLV08506,ORD08506,2025-08-28,2025-08-31,,DTDC,Failed
DLV08507,ORD08507,2025-10-27,2025-10-30,,Ecom Express,Failed
DLV08508,ORD08508,2025-05-24,2025-05-28,2025-05-30,Ecom Express,Delivered
DLV08509,ORD08509,2025-03-07,2025-03-13,2025-03-15,XpressBees,Delivered
DLV08510,ORD08510,2025-01-10,2025-01-16,,XpressBees,Delayed
DLV08511,ORD08511,2025-10-01,2025-10-06,,DTDC,In Transit
DLV08512,ORD08512,2025-01-12,2025-01-18,,DTDC,In Transit
DLV08513,ORD08513,2025-07-04,2025-07-08,,Blue Dart,Out for Delivery
DLV08514,ORD08514,2025-09-20,2025-09-26,,DTDC,Delayed
DLV08515,ORD08515,2025-10-18,2025-10-24,,Delhivery,Out for Delivery
DLV08516,ORD08516,2025-10-27,2025-10-31,,DTDC,Delayed
DLV08517,ORD08517,2025-11-09,2025-11-13,2025-11-13,Blue Dart,Delivered
DLV08518,ORD08518,2025-12-26,2025-12-31,2025-12-31,Ecom Express,Delivered
DLV08519,ORD08519,2025-10-10,2025-10-15,,Blue Dart,Failed
DLV08520,ORD08520,2025-09-03,2025-09-10,,Delhivery,In Transit
DLV08521,ORD08521,2025-02-07,2025-02-09,2025-02-11,XpressBees,Delivered
DLV08522,ORD08522,2025-06-18,2025-06-21,,Ecom Express,Delayed
DLV08523,ORD08523,2025-03-17,2025-03-24,,DTDC,Delayed
DLV08524,ORD08524,2025-04-12,2025-04-19,,DTDC,Delayed
DLV08525,ORD08525,2025-09-29,2025-10-05,,XpressBees,In Transit
DLV08526,ORD08526,2025-10-29,2025-11-02,2025-11-02,Ecom Express,Delivered
DLV08527,ORD08527,2025-11-17,2025-11-23,,XpressBees,In Transit
DLV08528,ORD08528,2025-10-01,2025-10-03,2025-10-04,Delhivery,Delivered
DLV08529,ORD08529,2025-06-24,2025-07-01,2025-07-01,XpressBees,Delivered
DLV08530,ORD08530,2025-01-06,2025-01-13,,Delhivery,Failed
DLV08531,ORD08531,2025-10-31,2025-11-02,,Blue Dart,Out for Delivery
DLV08532,ORD08532,2025-08-02,2025-08-08,,XpressBees,Failed
DLV08533,ORD08533,2025-10-26,2025-10-28,2025-10-28,Ecom Express,Delivered
DLV08534,ORD08534,2025-08-06,2025-08-08,,Blue Dart,In Transit
DLV08535,ORD08535,2025-01-03,2025-01-07,,Blue Dart,Failed
DLV08536,ORD08536,2025-10-14,2025-10-21,,XpressBees,Delayed
DLV08537,ORD08537,2025-11-29,2025-12-02,,DTDC,In Transit
DLV08538,ORD08538,2025-01-31,2025-02-06,,Delhivery,In Transit
DLV08539,ORD08539,2025-06-07,2025-06-11,,Ecom Express,Out for Delivery
DLV08540,ORD08540,2025-09-25,2025-10-01,2025-09-30,DTDC,Delivered
DLV08541,ORD08541,2025-08-17,2025-08-22,,Blue Dart,Out for Delivery
DLV08542,ORD08542,2025-11-27,2025-12-02,,Blue Dart,Out for Delivery
DLV08543,ORD08543,2025-05-21,2025-05-26,2025-05-25,XpressBees,Delivered
DLV08544,ORD08544,2025-07-30,2025-08-03,,XpressBees,Out for Delivery
DLV08545,ORD08545,2025-12-07,2025-12-09,2025-12-09,XpressBees,Delivered
DLV08546,ORD08546,2025-12-01,2025-12-07,,XpressBees,Out for Delivery
DLV08547,ORD08547,2025-08-05,2025-08-10,2025-08-13,Delhivery,Delivered
DLV08548,ORD08548,2025-11-26,2025-11-30,,DTDC,Delayed
DLV08549,ORD08549,2025-01-03,2025-01-05,,XpressBees,Out for Delivery
DLV08550,ORD08550,2025-02-16,2025-02-20,,Delhivery,Failed
DLV08551,ORD08551,2025-01-29,2025-02-04,,DTDC,Delayed
DLV08552,ORD08552,2025-05-30,2025-06-05,,Delhivery,Failed
DLV08553,ORD08553,2025-09-19,2025-09-24,,Ecom Express,Out for Delivery
DLV08554,ORD08554,2025-01-25,2025-02-01,,Delhivery,In Transit
DLV08555,ORD08555,2025-07-12,2025-07-17,,Ecom Express,In Transit
DLV08556,ORD08556,2025-11-10,2025-11-15,,Delhivery,Failed
DLV08557,ORD08557,2025-06-08,2025-06-10,,Ecom Express,Out for Delivery
DLV08558,ORD08558,2025-03-23,2025-03-26,,XpressBees,Delayed
DLV08559,ORD08559,2025-10-17,2025-10-21,,DTDC,Out for Delivery
DLV08560,ORD08560,2025-10-05,2025-10-11,,XpressBees,Failed
DLV08561,ORD08561,2025-07-13,2025-07-19,2025-07-21,XpressBees,Delivered
DLV08562,ORD08562,2025-02-12,2025-02-17,,Blue Dart,Delayed
DLV08563,ORD08563,2025-08-19,2025-08-26,,Blue Dart,Failed
DLV08564,ORD08564,2025-06-22,2025-06-28,,XpressBees,In Transit
DLV08565,ORD08565,2025-03-27,2025-04-01,,DTDC,Out for Delivery
DLV08566,ORD08566,2025-10-30,2025-11-06,,Delhivery,In Transit
DLV08567,ORD08567,2025-11-02,2025-11-09,,Ecom Express,In Transit
DLV08568,ORD08568,2025-11-18,2025-11-21,,DTDC,Delayed
DLV08569,ORD08569,2025-12-04,2025-12-06,,DTDC,In Transit
DLV08570,ORD08570,2025-02-18,2025-02-21,,Ecom Express,Failed
DLV08571,ORD08571,2025-10-16,2025-10-23,,XpressBees,Failed
DLV08572,ORD08572,2025-10-19,2025-10-21,,Ecom Express,Failed
DLV08573,ORD08573,2025-08-10,2025-08-12,,Blue Dart,Out for Delivery
DLV08574,ORD08574,2025-04-17,2025-04-22,,DTDC,In Transit
DLV08575,ORD08575,2025-02-11,2025-02-13,,DTDC,Out for Delivery
DLV08576,ORD08576,2025-06-17,2025-06-20,2025-06-23,DTDC,Delivered
DLV08577,ORD08577,2025-11-16,2025-11-23,,DTDC,Out for Delivery
DLV08578,ORD08578,2025-01-07,2025-01-11,,Delhivery,Out for Delivery
DLV08579,ORD08579,2025-06-07,2025-06-10,,XpressBees,In Transit
DLV08580,ORD08580,2025-11-03,2025-11-05,,DTDC,Failed
DLV08581,ORD08581,2025-05-16,2025-05-20,,XpressBees,Out for Delivery
DLV08582,ORD08582,2025-01-31,2025-02-05,,Delhivery,Failed
DLV08583,ORD08583,2025-07-13,2025-07-20,,Ecom Express,Delayed
DLV08584,ORD08584,2025-05-31,2025-06-03,,XpressBees,Failed
DLV08585,ORD08585,2025-01-03,2025-01-07,,Delhivery,Out for Delivery
DLV08586,ORD08586,2025-12-13,2025-12-17,,Delhivery,Failed
DLV08587,ORD08587,2025-08-01,2025-08-05,2025-08-06,Ecom Express,Delivered
DLV08588,ORD08588,2025-05-03,2025-05-09,,Ecom Express,Delayed
DLV08589,ORD08589,2025-08-29,2025-09-05,,Delhivery,Delayed
DLV08590,ORD08590,2025-09-09,2025-09-14,,Delhivery,Failed
DLV08591,ORD08591,2025-05-22,2025-05-29,,DTDC,Delayed
DLV08592,ORD08592,2025-03-13,2025-03-17,,Ecom Express,Out for Delivery
DLV08593,ORD08593,2025-04-14,2025-04-16,,Blue Dart,In Transit
DLV08594,ORD08594,2025-07-05,2025-07-12,2025-07-12,Delhivery,Delivered
DLV08595,ORD08595,2025-05-22,2025-05-28,,Blue Dart,In Transit
DLV08596,ORD08596,2025-11-30,2025-12-06,,Ecom Express,Delayed
DLV08597,ORD08597,2025-04-19,2025-04-25,,Blue Dart,Out for Delivery
DLV08598,ORD08598,2025-08-27,2025-08-31,,Delhivery,Out for Delivery
DLV08599,ORD08599,2025-07-13,2025-07-17,,Delhivery,Out for Delivery
DLV08600,ORD08600,2025-04-07,2025-04-09,,Blue Dart,Out for Delivery
DLV08601,ORD08601,2025-07-24,2025-07-28,,Blue Dart,Failed
DLV08602,ORD08602,2025-07-05,2025-07-12,2025-07-15,Delhivery,Delivered
DLV08603,ORD08603,2025-01-28,2025-02-02,,DTDC,Failed
DLV08604,ORD08604,2025-10-22,2025-10-29,2025-10-28,Delhivery,Delivered
DLV08605,ORD08605,2025-01-13,2025-01-16,,Ecom Express,Failed
DLV08606,ORD08606,2025-11-04,2025-11-06,,Blue Dart,Out for Delivery
DLV08607,ORD08607,2025-09-02,2025-09-07,,DTDC,Out for Delivery
DLV08608,ORD08608,2025-03-11,2025-03-13,,DTDC,Out for Delivery
DLV08609,ORD08609,2025-06-09,2025-06-13,,XpressBees,Out for Delivery
DLV08610,ORD08610,2025-12-27,2025-12-31,,Blue Dart,In Transit
DLV08611,ORD08611,2025-03-13,2025-03-15,,Blue Dart,Out for Delivery
DLV08612,ORD08612,2025-12-22,2025-12-28,,DTDC,Delayed
DLV08613,ORD08613,2025-02-11,2025-02-14,2025-02-17,XpressBees,Delivered
DLV08614,ORD08614,2025-12-12,2025-12-19,2025-12-22,Delhivery,Delivered
DLV08615,ORD08615,2025-08-25,2025-08-27,,DTDC,Failed
DLV08616,ORD08616,2025-10-22,2025-10-27,2025-10-26,Delhivery,Delivered
DLV08617,ORD08617,2025-08-02,2025-08-06,,Blue Dart,Failed
DLV08618,ORD08618,2025-05-01,2025-05-05,,Ecom Express,In Transit
DLV08619,ORD08619,2025-08-23,2025-08-29,,Blue Dart,In Transit
DLV08620,ORD08620,2025-10-17,2025-10-20,,DTDC,Delayed
DLV08621,ORD08621,2025-11-30,2025-12-02,2025-12-05,Blue Dart,Delivered
DLV08622,ORD08622,2025-01-05,2025-01-07,,DTDC,Delayed
DLV08623,ORD08623,2025-01-03,2025-01-09,,Blue Dart,Failed
DLV08624,ORD08624,2025-07-12,2025-07-19,,Blue Dart,Failed
DLV08625,ORD08625,2025-01-19,2025-01-21,,Ecom Express,Out for Delivery
DLV08626,ORD08626,2025-05-22,2025-05-29,,XpressBees,Delayed
DLV08627,ORD08627,2025-01-05,2025-01-10,,Ecom Express,Out for Delivery
DLV08628,ORD08628,2025-03-30,2025-04-01,,Delhivery,In Transit
DLV08629,ORD08629,2025-09-25,2025-09-27,,Blue Dart,Delayed
DLV08630,ORD08630,2025-03-07,2025-03-09,2025-03-09,Blue Dart,Delivered
DLV08631,ORD08631,2025-03-22,2025-03-29,,Blue Dart,Delayed
DLV08632,ORD08632,2025-11-28,2025-12-01,,Blue Dart,Out for Delivery
DLV08633,ORD08633,2025-07-09,2025-07-16,,Blue Dart,Out for Delivery
DLV08634,ORD08634,2025-06-05,2025-06-09,2025-06-08,Delhivery,Delivered
DLV08635,ORD08635,2025-03-17,2025-03-21,,XpressBees,In Transit
DLV08636,ORD08636,2025-06-16,2025-06-23,,Blue Dart,Failed
DLV08637,ORD08637,2025-05-11,2025-05-13,,DTDC,In Transit
DLV08638,ORD08638,2025-01-03,2025-01-08,2025-01-07,Ecom Express,Delivered
DLV08639,ORD08639,2025-04-05,2025-04-07,,Blue Dart,Failed
DLV08640,ORD08640,2025-03-02,2025-03-05,,Blue Dart,In Transit
DLV08641,ORD08641,2025-07-22,2025-07-26,,DTDC,Failed
DLV08642,ORD08642,2025-12-20,2025-12-24,,DTDC,Delayed
DLV08643,ORD08643,2025-01-22,2025-01-24,,XpressBees,Out for Delivery
DLV08644,ORD08644,2025-07-14,2025-07-20,2025-07-23,Blue Dart,Delivered
DLV08645,ORD08645,2025-07-16,2025-07-21,2025-07-24,Delhivery,Delivered
DLV08646,ORD08646,2025-04-24,2025-04-29,,Blue Dart,Out for Delivery
DLV08647,ORD08647,2025-04-22,2025-04-26,,XpressBees,In Transit
DLV08648,ORD08648,2025-10-10,2025-10-17,,DTDC,Failed
DLV08649,ORD08649,2025-06-16,2025-06-19,,Ecom Express,Failed
DLV08650,ORD08650,2025-09-07,2025-09-09,,XpressBees,Delayed
DLV08651,ORD08651,2025-09-26,2025-09-30,,DTDC,Failed
DLV08652,ORD08652,2025-03-03,2025-03-05,,XpressBees,Out for Delivery
DLV08653,ORD08653,2025-07-27,2025-07-31,,Blue Dart,In Transit
DLV08654,ORD08654,2025-02-10,2025-02-15,,DTDC,Delayed
DLV08655,ORD08655,2025-10-04,2025-10-10,,Delhivery,Failed
DLV08656,ORD08656,2025-11-12,2025-11-18,,DTDC,Out for Delivery
DLV08657,ORD08657,2025-12-06,2025-12-11,,DTDC,Failed
DLV08658,ORD08658,2025-03-16,2025-03-21,,Delhivery,In Transit
DLV08659,ORD08659,2025-04-07,2025-04-12,,XpressBees,Out for Delivery
DLV08660,ORD08660,2025-07-04,2025-07-07,,Blue Dart,Failed
DLV08661,ORD08661,2025-04-13,2025-04-15,,Ecom Express,In Transit
DLV08662,ORD08662,2025-05-04,2025-05-11,,DTDC,Delayed
DLV08663,ORD08663,2025-04-01,2025-04-05,,Ecom Express,Out for Delivery
DLV08664,ORD08664,2025-10-11,2025-10-13,2025-10-12,DTDC,Delivered
DLV08665,ORD08665,2025-02-11,2025-02-14,,DTDC,Out for Delivery
DLV08666,ORD08666,2025-02-16,2025-02-21,,XpressBees,Delayed
DLV08667,ORD08667,2025-10-19,2025-10-26,,Ecom Express,Delayed
DLV08668,ORD08668,2025-06-18,2025-06-20,,XpressBees,In Transit
DLV08669,ORD08669,2025-01-04,2025-01-10,2025-01-11,Blue Dart,Delivered
DLV08670,ORD08670,2025-06-19,2025-06-25,2025-06-28,DTDC,Delivered
DLV08671,ORD08671,2025-10-14,2025-10-19,,Blue Dart,In Transit
DLV08672,ORD08672,2025-11-02,2025-11-08,,DTDC,Out for Delivery
DLV08673,ORD08673,2025-10-19,2025-10-23,,Ecom Express,Out for Delivery
DLV08674,ORD08674,2025-12-07,2025-12-12,,Delhivery,In Transit
DLV08675,ORD08675,2025-01-03,2025-01-08,,DTDC,Out for Delivery
DLV08676,ORD08676,2025-01-01,2025-01-06,,Blue Dart,In Transit
DLV08677,ORD08677,2025-05-24,2025-05-26,,DTDC,Failed
DLV08678,ORD08678,2025-11-27,2025-12-03,,DTDC,Delayed
DLV08679,ORD08679,2025-04-03,2025-04-10,,Delhivery,Failed
DLV08680,ORD08680,2025-10-05,2025-10-10,,Ecom Express,Delayed
DLV08681,ORD08681,2025-09-23,2025-09-28,2025-10-01,DTDC,Delivered
DLV08682,ORD08682,2025-08-25,2025-08-29,,XpressBees,Failed
DLV08683,ORD08683,2025-02-15,2025-02-20,,XpressBees,Failed
DLV08684,ORD08684,2025-04-25,2025-04-30,,Ecom Express,Delayed
DLV08685,ORD08685,2025-05-28,2025-06-04,,Delhivery,Failed
DLV08686,ORD08686,2025-05-03,2025-05-05,2025-05-04,XpressBees,Delivered
DLV08687,ORD08687,2025-10-26,2025-10-28,,Ecom Express,Delayed
DLV08688,ORD08688,2025-02-13,2025-02-18,2025-02-17,Ecom Express,Delivered
DLV08689,ORD08689,2025-10-05,2025-10-09,,Ecom Express,Delayed
DLV08690,ORD08690,2025-02-02,2025-02-07,,XpressBees,Failed
DLV08691,ORD08691,2025-08-14,2025-08-18,,XpressBees,Failed
DLV08692,ORD08692,2025-01-17,2025-01-20,,Ecom Express,In Transit
DLV08693,ORD08693,2025-10-20,2025-10-22,,Ecom Express,Out for Delivery
DLV08694,ORD08694,2025-01-13,2025-01-16,,XpressBees,Delayed
DLV08695,ORD08695,2025-01-29,2025-02-02,,XpressBees,In Transit
DLV08696,ORD08696,2025-07-10,2025-07-16,2025-07-17,Blue Dart,Delivered
DLV08697,ORD08697,2025-03-17,2025-03-22,,Blue Dart,In Transit
DLV08698,ORD08698,2025-09-02,2025-09-08,,DTDC,Delayed
DLV08699,ORD08699,2025-04-14,2025-04-21,,Blue Dart,Out for Delivery
DLV08700,ORD08700,2025-09-22,2025-09-24,,Blue Dart,In Transit
DLV08701,ORD08701,2025-06-28,2025-07-02,2025-07-04,Blue Dart,Delivered
DLV08702,ORD08702,2025-06-02,2025-06-09,,Delhivery,Delayed
DLV08703,ORD08703,2025-10-21,2025-10-28,,DTDC,Failed
DLV08704,ORD08704,2025-09-28,2025-10-05,2025-10-05,XpressBees,Delivered
DLV08705,ORD08705,2025-06-25,2025-07-02,,Blue Dart,Failed
DLV08706,ORD08706,2025-10-27,2025-10-31,,Delhivery,Delayed
DLV08707,ORD08707,2025-07-20,2025-07-26,2025-07-28,Blue Dart,Delivered
DLV08708,ORD08708,2025-11-16,2025-11-21,,Ecom Express,Delayed
DLV08709,ORD08709,2025-08-29,2025-09-01,,DTDC,Out for Delivery
DLV08710,ORD08710,2025-02-12,2025-02-16,,Blue Dart,Failed
DLV08711,ORD08711,2025-07-26,2025-08-02,,DTDC,Out for Delivery
DLV08712,ORD08712,2025-05-23,2025-05-29,,DTDC,Delayed
DLV08713,ORD08713,2025-06-17,2025-06-20,,Blue Dart,In Transit
DLV08714,ORD08714,2025-06-02,2025-06-07,,Delhivery,Delayed
DLV08715,ORD08715,2025-08-29,2025-09-03,2025-09-04,DTDC,Delivered
DLV08716,ORD08716,2025-02-19,2025-02-25,,DTDC,Failed
DLV08717,ORD08717,2025-08-27,2025-09-02,,DTDC,Out for Delivery
DLV08718,ORD08718,2025-10-28,2025-10-31,2025-11-01,XpressBees,Delivered
DLV08719,ORD08719,2025-05-29,2025-06-01,,DTDC,Failed
DLV08720,ORD08720,2025-12-27,2025-12-30,,Delhivery,Out for Delivery
DLV08721,ORD08721,2025-01-18,2025-01-23,2025-01-25,DTDC,Delivered
DLV08722,ORD08722,2025-06-29,2025-07-06,,Blue Dart,Delayed
DLV08723,ORD08723,2025-09-08,2025-09-10,2025-09-12,Blue Dart,Delivered
DLV08724,ORD08724,2025-08-10,2025-08-15,,XpressBees,Failed
DLV08725,ORD08725,2025-03-18,2025-03-22,,XpressBees,Out for Delivery
DLV08726,ORD08726,2025-03-26,2025-03-29,2025-03-31,Delhivery,Delivered
DLV08727,ORD08727,2025-08-09,2025-08-15,,XpressBees,Failed
DLV08728,ORD08728,2025-05-24,2025-05-28,,Delhivery,Delayed
DLV08729,ORD08729,2025-06-11,2025-06-18,,Delhivery,Out for Delivery
DLV08730,ORD08730,2025-10-10,2025-10-17,2025-10-20,Blue Dart,Delivered
DLV08731,ORD08731,2025-02-15,2025-02-18,2025-02-20,DTDC,Delivered
DLV08732,ORD08732,2025-12-09,2025-12-16,2025-12-16,Ecom Express,Delivered
DLV08733,ORD08733,2025-06-09,2025-06-11,,Delhivery,In Transit
DLV08734,ORD08734,2025-03-21,2025-03-26,,Blue Dart,Failed
DLV08735,ORD08735,2025-06-13,2025-06-20,,Delhivery,Delayed
DLV08736,ORD08736,2025-03-03,2025-03-05,,XpressBees,Out for Delivery
DLV08737,ORD08737,2025-05-16,2025-05-21,,Ecom Express,Out for Delivery
DLV08738,ORD08738,2025-05-19,2025-05-21,,Blue Dart,In Transit
DLV08739,ORD08739,2025-03-13,2025-03-16,,XpressBees,Delayed
DLV08740,ORD08740,2025-01-20,2025-01-24,,Delhivery,Delayed
DLV08741,ORD08741,2025-07-16,2025-07-21,,XpressBees,Out for Delivery
DLV08742,ORD08742,2025-12-20,2025-12-22,,Delhivery,Out for Delivery
DLV08743,ORD08743,2025-12-12,2025-12-16,,XpressBees,Out for Delivery
DLV08744,ORD08744,2025-12-23,2025-12-28,,XpressBees,Out for Delivery
DLV08745,ORD08745,2025-07-05,2025-07-09,,DTDC,Failed
DLV08746,ORD08746,2025-09-15,2025-09-20,,XpressBees,Failed
DLV08747,ORD08747,2025-12-18,2025-12-22,,XpressBees,Failed
DLV08748,ORD08748,2025-07-04,2025-07-10,2025-07-09,Delhivery,Delivered
DLV08749,ORD08749,2025-04-01,2025-04-08,2025-04-10,DTDC,Delivered
DLV08750,ORD08750,2025-01-14,2025-01-21,2025-01-20,DTDC,Delivered
DLV08751,ORD08751,2025-04-28,2025-05-02,,DTDC,Delayed
DLV08752,ORD08752,2025-02-10,2025-02-12,,Delhivery,Failed
DLV08753,ORD08753,2025-12-12,2025-12-14,,XpressBees,Out for Delivery
DLV08754,ORD08754,2025-05-06,2025-05-08,,Ecom Express,In Transit
DLV08755,ORD08755,2025-05-22,2025-05-25,2025-05-26,DTDC,Delivered
DLV08756,ORD08756,2025-11-13,2025-11-20,,XpressBees,Failed
DLV08757,ORD08757,2025-11-11,2025-11-16,,Delhivery,Delayed
DLV08758,ORD08758,2025-07-04,2025-07-10,,Blue Dart,Failed
DLV08759,ORD08759,2025-01-22,2025-01-28,2025-01-28,Delhivery,Delivered
DLV08760,ORD08760,2025-05-15,2025-05-19,,Blue Dart,In Transit
DLV08761,ORD08761,2025-09-18,2025-09-24,,XpressBees,In Transit
DLV08762,ORD08762,2025-12-28,2026-01-03,,Delhivery,Delayed
DLV08763,ORD08763,2025-11-05,2025-11-08,2025-11-09,Blue Dart,Delivered
DLV08764,ORD08764,2025-10-28,2025-10-31,,XpressBees,In Transit
DLV08765,ORD08765,2025-04-29,2025-05-05,,XpressBees,In Transit
DLV08766,ORD08766,2025-05-13,2025-05-18,2025-05-17,Ecom Express,Delivered
DLV08767,ORD08767,2025-01-12,2025-01-19,,XpressBees,Out for Delivery
DLV08768,ORD08768,2025-06-13,2025-06-19,,XpressBees,Delayed
DLV08769,ORD08769,2025-01-25,2025-01-28,,XpressBees,Failed
DLV08770,ORD08770,2025-12-23,2025-12-26,,Blue Dart,Out for Delivery
DLV08771,ORD08771,2025-02-19,2025-02-24,2025-02-24,Ecom Express,Delivered
DLV08772,ORD08772,2025-11-12,2025-11-16,,XpressBees,Failed
DLV08773,ORD08773,2025-06-29,2025-07-02,2025-07-02,Ecom Express,Delivered
DLV08774,ORD08774,2025-03-29,2025-04-02,2025-04-05,Delhivery,Delivered
DLV08775,ORD08775,2025-05-28,2025-06-04,,Ecom Express,Failed
DLV08776,ORD08776,2025-12-03,2025-12-05,,XpressBees,Delayed
DLV08777,ORD08777,2025-03-27,2025-03-30,,DTDC,Failed
DLV08778,ORD08778,2025-01-21,2025-01-28,,Delhivery,In Transit
DLV08779,ORD08779,2025-03-29,2025-04-04,,Blue Dart,Failed
DLV08780,ORD08780,2025-05-15,2025-05-20,,Delhivery,In Transit
DLV08781,ORD08781,2025-05-28,2025-05-30,,Delhivery,Delayed
DLV08782,ORD08782,2025-11-01,2025-11-05,,DTDC,Out for Delivery
DLV08783,ORD08783,2025-10-04,2025-10-08,,Ecom Express,Failed
DLV08784,ORD08784,2025-10-10,2025-10-16,2025-10-16,DTDC,Delivered
DLV08785,ORD08785,2025-01-01,2025-01-07,,Delhivery,Failed
DLV08786,ORD08786,2025-07-31,2025-08-06,,Delhivery,In Transit
DLV08787,ORD08787,2025-05-24,2025-05-26,,DTDC,Failed
DLV08788,ORD08788,2025-10-16,2025-10-22,,Delhivery,Out for Delivery
DLV08789,ORD08789,2025-12-20,2025-12-25,,Blue Dart,In Transit
DLV08790,ORD08790,2025-06-01,2025-06-03,,DTDC,Failed
DLV08791,ORD08791,2025-09-05,2025-09-10,,Blue Dart,Failed
DLV08792,ORD08792,2025-08-11,2025-08-13,2025-08-13,Blue Dart,Delivered
DLV08793,ORD08793,2025-04-24,2025-04-29,2025-04-28,Ecom Express,Delivered
DLV08794,ORD08794,2025-03-31,2025-04-07,,Blue Dart,Delayed
DLV08795,ORD08795,2025-07-29,2025-08-04,,DTDC,Failed
DLV08796,ORD08796,2025-11-08,2025-11-15,2025-11-18,XpressBees,Delivered
DLV08797,ORD08797,2025-06-02,2025-06-08,,Ecom Express,Delayed
DLV08798,ORD08798,2025-07-24,2025-07-28,,Ecom Express,Out for Delivery
DLV08799,ORD08799,2025-07-08,2025-07-12,,DTDC,Failed
DLV08800,ORD08800,2025-06-16,2025-06-22,,Ecom Express,In Transit
DLV08801,ORD08801,2025-10-31,2025-11-07,,DTDC,Failed
DLV08802,ORD08802,2025-07-29,2025-08-03,,XpressBees,Failed
DLV08803,ORD08803,2025-02-25,2025-03-01,2025-03-02,Blue Dart,Delivered
DLV08804,ORD08804,2025-07-16,2025-07-19,2025-07-19,Delhivery,Delivered
DLV08805,ORD08805,2025-12-31,2026-01-05,2026-01-07,XpressBees,Delivered
DLV08806,ORD08806,2025-02-26,2025-03-03,2025-03-03,Blue Dart,Delivered
DLV08807,ORD08807,2025-09-29,2025-10-04,2025-10-05,Delhivery,Delivered
DLV08808,ORD08808,2025-04-10,2025-04-14,2025-04-15,DTDC,Delivered
DLV08809,ORD08809,2025-12-30,2026-01-01,,Delhivery,In Transit
DLV08810,ORD08810,2025-11-02,2025-11-04,,DTDC,In Transit
DLV08811,ORD08811,2025-05-21,2025-05-26,,XpressBees,Out for Delivery
DLV08812,ORD08812,2025-12-26,2026-01-01,,DTDC,Failed
DLV08813,ORD08813,2025-05-08,2025-05-10,,Delhivery,Delayed
DLV08814,ORD08814,2025-05-30,2025-06-03,,XpressBees,Out for Delivery
DLV08815,ORD08815,2025-04-19,2025-04-23,,Ecom Express,Out for Delivery
DLV08816,ORD08816,2025-06-16,2025-06-18,,XpressBees,Failed
DLV08817,ORD08817,2025-12-30,2026-01-03,,XpressBees,Failed
DLV08818,ORD08818,2025-12-01,2025-12-04,2025-12-05,DTDC,Delivered
DLV08819,ORD08819,2025-11-13,2025-11-18,,Ecom Express,In Transit
DLV08820,ORD08820,2025-01-20,2025-01-26,,Blue Dart,In Transit
DLV08821,ORD08821,2025-04-17,2025-04-19,,DTDC,Out for Delivery
DLV08822,ORD08822,2025-04-26,2025-05-01,,Delhivery,In Transit
DLV08823,ORD08823,2025-09-07,2025-09-14,2025-09-16,Delhivery,Delivered
DLV08824,ORD08824,2025-08-10,2025-08-17,,Blue Dart,Failed
DLV08825,ORD08825,2025-12-05,2025-12-08,,XpressBees,Delayed
DLV08826,ORD08826,2025-02-06,2025-02-12,,Delhivery,Delayed
DLV08827,ORD08827,2025-08-04,2025-08-09,,DTDC,Out for Delivery
DLV08828,ORD08828,2025-01-31,2025-02-06,,Delhivery,Out for Delivery
DLV08829,ORD08829,2025-08-24,2025-08-27,2025-08-28,Delhivery,Delivered
DLV08830,ORD08830,2025-12-06,2025-12-08,,XpressBees,Failed
DLV08831,ORD08831,2025-01-25,2025-02-01,2025-02-04,Blue Dart,Delivered
DLV08832,ORD08832,2025-09-12,2025-09-19,,Ecom Express,Delayed
DLV08833,ORD08833,2025-10-21,2025-10-24,,Blue Dart,Failed
DLV08834,ORD08834,2025-04-27,2025-04-30,,XpressBees,Out for Delivery
DLV08835,ORD08835,2025-04-06,2025-04-08,,DTDC,In Transit
DLV08836,ORD08836,2025-01-13,2025-01-17,,XpressBees,Out for Delivery
DLV08837,ORD08837,2025-10-14,2025-10-16,,Blue Dart,Delayed
DLV08838,ORD08838,2025-10-26,2025-11-01,,XpressBees,Out for Delivery
DLV08839,ORD08839,2025-03-18,2025-03-24,,XpressBees,In Transit
DLV08840,ORD08840,2025-06-01,2025-06-08,2025-06-08,Ecom Express,Delivered
DLV08841,ORD08841,2025-11-23,2025-11-28,,Blue Dart,Delayed
DLV08842,ORD08842,2025-03-09,2025-03-13,,Blue Dart,Out for Delivery
DLV08843,ORD08843,2025-07-18,2025-07-20,,Blue Dart,Failed
DLV08844,ORD08844,2025-11-21,2025-11-27,,Delhivery,Out for Delivery
DLV08845,ORD08845,2025-09-07,2025-09-13,,Delhivery,Out for Delivery
DLV08846,ORD08846,2025-04-04,2025-04-11,,Blue Dart,Out for Delivery
DLV08847,ORD08847,2025-06-14,2025-06-18,2025-06-17,XpressBees,Delivered
DLV08848,ORD08848,2025-10-12,2025-10-19,,Delhivery,Out for Delivery
DLV08849,ORD08849,2025-01-24,2025-01-29,,XpressBees,Failed
DLV08850,ORD08850,2025-03-31,2025-04-06,2025-04-09,XpressBees,Delivered
DLV08851,ORD08851,2025-12-13,2025-12-16,2025-12-19,DTDC,Delivered
DLV08852,ORD08852,2025-10-21,2025-10-25,,Blue Dart,Delayed
DLV08853,ORD08853,2025-03-18,2025-03-21,,Blue Dart,Delayed
DLV08854,ORD08854,2025-10-07,2025-10-12,,Blue Dart,Out for Delivery
DLV08855,ORD08855,2025-06-19,2025-06-23,,Blue Dart,Delayed
DLV08856,ORD08856,2025-04-28,2025-05-02,2025-05-03,Delhivery,Delivered
DLV08857,ORD08857,2025-05-29,2025-06-04,,XpressBees,In Transit
DLV08858,ORD08858,2025-11-08,2025-11-15,,DTDC,In Transit
DLV08859,ORD08859,2025-04-29,2025-05-06,,Delhivery,Failed
DLV08860,ORD08860,2025-08-16,2025-08-22,2025-08-23,Delhivery,Delivered
DLV08861,ORD08861,2025-12-28,2026-01-01,,DTDC,Delayed
DLV08862,ORD08862,2025-06-19,2025-06-25,,XpressBees,Delayed
DLV08863,ORD08863,2025-12-08,2025-12-14,,XpressBees,Failed
DLV08864,ORD08864,2025-12-08,2025-12-11,,Delhivery,Out for Delivery
DLV08865,ORD08865,2025-11-25,2025-11-29,2025-12-02,XpressBees,Delivered
DLV08866,ORD08866,2025-06-23,2025-06-26,,Ecom Express,Out for Delivery
DLV08867,ORD08867,2025-08-11,2025-08-18,,Delhivery,Failed
DLV08868,ORD08868,2025-05-10,2025-05-16,,Delhivery,Out for Delivery
DLV08869,ORD08869,2025-06-24,2025-06-29,,XpressBees,Delayed
DLV08870,ORD08870,2025-08-04,2025-08-10,,Delhivery,Out for Delivery
DLV08871,ORD08871,2025-07-10,2025-07-14,,Delhivery,Out for Delivery
DLV08872,ORD08872,2025-04-26,2025-05-02,,DTDC,Failed
DLV08873,ORD08873,2025-02-02,2025-02-07,,Blue Dart,Failed
DLV08874,ORD08874,2025-11-29,2025-12-03,,Ecom Express,Out for Delivery
DLV08875,ORD08875,2025-07-24,2025-07-31,,Blue Dart,Failed
DLV08876,ORD08876,2025-02-27,2025-03-06,,XpressBees,In Transit
DLV08877,ORD08877,2025-09-20,2025-09-25,,Blue Dart,Out for Delivery
DLV08878,ORD08878,2025-08-01,2025-08-05,,DTDC,Delayed
DLV08879,ORD08879,2025-05-12,2025-05-18,,Ecom Express,Delayed
DLV08880,ORD08880,2025-11-21,2025-11-28,,Ecom Express,Failed
DLV08881,ORD08881,2025-04-05,2025-04-11,,Delhivery,In Transit
DLV08882,ORD08882,2025-11-28,2025-12-03,,Blue Dart,In Transit
DLV08883,ORD08883,2025-02-08,2025-02-11,,Ecom Express,In Transit
DLV08884,ORD08884,2025-04-09,2025-04-14,,DTDC,Delayed
DLV08885,ORD08885,2025-06-24,2025-06-27,,Ecom Express,Delayed
DLV08886,ORD08886,2025-07-06,2025-07-11,2025-07-12,XpressBees,Delivered
DLV08887,ORD08887,2025-10-08,2025-10-11,,XpressBees,In Transit
DLV08888,ORD08888,2025-06-28,2025-07-04,,XpressBees,Out for Delivery
DLV08889,ORD08889,2025-01-22,2025-01-24,,XpressBees,Out for Delivery
DLV08890,ORD08890,2025-08-15,2025-08-22,,DTDC,In Transit
DLV08891,ORD08891,2025-12-29,2026-01-04,,Blue Dart,In Transit
DLV08892,ORD08892,2025-03-03,2025-03-05,,Blue Dart,Delayed
DLV08893,ORD08893,2025-07-31,2025-08-04,,Ecom Express,Out for Delivery
DLV08894,ORD08894,2025-06-22,2025-06-25,,Ecom Express,Failed
DLV08895,ORD08895,2025-01-02,2025-01-09,,DTDC,In Transit
DLV08896,ORD08896,2025-04-15,2025-04-18,,Blue Dart,In Transit
DLV08897,ORD08897,2025-09-30,2025-10-07,2025-10-07,XpressBees,Delivered
DLV08898,ORD08898,2025-02-09,2025-02-16,,XpressBees,Out for Delivery
DLV08899,ORD08899,2025-01-17,2025-01-20,,Delhivery,Delayed
DLV08900,ORD08900,2025-10-04,2025-10-07,,Delhivery,Out for Delivery
DLV08901,ORD08901,2025-04-13,2025-04-19,,Blue Dart,In Transit
DLV08902,ORD08902,2025-02-28,2025-03-07,,Ecom Express,Out for Delivery
DLV08903,ORD08903,2025-03-12,2025-03-19,,XpressBees,Delayed
DLV08904,ORD08904,2025-04-28,2025-05-02,,Blue Dart,In Transit
DLV08905,ORD08905,2025-02-13,2025-02-19,,Blue Dart,In Transit
DLV08906,ORD08906,2025-01-20,2025-01-25,,Delhivery,Failed
DLV08907,ORD08907,2025-12-16,2025-12-23,,XpressBees,In Transit
DLV08908,ORD08908,2025-03-18,2025-03-20,2025-03-20,Blue Dart,Delivered
DLV08909,ORD08909,2025-09-05,2025-09-09,,Ecom Express,Failed
DLV08910,ORD08910,2025-08-22,2025-08-28,2025-08-31,Delhivery,Delivered
DLV08911,ORD08911,2025-08-16,2025-08-20,,Ecom Express,In Transit
DLV08912,ORD08912,2025-10-07,2025-10-11,,DTDC,Delayed
DLV08913,ORD08913,2025-08-13,2025-08-15,,Delhivery,In Transit
DLV08914,ORD08914,2025-08-29,2025-08-31,,Delhivery,Out for Delivery
DLV08915,ORD08915,2025-03-08,2025-03-11,,DTDC,Delayed
DLV08916,ORD08916,2025-02-04,2025-02-09,,Delhivery,Out for Delivery
DLV08917,ORD08917,2025-08-01,2025-08-07,,XpressBees,Failed
DLV08918,ORD08918,2025-08-23,2025-08-30,,Blue Dart,Failed
DLV08919,ORD08919,2025-03-27,2025-03-29,,Ecom Express,In Transit
DLV08920,ORD08920,2025-04-27,2025-04-30,,Blue Dart,In Transit
DLV08921,ORD08921,2025-11-13,2025-11-18,,XpressBees,Delayed
DLV08922,ORD08922,2025-03-17,2025-03-23,,XpressBees,Out for Delivery
DLV08923,ORD08923,2025-09-01,2025-09-05,,XpressBees,In Transit
DLV08924,ORD08924,2025-04-14,2025-04-18,,Ecom Express,Out for Delivery
DLV08925,ORD08925,2025-01-09,2025-01-16,2025-01-19,DTDC,Delivered
DLV08926,ORD08926,2025-06-30,2025-07-03,,DTDC,Failed
DLV08927,ORD08927,2025-04-13,2025-04-16,,Ecom Express,Out for Delivery
DLV08928,ORD08928,2025-11-03,2025-11-08,,DTDC,Failed
DLV08929,ORD08929,2025-08-26,2025-08-29,2025-08-30,Ecom Express,Delivered
DLV08930,ORD08930,2025-12-31,2026-01-03,,Ecom Express,Failed
DLV08931,ORD08931,2025-08-17,2025-08-21,,XpressBees,Delayed
DLV08932,ORD08932,2025-06-28,2025-07-05,,Ecom Express,Out for Delivery
DLV08933,ORD08933,2025-08-25,2025-08-30,2025-08-29,XpressBees,Delivered
DLV08934,ORD08934,2025-04-23,2025-04-30,,Delhivery,Out for Delivery
DLV08935,ORD08935,2025-07-28,2025-08-03,,XpressBees,Out for Delivery
DLV08936,ORD08936,2025-03-20,2025-03-25,,DTDC,Out for Delivery
DLV08937,ORD08937,2025-12-28,2026-01-03,,XpressBees,Out for Delivery
DLV08938,ORD08938,2025-10-06,2025-10-09,,Delhivery,Out for Delivery
DLV08939,ORD08939,2025-07-26,2025-08-01,,XpressBees,Failed
DLV08940,ORD08940,2025-10-26,2025-10-30,2025-11-01,Blue Dart,Delivered
DLV08941,ORD08941,2025-03-29,2025-04-01,,Delhivery,Failed
DLV08942,ORD08942,2025-09-23,2025-09-28,,DTDC,Failed
DLV08943,ORD08943,2025-03-12,2025-03-16,,Blue Dart,Failed
DLV08944,ORD08944,2025-12-03,2025-12-10,,DTDC,Delayed
DLV08945,ORD08945,2025-12-21,2025-12-26,,XpressBees,Failed
DLV08946,ORD08946,2025-12-21,2025-12-25,,DTDC,Failed
DLV08947,ORD08947,2025-11-13,2025-11-15,,Blue Dart,Out for Delivery
DLV08948,ORD08948,2025-07-19,2025-07-25,2025-07-26,XpressBees,Delivered
DLV08949,ORD08949,2025-11-29,2025-12-01,2025-11-30,Delhivery,Delivered
DLV08950,ORD08950,2025-06-01,2025-06-07,,DTDC,Delayed
DLV08951,ORD08951,2025-08-08,2025-08-15,,DTDC,Delayed
DLV08952,ORD08952,2025-07-05,2025-07-12,2025-07-14,Delhivery,Delivered
DLV08953,ORD08953,2025-12-01,2025-12-03,,Ecom Express,In Transit
DLV08954,ORD08954,2025-03-07,2025-03-14,,XpressBees,Out for Delivery
DLV08955,ORD08955,2025-12-02,2025-12-04,,Ecom Express,In Transit
DLV08956,ORD08956,2025-06-19,2025-06-21,,DTDC,Failed
DLV08957,ORD08957,2025-01-17,2025-01-22,,Ecom Express,Delayed
DLV08958,ORD08958,2025-11-30,2025-12-04,,Ecom Express,In Transit
DLV08959,ORD08959,2025-10-21,2025-10-23,2025-10-25,Blue Dart,Delivered
DLV08960,ORD08960,2025-09-26,2025-09-30,,Delhivery,Out for Delivery
DLV08961,ORD08961,2025-06-22,2025-06-24,,Ecom Express,Delayed
DLV08962,ORD08962,2025-10-21,2025-10-25,2025-10-25,XpressBees,Delivered
DLV08963,ORD08963,2025-10-27,2025-10-31,,Ecom Express,In Transit
DLV08964,ORD08964,2025-07-21,2025-07-26,,DTDC,Out for Delivery
DLV08965,ORD08965,2025-04-01,2025-04-04,2025-04-03,DTDC,Delivered
DLV08966,ORD08966,2025-04-20,2025-04-22,2025-04-21,Ecom Express,Delivered
DLV08967,ORD08967,2025-06-18,2025-06-25,,Blue Dart,Delayed
DLV08968,ORD08968,2025-12-12,2025-12-18,,DTDC,In Transit
DLV08969,ORD08969,2025-09-06,2025-09-13,,Ecom Express,Delayed
DLV08970,ORD08970,2025-06-21,2025-06-28,,Ecom Express,In Transit
DLV08971,ORD08971,2025-08-11,2025-08-13,,Blue Dart,Failed
DLV08972,ORD08972,2025-07-09,2025-07-11,,XpressBees,Failed
DLV08973,ORD08973,2025-06-11,2025-06-15,,Ecom Express,Delayed
DLV08974,ORD08974,2025-06-17,2025-06-22,,Blue Dart,Delayed
DLV08975,ORD08975,2025-06-27,2025-06-29,,Blue Dart,Delayed
DLV08976,ORD08976,2025-11-12,2025-11-19,,Blue Dart,Delayed
DLV08977,ORD08977,2025-02-26,2025-03-03,,Ecom Express,Out for Delivery
DLV08978,ORD08978,2025-05-02,2025-05-08,2025-05-08,DTDC,Delivered
DLV08979,ORD08979,2025-03-26,2025-03-29,,XpressBees,Failed
DLV08980,ORD08980,2025-08-07,2025-08-11,2025-08-12,DTDC,Delivered
DLV08981,ORD08981,2025-06-25,2025-06-27,,Ecom Express,In Transit
DLV08982,ORD08982,2025-08-31,2025-09-02,,Blue Dart,Delayed
DLV08983,ORD08983,2025-12-06,2025-12-13,2025-12-13,DTDC,Delivered
DLV08984,ORD08984,2025-07-15,2025-07-21,2025-07-21,Blue Dart,Delivered
DLV08985,ORD08985,2025-06-18,2025-06-23,2025-06-24,Ecom Express,Delivered
DLV08986,ORD08986,2025-11-14,2025-11-17,,Delhivery,Out for Delivery
DLV08987,ORD08987,2025-12-27,2025-12-30,,Blue Dart,Delayed
DLV08988,ORD08988,2025-04-06,2025-04-13,,DTDC,Failed
DLV08989,ORD08989,2025-06-28,2025-07-05,2025-07-04,Delhivery,Delivered
DLV08990,ORD08990,2025-05-22,2025-05-26,,XpressBees,Out for Delivery
DLV08991,ORD08991,2025-04-27,2025-04-30,,DTDC,Out for Delivery
DLV08992,ORD08992,2025-11-05,2025-11-11,,DTDC,In Transit
DLV08993,ORD08993,2025-09-24,2025-09-29,,Ecom Express,In Transit
DLV08994,ORD08994,2025-03-11,2025-03-14,,Delhivery,Out for Delivery
DLV08995,ORD08995,2025-03-07,2025-03-12,2025-03-12,Blue Dart,Delivered
DLV08996,ORD08996,2025-05-25,2025-05-28,,Blue Dart,Failed
DLV08997,ORD08997,2025-12-07,2025-12-10,,Blue Dart,Delayed
DLV08998,ORD08998,2025-03-02,2025-03-05,,Blue Dart,Out for Delivery
DLV08999,ORD08999,2025-12-12,2025-12-14,,Ecom Express,In Transit
DLV09000,ORD09000,2025-12-17,2025-12-24,,Blue Dart,Failed
DLV09001,ORD09001,2025-11-14,2025-11-16,,Ecom Express,In Transit
DLV09002,ORD09002,2025-02-15,2025-02-20,,Delhivery,In Transit
DLV09003,ORD09003,2025-12-09,2025-12-16,,DTDC,Out for Delivery
DLV09004,ORD09004,2025-10-30,2025-11-03,,Blue Dart,In Transit
DLV09005,ORD09005,2025-08-22,2025-08-25,2025-08-28,DTDC,Delivered
DLV09006,ORD09006,2025-05-18,2025-05-22,,Ecom Express,In Transit
DLV09007,ORD09007,2025-10-29,2025-10-31,,XpressBees,Delayed
DLV09008,ORD09008,2025-10-02,2025-10-04,,Ecom Express,Delayed
DLV09009,ORD09009,2025-10-24,2025-10-27,,Ecom Express,Delayed
DLV09010,ORD09010,2025-08-25,2025-08-27,,Delhivery,Out for Delivery
DLV09011,ORD09011,2025-02-22,2025-02-24,,Delhivery,In Transit
DLV09012,ORD09012,2025-08-15,2025-08-18,2025-08-17,Delhivery,Delivered
DLV09013,ORD09013,2025-12-15,2025-12-21,,Ecom Express,Out for Delivery
DLV09014,ORD09014,2025-03-06,2025-03-09,,XpressBees,In Transit
DLV09015,ORD09015,2025-10-19,2025-10-22,,XpressBees,Delayed
DLV09016,ORD09016,2025-06-05,2025-06-08,,XpressBees,Out for Delivery
DLV09017,ORD09017,2025-12-18,2025-12-21,,Delhivery,Failed
DLV09018,ORD09018,2025-02-25,2025-02-27,,DTDC,Out for Delivery
DLV09019,ORD09019,2025-08-09,2025-08-11,,Delhivery,In Transit
DLV09020,ORD09020,2025-04-09,2025-04-11,,XpressBees,Out for Delivery
DLV09021,ORD09021,2025-10-29,2025-11-03,,XpressBees,In Transit
DLV09022,ORD09022,2025-01-19,2025-01-23,,DTDC,Out for Delivery
DLV09023,ORD09023,2025-04-25,2025-04-27,,Ecom Express,Out for Delivery
DLV09024,ORD09024,2025-10-31,2025-11-04,,XpressBees,Delayed
DLV09025,ORD09025,2025-05-21,2025-05-27,,XpressBees,Failed
DLV09026,ORD09026,2025-06-06,2025-06-13,,DTDC,Out for Delivery
DLV09027,ORD09027,2025-02-12,2025-02-16,,Delhivery,Out for Delivery
DLV09028,ORD09028,2025-10-07,2025-10-13,,XpressBees,Out for Delivery
DLV09029,ORD09029,2025-01-16,2025-01-22,,XpressBees,In Transit
DLV09030,ORD09030,2025-08-24,2025-08-29,2025-08-29,DTDC,Delivered
DLV09031,ORD09031,2025-07-17,2025-07-22,,DTDC,Failed
DLV09032,ORD09032,2025-12-27,2025-12-30,,Delhivery,Failed
DLV09033,ORD09033,2025-03-24,2025-03-30,2025-04-02,DTDC,Delivered
DLV09034,ORD09034,2025-01-04,2025-01-08,,Blue Dart,Failed
DLV09035,ORD09035,2025-03-30,2025-04-03,,Ecom Express,In Transit
DLV09036,ORD09036,2025-06-07,2025-06-10,,Delhivery,Delayed
DLV09037,ORD09037,2025-04-07,2025-04-13,,Ecom Express,Out for Delivery
DLV09038,ORD09038,2025-08-18,2025-08-20,2025-08-21,Ecom Express,Delivered
DLV09039,ORD09039,2025-02-17,2025-02-21,,Delhivery,In Transit
DLV09040,ORD09040,2025-08-28,2025-08-31,,DTDC,Out for Delivery
DLV09041,ORD09041,2025-02-12,2025-02-17,,Delhivery,In Transit
DLV09042,ORD09042,2025-11-04,2025-11-11,,Delhivery,In Transit
DLV09043,ORD09043,2025-05-11,2025-05-14,,Blue Dart,Delayed
DLV09044,ORD09044,2025-03-28,2025-04-02,2025-04-04,Blue Dart,Delivered
DLV09045,ORD09045,2025-07-09,2025-07-13,,Delhivery,Delayed
DLV09046,ORD09046,2025-07-25,2025-08-01,2025-08-03,XpressBees,Delivered
DLV09047,ORD09047,2025-08-30,2025-09-05,,Blue Dart,Out for Delivery
DLV09048,ORD09048,2025-09-01,2025-09-04,,Delhivery,In Transit
DLV09049,ORD09049,2025-10-12,2025-10-19,2025-10-19,Delhivery,Delivered
DLV09050,ORD09050,2025-12-22,2025-12-28,,XpressBees,Out for Delivery
DLV09051,ORD09051,2025-03-10,2025-03-16,2025-03-19,Ecom Express,Delivered
DLV09052,ORD09052,2025-09-21,2025-09-25,,XpressBees,In Transit
DLV09053,ORD09053,2025-09-08,2025-09-11,,Ecom Express,Failed
DLV09054,ORD09054,2025-07-19,2025-07-24,,XpressBees,In Transit
DLV09055,ORD09055,2025-09-09,2025-09-13,,Delhivery,Delayed
DLV09056,ORD09056,2025-05-03,2025-05-06,,DTDC,Out for Delivery
DLV09057,ORD09057,2025-02-10,2025-02-13,2025-02-15,Delhivery,Delivered
DLV09058,ORD09058,2025-10-16,2025-10-23,,Blue Dart,Failed
DLV09059,ORD09059,2025-02-24,2025-02-27,,DTDC,In Transit
DLV09060,ORD09060,2025-05-08,2025-05-14,,Ecom Express,Delayed
DLV09061,ORD09061,2025-01-25,2025-01-29,2025-01-30,Ecom Express,Delivered
DLV09062,ORD09062,2025-12-23,2025-12-30,,DTDC,Delayed
DLV09063,ORD09063,2025-05-13,2025-05-16,,XpressBees,Delayed
DLV09064,ORD09064,2025-09-29,2025-10-01,,Delhivery,Delayed
DLV09065,ORD09065,2025-02-05,2025-02-11,,Ecom Express,Out for Delivery
DLV09066,ORD09066,2025-03-13,2025-03-20,,Ecom Express,Delayed
DLV09067,ORD09067,2025-08-28,2025-09-02,,DTDC,Delayed
DLV09068,ORD09068,2025-02-19,2025-02-25,,Delhivery,Delayed
DLV09069,ORD09069,2025-01-01,2025-01-08,,DTDC,In Transit
DLV09070,ORD09070,2025-05-03,2025-05-09,,DTDC,Delayed
DLV09071,ORD09071,2025-03-24,2025-03-31,,Blue Dart,Out for Delivery
DLV09072,ORD09072,2025-10-06,2025-10-08,,Blue Dart,Failed
DLV09073,ORD09073,2025-07-31,2025-08-05,2025-08-05,XpressBees,Delivered
DLV09074,ORD09074,2025-08-25,2025-09-01,,Ecom Express,In Transit
DLV09075,ORD09075,2025-10-28,2025-11-03,,Delhivery,Delayed
DLV09076,ORD09076,2025-09-11,2025-09-18,,XpressBees,Delayed
DLV09077,ORD09077,2025-06-19,2025-06-26,,Delhivery,Delayed
DLV09078,ORD09078,2025-09-09,2025-09-11,,Ecom Express,Out for Delivery
DLV09079,ORD09079,2025-02-01,2025-02-08,,DTDC,Failed
DLV09080,ORD09080,2025-06-02,2025-06-07,,Delhivery,Failed
DLV09081,ORD09081,2025-12-19,2025-12-21,2025-12-20,XpressBees,Delivered
DLV09082,ORD09082,2025-06-18,2025-06-21,,Delhivery,In Transit
DLV09083,ORD09083,2025-03-05,2025-03-08,,XpressBees,In Transit
DLV09084,ORD09084,2025-05-13,2025-05-16,,Blue Dart,Failed
DLV09085,ORD09085,2025-06-19,2025-06-23,,Delhivery,Delayed
DLV09086,ORD09086,2025-01-07,2025-01-10,2025-01-10,DTDC,Delivered
DLV09087,ORD09087,2025-05-04,2025-05-07,,DTDC,Failed
DLV09088,ORD09088,2025-05-19,2025-05-26,,Blue Dart,In Transit
DLV09089,ORD09089,2025-09-24,2025-09-28,,DTDC,Failed
DLV09090,ORD09090,2025-02-25,2025-02-28,,Blue Dart,Delayed
DLV09091,ORD09091,2025-03-24,2025-03-28,,Blue Dart,In Transit
DLV09092,ORD09092,2025-10-02,2025-10-04,,XpressBees,Out for Delivery
DLV09093,ORD09093,2025-11-13,2025-11-17,,Delhivery,Out for Delivery
DLV09094,ORD09094,2025-12-14,2025-12-17,,XpressBees,Failed
DLV09095,ORD09095,2025-09-05,2025-09-08,,Ecom Express,Delayed
DLV09096,ORD09096,2025-05-07,2025-05-14,,Blue Dart,Failed
DLV09097,ORD09097,2025-11-21,2025-11-27,,DTDC,Delayed
DLV09098,ORD09098,2025-03-02,2025-03-05,,DTDC,Out for Delivery
DLV09099,ORD09099,2025-06-22,2025-06-26,,DTDC,Failed
DLV09100,ORD09100,2025-01-31,2025-02-02,,Ecom Express,Out for Delivery
DLV09101,ORD09101,2025-01-02,2025-01-08,,DTDC,Failed
DLV09102,ORD09102,2025-11-16,2025-11-23,,XpressBees,Out for Delivery
DLV09103,ORD09103,2025-03-15,2025-03-19,2025-03-19,DTDC,Delivered
DLV09104,ORD09104,2025-04-23,2025-04-25,,XpressBees,Failed
DLV09105,ORD09105,2025-11-28,2025-12-04,,Blue Dart,Delayed
DLV09106,ORD09106,2025-05-03,2025-05-08,,Delhivery,Delayed
DLV09107,ORD09107,2025-10-18,2025-10-25,,XpressBees,Out for Delivery
DLV09108,ORD09108,2025-03-04,2025-03-10,,Blue Dart,Failed
DLV09109,ORD09109,2025-08-30,2025-09-01,2025-09-04,Blue Dart,Delivered
DLV09110,ORD09110,2025-03-05,2025-03-07,,XpressBees,In Transit
DLV09111,ORD09111,2025-07-27,2025-08-01,,XpressBees,In Transit
DLV09112,ORD09112,2025-09-05,2025-09-12,2025-09-12,Blue Dart,Delivered
DLV09113,ORD09113,2025-12-20,2025-12-27,,Delhivery,In Transit
DLV09114,ORD09114,2025-08-27,2025-09-03,,Ecom Express,Failed
DLV09115,ORD09115,2025-02-18,2025-02-25,,Delhivery,Out for Delivery
DLV09116,ORD09116,2025-09-24,2025-10-01,2025-09-30,Blue Dart,Delivered
DLV09117,ORD09117,2025-09-03,2025-09-08,,Delhivery,Delayed
DLV09118,ORD09118,2025-01-01,2025-01-07,,DTDC,Out for Delivery
DLV09119,ORD09119,2025-09-17,2025-09-21,,Blue Dart,In Transit
DLV09120,ORD09120,2025-11-29,2025-12-06,,XpressBees,In Transit
DLV09121,ORD09121,2025-09-01,2025-09-06,2025-09-09,Blue Dart,Delivered
DLV09122,ORD09122,2025-05-16,2025-05-21,,Delhivery,Delayed
DLV09123,ORD09123,2025-08-13,2025-08-19,,Blue Dart,Delayed
DLV09124,ORD09124,2025-12-25,2025-12-30,,XpressBees,In Transit
DLV09125,ORD09125,2025-04-29,2025-05-01,,Delhivery,Delayed
DLV09126,ORD09126,2025-04-18,2025-04-20,,Blue Dart,Failed
DLV09127,ORD09127,2025-12-17,2025-12-24,,DTDC,In Transit
DLV09128,ORD09128,2025-09-17,2025-09-21,,XpressBees,Failed
DLV09129,ORD09129,2025-07-11,2025-07-14,,XpressBees,Failed
DLV09130,ORD09130,2025-05-17,2025-05-24,,Blue Dart,Failed
DLV09131,ORD09131,2025-11-23,2025-11-30,,DTDC,Delayed
DLV09132,ORD09132,2025-09-21,2025-09-27,,Ecom Express,Out for Delivery
DLV09133,ORD09133,2025-12-26,2025-12-31,,Blue Dart,Failed
DLV09134,ORD09134,2025-06-30,2025-07-04,,DTDC,Delayed
DLV09135,ORD09135,2025-07-12,2025-07-17,2025-07-17,DTDC,Delivered
DLV09136,ORD09136,2025-05-26,2025-06-01,,Blue Dart,Out for Delivery
DLV09137,ORD09137,2025-10-06,2025-10-10,,Delhivery,Delayed
DLV09138,ORD09138,2025-07-27,2025-07-31,,DTDC,Failed
DLV09139,ORD09139,2025-06-03,2025-06-09,2025-06-08,XpressBees,Delivered
DLV09140,ORD09140,2025-05-18,2025-05-21,,DTDC,Failed
DLV09141,ORD09141,2025-10-01,2025-10-08,,Blue Dart,Failed
DLV09142,ORD09142,2025-12-18,2025-12-24,2025-12-24,Delhivery,Delivered
DLV09143,ORD09143,2025-01-03,2025-01-08,,DTDC,Out for Delivery
DLV09144,ORD09144,2025-03-14,2025-03-17,,Delhivery,Out for Delivery
DLV09145,ORD09145,2025-05-03,2025-05-05,,DTDC,Failed
DLV09146,ORD09146,2025-11-06,2025-11-09,,XpressBees,Failed
DLV09147,ORD09147,2025-10-17,2025-10-24,,Ecom Express,Delayed
DLV09148,ORD09148,2025-01-21,2025-01-28,,Delhivery,In Transit
DLV09149,ORD09149,2025-08-05,2025-08-08,2025-08-07,Delhivery,Delivered
DLV09150,ORD09150,2025-12-14,2025-12-18,,Ecom Express,Failed
DLV09151,ORD09151,2025-11-23,2025-11-27,,Ecom Express,Failed
DLV09152,ORD09152,2025-08-02,2025-08-05,,DTDC,Delayed
DLV09153,ORD09153,2025-10-07,2025-10-13,2025-10-16,Ecom Express,Delivered
DLV09154,ORD09154,2025-03-07,2025-03-09,,XpressBees,Failed
DLV09155,ORD09155,2025-04-24,2025-04-28,2025-04-28,Blue Dart,Delivered
DLV09156,ORD09156,2025-05-18,2025-05-21,,Ecom Express,Failed
DLV09157,ORD09157,2025-12-29,2026-01-01,,XpressBees,Out for Delivery
DLV09158,ORD09158,2025-04-26,2025-04-28,,Blue Dart,Out for Delivery
DLV09159,ORD09159,2025-03-22,2025-03-27,,Delhivery,Out for Delivery
DLV09160,ORD09160,2025-06-12,2025-06-17,2025-06-16,Blue Dart,Delivered
DLV09161,ORD09161,2025-04-09,2025-04-16,,Delhivery,Failed
DLV09162,ORD09162,2025-01-02,2025-01-08,,Blue Dart,Delayed
DLV09163,ORD09163,2025-05-11,2025-05-17,,Ecom Express,Failed
DLV09164,ORD09164,2025-07-17,2025-07-22,,XpressBees,Failed
DLV09165,ORD09165,2025-12-23,2025-12-30,,DTDC,Failed
DLV09166,ORD09166,2025-02-04,2025-02-10,,Delhivery,Failed
DLV09167,ORD09167,2025-03-31,2025-04-06,,Blue Dart,In Transit
DLV09168,ORD09168,2025-06-29,2025-07-06,,Ecom Express,Failed
DLV09169,ORD09169,2025-03-18,2025-03-23,,Ecom Express,In Transit
DLV09170,ORD09170,2025-02-21,2025-02-24,,Delhivery,Delayed
DLV09171,ORD09171,2025-08-27,2025-09-02,,Delhivery,Out for Delivery
DLV09172,ORD09172,2025-01-31,2025-02-07,2025-02-06,XpressBees,Delivered
DLV09173,ORD09173,2025-05-01,2025-05-03,,Delhivery,In Transit
DLV09174,ORD09174,2025-04-22,2025-04-28,,DTDC,Failed
DLV09175,ORD09175,2025-06-23,2025-06-25,,DTDC,In Transit
DLV09176,ORD09176,2025-06-01,2025-06-08,,XpressBees,Delayed
DLV09177,ORD09177,2025-01-13,2025-01-18,2025-01-20,Blue Dart,Delivered
DLV09178,ORD09178,2025-12-29,2026-01-03,,Blue Dart,Delayed
DLV09179,ORD09179,2025-04-07,2025-04-09,,DTDC,In Transit
DLV09180,ORD09180,2025-03-29,2025-04-05,,Delhivery,Failed
DLV09181,ORD09181,2025-06-13,2025-06-17,,Blue Dart,Out for Delivery
DLV09182,ORD09182,2025-08-11,2025-08-16,,Blue Dart,Out for Delivery
DLV09183,ORD09183,2025-10-28,2025-11-04,,Delhivery,Failed
DLV09184,ORD09184,2025-01-22,2025-01-24,,Delhivery,Out for Delivery
DLV09185,ORD09185,2025-02-15,2025-02-17,,Blue Dart,Delayed
DLV09186,ORD09186,2025-08-20,2025-08-22,,Delhivery,In Transit
DLV09187,ORD09187,2025-09-20,2025-09-27,,XpressBees,Out for Delivery
DLV09188,ORD09188,2025-09-08,2025-09-11,2025-09-14,Ecom Express,Delivered
DLV09189,ORD09189,2025-03-24,2025-03-26,2025-03-29,DTDC,Delivered
DLV09190,ORD09190,2025-01-19,2025-01-25,,DTDC,Failed
DLV09191,ORD09191,2025-07-26,2025-07-30,,DTDC,Delayed
DLV09192,ORD09192,2025-11-26,2025-12-03,2025-12-02,Blue Dart,Delivered
DLV09193,ORD09193,2025-01-27,2025-02-02,,Blue Dart,Delayed
DLV09194,ORD09194,2025-06-17,2025-06-20,,Delhivery,In Transit
DLV09195,ORD09195,2025-08-23,2025-08-26,,DTDC,Delayed
DLV09196,ORD09196,2025-04-06,2025-04-13,,DTDC,In Transit
DLV09197,ORD09197,2025-11-20,2025-11-25,2025-11-25,Blue Dart,Delivered
DLV09198,ORD09198,2025-08-11,2025-08-15,2025-08-16,DTDC,Delivered
DLV09199,ORD09199,2025-10-29,2025-11-05,2025-11-07,DTDC,Delivered
DLV09200,ORD09200,2025-01-16,2025-01-21,,Blue Dart,Out for Delivery
DLV09201,ORD09201,2025-12-29,2026-01-05,2026-01-06,XpressBees,Delivered
DLV09202,ORD09202,2025-01-06,2025-01-08,2025-01-10,Delhivery,Delivered
DLV09203,ORD09203,2025-09-24,2025-09-26,,XpressBees,Delayed
DLV09204,ORD09204,2025-02-21,2025-02-23,,DTDC,Failed
DLV09205,ORD09205,2025-01-20,2025-01-27,,Ecom Express,Delayed
DLV09206,ORD09206,2025-08-30,2025-09-04,,DTDC,Out for Delivery
DLV09207,ORD09207,2025-02-11,2025-02-17,,DTDC,Delayed
DLV09208,ORD09208,2025-10-12,2025-10-19,,XpressBees,In Transit
DLV09209,ORD09209,2025-06-16,2025-06-21,,DTDC,Delayed
DLV09210,ORD09210,2025-07-13,2025-07-19,,XpressBees,Out for Delivery
DLV09211,ORD09211,2025-02-08,2025-02-10,,Ecom Express,Delayed
DLV09212,ORD09212,2025-04-17,2025-04-21,,XpressBees,Delayed
DLV09213,ORD09213,2025-02-14,2025-02-20,,Blue Dart,Out for Delivery
DLV09214,ORD09214,2025-12-24,2025-12-28,,XpressBees,Delayed
DLV09215,ORD09215,2025-03-18,2025-03-20,,Delhivery,In Transit
DLV09216,ORD09216,2025-05-18,2025-05-24,,XpressBees,Out for Delivery
DLV09217,ORD09217,2025-09-01,2025-09-03,,XpressBees,Out for Delivery
DLV09218,ORD09218,2025-12-27,2026-01-02,,XpressBees,Failed
DLV09219,ORD09219,2025-05-08,2025-05-11,,DTDC,Failed
DLV09220,ORD09220,2025-04-22,2025-04-26,,Delhivery,Failed
DLV09221,ORD09221,2025-01-03,2025-01-05,,Ecom Express,Delayed
DLV09222,ORD09222,2025-08-21,2025-08-27,,DTDC,Delayed
DLV09223,ORD09223,2025-11-20,2025-11-26,,Delhivery,Delayed
DLV09224,ORD09224,2025-10-20,2025-10-26,,Blue Dart,In Transit
DLV09225,ORD09225,2025-10-27,2025-10-31,2025-10-30,Ecom Express,Delivered
DLV09226,ORD09226,2025-08-31,2025-09-03,,DTDC,Failed
DLV09227,ORD09227,2025-01-28,2025-02-02,,XpressBees,Failed
DLV09228,ORD09228,2025-01-09,2025-01-15,,Ecom Express,Out for Delivery
DLV09229,ORD09229,2025-11-24,2025-11-29,2025-11-30,XpressBees,Delivered
DLV09230,ORD09230,2025-12-03,2025-12-05,,Blue Dart,Failed
DLV09231,ORD09231,2025-03-31,2025-04-04,,Ecom Express,Delayed
DLV09232,ORD09232,2025-05-12,2025-05-16,2025-05-15,Delhivery,Delivered
DLV09233,ORD09233,2025-06-07,2025-06-14,2025-06-17,XpressBees,Delivered
DLV09234,ORD09234,2025-07-07,2025-07-11,2025-07-14,Delhivery,Delivered
DLV09235,ORD09235,2025-10-24,2025-10-27,,Blue Dart,Failed
DLV09236,ORD09236,2025-09-21,2025-09-24,,Delhivery,Out for Delivery
DLV09237,ORD09237,2025-09-29,2025-10-04,2025-10-03,DTDC,Delivered
DLV09238,ORD09238,2025-05-15,2025-05-17,,Delhivery,Failed
DLV09239,ORD09239,2025-06-04,2025-06-07,,XpressBees,Failed
DLV09240,ORD09240,2025-05-15,2025-05-21,2025-05-20,Blue Dart,Delivered
DLV09241,ORD09241,2025-01-25,2025-02-01,2025-02-02,Delhivery,Delivered
DLV09242,ORD09242,2025-09-09,2025-09-13,,DTDC,Failed
DLV09243,ORD09243,2025-01-24,2025-01-27,,Blue Dart,Out for Delivery
DLV09244,ORD09244,2025-07-16,2025-07-19,,Ecom Express,In Transit
DLV09245,ORD09245,2025-01-25,2025-01-30,,Ecom Express,Delayed
DLV09246,ORD09246,2025-04-22,2025-04-29,,Blue Dart,Out for Delivery
DLV09247,ORD09247,2025-01-29,2025-02-01,,Ecom Express,Failed
DLV09248,ORD09248,2025-07-13,2025-07-15,,DTDC,In Transit
DLV09249,ORD09249,2025-05-06,2025-05-10,,XpressBees,Out for Delivery
DLV09250,ORD09250,2025-07-16,2025-07-18,2025-07-21,DTDC,Delivered
DLV09251,ORD09251,2025-07-12,2025-07-19,,Blue Dart,Failed
DLV09252,ORD09252,2025-03-23,2025-03-26,2025-03-28,Delhivery,Delivered
DLV09253,ORD09253,2025-08-06,2025-08-09,,Blue Dart,Out for Delivery
DLV09254,ORD09254,2025-02-17,2025-02-24,,Ecom Express,Out for Delivery
DLV09255,ORD09255,2025-08-10,2025-08-12,,Ecom Express,In Transit
DLV09256,ORD09256,2025-10-25,2025-10-30,,Blue Dart,Delayed
DLV09257,ORD09257,2025-06-01,2025-06-03,,XpressBees,Delayed
DLV09258,ORD09258,2025-10-22,2025-10-26,,Blue Dart,Failed
DLV09259,ORD09259,2025-05-16,2025-05-19,,Blue Dart,Delayed
DLV09260,ORD09260,2025-07-17,2025-07-19,,XpressBees,Out for Delivery
DLV09261,ORD09261,2025-02-12,2025-02-18,,Delhivery,Delayed
DLV09262,ORD09262,2025-03-27,2025-03-30,,Ecom Express,Out for Delivery
DLV09263,ORD09263,2025-08-20,2025-08-25,,Ecom Express,Out for Delivery
DLV09264,ORD09264,2025-04-27,2025-05-04,,Ecom Express,Failed
DLV09265,ORD09265,2025-02-17,2025-02-20,2025-02-23,XpressBees,Delivered
DLV09266,ORD09266,2025-03-09,2025-03-15,,XpressBees,Delayed
DLV09267,ORD09267,2025-01-17,2025-01-21,,DTDC,In Transit
DLV09268,ORD09268,2025-04-12,2025-04-19,,Ecom Express,Out for Delivery
DLV09269,ORD09269,2025-05-11,2025-05-15,,Blue Dart,Out for Delivery
DLV09270,ORD09270,2025-12-17,2025-12-19,,Ecom Express,Out for Delivery
DLV09271,ORD09271,2025-05-08,2025-05-11,2025-05-13,XpressBees,Delivered
DLV09272,ORD09272,2025-04-22,2025-04-28,,Ecom Express,Out for Delivery
DLV09273,ORD09273,2025-06-27,2025-07-04,,Delhivery,In Transit
DLV09274,ORD09274,2025-03-12,2025-03-17,,Delhivery,Delayed
DLV09275,ORD09275,2025-12-20,2025-12-26,,DTDC,In Transit
DLV09276,ORD09276,2025-08-16,2025-08-23,,XpressBees,Out for Delivery
DLV09277,ORD09277,2025-03-14,2025-03-17,,Ecom Express,Failed
DLV09278,ORD09278,2025-04-23,2025-04-27,2025-04-30,Ecom Express,Delivered
DLV09279,ORD09279,2025-12-15,2025-12-18,,DTDC,Failed
DLV09280,ORD09280,2025-01-17,2025-01-23,2025-01-23,Blue Dart,Delivered
DLV09281,ORD09281,2025-11-19,2025-11-22,,Ecom Express,Out for Delivery
DLV09282,ORD09282,2025-01-20,2025-01-26,2025-01-27,XpressBees,Delivered
DLV09283,ORD09283,2025-04-05,2025-04-08,2025-04-07,XpressBees,Delivered
DLV09284,ORD09284,2025-04-26,2025-04-29,,Ecom Express,Failed
DLV09285,ORD09285,2025-01-09,2025-01-15,,Delhivery,Failed
DLV09286,ORD09286,2025-01-03,2025-01-05,,XpressBees,Out for Delivery
DLV09287,ORD09287,2025-01-27,2025-02-03,,Ecom Express,In Transit
DLV09288,ORD09288,2025-06-15,2025-06-17,2025-06-18,Ecom Express,Delivered
DLV09289,ORD09289,2025-11-08,2025-11-12,,DTDC,Delayed
DLV09290,ORD09290,2025-09-09,2025-09-16,,Blue Dart,Out for Delivery
DLV09291,ORD09291,2025-06-02,2025-06-05,,Ecom Express,Failed
DLV09292,ORD09292,2025-01-20,2025-01-24,,XpressBees,Delayed
DLV09293,ORD09293,2025-01-26,2025-01-30,,DTDC,Failed
DLV09294,ORD09294,2025-09-09,2025-09-11,,XpressBees,In Transit
DLV09295,ORD09295,2025-04-30,2025-05-06,,Blue Dart,Out for Delivery
DLV09296,ORD09296,2025-06-10,2025-06-17,,Ecom Express,Failed
DLV09297,ORD09297,2025-05-03,2025-05-09,,Ecom Express,Out for Delivery
DLV09298,ORD09298,2025-01-01,2025-01-03,,DTDC,Delayed
DLV09299,ORD09299,2025-01-17,2025-01-22,,DTDC,In Transit
DLV09300,ORD09300,2025-03-06,2025-03-11,,Delhivery,In Transit
DLV09301,ORD09301,2025-04-08,2025-04-10,,Blue Dart,Out for Delivery
DLV09302,ORD09302,2025-08-31,2025-09-04,,DTDC,Failed
DLV09303,ORD09303,2025-09-08,2025-09-14,,Delhivery,Delayed
DLV09304,ORD09304,2025-02-21,2025-02-23,2025-02-23,XpressBees,Delivered
DLV09305,ORD09305,2025-07-30,2025-08-03,,Blue Dart,Out for Delivery
DLV09306,ORD09306,2025-11-18,2025-11-22,2025-11-21,Ecom Express,Delivered
DLV09307,ORD09307,2025-01-15,2025-01-20,,Ecom Express,Failed
DLV09308,ORD09308,2025-05-17,2025-05-20,,Ecom Express,Failed
DLV09309,ORD09309,2025-11-06,2025-11-11,,XpressBees,In Transit
DLV09310,ORD09310,2025-06-10,2025-06-16,,DTDC,In Transit
DLV09311,ORD09311,2025-08-05,2025-08-09,2025-08-10,Blue Dart,Delivered
DLV09312,ORD09312,2025-01-01,2025-01-06,,Blue Dart,Failed
DLV09313,ORD09313,2025-02-18,2025-02-20,,Ecom Express,Out for Delivery
DLV09314,ORD09314,2025-01-03,2025-01-07,,Blue Dart,Delayed
DLV09315,ORD09315,2025-05-05,2025-05-12,,Blue Dart,In Transit
DLV09316,ORD09316,2025-12-18,2025-12-21,,DTDC,Out for Delivery
DLV09317,ORD09317,2025-08-18,2025-08-22,,XpressBees,Failed
DLV09318,ORD09318,2025-10-06,2025-10-08,,Blue Dart,Failed
DLV09319,ORD09319,2025-05-07,2025-05-11,2025-05-10,Blue Dart,Delivered
DLV09320,ORD09320,2025-11-12,2025-11-15,,DTDC,Failed
DLV09321,ORD09321,2025-07-04,2025-07-10,2025-07-12,XpressBees,Delivered
DLV09322,ORD09322,2025-09-30,2025-10-02,,Blue Dart,In Transit
DLV09323,ORD09323,2025-06-15,2025-06-18,,Blue Dart,In Transit
DLV09324,ORD09324,2025-11-17,2025-11-20,,XpressBees,Out for Delivery
DLV09325,ORD09325,2025-07-29,2025-08-02,,Ecom Express,Failed
DLV09326,ORD09326,2025-05-12,2025-05-15,,Ecom Express,Failed
DLV09327,ORD09327,2025-06-30,2025-07-03,,XpressBees,Out for Delivery
DLV09328,ORD09328,2025-08-23,2025-08-28,,Delhivery,In Transit
DLV09329,ORD09329,2025-02-17,2025-02-19,2025-02-19,Ecom Express,Delivered
DLV09330,ORD09330,2025-08-25,2025-09-01,2025-09-01,Blue Dart,Delivered
DLV09331,ORD09331,2025-08-07,2025-08-12,2025-08-12,DTDC,Delivered
DLV09332,ORD09332,2025-03-19,2025-03-21,,DTDC,Delayed
DLV09333,ORD09333,2025-02-11,2025-02-18,2025-02-20,DTDC,Delivered
DLV09334,ORD09334,2025-01-16,2025-01-23,,DTDC,Failed
DLV09335,ORD09335,2025-04-11,2025-04-16,,Delhivery,Failed
DLV09336,ORD09336,2025-10-06,2025-10-09,2025-10-12,DTDC,Delivered
DLV09337,ORD09337,2025-01-14,2025-01-19,,XpressBees,Delayed
DLV09338,ORD09338,2025-10-12,2025-10-14,,Delhivery,Out for Delivery
DLV09339,ORD09339,2025-11-02,2025-11-07,,XpressBees,Failed
DLV09340,ORD09340,2025-01-31,2025-02-04,2025-02-07,DTDC,Delivered
DLV09341,ORD09341,2025-09-06,2025-09-09,,Blue Dart,Out for Delivery
DLV09342,ORD09342,2025-06-08,2025-06-14,,Blue Dart,Failed
DLV09343,ORD09343,2025-04-02,2025-04-06,,Blue Dart,Out for Delivery
DLV09344,ORD09344,2025-04-09,2025-04-11,,XpressBees,Failed
DLV09345,ORD09345,2025-11-19,2025-11-21,,Delhivery,Delayed
DLV09346,ORD09346,2025-06-20,2025-06-24,2025-06-24,XpressBees,Delivered
DLV09347,ORD09347,2025-04-14,2025-04-19,2025-04-20,Ecom Express,Delivered
DLV09348,ORD09348,2025-03-30,2025-04-06,2025-04-07,Delhivery,Delivered
DLV09349,ORD09349,2025-12-09,2025-12-12,,Delhivery,In Transit
DLV09350,ORD09350,2025-10-18,2025-10-20,,XpressBees,Delayed
DLV09351,ORD09351,2025-03-27,2025-04-03,,DTDC,In Transit
DLV09352,ORD09352,2025-10-07,2025-10-14,,Delhivery,Delayed
DLV09353,ORD09353,2025-04-15,2025-04-17,,DTDC,Out for Delivery
DLV09354,ORD09354,2025-11-03,2025-11-06,,XpressBees,In Transit
DLV09355,ORD09355,2025-01-27,2025-01-31,,Blue Dart,Delayed
DLV09356,ORD09356,2025-11-21,2025-11-23,2025-11-25,Delhivery,Delivered
DLV09357,ORD09357,2025-06-23,2025-06-27,,Blue Dart,In Transit
DLV09358,ORD09358,2025-01-21,2025-01-23,,Blue Dart,Out for Delivery
DLV09359,ORD09359,2025-11-29,2025-12-01,2025-11-30,Blue Dart,Delivered
DLV09360,ORD09360,2025-09-30,2025-10-06,,Blue Dart,Failed
DLV09361,ORD09361,2025-11-11,2025-11-18,,Ecom Express,Delayed
DLV09362,ORD09362,2025-09-28,2025-10-04,,DTDC,Delayed
DLV09363,ORD09363,2025-02-01,2025-02-04,,Blue Dart,Out for Delivery
DLV09364,ORD09364,2025-11-22,2025-11-29,,Ecom Express,Delayed
DLV09365,ORD09365,2025-01-16,2025-01-18,,Delhivery,Delayed
DLV09366,ORD09366,2025-10-23,2025-10-29,,XpressBees,Out for Delivery
DLV09367,ORD09367,2025-03-13,2025-03-19,,XpressBees,Failed
DLV09368,ORD09368,2025-12-11,2025-12-13,2025-12-15,XpressBees,Delivered
DLV09369,ORD09369,2025-03-10,2025-03-12,,XpressBees,Out for Delivery
DLV09370,ORD09370,2025-12-17,2025-12-22,,XpressBees,Out for Delivery
DLV09371,ORD09371,2025-11-25,2025-11-28,,Blue Dart,Failed
DLV09372,ORD09372,2025-02-19,2025-02-22,,Delhivery,Out for Delivery
DLV09373,ORD09373,2025-05-24,2025-05-27,,DTDC,In Transit
DLV09374,ORD09374,2025-03-23,2025-03-25,2025-03-27,Blue Dart,Delivered
DLV09375,ORD09375,2025-10-31,2025-11-03,,XpressBees,Delayed
DLV09376,ORD09376,2025-04-15,2025-04-18,,XpressBees,Out for Delivery
DLV09377,ORD09377,2025-07-13,2025-07-18,2025-07-19,Ecom Express,Delivered
DLV09378,ORD09378,2025-11-01,2025-11-07,,Delhivery,Out for Delivery
DLV09379,ORD09379,2025-10-05,2025-10-12,,DTDC,In Transit
DLV09380,ORD09380,2025-10-23,2025-10-28,,Blue Dart,Failed
DLV09381,ORD09381,2025-03-02,2025-03-05,,Ecom Express,In Transit
DLV09382,ORD09382,2025-04-20,2025-04-23,,XpressBees,Failed
DLV09383,ORD09383,2025-09-16,2025-09-22,,Ecom Express,In Transit
DLV09384,ORD09384,2025-04-16,2025-04-21,,Blue Dart,Delayed
DLV09385,ORD09385,2025-01-03,2025-01-07,,DTDC,Out for Delivery
DLV09386,ORD09386,2025-03-19,2025-03-24,,DTDC,Out for Delivery
DLV09387,ORD09387,2025-02-19,2025-02-23,2025-02-23,XpressBees,Delivered
DLV09388,ORD09388,2025-05-14,2025-05-16,2025-05-16,Ecom Express,Delivered
DLV09389,ORD09389,2025-07-25,2025-08-01,,Ecom Express,In Transit
DLV09390,ORD09390,2025-08-21,2025-08-24,,XpressBees,In Transit
DLV09391,ORD09391,2025-06-09,2025-06-12,,Delhivery,Failed
DLV09392,ORD09392,2025-06-08,2025-06-14,,Blue Dart,Failed
DLV09393,ORD09393,2025-10-15,2025-10-22,,Ecom Express,Delayed
DLV09394,ORD09394,2025-01-03,2025-01-10,,Delhivery,Failed
DLV09395,ORD09395,2025-11-21,2025-11-28,,XpressBees,Delayed
DLV09396,ORD09396,2025-11-12,2025-11-14,,XpressBees,Out for Delivery
DLV09397,ORD09397,2025-04-09,2025-04-13,2025-04-16,Delhivery,Delivered
DLV09398,ORD09398,2025-08-31,2025-09-04,,XpressBees,Out for Delivery
DLV09399,ORD09399,2025-08-19,2025-08-22,2025-08-23,Delhivery,Delivered
DLV09400,ORD09400,2025-08-16,2025-08-23,,XpressBees,Failed
DLV09401,ORD09401,2025-07-30,2025-08-01,,DTDC,Failed
DLV09402,ORD09402,2025-10-10,2025-10-13,2025-10-14,Blue Dart,Delivered
DLV09403,ORD09403,2025-05-10,2025-05-17,2025-05-19,XpressBees,Delivered
DLV09404,ORD09404,2025-07-18,2025-07-25,,XpressBees,In Transit
DLV09405,ORD09405,2025-06-26,2025-07-02,,Ecom Express,Delayed
DLV09406,ORD09406,2025-12-01,2025-12-03,,Ecom Express,Failed
DLV09407,ORD09407,2025-01-16,2025-01-21,,Blue Dart,Out for Delivery
DLV09408,ORD09408,2025-12-13,2025-12-19,2025-12-19,Ecom Express,Delivered
DLV09409,ORD09409,2025-03-07,2025-03-09,,Blue Dart,Delayed
DLV09410,ORD09410,2025-01-07,2025-01-09,,Delhivery,Failed
DLV09411,ORD09411,2025-02-20,2025-02-24,,Blue Dart,Delayed
DLV09412,ORD09412,2025-09-11,2025-09-17,,DTDC,Out for Delivery
DLV09413,ORD09413,2025-12-29,2026-01-04,,DTDC,Failed
DLV09414,ORD09414,2025-02-10,2025-02-14,,Blue Dart,Failed
DLV09415,ORD09415,2025-01-29,2025-02-03,,Blue Dart,In Transit
DLV09416,ORD09416,2025-11-17,2025-11-24,,Blue Dart,In Transit
DLV09417,ORD09417,2025-08-16,2025-08-21,,XpressBees,In Transit
DLV09418,ORD09418,2025-11-25,2025-11-28,,Blue Dart,In Transit
DLV09419,ORD09419,2025-10-07,2025-10-10,,Delhivery,In Transit
DLV09420,ORD09420,2025-12-31,2026-01-06,,Blue Dart,In Transit
DLV09421,ORD09421,2025-11-16,2025-11-19,,DTDC,Out for Delivery
DLV09422,ORD09422,2025-05-22,2025-05-26,2025-05-29,Blue Dart,Delivered
DLV09423,ORD09423,2025-04-19,2025-04-23,2025-04-26,DTDC,Delivered
DLV09424,ORD09424,2025-06-30,2025-07-04,2025-07-04,XpressBees,Delivered
DLV09425,ORD09425,2025-04-29,2025-05-03,,DTDC,Delayed
DLV09426,ORD09426,2025-07-14,2025-07-17,2025-07-18,DTDC,Delivered
DLV09427,ORD09427,2025-04-11,2025-04-14,,Delhivery,Failed
DLV09428,ORD09428,2025-05-24,2025-05-30,2025-05-29,Ecom Express,Delivered
DLV09429,ORD09429,2025-09-17,2025-09-24,,DTDC,In Transit
DLV09430,ORD09430,2025-07-11,2025-07-13,2025-07-12,Ecom Express,Delivered
DLV09431,ORD09431,2025-01-25,2025-01-29,,XpressBees,In Transit
DLV09432,ORD09432,2025-03-20,2025-03-22,,Blue Dart,Failed
DLV09433,ORD09433,2025-01-27,2025-01-31,2025-01-30,Ecom Express,Delivered
DLV09434,ORD09434,2025-08-13,2025-08-20,,Ecom Express,Delayed
DLV09435,ORD09435,2025-01-04,2025-01-08,,Delhivery,Out for Delivery
DLV09436,ORD09436,2025-01-29,2025-02-04,,Ecom Express,Failed
DLV09437,ORD09437,2025-08-19,2025-08-22,,Ecom Express,In Transit
DLV09438,ORD09438,2025-03-21,2025-03-27,,Delhivery,Delayed
DLV09439,ORD09439,2025-04-08,2025-04-15,,Blue Dart,Out for Delivery
DLV09440,ORD09440,2025-01-23,2025-01-27,,Blue Dart,In Transit
DLV09441,ORD09441,2025-11-20,2025-11-24,,DTDC,Failed
DLV09442,ORD09442,2025-02-02,2025-02-06,,Ecom Express,In Transit
DLV09443,ORD09443,2025-06-10,2025-06-16,2025-06-15,Delhivery,Delivered
DLV09444,ORD09444,2025-10-04,2025-10-06,2025-10-05,Delhivery,Delivered
DLV09445,ORD09445,2025-12-19,2025-12-21,,XpressBees,Delayed
DLV09446,ORD09446,2025-05-04,2025-05-09,,XpressBees,Out for Delivery
DLV09447,ORD09447,2025-09-11,2025-09-13,,XpressBees,Failed
DLV09448,ORD09448,2025-06-30,2025-07-02,2025-07-04,XpressBees,Delivered
DLV09449,ORD09449,2025-10-29,2025-11-03,,XpressBees,Out for Delivery
DLV09450,ORD09450,2025-03-26,2025-03-30,,XpressBees,Delayed
DLV09451,ORD09451,2025-10-28,2025-11-03,2025-11-06,XpressBees,Delivered
DLV09452,ORD09452,2025-01-23,2025-01-29,,Delhivery,Failed
DLV09453,ORD09453,2025-03-22,2025-03-28,,Blue Dart,Out for Delivery
DLV09454,ORD09454,2025-07-01,2025-07-05,,Blue Dart,Delayed
DLV09455,ORD09455,2025-01-05,2025-01-11,,XpressBees,Delayed
DLV09456,ORD09456,2025-10-13,2025-10-17,2025-10-20,Delhivery,Delivered
DLV09457,ORD09457,2025-02-13,2025-02-19,,Delhivery,Out for Delivery
DLV09458,ORD09458,2025-05-30,2025-06-02,2025-06-03,Delhivery,Delivered
DLV09459,ORD09459,2025-08-28,2025-08-31,,Delhivery,Failed
DLV09460,ORD09460,2025-11-05,2025-11-09,,Delhivery,In Transit
DLV09461,ORD09461,2025-11-11,2025-11-18,2025-11-20,XpressBees,Delivered
DLV09462,ORD09462,2025-05-14,2025-05-19,,XpressBees,Out for Delivery
DLV09463,ORD09463,2025-06-16,2025-06-22,,XpressBees,Delayed
DLV09464,ORD09464,2025-02-23,2025-02-27,,Delhivery,Delayed
DLV09465,ORD09465,2025-10-28,2025-10-31,,Ecom Express,In Transit
DLV09466,ORD09466,2025-09-29,2025-10-01,2025-09-30,Blue Dart,Delivered
DLV09467,ORD09467,2025-10-02,2025-10-07,,Blue Dart,Failed
DLV09468,ORD09468,2025-03-06,2025-03-11,,Ecom Express,Out for Delivery
DLV09469,ORD09469,2025-02-11,2025-02-13,,Ecom Express,Delayed
DLV09470,ORD09470,2025-03-02,2025-03-08,,DTDC,In Transit
DLV09471,ORD09471,2025-11-09,2025-11-16,2025-11-18,Delhivery,Delivered
DLV09472,ORD09472,2025-01-20,2025-01-23,,Delhivery,Delayed
DLV09473,ORD09473,2025-09-28,2025-09-30,,Ecom Express,Delayed
DLV09474,ORD09474,2025-09-02,2025-09-07,,DTDC,Delayed
DLV09475,ORD09475,2025-04-13,2025-04-15,,Delhivery,Out for Delivery
DLV09476,ORD09476,2025-09-03,2025-09-05,2025-09-06,XpressBees,Delivered
DLV09477,ORD09477,2025-04-15,2025-04-19,,DTDC,Out for Delivery
DLV09478,ORD09478,2025-02-19,2025-02-26,,XpressBees,Out for Delivery
DLV09479,ORD09479,2025-11-28,2025-12-05,,Delhivery,Failed
DLV09480,ORD09480,2025-09-28,2025-10-04,,DTDC,In Transit
DLV09481,ORD09481,2025-12-01,2025-12-08,,Ecom Express,In Transit
DLV09482,ORD09482,2025-04-17,2025-04-22,,Ecom Express,Failed
DLV09483,ORD09483,2025-11-20,2025-11-23,,XpressBees,Delayed
DLV09484,ORD09484,2025-11-09,2025-11-15,,Delhivery,In Transit
DLV09485,ORD09485,2025-03-27,2025-04-02,2025-04-02,Ecom Express,Delivered
DLV09486,ORD09486,2025-10-27,2025-10-29,,Delhivery,Failed
DLV09487,ORD09487,2025-05-10,2025-05-12,,XpressBees,Out for Delivery
DLV09488,ORD09488,2025-05-05,2025-05-12,2025-05-12,Ecom Express,Delivered
DLV09489,ORD09489,2025-03-11,2025-03-17,,XpressBees,Delayed
DLV09490,ORD09490,2025-07-12,2025-07-19,,XpressBees,Out for Delivery
DLV09491,ORD09491,2025-02-18,2025-02-21,,Ecom Express,In Transit
DLV09492,ORD09492,2025-12-09,2025-12-13,,Blue Dart,Out for Delivery
DLV09493,ORD09493,2025-07-21,2025-07-24,,Ecom Express,Out for Delivery
DLV09494,ORD09494,2025-08-06,2025-08-08,2025-08-08,XpressBees,Delivered
DLV09495,ORD09495,2025-02-08,2025-02-12,,XpressBees,Failed
DLV09496,ORD09496,2025-09-23,2025-09-30,,Blue Dart,Delayed
DLV09497,ORD09497,2025-10-15,2025-10-22,2025-10-21,Blue Dart,Delivered
DLV09498,ORD09498,2025-04-29,2025-05-06,,XpressBees,Delayed
DLV09499,ORD09499,2025-11-02,2025-11-07,,Ecom Express,In Transit
DLV09500,ORD09500,2025-06-19,2025-06-21,,Delhivery,Delayed
DLV09501,ORD09501,2025-11-12,2025-11-14,,Ecom Express,Delayed
DLV09502,ORD09502,2025-05-21,2025-05-26,,Ecom Express,Delayed
DLV09503,ORD09503,2025-11-24,2025-12-01,,Ecom Express,Failed
DLV09504,ORD09504,2025-03-22,2025-03-24,,DTDC,In Transit
DLV09505,ORD09505,2025-02-09,2025-02-13,,Ecom Express,Delayed
DLV09506,ORD09506,2025-01-10,2025-01-17,,Ecom Express,Failed
DLV09507,ORD09507,2025-09-20,2025-09-22,,Blue Dart,Out for Delivery
DLV09508,ORD09508,2025-04-27,2025-05-04,,Delhivery,In Transit
DLV09509,ORD09509,2025-04-13,2025-04-18,2025-04-21,Delhivery,Delivered
DLV09510,ORD09510,2025-05-12,2025-05-18,,DTDC,In Transit
DLV09511,ORD09511,2025-08-23,2025-08-26,2025-08-29,XpressBees,Delivered
DLV09512,ORD09512,2025-07-08,2025-07-14,2025-07-16,Delhivery,Delivered
DLV09513,ORD09513,2025-11-28,2025-12-01,2025-12-01,XpressBees,Delivered
DLV09514,ORD09514,2025-04-16,2025-04-20,,DTDC,Failed
DLV09515,ORD09515,2025-08-12,2025-08-18,,Delhivery,Failed
DLV09516,ORD09516,2025-06-26,2025-07-03,2025-07-04,Delhivery,Delivered
DLV09517,ORD09517,2025-11-16,2025-11-18,,Blue Dart,In Transit
DLV09518,ORD09518,2025-07-29,2025-07-31,,Blue Dart,Delayed
DLV09519,ORD09519,2025-12-01,2025-12-06,,Ecom Express,Failed
DLV09520,ORD09520,2025-06-07,2025-06-14,,Blue Dart,In Transit
DLV09521,ORD09521,2025-11-27,2025-12-02,2025-12-04,Ecom Express,Delivered
DLV09522,ORD09522,2025-01-08,2025-01-13,,Blue Dart,In Transit
DLV09523,ORD09523,2025-08-04,2025-08-08,2025-08-10,DTDC,Delivered
DLV09524,ORD09524,2025-05-21,2025-05-27,,XpressBees,Delayed
DLV09525,ORD09525,2025-06-25,2025-06-29,,Delhivery,Failed
DLV09526,ORD09526,2025-09-07,2025-09-10,,Delhivery,Out for Delivery
DLV09527,ORD09527,2025-07-06,2025-07-12,,Delhivery,Out for Delivery
DLV09528,ORD09528,2025-01-27,2025-02-03,,Delhivery,Delayed
DLV09529,ORD09529,2025-06-06,2025-06-08,,XpressBees,Delayed
DLV09530,ORD09530,2025-04-07,2025-04-11,,DTDC,In Transit
DLV09531,ORD09531,2025-12-05,2025-12-10,,Delhivery,Delayed
DLV09532,ORD09532,2025-10-16,2025-10-20,,XpressBees,Delayed
DLV09533,ORD09533,2025-10-08,2025-10-15,,Blue Dart,Delayed
DLV09534,ORD09534,2025-08-07,2025-08-13,,Blue Dart,Delayed
DLV09535,ORD09535,2025-11-30,2025-12-07,,XpressBees,Out for Delivery
DLV09536,ORD09536,2025-07-22,2025-07-25,2025-07-27,Delhivery,Delivered
DLV09537,ORD09537,2025-11-19,2025-11-24,2025-11-24,Blue Dart,Delivered
DLV09538,ORD09538,2025-01-07,2025-01-11,,DTDC,Delayed
DLV09539,ORD09539,2025-04-18,2025-04-22,2025-04-21,Delhivery,Delivered
DLV09540,ORD09540,2025-04-02,2025-04-08,,Delhivery,In Transit
DLV09541,ORD09541,2025-01-25,2025-01-27,,Ecom Express,Failed
DLV09542,ORD09542,2025-07-17,2025-07-19,,Delhivery,In Transit
DLV09543,ORD09543,2025-09-30,2025-10-04,,Delhivery,Failed
DLV09544,ORD09544,2025-10-04,2025-10-09,,XpressBees,In Transit
DLV09545,ORD09545,2025-08-03,2025-08-10,,Ecom Express,Failed
DLV09546,ORD09546,2025-01-01,2025-01-07,2025-01-06,DTDC,Delivered
DLV09547,ORD09547,2025-01-05,2025-01-11,2025-01-10,Blue Dart,Delivered
DLV09548,ORD09548,2025-02-27,2025-03-06,,DTDC,In Transit
DLV09549,ORD09549,2025-12-24,2025-12-27,,Delhivery,Delayed
DLV09550,ORD09550,2025-07-31,2025-08-07,,XpressBees,Out for Delivery
DLV09551,ORD09551,2025-08-15,2025-08-19,,Blue Dart,Delayed
DLV09552,ORD09552,2025-06-03,2025-06-06,,Blue Dart,Out for Delivery
DLV09553,ORD09553,2025-04-06,2025-04-10,,XpressBees,Delayed
DLV09554,ORD09554,2025-06-03,2025-06-06,,Ecom Express,Failed
DLV09555,ORD09555,2025-09-07,2025-09-12,2025-09-11,Delhivery,Delivered
DLV09556,ORD09556,2025-03-14,2025-03-16,2025-03-15,Ecom Express,Delivered
DLV09557,ORD09557,2025-01-27,2025-02-03,,XpressBees,In Transit
DLV09558,ORD09558,2025-09-05,2025-09-09,,Delhivery,Failed
DLV09559,ORD09559,2025-05-27,2025-05-29,2025-06-01,XpressBees,Delivered
DLV09560,ORD09560,2025-06-30,2025-07-02,,DTDC,Delayed
DLV09561,ORD09561,2025-06-03,2025-06-08,,DTDC,Failed
DLV09562,ORD09562,2025-07-02,2025-07-05,,DTDC,In Transit
DLV09563,ORD09563,2025-08-05,2025-08-07,,Ecom Express,Failed
DLV09564,ORD09564,2025-11-19,2025-11-24,2025-11-27,Ecom Express,Delivered
DLV09565,ORD09565,2025-09-20,2025-09-25,2025-09-28,Ecom Express,Delivered
DLV09566,ORD09566,2025-08-15,2025-08-19,,XpressBees,Delayed
DLV09567,ORD09567,2025-08-02,2025-08-05,,Ecom Express,Out for Delivery
DLV09568,ORD09568,2025-09-13,2025-09-15,2025-09-17,DTDC,Delivered
DLV09569,ORD09569,2025-09-15,2025-09-20,,Ecom Express,Failed
DLV09570,ORD09570,2025-07-04,2025-07-08,,Ecom Express,Delayed
DLV09571,ORD09571,2025-03-31,2025-04-03,,XpressBees,In Transit
DLV09572,ORD09572,2025-12-09,2025-12-16,,XpressBees,Delayed
DLV09573,ORD09573,2025-09-09,2025-09-15,,DTDC,Failed
DLV09574,ORD09574,2025-09-04,2025-09-07,,DTDC,Failed
DLV09575,ORD09575,2025-11-24,2025-11-26,,XpressBees,Delayed
DLV09576,ORD09576,2025-04-11,2025-04-15,,DTDC,Failed
DLV09577,ORD09577,2025-08-04,2025-08-08,,XpressBees,Delayed
DLV09578,ORD09578,2025-07-20,2025-07-27,2025-07-29,DTDC,Delivered
DLV09579,ORD09579,2025-06-12,2025-06-16,,DTDC,Delayed
DLV09580,ORD09580,2025-02-08,2025-02-12,,Delhivery,Delayed
DLV09581,ORD09581,2025-06-18,2025-06-21,2025-06-20,DTDC,Delivered
DLV09582,ORD09582,2025-03-19,2025-03-25,2025-03-28,Ecom Express,Delivered
DLV09583,ORD09583,2025-11-12,2025-11-14,,Delhivery,In Transit
DLV09584,ORD09584,2025-07-01,2025-07-04,,Blue Dart,Delayed
DLV09585,ORD09585,2025-02-15,2025-02-22,,Ecom Express,Failed
DLV09586,ORD09586,2025-11-18,2025-11-22,,Delhivery,In Transit
DLV09587,ORD09587,2025-03-21,2025-03-25,,Ecom Express,Out for Delivery
DLV09588,ORD09588,2025-04-10,2025-04-15,2025-04-14,DTDC,Delivered
DLV09589,ORD09589,2025-07-23,2025-07-28,2025-07-27,Ecom Express,Delivered
DLV09590,ORD09590,2025-02-24,2025-02-26,,DTDC,Failed
DLV09591,ORD09591,2025-09-10,2025-09-17,,Blue Dart,In Transit
DLV09592,ORD09592,2025-07-28,2025-07-30,,Delhivery,Out for Delivery
DLV09593,ORD09593,2025-11-19,2025-11-25,,Ecom Express,Delayed
DLV09594,ORD09594,2025-01-18,2025-01-24,,DTDC,In Transit
DLV09595,ORD09595,2025-09-18,2025-09-24,,XpressBees,In Transit
DLV09596,ORD09596,2025-09-08,2025-09-14,,DTDC,In Transit
DLV09597,ORD09597,2025-12-31,2026-01-05,,Delhivery,Failed
DLV09598,ORD09598,2025-03-05,2025-03-12,,Ecom Express,Delayed
DLV09599,ORD09599,2025-08-06,2025-08-11,,Ecom Express,In Transit
DLV09600,ORD09600,2025-01-20,2025-01-23,,Delhivery,In Transit
DLV09601,ORD09601,2025-12-06,2025-12-11,2025-12-11,XpressBees,Delivered
DLV09602,ORD09602,2025-12-23,2025-12-27,,DTDC,Delayed
DLV09603,ORD09603,2025-11-14,2025-11-18,,XpressBees,Delayed
DLV09604,ORD09604,2025-10-20,2025-10-26,,XpressBees,Delayed
DLV09605,ORD09605,2025-12-10,2025-12-15,,Ecom Express,Delayed
DLV09606,ORD09606,2025-01-09,2025-01-16,,XpressBees,Failed
DLV09607,ORD09607,2025-06-27,2025-07-04,,XpressBees,Out for Delivery
DLV09608,ORD09608,2025-08-06,2025-08-08,,Delhivery,Out for Delivery
DLV09609,ORD09609,2025-09-28,2025-10-04,,Blue Dart,Out for Delivery
DLV09610,ORD09610,2025-07-29,2025-08-03,,Ecom Express,Out for Delivery
DLV09611,ORD09611,2025-02-15,2025-02-17,,Blue Dart,In Transit
DLV09612,ORD09612,2025-08-21,2025-08-24,,Ecom Express,Failed
DLV09613,ORD09613,2025-02-28,2025-03-06,,Delhivery,In Transit
DLV09614,ORD09614,2025-06-26,2025-07-02,2025-07-01,XpressBees,Delivered
DLV09615,ORD09615,2025-07-08,2025-07-12,2025-07-12,Delhivery,Delivered
DLV09616,ORD09616,2025-07-25,2025-07-30,,XpressBees,Out for Delivery
DLV09617,ORD09617,2025-11-06,2025-11-08,,DTDC,In Transit
DLV09618,ORD09618,2025-09-16,2025-09-18,,DTDC,Failed
DLV09619,ORD09619,2025-07-03,2025-07-05,,XpressBees,Failed
DLV09620,ORD09620,2025-10-22,2025-10-28,2025-10-31,Blue Dart,Delivered
DLV09621,ORD09621,2025-01-01,2025-01-08,2025-01-09,XpressBees,Delivered
DLV09622,ORD09622,2025-06-03,2025-06-09,,Blue Dart,Delayed
DLV09623,ORD09623,2025-06-24,2025-06-26,,Ecom Express,In Transit
DLV09624,ORD09624,2025-05-22,2025-05-26,,Blue Dart,Out for Delivery
DLV09625,ORD09625,2025-11-06,2025-11-10,2025-11-11,Delhivery,Delivered
DLV09626,ORD09626,2025-08-22,2025-08-28,,Blue Dart,Out for Delivery
DLV09627,ORD09627,2025-10-08,2025-10-10,,DTDC,Out for Delivery
DLV09628,ORD09628,2025-08-15,2025-08-18,2025-08-19,Delhivery,Delivered
DLV09629,ORD09629,2025-05-15,2025-05-21,,DTDC,Failed
DLV09630,ORD09630,2025-03-13,2025-03-19,,Ecom Express,Delayed
DLV09631,ORD09631,2025-01-01,2025-01-04,,DTDC,Failed
DLV09632,ORD09632,2025-03-23,2025-03-29,,Blue Dart,Delayed
DLV09633,ORD09633,2025-01-15,2025-01-18,,Delhivery,Failed
DLV09634,ORD09634,2025-02-10,2025-02-13,,XpressBees,In Transit
DLV09635,ORD09635,2025-05-04,2025-05-11,,Ecom Express,In Transit
DLV09636,ORD09636,2025-02-01,2025-02-06,2025-02-05,DTDC,Delivered
DLV09637,ORD09637,2025-12-16,2025-12-20,,Blue Dart,In Transit
DLV09638,ORD09638,2025-09-28,2025-10-01,,XpressBees,Delayed
DLV09639,ORD09639,2025-03-10,2025-03-12,,XpressBees,In Transit
DLV09640,ORD09640,2025-04-21,2025-04-24,,DTDC,Out for Delivery
DLV09641,ORD09641,2025-02-04,2025-02-10,,XpressBees,Out for Delivery
DLV09642,ORD09642,2025-05-14,2025-05-17,,Ecom Express,Out for Delivery
DLV09643,ORD09643,2025-10-12,2025-10-14,,Blue Dart,Failed
DLV09644,ORD09644,2025-05-20,2025-05-27,2025-05-29,XpressBees,Delivered
DLV09645,ORD09645,2025-03-05,2025-03-08,,XpressBees,In Transit
DLV09646,ORD09646,2025-01-02,2025-01-08,,DTDC,In Transit
DLV09647,ORD09647,2025-09-15,2025-09-17,,Blue Dart,Out for Delivery
DLV09648,ORD09648,2025-11-10,2025-11-13,,Ecom Express,Out for Delivery
DLV09649,ORD09649,2025-05-13,2025-05-20,,Ecom Express,Out for Delivery
DLV09650,ORD09650,2025-04-25,2025-04-28,2025-04-29,XpressBees,Delivered
DLV09651,ORD09651,2025-04-10,2025-04-12,,Delhivery,Delayed
DLV09652,ORD09652,2025-11-14,2025-11-16,,Delhivery,Out for Delivery
DLV09653,ORD09653,2025-06-30,2025-07-03,,Ecom Express,In Transit
DLV09654,ORD09654,2025-05-28,2025-05-31,2025-06-03,Blue Dart,Delivered
DLV09655,ORD09655,2025-09-22,2025-09-27,,Delhivery,In Transit
DLV09656,ORD09656,2025-05-16,2025-05-21,,DTDC,Delayed
DLV09657,ORD09657,2025-11-17,2025-11-23,,DTDC,Delayed
DLV09658,ORD09658,2025-08-23,2025-08-26,2025-08-25,Blue Dart,Delivered
DLV09659,ORD09659,2025-06-10,2025-06-12,,XpressBees,In Transit
DLV09660,ORD09660,2025-08-07,2025-08-12,,Ecom Express,Delayed
DLV09661,ORD09661,2025-07-31,2025-08-07,,DTDC,Failed
DLV09662,ORD09662,2025-10-11,2025-10-14,,Delhivery,Delayed
DLV09663,ORD09663,2025-06-17,2025-06-21,2025-06-21,Ecom Express,Delivered
DLV09664,ORD09664,2025-10-28,2025-11-01,,XpressBees,Delayed
DLV09665,ORD09665,2025-11-06,2025-11-12,2025-11-15,Ecom Express,Delivered
DLV09666,ORD09666,2025-10-29,2025-11-02,2025-11-05,Blue Dart,Delivered
DLV09667,ORD09667,2025-06-17,2025-06-24,2025-06-25,DTDC,Delivered
DLV09668,ORD09668,2025-07-14,2025-07-19,2025-07-18,Ecom Express,Delivered
DLV09669,ORD09669,2025-10-11,2025-10-15,,XpressBees,Failed
DLV09670,ORD09670,2025-10-17,2025-10-19,,Blue Dart,Delayed
DLV09671,ORD09671,2025-01-13,2025-01-18,,XpressBees,Delayed
DLV09672,ORD09672,2025-08-29,2025-09-03,,DTDC,Failed
DLV09673,ORD09673,2025-05-08,2025-05-14,,Delhivery,Failed
DLV09674,ORD09674,2025-02-12,2025-02-19,,Ecom Express,Failed
DLV09675,ORD09675,2025-05-10,2025-05-12,2025-05-15,DTDC,Delivered
DLV09676,ORD09676,2025-02-19,2025-02-26,,XpressBees,In Transit
DLV09677,ORD09677,2025-09-09,2025-09-15,,DTDC,In Transit
DLV09678,ORD09678,2025-06-24,2025-06-30,,Delhivery,In Transit
DLV09679,ORD09679,2025-02-27,2025-03-06,,XpressBees,Out for Delivery
DLV09680,ORD09680,2025-12-09,2025-12-12,2025-12-13,DTDC,Delivered
DLV09681,ORD09681,2025-03-21,2025-03-27,,XpressBees,In Transit
DLV09682,ORD09682,2025-06-05,2025-06-11,2025-06-13,Delhivery,Delivered
DLV09683,ORD09683,2025-09-24,2025-10-01,,XpressBees,In Transit
DLV09684,ORD09684,2025-10-01,2025-10-04,,Ecom Express,In Transit
DLV09685,ORD09685,2025-03-17,2025-03-24,,XpressBees,Failed
DLV09686,ORD09686,2025-08-03,2025-08-06,,Blue Dart,Out for Delivery
DLV09687,ORD09687,2025-05-08,2025-05-10,2025-05-09,XpressBees,Delivered
DLV09688,ORD09688,2025-09-23,2025-09-28,,DTDC,In Transit
DLV09689,ORD09689,2025-04-15,2025-04-22,,Blue Dart,Out for Delivery
DLV09690,ORD09690,2025-08-09,2025-08-16,,Ecom Express,In Transit
DLV09691,ORD09691,2025-07-19,2025-07-22,2025-07-22,Ecom Express,Delivered
DLV09692,ORD09692,2025-11-20,2025-11-22,,Blue Dart,In Transit
DLV09693,ORD09693,2025-12-25,2025-12-29,,XpressBees,In Transit
DLV09694,ORD09694,2025-01-26,2025-02-02,,DTDC,In Transit
DLV09695,ORD09695,2025-02-18,2025-02-21,,DTDC,Failed
DLV09696,ORD09696,2025-08-05,2025-08-10,2025-08-09,DTDC,Delivered
DLV09697,ORD09697,2025-10-04,2025-10-06,2025-10-06,XpressBees,Delivered
DLV09698,ORD09698,2025-09-09,2025-09-16,,Ecom Express,Delayed
DLV09699,ORD09699,2025-10-17,2025-10-19,2025-10-19,XpressBees,Delivered
DLV09700,ORD09700,2025-01-08,2025-01-15,,XpressBees,Delayed
DLV09701,ORD09701,2025-07-24,2025-07-27,,DTDC,Delayed
DLV09702,ORD09702,2025-03-01,2025-03-03,,Delhivery,Out for Delivery
DLV09703,ORD09703,2025-11-04,2025-11-08,2025-11-08,XpressBees,Delivered
DLV09704,ORD09704,2025-08-29,2025-09-05,,XpressBees,Delayed
DLV09705,ORD09705,2025-03-28,2025-04-04,,Blue Dart,Out for Delivery
DLV09706,ORD09706,2025-05-29,2025-06-03,,Delhivery,In Transit
DLV09707,ORD09707,2025-05-30,2025-06-02,,Ecom Express,Out for Delivery
DLV09708,ORD09708,2025-03-04,2025-03-10,,Blue Dart,Out for Delivery
DLV09709,ORD09709,2025-05-07,2025-05-09,,Delhivery,In Transit
DLV09710,ORD09710,2025-08-08,2025-08-14,,Delhivery,Delayed
DLV09711,ORD09711,2025-06-16,2025-06-22,2025-06-24,XpressBees,Delivered
DLV09712,ORD09712,2025-12-24,2025-12-27,,DTDC,Out for Delivery
DLV09713,ORD09713,2025-01-20,2025-01-23,,Blue Dart,In Transit
DLV09714,ORD09714,2025-11-06,2025-11-11,,DTDC,In Transit
DLV09715,ORD09715,2025-11-22,2025-11-28,2025-11-27,Ecom Express,Delivered
DLV09716,ORD09716,2025-05-24,2025-05-29,,Ecom Express,Failed
DLV09717,ORD09717,2025-05-17,2025-05-23,,XpressBees,Delayed
DLV09718,ORD09718,2025-07-18,2025-07-21,,XpressBees,In Transit
DLV09719,ORD09719,2025-05-06,2025-05-09,,Delhivery,Out for Delivery
DLV09720,ORD09720,2025-05-13,2025-05-16,2025-05-16,DTDC,Delivered
DLV09721,ORD09721,2025-09-17,2025-09-19,,Delhivery,Out for Delivery
DLV09722,ORD09722,2025-09-19,2025-09-24,,XpressBees,In Transit
DLV09723,ORD09723,2025-04-04,2025-04-11,,XpressBees,Out for Delivery
DLV09724,ORD09724,2025-10-03,2025-10-08,,Delhivery,Out for Delivery
DLV09725,ORD09725,2025-04-23,2025-04-26,,XpressBees,Out for Delivery
DLV09726,ORD09726,2025-03-12,2025-03-17,2025-03-17,XpressBees,Delivered
DLV09727,ORD09727,2025-05-26,2025-05-31,,Blue Dart,Delayed
DLV09728,ORD09728,2025-10-16,2025-10-19,,XpressBees,Failed
DLV09729,ORD09729,2025-03-19,2025-03-22,2025-03-21,Delhivery,Delivered
DLV09730,ORD09730,2025-07-05,2025-07-08,,XpressBees,Out for Delivery
DLV09731,ORD09731,2025-09-27,2025-09-29,,DTDC,Failed
DLV09732,ORD09732,2025-08-29,2025-09-01,,Ecom Express,Failed
DLV09733,ORD09733,2025-09-01,2025-09-03,,Delhivery,In Transit
DLV09734,ORD09734,2025-06-13,2025-06-16,,Blue Dart,Delayed
DLV09735,ORD09735,2025-07-23,2025-07-27,,Blue Dart,Delayed
DLV09736,ORD09736,2025-12-19,2025-12-21,,XpressBees,In Transit
DLV09737,ORD09737,2025-06-26,2025-06-28,,Blue Dart,Out for Delivery
DLV09738,ORD09738,2025-03-17,2025-03-19,,Delhivery,In Transit
DLV09739,ORD09739,2025-12-08,2025-12-11,,Delhivery,In Transit
DLV09740,ORD09740,2025-10-24,2025-10-31,,Ecom Express,Failed
DLV09741,ORD09741,2025-02-20,2025-02-24,,Delhivery,Delayed
DLV09742,ORD09742,2025-11-20,2025-11-22,,DTDC,In Transit
DLV09743,ORD09743,2025-11-21,2025-11-26,2025-11-28,XpressBees,Delivered
DLV09744,ORD09744,2025-03-24,2025-03-29,,Delhivery,Out for Delivery
DLV09745,ORD09745,2025-12-12,2025-12-15,,Delhivery,In Transit
DLV09746,ORD09746,2025-02-08,2025-02-13,,DTDC,Delayed
DLV09747,ORD09747,2025-02-06,2025-02-11,2025-02-10,Ecom Express,Delivered
DLV09748,ORD09748,2025-01-16,2025-01-22,,XpressBees,In Transit
DLV09749,ORD09749,2025-10-15,2025-10-19,2025-10-22,Blue Dart,Delivered
DLV09750,ORD09750,2025-10-12,2025-10-18,,DTDC,Out for Delivery
DLV09751,ORD09751,2025-11-12,2025-11-19,,Blue Dart,Failed
DLV09752,ORD09752,2025-08-05,2025-08-09,,Ecom Express,Out for Delivery
DLV09753,ORD09753,2025-10-17,2025-10-23,,XpressBees,Delayed
DLV09754,ORD09754,2025-02-20,2025-02-23,,Delhivery,Out for Delivery
DLV09755,ORD09755,2025-01-30,2025-02-03,,Ecom Express,Delayed
DLV09756,ORD09756,2025-11-03,2025-11-08,,Blue Dart,Delayed
DLV09757,ORD09757,2025-08-18,2025-08-22,,XpressBees,Failed
DLV09758,ORD09758,2025-06-22,2025-06-24,,Ecom Express,Out for Delivery
DLV09759,ORD09759,2025-04-08,2025-04-13,,Blue Dart,Delayed
DLV09760,ORD09760,2025-11-25,2025-12-02,,DTDC,Failed
DLV09761,ORD09761,2025-05-17,2025-05-21,,Blue Dart,Delayed
DLV09762,ORD09762,2025-01-23,2025-01-28,,Delhivery,Failed
DLV09763,ORD09763,2025-01-16,2025-01-23,,XpressBees,Failed
DLV09764,ORD09764,2025-06-26,2025-07-01,,Blue Dart,Delayed
DLV09765,ORD09765,2025-07-07,2025-07-12,2025-07-12,Delhivery,Delivered
DLV09766,ORD09766,2025-02-05,2025-02-08,,DTDC,In Transit
DLV09767,ORD09767,2025-05-22,2025-05-28,,XpressBees,Failed
DLV09768,ORD09768,2025-08-01,2025-08-07,2025-08-10,Ecom Express,Delivered
DLV09769,ORD09769,2025-10-11,2025-10-13,,Delhivery,Delayed
DLV09770,ORD09770,2025-03-13,2025-03-20,,Ecom Express,Failed
DLV09771,ORD09771,2025-10-06,2025-10-11,,Ecom Express,In Transit
DLV09772,ORD09772,2025-09-13,2025-09-19,,DTDC,In Transit
DLV09773,ORD09773,2025-11-13,2025-11-16,,XpressBees,Failed
DLV09774,ORD09774,2025-07-28,2025-08-02,,Delhivery,In Transit
DLV09775,ORD09775,2025-07-24,2025-07-31,,Delhivery,Failed
DLV09776,ORD09776,2025-05-02,2025-05-09,,XpressBees,Delayed
DLV09777,ORD09777,2025-10-13,2025-10-16,,XpressBees,In Transit
DLV09778,ORD09778,2025-01-12,2025-01-18,,Blue Dart,Out for Delivery
DLV09779,ORD09779,2025-11-16,2025-11-18,,Blue Dart,Delayed
DLV09780,ORD09780,2025-07-10,2025-07-14,,Ecom Express,Out for Delivery
DLV09781,ORD09781,2025-07-17,2025-07-19,,Blue Dart,Failed
DLV09782,ORD09782,2025-10-22,2025-10-24,,XpressBees,Out for Delivery
DLV09783,ORD09783,2025-12-17,2025-12-19,,Delhivery,Out for Delivery
DLV09784,ORD09784,2025-08-28,2025-09-01,,Blue Dart,Failed
DLV09785,ORD09785,2025-07-12,2025-07-18,2025-07-20,Delhivery,Delivered
DLV09786,ORD09786,2025-08-10,2025-08-17,,XpressBees,Out for Delivery
DLV09787,ORD09787,2025-11-16,2025-11-19,,Blue Dart,Failed
DLV09788,ORD09788,2025-05-21,2025-05-28,,XpressBees,In Transit
DLV09789,ORD09789,2025-04-13,2025-04-15,,Ecom Express,In Transit
DLV09790,ORD09790,2025-10-13,2025-10-20,,DTDC,In Transit
DLV09791,ORD09791,2025-09-10,2025-09-15,,XpressBees,In Transit
DLV09792,ORD09792,2025-02-18,2025-02-24,,XpressBees,Failed
DLV09793,ORD09793,2025-07-28,2025-07-31,,Ecom Express,Out for Delivery
DLV09794,ORD09794,2025-09-07,2025-09-12,,Ecom Express,In Transit
DLV09795,ORD09795,2025-07-01,2025-07-03,,Blue Dart,Failed
DLV09796,ORD09796,2025-08-22,2025-08-27,,Blue Dart,In Transit
DLV09797,ORD09797,2025-04-21,2025-04-28,,DTDC,Failed
DLV09798,ORD09798,2025-08-03,2025-08-05,,XpressBees,Failed
DLV09799,ORD09799,2025-08-12,2025-08-14,,Delhivery,Failed
DLV09800,ORD09800,2025-08-08,2025-08-10,2025-08-09,XpressBees,Delivered
DLV09801,ORD09801,2025-02-19,2025-02-24,,DTDC,Delayed
DLV09802,ORD09802,2025-09-27,2025-10-02,,DTDC,Failed
DLV09803,ORD09803,2025-07-31,2025-08-02,,Delhivery,In Transit
DLV09804,ORD09804,2025-12-26,2026-01-01,,Ecom Express,Failed
DLV09805,ORD09805,2025-06-19,2025-06-23,,XpressBees,Out for Delivery
DLV09806,ORD09806,2025-03-11,2025-03-14,2025-03-14,DTDC,Delivered
DLV09807,ORD09807,2025-01-10,2025-01-16,,DTDC,In Transit
DLV09808,ORD09808,2025-08-03,2025-08-09,,Blue Dart,Delayed
DLV09809,ORD09809,2025-10-03,2025-10-05,,Blue Dart,Out for Delivery
DLV09810,ORD09810,2025-01-21,2025-01-27,,Blue Dart,Failed
DLV09811,ORD09811,2025-07-23,2025-07-25,,Blue Dart,Delayed
DLV09812,ORD09812,2025-06-05,2025-06-10,,XpressBees,Out for Delivery
DLV09813,ORD09813,2025-08-04,2025-08-08,2025-08-07,XpressBees,Delivered
DLV09814,ORD09814,2025-05-30,2025-06-01,2025-06-03,Blue Dart,Delivered
DLV09815,ORD09815,2025-09-19,2025-09-22,,Delhivery,Failed
DLV09816,ORD09816,2025-09-22,2025-09-29,,Delhivery,In Transit
DLV09817,ORD09817,2025-05-31,2025-06-04,,Delhivery,Delayed
DLV09818,ORD09818,2025-11-23,2025-11-27,,Delhivery,Out for Delivery
DLV09819,ORD09819,2025-03-20,2025-03-26,,XpressBees,In Transit
DLV09820,ORD09820,2025-12-11,2025-12-15,,Ecom Express,In Transit
DLV09821,ORD09821,2025-10-20,2025-10-22,,XpressBees,Delayed
DLV09822,ORD09822,2025-10-26,2025-10-28,,Ecom Express,Out for Delivery
DLV09823,ORD09823,2025-09-18,2025-09-25,2025-09-27,DTDC,Delivered
DLV09824,ORD09824,2025-02-18,2025-02-20,,Ecom Express,In Transit
DLV09825,ORD09825,2025-12-08,2025-12-15,,DTDC,In Transit
DLV09826,ORD09826,2025-04-09,2025-04-16,2025-04-17,Ecom Express,Delivered
DLV09827,ORD09827,2025-10-03,2025-10-09,,DTDC,Out for Delivery
DLV09828,ORD09828,2025-08-07,2025-08-12,,Blue Dart,In Transit
DLV09829,ORD09829,2025-02-12,2025-02-14,,Blue Dart,In Transit
DLV09830,ORD09830,2025-11-26,2025-11-30,,XpressBees,Failed
DLV09831,ORD09831,2025-09-26,2025-10-03,,Ecom Express,In Transit
DLV09832,ORD09832,2025-11-22,2025-11-26,,XpressBees,Failed
DLV09833,ORD09833,2025-12-10,2025-12-14,,XpressBees,Out for Delivery
DLV09834,ORD09834,2025-12-21,2025-12-26,,Delhivery,Delayed
DLV09835,ORD09835,2025-04-30,2025-05-06,,Delhivery,Delayed
DLV09836,ORD09836,2025-05-24,2025-05-29,,Blue Dart,Delayed
DLV09837,ORD09837,2025-07-07,2025-07-11,2025-07-10,Blue Dart,Delivered
DLV09838,ORD09838,2025-06-20,2025-06-22,,XpressBees,In Transit
DLV09839,ORD09839,2025-05-17,2025-05-21,,Blue Dart,In Transit
DLV09840,ORD09840,2025-05-14,2025-05-21,,XpressBees,In Transit
DLV09841,ORD09841,2025-01-05,2025-01-07,,DTDC,Out for Delivery
DLV09842,ORD09842,2025-02-16,2025-02-18,,Blue Dart,Failed
DLV09843,ORD09843,2025-12-09,2025-12-15,,Blue Dart,Failed
DLV09844,ORD09844,2025-03-20,2025-03-23,,DTDC,In Transit
DLV09845,ORD09845,2025-01-12,2025-01-15,,Delhivery,Delayed
DLV09846,ORD09846,2025-12-15,2025-12-18,,Delhivery,In Transit
DLV09847,ORD09847,2025-07-11,2025-07-18,2025-07-19,Ecom Express,Delivered
DLV09848,ORD09848,2025-02-26,2025-02-28,,Blue Dart,Delayed
DLV09849,ORD09849,2025-07-31,2025-08-05,,Blue Dart,In Transit
DLV09850,ORD09850,2025-04-27,2025-05-01,,Delhivery,Delayed
DLV09851,ORD09851,2025-05-28,2025-06-04,,Ecom Express,In Transit
DLV09852,ORD09852,2025-04-17,2025-04-24,,Delhivery,Failed
DLV09853,ORD09853,2025-04-19,2025-04-23,,Ecom Express,Delayed
DLV09854,ORD09854,2025-04-16,2025-04-23,,Ecom Express,In Transit
DLV09855,ORD09855,2025-04-16,2025-04-20,,XpressBees,In Transit
DLV09856,ORD09856,2025-08-13,2025-08-17,,Blue Dart,Out for Delivery
DLV09857,ORD09857,2025-09-13,2025-09-16,,Ecom Express,Delayed
DLV09858,ORD09858,2025-04-01,2025-04-07,,Delhivery,Delayed
DLV09859,ORD09859,2025-09-23,2025-09-30,,DTDC,In Transit
DLV09860,ORD09860,2025-02-24,2025-02-28,2025-03-01,Delhivery,Delivered
DLV09861,ORD09861,2025-03-15,2025-03-21,,Delhivery,Delayed
DLV09862,ORD09862,2025-09-17,2025-09-24,,Delhivery,In Transit
DLV09863,ORD09863,2025-09-16,2025-09-21,2025-09-22,Delhivery,Delivered
DLV09864,ORD09864,2025-08-23,2025-08-28,,Ecom Express,In Transit
DLV09865,ORD09865,2025-12-26,2025-12-30,,Delhivery,In Transit
DLV09866,ORD09866,2025-11-16,2025-11-20,,DTDC,Out for Delivery
DLV09867,ORD09867,2025-02-20,2025-02-27,,XpressBees,Delayed
DLV09868,ORD09868,2025-06-24,2025-06-28,2025-06-29,Delhivery,Delivered
DLV09869,ORD09869,2025-06-02,2025-06-08,,XpressBees,Failed
DLV09870,ORD09870,2025-10-14,2025-10-18,,XpressBees,Failed
DLV09871,ORD09871,2025-11-20,2025-11-26,,DTDC,Out for Delivery
DLV09872,ORD09872,2025-03-21,2025-03-26,,Ecom Express,Delayed
DLV09873,ORD09873,2025-10-05,2025-10-07,2025-10-06,Blue Dart,Delivered
DLV09874,ORD09874,2025-10-28,2025-11-01,,XpressBees,In Transit
DLV09875,ORD09875,2025-12-12,2025-12-18,,Ecom Express,In Transit
DLV09876,ORD09876,2025-09-25,2025-09-28,2025-10-01,Delhivery,Delivered
DLV09877,ORD09877,2025-02-15,2025-02-17,,Ecom Express,Out for Delivery
DLV09878,ORD09878,2025-06-22,2025-06-25,,DTDC,Delayed
DLV09879,ORD09879,2025-06-04,2025-06-06,,XpressBees,In Transit
DLV09880,ORD09880,2025-05-25,2025-05-29,,Blue Dart,Failed
DLV09881,ORD09881,2025-10-20,2025-10-24,,Ecom Express,Delayed
DLV09882,ORD09882,2025-12-20,2025-12-26,,Delhivery,Failed
DLV09883,ORD09883,2025-02-19,2025-02-25,,Blue Dart,In Transit
DLV09884,ORD09884,2025-05-11,2025-05-16,2025-05-16,Delhivery,Delivered
DLV09885,ORD09885,2025-04-03,2025-04-06,,Ecom Express,Failed
DLV09886,ORD09886,2025-12-21,2025-12-24,,DTDC,In Transit
DLV09887,ORD09887,2025-03-15,2025-03-21,2025-03-21,DTDC,Delivered
DLV09888,ORD09888,2025-01-19,2025-01-25,,Blue Dart,Out for Delivery
DLV09889,ORD09889,2025-11-19,2025-11-24,,Blue Dart,Delayed
DLV09890,ORD09890,2025-09-18,2025-09-22,,Delhivery,Delayed
DLV09891,ORD09891,2025-03-20,2025-03-27,,Ecom Express,Out for Delivery
DLV09892,ORD09892,2025-06-29,2025-07-05,,Ecom Express,Failed
DLV09893,ORD09893,2025-05-29,2025-06-05,,Delhivery,Failed
DLV09894,ORD09894,2025-12-30,2026-01-01,,Ecom Express,Delayed
DLV09895,ORD09895,2025-12-15,2025-12-17,2025-12-16,XpressBees,Delivered
DLV09896,ORD09896,2025-09-14,2025-09-16,,Ecom Express,Delayed
DLV09897,ORD09897,2025-01-28,2025-02-04,,Ecom Express,Out for Delivery
DLV09898,ORD09898,2025-06-14,2025-06-18,,Ecom Express,Delayed
DLV09899,ORD09899,2025-11-18,2025-11-22,,XpressBees,Failed
DLV09900,ORD09900,2025-04-22,2025-04-25,2025-04-24,Blue Dart,Delivered
DLV09901,ORD09901,2025-10-08,2025-10-11,,Ecom Express,Out for Delivery
DLV09902,ORD09902,2025-06-12,2025-06-17,,XpressBees,Out for Delivery
DLV09903,ORD09903,2025-08-30,2025-09-04,2025-09-06,Ecom Express,Delivered
DLV09904,ORD09904,2025-07-23,2025-07-30,2025-08-01,Ecom Express,Delivered
DLV09905,ORD09905,2025-10-05,2025-10-07,2025-10-08,XpressBees,Delivered
DLV09906,ORD09906,2025-12-13,2025-12-16,2025-12-16,Blue Dart,Delivered
DLV09907,ORD09907,2025-06-13,2025-06-17,,Blue Dart,Delayed
DLV09908,ORD09908,2025-06-12,2025-06-14,,Delhivery,Delayed
DLV09909,ORD09909,2025-09-23,2025-09-28,,Blue Dart,Delayed
DLV09910,ORD09910,2025-05-29,2025-06-05,,XpressBees,Delayed
DLV09911,ORD09911,2025-05-23,2025-05-28,,DTDC,Out for Delivery
DLV09912,ORD09912,2025-06-29,2025-07-01,,DTDC,Failed
DLV09913,ORD09913,2025-03-07,2025-03-12,,XpressBees,Out for Delivery
DLV09914,ORD09914,2025-05-04,2025-05-07,,Ecom Express,Delayed
DLV09915,ORD09915,2025-09-02,2025-09-04,,DTDC,Failed
DLV09916,ORD09916,2025-04-26,2025-05-01,,XpressBees,Out for Delivery
DLV09917,ORD09917,2025-01-10,2025-01-12,,DTDC,In Transit
DLV09918,ORD09918,2025-03-09,2025-03-11,2025-03-13,Delhivery,Delivered
DLV09919,ORD09919,2025-01-05,2025-01-07,,XpressBees,Failed
DLV09920,ORD09920,2025-01-14,2025-01-19,,DTDC,Delayed
DLV09921,ORD09921,2025-11-30,2025-12-07,2025-12-07,Delhivery,Delivered
DLV09922,ORD09922,2025-10-28,2025-11-04,,Ecom Express,In Transit
DLV09923,ORD09923,2025-01-27,2025-02-02,,Blue Dart,Out for Delivery
DLV09924,ORD09924,2025-04-10,2025-04-13,,DTDC,In Transit
DLV09925,ORD09925,2025-09-01,2025-09-05,,Blue Dart,In Transit
DLV09926,ORD09926,2025-02-13,2025-02-17,,DTDC,Failed
DLV09927,ORD09927,2025-10-21,2025-10-24,,XpressBees,Out for Delivery
DLV09928,ORD09928,2025-07-03,2025-07-09,,XpressBees,Delayed
DLV09929,ORD09929,2025-05-29,2025-06-02,,Ecom Express,In Transit
DLV09930,ORD09930,2025-04-12,2025-04-15,,Blue Dart,Delayed
DLV09931,ORD09931,2025-12-20,2025-12-24,,Ecom Express,In Transit
DLV09932,ORD09932,2025-09-12,2025-09-16,,Ecom Express,Delayed
DLV09933,ORD09933,2025-05-31,2025-06-06,,Ecom Express,Delayed
DLV09934,ORD09934,2025-02-05,2025-02-12,2025-02-14,Ecom Express,Delivered
DLV09935,ORD09935,2025-07-01,2025-07-07,,Delhivery,Out for Delivery
DLV09936,ORD09936,2025-12-06,2025-12-11,,XpressBees,Out for Delivery
DLV09937,ORD09937,2025-10-01,2025-10-08,,Blue Dart,In Transit
DLV09938,ORD09938,2025-01-29,2025-02-02,,Ecom Express,Failed
DLV09939,ORD09939,2025-09-10,2025-09-12,,Ecom Express,Failed
DLV09940,ORD09940,2025-08-17,2025-08-20,,Delhivery,Failed
DLV09941,ORD09941,2025-03-14,2025-03-17,,Blue Dart,In Transit
DLV09942,ORD09942,2025-08-06,2025-08-09,,Ecom Express,Delayed
DLV09943,ORD09943,2025-01-10,2025-01-17,2025-01-20,Delhivery,Delivered
DLV09944,ORD09944,2025-01-09,2025-01-16,,DTDC,Delayed
DLV09945,ORD09945,2025-09-07,2025-09-09,,Blue Dart,Failed
DLV09946,ORD09946,2025-01-09,2025-01-15,,XpressBees,Failed
DLV09947,ORD09947,2025-02-02,2025-02-04,2025-02-03,Ecom Express,Delivered
DLV09948,ORD09948,2025-04-16,2025-04-22,,Blue Dart,In Transit
DLV09949,ORD09949,2025-02-19,2025-02-26,,XpressBees,Failed
DLV09950,ORD09950,2025-11-13,2025-11-20,,Blue Dart,Failed
DLV09951,ORD09951,2025-06-02,2025-06-06,,Delhivery,Out for Delivery
DLV09952,ORD09952,2025-04-08,2025-04-12,,XpressBees,In Transit
DLV09953,ORD09953,2025-08-13,2025-08-15,,Delhivery,In Transit
DLV09954,ORD09954,2025-08-23,2025-08-28,,Blue Dart,In Transit
DLV09955,ORD09955,2025-05-13,2025-05-15,2025-05-14,Ecom Express,Delivered
DLV09956,ORD09956,2025-07-26,2025-07-31,,DTDC,Failed
DLV09957,ORD09957,2025-01-09,2025-01-13,,Delhivery,Failed
DLV09958,ORD09958,2025-03-21,2025-03-23,,Delhivery,Out for Delivery
DLV09959,ORD09959,2025-01-27,2025-01-30,,XpressBees,Delayed
DLV09960,ORD09960,2025-09-23,2025-09-29,,XpressBees,Delayed
DLV09961,ORD09961,2025-04-03,2025-04-10,,DTDC,Delayed
DLV09962,ORD09962,2025-05-10,2025-05-16,,DTDC,In Transit
DLV09963,ORD09963,2025-06-29,2025-07-03,,DTDC,In Transit
DLV09964,ORD09964,2025-08-31,2025-09-06,,Ecom Express,Failed
DLV09965,ORD09965,2025-08-31,2025-09-06,,Ecom Express,Delayed
DLV09966,ORD09966,2025-03-01,2025-03-05,,Ecom Express,Out for Delivery
DLV09967,ORD09967,2025-04-05,2025-04-12,,XpressBees,Delayed
DLV09968,ORD09968,2025-04-10,2025-04-12,,DTDC,In Transit
DLV09969,ORD09969,2025-03-29,2025-04-02,,Ecom Express,Out for Delivery
DLV09970,ORD09970,2025-05-29,2025-05-31,2025-06-03,DTDC,Delivered
DLV09971,ORD09971,2025-08-10,2025-08-16,,XpressBees,Out for Delivery
DLV09972,ORD09972,2025-09-02,2025-09-08,2025-09-09,Ecom Express,Delivered
DLV09973,ORD09973,2025-09-26,2025-09-30,2025-09-29,Blue Dart,Delivered
DLV09974,ORD09974,2025-08-25,2025-09-01,2025-09-04,Blue Dart,Delivered
DLV09975,ORD09975,2025-09-26,2025-09-29,,Ecom Express,Failed
DLV09976,ORD09976,2025-03-05,2025-03-08,2025-03-11,XpressBees,Delivered
DLV09977,ORD09977,2025-04-25,2025-04-27,,XpressBees,Delayed
DLV09978,ORD09978,2025-10-23,2025-10-25,,DTDC,In Transit
DLV09979,ORD09979,2025-06-03,2025-06-07,,Blue Dart,Failed
DLV09980,ORD09980,2025-08-06,2025-08-11,,Blue Dart,Delayed
DLV09981,ORD09981,2025-06-19,2025-06-21,,Delhivery,Failed
DLV09982,ORD09982,2025-01-27,2025-01-29,,Delhivery,Failed
DLV09983,ORD09983,2025-12-22,2025-12-24,,XpressBees,Failed
DLV09984,ORD09984,2025-05-03,2025-05-05,,DTDC,Delayed
DLV09985,ORD09985,2025-12-06,2025-12-11,,Delhivery,Failed
DLV09986,ORD09986,2025-02-25,2025-03-01,,Blue Dart,Delayed
DLV09987,ORD09987,2025-09-02,2025-09-04,,Blue Dart,Out for Delivery
DLV09988,ORD09988,2025-05-10,2025-05-13,,Delhivery,Out for Delivery
DLV09989,ORD09989,2025-04-06,2025-04-12,,Blue Dart,Out for Delivery
DLV09990,ORD09990,2025-08-01,2025-08-04,2025-08-05,Blue Dart,Delivered
DLV09991,ORD09991,2025-02-06,2025-02-09,2025-02-12,DTDC,Delivered
DLV09992,ORD09992,2025-01-07,2025-01-10,,DTDC,Delayed
DLV09993,ORD09993,2025-04-26,2025-05-02,,XpressBees,Delayed
DLV09994,ORD09994,2025-08-11,2025-08-17,,DTDC,Failed
DLV09995,ORD09995,2025-06-23,2025-06-27,,Delhivery,Out for Delivery
DLV09996,ORD09996,2025-08-18,2025-08-21,,DTDC,Out for Delivery
DLV09997,ORD09997,2025-10-21,2025-10-23,,XpressBees,Delayed
DLV09998,ORD09998,2025-12-21,2025-12-28,,Delhivery,Delayed
DLV09999,ORD09999,2025-01-28,2025-02-04,,DTDC,Failed
DLV10000,ORD10000,2025-11-23,2025-11-25,,XpressBees,Out for Delivery
