order_id,customer_id,product_id,order_date,qty,unit_price,payment_method,order_status
ORD00001,CST1479,PRD0315,2025-07-03,6,67666.1,UPI,Shipped
ORD00002,CST0093,PRD0289,2025-10-15,6,484419.64,Net Banking,Delivered
ORD00003,CST0386,PRD0509,2025-01-31,1,449794.29,Net Banking,Processing
ORD00004,CST2782,PRD0237,2025-09-30,4,45392.84,Debit Card,Shipped
ORD00005,CST3041,PRD0156,2025-10-27,10,259678.66,UPI,Cancelled
ORD00006,CST1037,PRD0262,2025-04-03,2,71701.07,Credit Card,Shipped
ORD00007,CST0248,PRD0185,2025-05-03,7,382123.7,Credit Card,Delivered
ORD00008,CST4291,PRD0579,2025-10-23,3,163261.73,Credit Card,Cancelled
ORD00009,CST3647,PRD0058,2025-12-06,10,274202.64,Debit Card,Shipped
ORD00010,CST0196,PRD0104,2025-11-19,3,343413.97,Cash on Delivery,Processing
ORD00011,CST4344,PRD0992,2025-07-01,7,394941.19,Debit Card,Processing
ORD00012,CST0835,PRD0991,2025-06-05,5,372709.84,UPI,Processing
ORD00013,CST1136,PRD0711,2025-07-11,8,80496.35,UPI,Cancelled
ORD00014,CST2280,PRD0871,2025-04-29,1,29060.59,Net Banking,Delivered
ORD00015,CST4946,PRD0012,2025-04-11,2,423350.6,Cash on Delivery,Shipped
ORD00016,CST0523,PRD0776,2025-08-07,1,269325.44,Cash on Delivery,Processing
ORD00017,CST0394,PRD0536,2025-02-10,7,311946.86,Cash on Delivery,Processing
ORD00018,CST4315,PRD0032,2025-07-21,7,440662.44,UPI,Shipped
ORD00019,CST1661,PRD0761,2025-10-12,3,358469.67,UPI,Shipped
ORD00020,CST3454,PRD0762,2025-11-07,1,380190.91,Cash on Delivery,Delivered
ORD00021,CST0630,PRD0858,2025-05-11,6,364896.12,Net Banking,Delivered
ORD00022,CST4591,PRD0546,2025-04-26,8,20751.92,Net Banking,Shipped
ORD00023,CST0567,PRD0952,2025-06-26,2,489910.94,Debit Card,Shipped
ORD00024,CST4098,PRD0772,2025-01-31,7,435091.54,Net Banking,Cancelled
ORD00025,CST1861,PRD0142,2025-01-12,3,276351.39,Debit Card,Cancelled
ORD00026,CST2310,PRD0382,2025-10-17,6,457969.15,Credit Card,Shipped
ORD00027,CST2915,PRD0730,2025-10-28,5,133552.82,Debit Card,Shipped
ORD00028,CST2942,PRD0463,2025-03-12,8,24303.03,UPI,Delivered
ORD00029,CST1723,PRD0467,2025-09-14,3,74123.04,Debit Card,Cancelled
ORD00030,CST0567,PRD0171,2025-03-28,7,244653.73,Debit Card,Cancelled
ORD00031,CST1725,PRD0062,2025-01-23,4,7644.0,Net Banking,Shipped
ORD00032,CST1205,PRD0666,2025-06-21,1,3046.53,Debit Card,Shipped
ORD00033,CST1812,PRD0980,2025-10-01,4,163280.99,Debit Card,Shipped
ORD00034,CST1291,PRD0442,2025-02-25,5,465783.01,Net Banking,Cancelled
ORD00035,CST2253,PRD0350,2025-12-29,9,117146.45,Net Banking,Processing
ORD00036,CST2631,PRD0766,2025-06-28,8,17048.03,UPI,Processing
ORD00037,CST2400,PRD0248,2025-09-24,7,293696.67,Cash on Delivery,Cancelled
ORD00038,CST2028,PRD0069,2025-10-15,4,12944.23,Credit Card,Processing
ORD00039,CST0471,PRD0457,2025-05-20,1,450517.49,UPI,Cancelled
ORD00040,CST2818,PRD0004,2025-01-04,8,480235.53,Credit Card,Processing
ORD00041,CST0616,PRD0715,2025-06-05,6,94447.48,UPI,Processing
ORD00042,CST1240,PRD0592,2025-05-21,10,289106.2,Cash on Delivery,Cancelled
ORD00043,CST0237,PRD0958,2025-06-15,6,95954.81,UPI,Delivered
ORD00044,CST4799,PRD0085,2025-01-26,2,430414.2,Debit Card,Delivered
ORD00045,CST0790,PRD0953,2025-02-26,7,336157.84,Credit Card,Shipped
ORD00046,CST0925,PRD0223,2025-04-10,10,463774.72,Cash on Delivery,Cancelled
ORD00047,CST2644,PRD0916,2025-01-06,8,388891.05,Debit Card,Cancelled
ORD00048,CST0241,PRD0057,2025-09-05,2,436271.34,UPI,Shipped
ORD00049,CST0650,PRD0498,2025-07-22,10,137312.73,Credit Card,Cancelled
ORD00050,CST4991,PRD0787,2025-08-24,10,196082.64,UPI,Shipped
ORD00051,CST0598,PRD0036,2025-07-27,5,14285.8,Cash on Delivery,Processing
ORD00052,CST3789,PRD0909,2025-12-28,8,278679.94,UPI,Delivered
ORD00053,CST4684,PRD0251,2025-11-30,5,17635.27,UPI,Processing
ORD00054,CST0659,PRD0361,2025-04-27,8,365624.7,Debit Card,Cancelled
ORD00055,CST4543,PRD0551,2025-01-25,6,150040.96,Debit Card,Shipped
ORD00056,CST3161,PRD0415,2025-11-21,10,379456.13,UPI,Processing
ORD00057,CST4016,PRD0313,2025-08-26,1,248044.63,UPI,Delivered
ORD00058,CST2145,PRD0754,2025-04-09,5,126509.66,UPI,Shipped
ORD00059,CST3848,PRD0936,2025-10-15,4,260392.6,Debit Card,Shipped
ORD00060,CST4184,PRD0837,2025-03-23,7,454982.05,UPI,Shipped
ORD00061,CST3904,PRD0919,2025-10-19,6,490508.58,Debit Card,Shipped
ORD00062,CST3322,PRD0640,2025-03-19,7,61100.99,Debit Card,Cancelled
ORD00063,CST1321,PRD0664,2025-03-12,1,212635.08,Debit Card,Shipped
ORD00064,CST3773,PRD0726,2025-06-04,10,123657.51,Net Banking,Delivered
ORD00065,CST3966,PRD0867,2025-05-23,4,131817.83,UPI,Delivered
ORD00066,CST1039,PRD0826,2025-09-09,3,318147.75,UPI,Cancelled
ORD00067,CST2321,PRD0255,2025-01-17,3,161716.33,UPI,Shipped
ORD00068,CST4458,PRD0873,2025-10-10,5,236000.43,UPI,Cancelled
ORD00069,CST2904,PRD0173,2025-03-31,5,203316.2,Cash on Delivery,Processing
ORD00070,CST0358,PRD0793,2025-12-13,3,410776.66,Debit Card,Delivered
ORD00071,CST3222,PRD0402,2025-03-09,8,257726.77,Cash on Delivery,Cancelled
ORD00072,CST1097,PRD0381,2025-02-12,9,418034.68,Debit Card,Shipped
ORD00073,CST0465,PRD0500,2025-12-27,8,127359.0,Cash on Delivery,Delivered
ORD00074,CST1720,PRD0121,2025-12-30,10,275088.86,Credit Card,Cancelled
ORD00075,CST1489,PRD0710,2025-10-12,3,402633.23,Net Banking,Delivered
ORD00076,CST4781,PRD0967,2025-01-09,7,280971.94,Debit Card,Delivered
ORD00077,CST2515,PRD0996,2025-03-07,3,263832.1,Net Banking,Shipped
ORD00078,CST2212,PRD0362,2025-11-12,5,486036.29,UPI,Processing
ORD00079,CST1192,PRD0694,2025-10-29,2,157260.4,UPI,Delivered
ORD00080,CST4601,PRD0352,2025-10-15,10,107362.57,Credit Card,Processing
ORD00081,CST0162,PRD0307,2025-03-04,6,126220.86,Debit Card,Cancelled
ORD00082,CST3108,PRD0054,2025-06-24,2,403175.85,Credit Card,Cancelled
ORD00083,CST4952,PRD0858,2025-03-27,9,364896.12,Net Banking,Processing
ORD00084,CST0725,PRD0783,2025-05-04,7,18194.12,Debit Card,Delivered
ORD00085,CST1881,PRD0210,2025-07-06,8,417928.44,Net Banking,Delivered
ORD00086,CST1208,PRD0035,2025-12-27,9,435053.37,Credit Card,Shipped
ORD00087,CST4425,PRD0386,2025-02-26,3,381716.79,Credit Card,Shipped
ORD00088,CST3822,PRD0680,2025-09-29,5,109847.73,Cash on Delivery,Shipped
ORD00089,CST1786,PRD0571,2025-05-11,10,476165.3,Net Banking,Shipped
ORD00090,CST0460,PRD0870,2025-12-25,9,134831.47,Net Banking,Processing
ORD00091,CST4329,PRD0233,2025-10-07,10,444388.32,Credit Card,Delivered
ORD00092,CST3472,PRD0293,2025-10-17,4,132001.56,Debit Card,Processing
ORD00093,CST0037,PRD0764,2025-11-15,2,445630.8,Credit Card,Shipped
ORD00094,CST4281,PRD0578,2025-07-29,8,494167.71,UPI,Cancelled
ORD00095,CST2017,PRD0343,2025-02-25,3,39399.13,Credit Card,Cancelled
ORD00096,CST1060,PRD0923,2025-02-19,4,144000.38,Cash on Delivery,Cancelled
ORD00097,CST2204,PRD0938,2025-12-29,8,418105.61,Net Banking,Processing
ORD00098,CST2764,PRD0245,2025-01-11,3,141293.88,Net Banking,Delivered
ORD00099,CST2736,PRD0595,2025-09-17,7,68955.26,Debit Card,Cancelled
ORD00100,CST0747,PRD0644,2025-02-08,2,363392.56,Net Banking,Shipped
ORD00101,CST1160,PRD0511,2025-02-09,9,303669.84,Credit Card,Delivered
ORD00102,CST1677,PRD0471,2025-06-26,8,216734.98,Cash on Delivery,Cancelled
ORD00103,CST2183,PRD0904,2025-01-15,5,78739.38,UPI,Cancelled
ORD00104,CST2736,PRD0507,2025-04-08,4,191744.36,Debit Card,Delivered
ORD00105,CST1035,PRD0166,2025-11-13,1,482339.14,UPI,Delivered
ORD00106,CST1347,PRD0836,2025-08-08,6,399271.45,Debit Card,Processing
ORD00107,CST2155,PRD0318,2025-09-13,6,13345.53,UPI,Shipped
ORD00108,CST2725,PRD0181,2025-11-13,8,182672.1,Cash on Delivery,Processing
ORD00109,CST0125,PRD0269,2025-09-27,2,399155.98,Debit Card,Delivered
ORD00110,CST0477,PRD0456,2025-09-08,10,256185.33,Debit Card,Delivered
ORD00111,CST0049,PRD0174,2025-07-14,2,468347.49,Credit Card,Shipped
ORD00112,CST0301,PRD0113,2025-07-04,2,480366.85,Debit Card,Processing
ORD00113,CST1741,PRD0302,2025-11-13,9,429435.64,UPI,Processing
ORD00114,CST2479,PRD0466,2025-03-15,9,135125.57,Debit Card,Shipped
ORD00115,CST2341,PRD0638,2025-06-06,2,205679.69,Cash on Delivery,Processing
ORD00116,CST0543,PRD0781,2025-05-20,10,401973.77,UPI,Processing
ORD00117,CST0011,PRD0201,2025-01-26,10,183966.16,Credit Card,Shipped
ORD00118,CST0922,PRD0606,2025-05-07,10,58545.66,Credit Card,Delivered
ORD00119,CST0523,PRD0750,2025-04-16,7,363202.4,Net Banking,Shipped
ORD00120,CST3400,PRD0070,2025-02-27,10,245276.45,Cash on Delivery,Processing
ORD00121,CST3204,PRD0202,2025-05-21,7,165292.73,Cash on Delivery,Shipped
ORD00122,CST3169,PRD0443,2025-05-14,1,450257.21,UPI,Shipped
ORD00123,CST2136,PRD0195,2025-03-28,3,291033.01,Credit Card,Cancelled
ORD00124,CST3157,PRD0432,2025-07-07,9,108369.1,Net Banking,Shipped
ORD00125,CST4948,PRD0344,2025-02-28,9,71241.49,Net Banking,Shipped
ORD00126,CST1284,PRD0272,2025-04-12,5,288054.49,Net Banking,Cancelled
ORD00127,CST1281,PRD0007,2025-03-04,10,56943.72,Credit Card,Processing
ORD00128,CST1710,PRD0098,2025-04-22,5,91723.55,Credit Card,Processing
ORD00129,CST1294,PRD0126,2025-03-26,1,349206.68,Net Banking,Processing
ORD00130,CST0024,PRD0728,2025-09-27,3,466065.61,Debit Card,Processing
ORD00131,CST3035,PRD0271,2025-06-04,7,482671.43,Cash on Delivery,Cancelled
ORD00132,CST4814,PRD0266,2025-06-27,8,51510.64,Cash on Delivery,Processing
ORD00133,CST2740,PRD0306,2025-03-01,5,189592.38,Debit Card,Cancelled
ORD00134,CST0491,PRD0092,2025-11-04,9,134866.12,Cash on Delivery,Delivered
ORD00135,CST3915,PRD0935,2025-07-27,10,55002.05,Cash on Delivery,Processing
ORD00136,CST1076,PRD0931,2025-01-13,7,222034.09,Credit Card,Cancelled
ORD00137,CST3504,PRD0347,2025-10-06,1,316813.1,Cash on Delivery,Delivered
ORD00138,CST0325,PRD0895,2025-04-01,6,248626.16,Cash on Delivery,Processing
ORD00139,CST0008,PRD0436,2025-06-13,8,8224.67,UPI,Cancelled
ORD00140,CST4628,PRD0132,2025-05-01,3,428887.21,Credit Card,Delivered
ORD00141,CST3842,PRD0338,2025-09-14,7,195645.41,Debit Card,Shipped
ORD00142,CST4007,PRD0699,2025-03-15,4,394615.9,Net Banking,Processing
ORD00143,CST1222,PRD0378,2025-02-02,5,293062.88,Debit Card,Shipped
ORD00144,CST4661,PRD0276,2025-11-09,10,219495.98,Debit Card,Shipped
ORD00145,CST0514,PRD0653,2025-09-04,5,134033.29,Debit Card,Cancelled
ORD00146,CST4565,PRD0451,2025-09-07,4,381328.13,Net Banking,Cancelled
ORD00147,CST2139,PRD0515,2025-09-11,9,140795.33,UPI,Delivered
ORD00148,CST4971,PRD0727,2025-06-26,6,367187.83,Credit Card,Shipped
ORD00149,CST1563,PRD0034,2025-09-11,6,481216.6,Cash on Delivery,Delivered
ORD00150,CST0024,PRD0086,2025-10-14,9,29313.76,Cash on Delivery,Processing
ORD00151,CST4667,PRD0661,2025-10-26,7,451325.3,Debit Card,Shipped
ORD00152,CST4305,PRD0231,2025-05-17,4,212707.32,Cash on Delivery,Cancelled
ORD00153,CST1373,PRD0984,2025-03-14,7,292739.92,Debit Card,Cancelled
ORD00154,CST2187,PRD0524,2025-10-06,7,312738.42,Net Banking,Cancelled
ORD00155,CST0367,PRD0377,2025-06-05,8,174466.08,Net Banking,Shipped
ORD00156,CST3044,PRD0527,2025-01-02,3,81723.08,Credit Card,Shipped
ORD00157,CST4795,PRD0798,2025-04-11,10,116128.41,Cash on Delivery,Shipped
ORD00158,CST4485,PRD0203,2025-05-16,5,17047.79,Debit Card,Shipped
ORD00159,CST0611,PRD0200,2025-01-13,2,447222.3,Credit Card,Shipped
ORD00160,CST3536,PRD0488,2025-11-08,7,113006.67,Credit Card,Cancelled
ORD00161,CST0014,PRD0299,2025-04-08,2,323143.26,Credit Card,Processing
ORD00162,CST2079,PRD0131,2025-12-07,4,54831.73,Cash on Delivery,Delivered
ORD00163,CST1653,PRD0293,2025-01-16,4,132001.56,Credit Card,Shipped
ORD00164,CST4655,PRD0338,2025-07-23,7,195645.41,Debit Card,Shipped
ORD00165,CST3406,PRD0378,2025-09-03,1,293062.88,Cash on Delivery,Delivered
ORD00166,CST2619,PRD0264,2025-02-13,6,284299.65,Cash on Delivery,Cancelled
ORD00167,CST4975,PRD0758,2025-05-30,1,17335.43,Debit Card,Delivered
ORD00168,CST3007,PRD0992,2025-09-10,9,394941.19,UPI,Cancelled
ORD00169,CST3103,PRD0102,2025-10-27,8,448601.47,Credit Card,Shipped
ORD00170,CST2823,PRD0858,2025-11-18,10,364896.12,Credit Card,Cancelled
ORD00171,CST3267,PRD0218,2025-05-21,9,80392.41,Debit Card,Shipped
ORD00172,CST1932,PRD0206,2025-02-17,6,197179.77,Debit Card,Shipped
ORD00173,CST1696,PRD0568,2025-09-27,4,289859.5,Debit Card,Cancelled
ORD00174,CST4268,PRD0720,2025-06-24,2,380535.49,Debit Card,Cancelled
ORD00175,CST1460,PRD0400,2025-09-07,6,236491.91,UPI,Cancelled
ORD00176,CST4563,PRD0766,2025-07-07,8,17048.03,Net Banking,Shipped
ORD00177,CST3534,PRD0148,2025-12-06,3,27874.16,Cash on Delivery,Delivered
ORD00178,CST4991,PRD0103,2025-07-18,8,477670.48,Debit Card,Cancelled
ORD00179,CST3093,PRD0633,2025-02-27,4,284414.07,Cash on Delivery,Delivered
ORD00180,CST4623,PRD0336,2025-04-27,2,304544.51,Net Banking,Shipped
ORD00181,CST0873,PRD0609,2025-09-19,10,461335.82,Net Banking,Cancelled
ORD00182,CST3764,PRD0979,2025-03-17,8,392765.58,Cash on Delivery,Delivered
ORD00183,CST2956,PRD0134,2025-12-30,3,320861.2,Net Banking,Cancelled
ORD00184,CST3860,PRD0305,2025-10-01,7,28514.31,Debit Card,Processing
ORD00185,CST3875,PRD0974,2025-03-06,10,1374.39,Cash on Delivery,Delivered
ORD00186,CST1420,PRD0401,2025-09-09,5,3225.61,Credit Card,Shipped
ORD00187,CST1162,PRD0815,2025-03-02,8,415420.26,UPI,Cancelled
ORD00188,CST1661,PRD0907,2025-02-24,3,403605.91,Cash on Delivery,Shipped
ORD00189,CST4746,PRD0116,2025-09-30,3,405121.15,Credit Card,Delivered
ORD00190,CST1235,PRD0210,2025-06-12,7,417928.44,Debit Card,Cancelled
ORD00191,CST4903,PRD0430,2025-06-25,8,100459.99,Net Banking,Shipped
ORD00192,CST0228,PRD0081,2025-12-26,1,422104.17,Debit Card,Shipped
ORD00193,CST1620,PRD0075,2025-08-19,4,178067.75,UPI,Cancelled
ORD00194,CST3903,PRD0543,2025-05-17,10,113918.93,Credit Card,Delivered
ORD00195,CST4343,PRD0823,2025-11-23,2,357967.29,Credit Card,Shipped
ORD00196,CST4440,PRD0626,2025-04-18,4,107714.25,Credit Card,Shipped
ORD00197,CST3948,PRD0485,2025-06-21,5,32645.18,Cash on Delivery,Processing
ORD00198,CST0993,PRD0831,2025-04-17,7,220638.31,Cash on Delivery,Shipped
ORD00199,CST0218,PRD0133,2025-04-20,9,470196.95,Cash on Delivery,Delivered
ORD00200,CST4007,PRD0979,2025-09-28,9,392765.58,Credit Card,Delivered
ORD00201,CST2060,PRD0182,2025-05-06,4,384713.55,Debit Card,Processing
ORD00202,CST2681,PRD0271,2025-09-22,5,482671.43,Debit Card,Delivered
ORD00203,CST3739,PRD0574,2025-08-29,6,402163.07,UPI,Processing
ORD00204,CST2168,PRD0535,2025-02-28,1,159300.04,UPI,Cancelled
ORD00205,CST3478,PRD0457,2025-08-01,9,450517.49,Net Banking,Delivered
ORD00206,CST4033,PRD0112,2025-12-30,10,413623.27,Net Banking,Delivered
ORD00207,CST1774,PRD0724,2025-11-10,2,312430.82,Net Banking,Shipped
ORD00208,CST1390,PRD0221,2025-06-01,10,497286.65,Cash on Delivery,Cancelled
ORD00209,CST3156,PRD0302,2025-11-12,2,429435.64,Debit Card,Shipped
ORD00210,CST2913,PRD0725,2025-08-07,9,197882.65,UPI,Shipped
ORD00211,CST3679,PRD0490,2025-12-04,6,71859.02,Cash on Delivery,Delivered
ORD00212,CST4625,PRD0119,2025-07-29,8,203981.61,Net Banking,Cancelled
ORD00213,CST4352,PRD0567,2025-12-06,2,240435.35,UPI,Delivered
ORD00214,CST3485,PRD0322,2025-01-16,9,11015.23,Net Banking,Cancelled
ORD00215,CST3311,PRD0137,2025-07-25,4,446911.84,Cash on Delivery,Shipped
ORD00216,CST3266,PRD0171,2025-09-20,3,244653.73,Cash on Delivery,Cancelled
ORD00217,CST3914,PRD0193,2025-09-17,5,367591.73,Credit Card,Shipped
ORD00218,CST0490,PRD0882,2025-10-22,8,51336.94,Credit Card,Processing
ORD00219,CST1540,PRD0739,2025-09-01,10,473672.61,Debit Card,Cancelled
ORD00220,CST3485,PRD0537,2025-10-03,4,130415.94,UPI,Delivered
ORD00221,CST3063,PRD0449,2025-08-22,5,369055.1,UPI,Delivered
ORD00222,CST0689,PRD0693,2025-07-10,8,140415.56,UPI,Delivered
ORD00223,CST2221,PRD0181,2025-06-01,2,182672.1,Credit Card,Cancelled
ORD00224,CST1509,PRD0756,2025-03-10,8,183854.89,Cash on Delivery,Cancelled
ORD00225,CST1086,PRD0839,2025-10-31,4,14178.61,Cash on Delivery,Delivered
ORD00226,CST2542,PRD0707,2025-01-30,5,269484.59,Credit Card,Shipped
ORD00227,CST1162,PRD1000,2025-01-22,5,378391.72,Net Banking,Delivered
ORD00228,CST2024,PRD0009,2025-03-16,4,343974.7,Net Banking,Cancelled
ORD00229,CST0488,PRD0555,2025-12-25,6,237730.62,Debit Card,Shipped
ORD00230,CST4255,PRD0153,2025-12-30,9,333176.44,Net Banking,Cancelled
ORD00231,CST0532,PRD0035,2025-07-20,9,435053.37,Debit Card,Delivered
ORD00232,CST2074,PRD0401,2025-10-20,1,3225.61,UPI,Shipped
ORD00233,CST1508,PRD0597,2025-05-10,4,63537.83,Credit Card,Processing
ORD00234,CST0734,PRD0775,2025-05-27,9,370470.97,UPI,Cancelled
ORD00235,CST0473,PRD0372,2025-12-13,1,11186.02,Debit Card,Delivered
ORD00236,CST4114,PRD0203,2025-04-24,5,17047.79,Debit Card,Shipped
ORD00237,CST4982,PRD0465,2025-10-08,9,449306.88,Net Banking,Delivered
ORD00238,CST1430,PRD0971,2025-03-10,1,267389.88,Debit Card,Cancelled
ORD00239,CST2085,PRD0948,2025-08-04,10,183460.79,Credit Card,Shipped
ORD00240,CST4979,PRD0056,2025-09-25,7,375116.59,Cash on Delivery,Shipped
ORD00241,CST3437,PRD0022,2025-01-23,3,186224.28,Net Banking,Processing
ORD00242,CST0413,PRD0696,2025-04-05,3,228766.83,UPI,Processing
ORD00243,CST0388,PRD0292,2025-06-24,4,470579.02,Credit Card,Delivered
ORD00244,CST0292,PRD0033,2025-04-28,5,46608.17,Debit Card,Shipped
ORD00245,CST1825,PRD0419,2025-03-12,9,440720.8,Net Banking,Cancelled
ORD00246,CST2421,PRD0352,2025-01-10,2,107362.57,Cash on Delivery,Shipped
ORD00247,CST1617,PRD0328,2025-06-18,7,61902.25,UPI,Shipped
ORD00248,CST2552,PRD0972,2025-01-08,2,199305.11,UPI,Cancelled
ORD00249,CST2485,PRD0215,2025-01-26,2,424237.74,Net Banking,Cancelled
ORD00250,CST0847,PRD0993,2025-06-06,3,96660.13,Debit Card,Processing
ORD00251,CST4813,PRD0152,2025-07-13,5,496559.29,UPI,Cancelled
ORD00252,CST1328,PRD0558,2025-10-20,6,387479.9,Debit Card,Shipped
ORD00253,CST1666,PRD0622,2025-11-10,6,94697.55,Credit Card,Delivered
ORD00254,CST0293,PRD0041,2025-04-23,7,386068.92,UPI,Cancelled
ORD00255,CST1908,PRD0234,2025-08-11,4,43067.33,UPI,Cancelled
ORD00256,CST0420,PRD0082,2025-06-18,4,483055.39,Debit Card,Cancelled
ORD00257,CST2608,PRD0994,2025-04-11,2,482813.95,Debit Card,Delivered
ORD00258,CST2553,PRD0722,2025-12-03,3,354547.31,Cash on Delivery,Processing
ORD00259,CST3923,PRD0811,2025-12-24,7,154268.56,Debit Card,Processing
ORD00260,CST4282,PRD0813,2025-06-21,4,159990.51,Cash on Delivery,Shipped
ORD00261,CST2657,PRD0991,2025-08-06,10,372709.84,Net Banking,Shipped
ORD00262,CST0031,PRD0314,2025-02-25,9,145467.21,Cash on Delivery,Shipped
ORD00263,CST0671,PRD0633,2025-12-02,6,284414.07,Cash on Delivery,Delivered
ORD00264,CST3880,PRD0951,2025-06-13,5,444526.71,Cash on Delivery,Delivered
ORD00265,CST1177,PRD0977,2025-12-08,10,451766.81,Credit Card,Processing
ORD00266,CST3531,PRD0120,2025-09-28,1,280532.71,Net Banking,Processing
ORD00267,CST1958,PRD0476,2025-04-30,3,133928.89,Credit Card,Shipped
ORD00268,CST1857,PRD0756,2025-11-22,9,183854.89,Cash on Delivery,Delivered
ORD00269,CST4799,PRD0276,2025-10-24,6,219495.98,UPI,Delivered
ORD00270,CST3200,PRD0821,2025-03-06,10,83099.07,Net Banking,Delivered
ORD00271,CST4658,PRD0487,2025-10-29,7,417899.62,UPI,Delivered
ORD00272,CST4873,PRD0761,2025-04-11,6,358469.67,Net Banking,Shipped
ORD00273,CST2194,PRD0420,2025-12-22,5,151431.53,Net Banking,Delivered
ORD00274,CST1533,PRD0190,2025-02-18,4,409175.78,Debit Card,Delivered
ORD00275,CST4811,PRD0585,2025-08-23,9,403663.15,Net Banking,Cancelled
ORD00276,CST4491,PRD0080,2025-09-26,9,289579.01,Credit Card,Delivered
ORD00277,CST3724,PRD0487,2025-02-23,1,417899.62,Debit Card,Shipped
ORD00278,CST2701,PRD0560,2025-05-20,5,268038.22,Net Banking,Shipped
ORD00279,CST1213,PRD0794,2025-04-30,9,218172.91,UPI,Delivered
ORD00280,CST2472,PRD0742,2025-08-05,4,112459.93,Cash on Delivery,Processing
ORD00281,CST3457,PRD0643,2025-10-30,9,188252.52,Cash on Delivery,Shipped
ORD00282,CST0508,PRD0425,2025-10-03,5,293030.07,UPI,Cancelled
ORD00283,CST0301,PRD0610,2025-01-25,3,479504.43,Debit Card,Cancelled
ORD00284,CST3745,PRD0057,2025-08-19,6,436271.34,Debit Card,Shipped
ORD00285,CST0447,PRD0143,2025-07-26,9,320682.49,Net Banking,Cancelled
ORD00286,CST3085,PRD0087,2025-09-26,10,391867.7,Net Banking,Processing
ORD00287,CST3907,PRD0456,2025-06-01,7,256185.33,Cash on Delivery,Cancelled
ORD00288,CST0561,PRD0584,2025-03-13,1,336945.29,Debit Card,Delivered
ORD00289,CST0538,PRD0190,2025-11-02,2,409175.78,UPI,Delivered
ORD00290,CST2747,PRD0333,2025-07-12,4,251005.81,Debit Card,Shipped
ORD00291,CST2999,PRD0899,2025-12-16,6,470538.02,Net Banking,Shipped
ORD00292,CST4071,PRD0281,2025-03-23,1,43878.01,Cash on Delivery,Delivered
ORD00293,CST0789,PRD0489,2025-10-19,9,18581.92,Net Banking,Delivered
ORD00294,CST2693,PRD0098,2025-10-01,5,91723.55,Debit Card,Processing
ORD00295,CST1568,PRD0169,2025-10-14,8,395469.1,UPI,Processing
ORD00296,CST0335,PRD0978,2025-04-01,9,262067.23,Cash on Delivery,Cancelled
ORD00297,CST1400,PRD0900,2025-10-10,3,96474.22,Cash on Delivery,Delivered
ORD00298,CST2885,PRD0577,2025-01-15,1,146349.52,UPI,Cancelled
ORD00299,CST1223,PRD0510,2025-04-04,1,343463.54,UPI,Cancelled
ORD00300,CST3315,PRD0081,2025-05-04,2,422104.17,UPI,Cancelled
ORD00301,CST1663,PRD0766,2025-12-19,9,17048.03,UPI,Delivered
ORD00302,CST2059,PRD0144,2025-11-26,9,365322.18,UPI,Delivered
ORD00303,CST3569,PRD0374,2025-12-14,5,182867.71,UPI,Processing
ORD00304,CST4768,PRD0949,2025-04-10,5,24389.77,Cash on Delivery,Cancelled
ORD00305,CST3944,PRD0553,2025-03-13,10,110626.35,Net Banking,Cancelled
ORD00306,CST2520,PRD0697,2025-08-22,5,362110.12,Net Banking,Delivered
ORD00307,CST4412,PRD0320,2025-04-29,5,34695.8,Credit Card,Cancelled
ORD00308,CST4028,PRD0131,2025-11-20,2,54831.73,Cash on Delivery,Processing
ORD00309,CST2819,PRD0367,2025-10-24,3,259157.27,Credit Card,Cancelled
ORD00310,CST0464,PRD0888,2025-12-26,9,325219.21,Cash on Delivery,Shipped
ORD00311,CST3796,PRD0318,2025-04-12,4,13345.53,UPI,Shipped
ORD00312,CST1885,PRD0212,2025-10-02,6,251709.96,Cash on Delivery,Delivered
ORD00313,CST0099,PRD0273,2025-02-13,4,254883.09,Credit Card,Delivered
ORD00314,CST3343,PRD0214,2025-12-05,1,336553.54,Net Banking,Cancelled
ORD00315,CST3288,PRD0452,2025-05-01,9,304815.69,Credit Card,Delivered
ORD00316,CST4150,PRD0252,2025-04-17,4,106677.12,Cash on Delivery,Delivered
ORD00317,CST3465,PRD0879,2025-10-22,3,169342.3,Debit Card,Shipped
ORD00318,CST3512,PRD0507,2025-03-26,3,191744.36,Credit Card,Delivered
ORD00319,CST4781,PRD0622,2025-02-10,4,94697.55,Credit Card,Shipped
ORD00320,CST0356,PRD0645,2025-10-20,8,276590.34,Debit Card,Processing
ORD00321,CST2678,PRD0613,2025-07-05,9,34557.59,Cash on Delivery,Shipped
ORD00322,CST1278,PRD0537,2025-06-11,10,130415.94,UPI,Cancelled
ORD00323,CST2680,PRD0582,2025-10-16,1,93486.1,Debit Card,Delivered
ORD00324,CST3768,PRD0982,2025-03-13,4,227177.39,Credit Card,Processing
ORD00325,CST2790,PRD0550,2025-07-27,9,449112.02,Credit Card,Delivered
ORD00326,CST0069,PRD0036,2025-12-07,1,14285.8,Cash on Delivery,Cancelled
ORD00327,CST2426,PRD0520,2025-08-31,3,42374.24,Credit Card,Processing
ORD00328,CST2134,PRD0516,2025-10-11,4,499874.45,Debit Card,Cancelled
ORD00329,CST2071,PRD0294,2025-01-10,4,248756.76,Net Banking,Delivered
ORD00330,CST1203,PRD0518,2025-07-19,4,474169.56,Debit Card,Shipped
ORD00331,CST2406,PRD0618,2025-01-27,9,205782.42,Net Banking,Cancelled
ORD00332,CST2462,PRD0768,2025-03-29,5,200993.95,Debit Card,Processing
ORD00333,CST4883,PRD0315,2025-11-13,9,67666.1,Net Banking,Shipped
ORD00334,CST4938,PRD0910,2025-10-05,9,289331.06,Net Banking,Cancelled
ORD00335,CST3304,PRD0609,2025-11-16,10,461335.82,Debit Card,Processing
ORD00336,CST0120,PRD0775,2025-06-13,6,370470.97,Net Banking,Delivered
ORD00337,CST2365,PRD0204,2025-01-14,3,176114.34,Debit Card,Cancelled
ORD00338,CST3231,PRD0556,2025-02-04,4,157872.38,UPI,Shipped
ORD00339,CST2249,PRD0759,2025-08-27,1,456922.95,UPI,Shipped
ORD00340,CST4221,PRD0691,2025-10-06,3,364853.04,Credit Card,Processing
ORD00341,CST0249,PRD0425,2025-07-19,10,293030.07,Cash on Delivery,Cancelled
ORD00342,CST4083,PRD0288,2025-06-04,9,159225.07,Cash on Delivery,Shipped
ORD00343,CST1672,PRD0099,2025-12-07,2,130423.59,Net Banking,Shipped
ORD00344,CST4383,PRD0478,2025-06-13,8,306836.42,Debit Card,Cancelled
ORD00345,CST0758,PRD0341,2025-02-07,4,328048.48,Net Banking,Shipped
ORD00346,CST4103,PRD0144,2025-11-19,5,365322.18,Credit Card,Shipped
ORD00347,CST1836,PRD0054,2025-07-27,3,403175.85,Debit Card,Shipped
ORD00348,CST0479,PRD0096,2025-11-11,8,279302.34,Credit Card,Delivered
ORD00349,CST3853,PRD0471,2025-12-10,5,216734.98,UPI,Cancelled
ORD00350,CST0033,PRD0069,2025-03-22,5,12944.23,Net Banking,Shipped
ORD00351,CST2829,PRD0086,2025-07-18,4,29313.76,Net Banking,Cancelled
ORD00352,CST4358,PRD0049,2025-01-21,10,305057.06,Cash on Delivery,Shipped
ORD00353,CST1977,PRD0581,2025-05-05,3,181384.25,Net Banking,Shipped
ORD00354,CST0996,PRD0774,2025-07-21,2,193169.88,Debit Card,Shipped
ORD00355,CST1788,PRD0813,2025-04-24,2,159990.51,Cash on Delivery,Processing
ORD00356,CST0566,PRD0737,2025-04-30,8,173564.73,Net Banking,Cancelled
ORD00357,CST3282,PRD0904,2025-12-19,8,78739.38,Net Banking,Processing
ORD00358,CST3079,PRD0792,2025-03-06,5,219724.52,Net Banking,Delivered
ORD00359,CST3988,PRD0269,2025-05-24,9,399155.98,Debit Card,Processing
ORD00360,CST2360,PRD0795,2025-01-08,7,85392.09,Debit Card,Processing
ORD00361,CST3207,PRD0634,2025-01-14,2,87769.43,UPI,Shipped
ORD00362,CST0872,PRD0927,2025-02-22,10,449252.77,Debit Card,Shipped
ORD00363,CST0831,PRD0792,2025-04-02,10,219724.52,Credit Card,Cancelled
ORD00364,CST1215,PRD0523,2025-03-27,10,59976.42,Net Banking,Shipped
ORD00365,CST1197,PRD0659,2025-08-06,2,138334.77,Cash on Delivery,Delivered
ORD00366,CST0474,PRD0983,2025-03-23,10,270040.45,Credit Card,Processing
ORD00367,CST4519,PRD0507,2025-12-27,10,191744.36,Debit Card,Delivered
ORD00368,CST2845,PRD0233,2025-07-24,3,444388.32,UPI,Shipped
ORD00369,CST2114,PRD0719,2025-08-28,1,17231.59,Cash on Delivery,Processing
ORD00370,CST4655,PRD0267,2025-06-04,9,31656.61,Debit Card,Cancelled
ORD00371,CST0092,PRD0317,2025-03-16,10,246252.59,Cash on Delivery,Delivered
ORD00372,CST0067,PRD0448,2025-03-02,3,314809.29,Debit Card,Cancelled
ORD00373,CST2718,PRD0156,2025-01-05,1,259678.66,Credit Card,Processing
ORD00374,CST1633,PRD0583,2025-07-27,1,175824.78,UPI,Shipped
ORD00375,CST1543,PRD0650,2025-07-11,1,269438.6,Net Banking,Cancelled
ORD00376,CST1841,PRD0913,2025-06-30,8,447795.49,Credit Card,Delivered
ORD00377,CST0673,PRD0152,2025-11-28,8,496559.29,Net Banking,Delivered
ORD00378,CST0484,PRD0807,2025-10-06,3,66922.99,Credit Card,Delivered
ORD00379,CST4881,PRD0319,2025-05-21,8,418577.73,Net Banking,Delivered
ORD00380,CST1395,PRD0338,2025-05-15,7,195645.41,Debit Card,Cancelled
ORD00381,CST4180,PRD0528,2025-04-30,2,320836.96,Debit Card,Delivered
ORD00382,CST3121,PRD0205,2025-07-04,7,440932.13,UPI,Delivered
ORD00383,CST3134,PRD0560,2025-11-29,7,268038.22,Credit Card,Cancelled
ORD00384,CST1802,PRD0028,2025-09-29,4,389595.07,Cash on Delivery,Shipped
ORD00385,CST0366,PRD0167,2025-12-02,10,187116.23,Debit Card,Delivered
ORD00386,CST0110,PRD0103,2025-05-31,3,477670.48,Cash on Delivery,Shipped
ORD00387,CST3146,PRD0143,2025-01-08,8,320682.49,UPI,Shipped
ORD00388,CST1230,PRD0457,2025-03-06,6,450517.49,Net Banking,Processing
ORD00389,CST0266,PRD0039,2025-06-27,9,404.11,Net Banking,Shipped
ORD00390,CST4209,PRD0882,2025-01-27,3,51336.94,Debit Card,Delivered
ORD00391,CST1877,PRD0296,2025-08-02,1,283660.66,Cash on Delivery,Processing
ORD00392,CST2753,PRD0981,2025-05-08,5,245722.69,Net Banking,Delivered
ORD00393,CST4090,PRD0600,2025-01-01,6,381581.84,Credit Card,Shipped
ORD00394,CST3251,PRD0116,2025-05-15,3,405121.15,Credit Card,Delivered
ORD00395,CST3049,PRD0884,2025-04-21,10,87645.2,Credit Card,Delivered
ORD00396,CST2465,PRD0733,2025-03-16,2,245927.76,Cash on Delivery,Delivered
ORD00397,CST2318,PRD0309,2025-02-14,7,36029.14,Net Banking,Processing
ORD00398,CST1858,PRD0530,2025-08-12,1,146632.15,Net Banking,Delivered
ORD00399,CST2494,PRD0886,2025-06-16,2,149416.36,UPI,Delivered
ORD00400,CST0574,PRD0443,2025-01-23,4,450257.21,Debit Card,Cancelled
ORD00401,CST3235,PRD0776,2025-02-28,8,269325.44,Credit Card,Delivered
ORD00402,CST2829,PRD0118,2025-05-30,6,283836.47,Net Banking,Shipped
ORD00403,CST4310,PRD0072,2025-03-25,6,177782.5,UPI,Delivered
ORD00404,CST4648,PRD0187,2025-02-22,1,459959.6,UPI,Shipped
ORD00405,CST0436,PRD0384,2025-10-07,6,402804.3,Net Banking,Shipped
ORD00406,CST2148,PRD0088,2025-04-05,7,350575.13,Net Banking,Shipped
ORD00407,CST4783,PRD0216,2025-09-05,5,499353.57,Credit Card,Processing
ORD00408,CST1976,PRD0397,2025-12-08,1,123082.93,Net Banking,Shipped
ORD00409,CST4941,PRD0490,2025-06-05,8,71859.02,Net Banking,Processing
ORD00410,CST4065,PRD0795,2025-03-05,2,85392.09,Net Banking,Processing
ORD00411,CST1992,PRD0389,2025-04-24,6,385961.68,Net Banking,Processing
ORD00412,CST2720,PRD0290,2025-10-20,10,319785.27,Credit Card,Delivered
ORD00413,CST4595,PRD0491,2025-10-10,2,169339.24,Cash on Delivery,Processing
ORD00414,CST3000,PRD0748,2025-03-05,9,198355.08,Cash on Delivery,Delivered
ORD00415,CST1723,PRD0120,2025-01-26,4,280532.71,Credit Card,Shipped
ORD00416,CST1420,PRD0834,2025-09-16,4,259687.06,UPI,Delivered
ORD00417,CST3520,PRD0576,2025-09-29,9,113811.56,Credit Card,Processing
ORD00418,CST3535,PRD0429,2025-11-10,8,84478.67,Cash on Delivery,Cancelled
ORD00419,CST4650,PRD0415,2025-02-02,10,379456.13,Cash on Delivery,Cancelled
ORD00420,CST3783,PRD0055,2025-06-02,5,144415.29,Debit Card,Processing
ORD00421,CST1353,PRD0879,2025-02-03,6,169342.3,Debit Card,Cancelled
ORD00422,CST0584,PRD1000,2025-04-08,7,378391.72,Cash on Delivery,Delivered
ORD00423,CST4515,PRD0431,2025-11-17,3,180900.9,Cash on Delivery,Delivered
ORD00424,CST3039,PRD0484,2025-12-29,3,411674.03,Cash on Delivery,Delivered
ORD00425,CST1877,PRD0711,2025-01-20,10,80496.35,Credit Card,Processing
ORD00426,CST2993,PRD0024,2025-03-14,9,115848.13,Cash on Delivery,Delivered
ORD00427,CST4839,PRD0094,2025-10-11,9,193799.52,Cash on Delivery,Delivered
ORD00428,CST2053,PRD0069,2025-01-11,6,12944.23,Net Banking,Cancelled
ORD00429,CST0408,PRD0218,2025-10-29,2,80392.41,Debit Card,Shipped
ORD00430,CST3477,PRD0024,2025-06-30,9,115848.13,Credit Card,Cancelled
ORD00431,CST4650,PRD0111,2025-12-05,5,203119.11,Net Banking,Delivered
ORD00432,CST4779,PRD0491,2025-06-23,1,169339.24,Net Banking,Shipped
ORD00433,CST2211,PRD0689,2025-01-10,7,236824.36,Debit Card,Delivered
ORD00434,CST0298,PRD0249,2025-03-12,2,486760.78,Debit Card,Shipped
ORD00435,CST3069,PRD0635,2025-07-18,7,396531.33,Cash on Delivery,Processing
ORD00436,CST0503,PRD0236,2025-02-27,8,91060.8,Debit Card,Cancelled
ORD00437,CST4719,PRD0278,2025-01-06,1,183143.31,UPI,Delivered
ORD00438,CST3563,PRD0049,2025-02-12,7,305057.06,Cash on Delivery,Delivered
ORD00439,CST2958,PRD0113,2025-11-04,1,480366.85,Credit Card,Shipped
ORD00440,CST0015,PRD0226,2025-11-07,5,473556.93,Cash on Delivery,Cancelled
ORD00441,CST3738,PRD0602,2025-10-06,1,167614.67,Net Banking,Cancelled
ORD00442,CST0328,PRD0011,2025-06-13,9,50487.59,Net Banking,Shipped
ORD00443,CST2808,PRD0471,2025-09-03,9,216734.98,Net Banking,Processing
ORD00444,CST4559,PRD0520,2025-09-16,4,42374.24,Credit Card,Delivered
ORD00445,CST3825,PRD0609,2025-09-28,2,461335.82,Debit Card,Shipped
ORD00446,CST0279,PRD0038,2025-07-19,5,475755.84,Cash on Delivery,Processing
ORD00447,CST4423,PRD0020,2025-07-05,2,62425.19,Credit Card,Delivered
ORD00448,CST3651,PRD0911,2025-07-19,8,473498.03,Credit Card,Delivered
ORD00449,CST3473,PRD0750,2025-11-04,6,363202.4,Debit Card,Shipped
ORD00450,CST1150,PRD0224,2025-02-18,5,140719.79,Debit Card,Delivered
ORD00451,CST3306,PRD0491,2025-06-30,7,169339.24,Credit Card,Processing
ORD00452,CST4330,PRD0055,2025-05-16,10,144415.29,UPI,Delivered
ORD00453,CST3703,PRD0130,2025-05-18,8,284873.13,Debit Card,Cancelled
ORD00454,CST3422,PRD0361,2025-12-29,10,365624.7,Debit Card,Processing
ORD00455,CST0160,PRD0665,2025-10-29,4,71040.78,Net Banking,Cancelled
ORD00456,CST4458,PRD0336,2025-11-22,9,304544.51,Credit Card,Processing
ORD00457,CST0768,PRD0301,2025-12-28,4,7480.96,Net Banking,Cancelled
ORD00458,CST2759,PRD0717,2025-04-03,8,184847.94,Credit Card,Cancelled
ORD00459,CST3785,PRD0074,2025-02-03,6,365866.1,Debit Card,Shipped
ORD00460,CST0410,PRD0642,2025-08-30,2,18027.53,Net Banking,Shipped
ORD00461,CST4669,PRD0761,2025-09-16,10,358469.67,UPI,Shipped
ORD00462,CST2260,PRD0866,2025-08-09,1,232224.0,Debit Card,Shipped
ORD00463,CST1249,PRD0975,2025-04-10,8,440094.91,Credit Card,Processing
ORD00464,CST3458,PRD0424,2025-12-28,8,244732.68,UPI,Shipped
ORD00465,CST1788,PRD0440,2025-06-02,8,13976.0,Debit Card,Shipped
ORD00466,CST1033,PRD0062,2025-05-04,3,7644.0,Debit Card,Cancelled
ORD00467,CST0009,PRD0608,2025-11-30,1,283793.04,UPI,Processing
ORD00468,CST1870,PRD0204,2025-01-31,10,176114.34,Net Banking,Processing
ORD00469,CST0516,PRD0209,2025-02-14,4,428885.9,Cash on Delivery,Processing
ORD00470,CST1697,PRD0971,2025-06-07,6,267389.88,Credit Card,Shipped
ORD00471,CST0681,PRD0631,2025-07-29,1,278500.79,Net Banking,Delivered
ORD00472,CST0603,PRD0505,2025-11-24,4,261980.31,Net Banking,Processing
ORD00473,CST3462,PRD0155,2025-04-13,8,311483.01,Net Banking,Processing
ORD00474,CST2581,PRD0902,2025-03-15,9,430847.47,UPI,Processing
ORD00475,CST0214,PRD0474,2025-12-04,5,228298.1,Credit Card,Cancelled
ORD00476,CST3179,PRD0636,2025-07-03,9,342103.33,Debit Card,Delivered
ORD00477,CST2844,PRD0937,2025-08-26,8,12173.96,Net Banking,Cancelled
ORD00478,CST4886,PRD0855,2025-06-14,10,138698.66,Net Banking,Shipped
ORD00479,CST1750,PRD0639,2025-08-01,1,373533.47,Debit Card,Processing
ORD00480,CST3611,PRD0559,2025-01-03,5,412806.94,Credit Card,Processing
ORD00481,CST3270,PRD0144,2025-07-01,10,365322.18,Net Banking,Shipped
ORD00482,CST3389,PRD0537,2025-12-10,4,130415.94,Cash on Delivery,Shipped
ORD00483,CST3903,PRD0713,2025-03-31,2,85332.13,Cash on Delivery,Processing
ORD00484,CST2338,PRD0281,2025-08-12,4,43878.01,Net Banking,Processing
ORD00485,CST3770,PRD0154,2025-12-12,3,209673.07,Debit Card,Cancelled
ORD00486,CST0054,PRD0662,2025-04-10,4,382925.6,Debit Card,Cancelled
ORD00487,CST3901,PRD0752,2025-11-06,8,482253.43,Net Banking,Cancelled
ORD00488,CST2168,PRD0026,2025-10-12,6,332620.96,Debit Card,Shipped
ORD00489,CST2310,PRD0097,2025-02-16,5,20682.57,Net Banking,Processing
ORD00490,CST3368,PRD0821,2025-10-16,3,83099.07,UPI,Cancelled
ORD00491,CST2721,PRD0073,2025-12-28,9,207272.6,Debit Card,Delivered
ORD00492,CST1859,PRD0678,2025-11-09,8,49411.74,Debit Card,Cancelled
ORD00493,CST2173,PRD0905,2025-05-12,6,425456.72,UPI,Shipped
ORD00494,CST3140,PRD0533,2025-01-20,6,296250.41,Cash on Delivery,Delivered
ORD00495,CST0035,PRD0636,2025-11-28,6,342103.33,Credit Card,Shipped
ORD00496,CST4823,PRD0950,2025-08-19,9,376344.04,Credit Card,Delivered
ORD00497,CST3463,PRD0594,2025-06-13,2,416705.86,Net Banking,Delivered
ORD00498,CST3769,PRD0343,2025-01-10,6,39399.13,Cash on Delivery,Shipped
ORD00499,CST2395,PRD0886,2025-10-04,1,149416.36,Credit Card,Shipped
ORD00500,CST2824,PRD0409,2025-05-11,10,141151.06,Cash on Delivery,Delivered
ORD00501,CST4899,PRD0423,2025-08-31,10,300992.71,Net Banking,Processing
ORD00502,CST2118,PRD0598,2025-01-25,6,307146.21,Debit Card,Cancelled
ORD00503,CST2032,PRD0139,2025-01-24,5,157114.43,Net Banking,Shipped
ORD00504,CST3181,PRD0787,2025-11-29,1,196082.64,Net Banking,Processing
ORD00505,CST0805,PRD0616,2025-11-04,3,19332.36,UPI,Cancelled
ORD00506,CST1185,PRD0656,2025-06-27,1,235339.8,Credit Card,Processing
ORD00507,CST4387,PRD0140,2025-08-27,1,431390.62,Net Banking,Processing
ORD00508,CST4165,PRD0411,2025-03-07,10,314582.0,Net Banking,Processing
ORD00509,CST2214,PRD0754,2025-06-07,8,126509.66,Cash on Delivery,Delivered
ORD00510,CST3245,PRD0470,2025-03-27,4,282322.76,Debit Card,Delivered
ORD00511,CST1037,PRD0530,2025-08-08,3,146632.15,Net Banking,Cancelled
ORD00512,CST1743,PRD0012,2025-12-18,3,423350.6,Credit Card,Shipped
ORD00513,CST1049,PRD0704,2025-06-07,2,133128.92,Cash on Delivery,Processing
ORD00514,CST3824,PRD0963,2025-07-11,10,363912.08,UPI,Processing
ORD00515,CST0446,PRD0166,2025-07-23,5,482339.14,UPI,Cancelled
ORD00516,CST2255,PRD0314,2025-12-22,10,145467.21,UPI,Processing
ORD00517,CST4015,PRD0558,2025-03-12,8,387479.9,Debit Card,Cancelled
ORD00518,CST3790,PRD0920,2025-08-12,8,317825.42,Debit Card,Delivered
ORD00519,CST4765,PRD0876,2025-07-02,1,166829.84,Cash on Delivery,Processing
ORD00520,CST1400,PRD0870,2025-08-15,5,134831.47,Credit Card,Processing
ORD00521,CST3069,PRD0917,2025-01-18,2,253971.7,UPI,Cancelled
ORD00522,CST3023,PRD0461,2025-07-15,10,289926.23,Cash on Delivery,Processing
ORD00523,CST0513,PRD0011,2025-02-24,3,50487.59,UPI,Cancelled
ORD00524,CST1793,PRD0511,2025-07-12,6,303669.84,Net Banking,Delivered
ORD00525,CST2389,PRD0877,2025-05-30,6,356637.62,Net Banking,Cancelled
ORD00526,CST4253,PRD0357,2025-07-16,8,22283.08,UPI,Cancelled
ORD00527,CST2134,PRD0441,2025-02-28,1,402206.34,Credit Card,Shipped
ORD00528,CST0936,PRD0432,2025-01-01,6,108369.1,Debit Card,Shipped
ORD00529,CST3783,PRD0684,2025-04-22,7,468185.59,Cash on Delivery,Delivered
ORD00530,CST1782,PRD0107,2025-11-15,3,234275.96,Credit Card,Processing
ORD00531,CST1450,PRD0086,2025-04-24,3,29313.76,Cash on Delivery,Cancelled
ORD00532,CST4262,PRD0509,2025-02-01,5,449794.29,UPI,Shipped
ORD00533,CST3855,PRD0590,2025-08-22,6,27079.31,UPI,Processing
ORD00534,CST1494,PRD0779,2025-01-29,8,144619.96,Net Banking,Delivered
ORD00535,CST3169,PRD0322,2025-05-20,9,11015.23,UPI,Shipped
ORD00536,CST3051,PRD0775,2025-01-03,8,370470.97,Debit Card,Shipped
ORD00537,CST4580,PRD0980,2025-02-02,7,163280.99,Debit Card,Processing
ORD00538,CST0941,PRD0240,2025-04-10,10,134506.53,Credit Card,Shipped
ORD00539,CST4538,PRD0395,2025-11-04,1,499741.53,Credit Card,Processing
ORD00540,CST4439,PRD0326,2025-06-01,9,420915.05,Credit Card,Processing
ORD00541,CST3982,PRD0909,2025-08-17,6,278679.94,Debit Card,Processing
ORD00542,CST0238,PRD0764,2025-03-09,10,445630.8,UPI,Shipped
ORD00543,CST1657,PRD0844,2025-12-19,2,490284.24,UPI,Cancelled
ORD00544,CST1524,PRD0817,2025-08-03,4,389232.75,Credit Card,Delivered
ORD00545,CST3767,PRD0164,2025-01-08,9,21192.22,UPI,Processing
ORD00546,CST3121,PRD0590,2025-04-12,4,27079.31,Cash on Delivery,Delivered
ORD00547,CST4676,PRD0256,2025-07-27,9,469841.46,Debit Card,Shipped
ORD00548,CST1876,PRD0076,2025-03-04,4,408837.17,Debit Card,Shipped
ORD00549,CST1624,PRD0171,2025-05-19,6,244653.73,Net Banking,Shipped
ORD00550,CST3784,PRD0029,2025-09-19,10,254739.05,UPI,Cancelled
ORD00551,CST2722,PRD0593,2025-11-25,9,152240.31,Cash on Delivery,Delivered
ORD00552,CST4366,PRD0765,2025-12-30,7,490611.22,Net Banking,Delivered
ORD00553,CST3518,PRD0043,2025-02-08,3,267712.35,Cash on Delivery,Cancelled
ORD00554,CST2526,PRD0017,2025-08-02,10,60245.72,Debit Card,Processing
ORD00555,CST3352,PRD0136,2025-04-01,3,417077.04,Debit Card,Delivered
ORD00556,CST0300,PRD0851,2025-12-28,2,246081.75,Credit Card,Shipped
ORD00557,CST4987,PRD0550,2025-06-20,10,449112.02,Cash on Delivery,Processing
ORD00558,CST2398,PRD0717,2025-02-13,10,184847.94,Debit Card,Delivered
ORD00559,CST3766,PRD0498,2025-05-13,7,137312.73,Net Banking,Cancelled
ORD00560,CST4464,PRD0287,2025-05-30,9,20378.33,UPI,Delivered
ORD00561,CST2615,PRD0199,2025-05-18,3,450827.42,Net Banking,Processing
ORD00562,CST1011,PRD0442,2025-04-27,6,465783.01,Cash on Delivery,Processing
ORD00563,CST2390,PRD0495,2025-11-20,2,290468.87,Debit Card,Processing
ORD00564,CST2707,PRD0879,2025-10-28,5,169342.3,Credit Card,Shipped
ORD00565,CST4297,PRD0265,2025-07-18,10,276605.28,Net Banking,Delivered
ORD00566,CST1244,PRD0342,2025-07-09,6,284358.28,Net Banking,Cancelled
ORD00567,CST0116,PRD0603,2025-01-03,8,338163.18,Debit Card,Cancelled
ORD00568,CST3427,PRD0277,2025-11-20,2,219021.68,Debit Card,Delivered
ORD00569,CST4438,PRD0076,2025-07-14,3,408837.17,Debit Card,Processing
ORD00570,CST3058,PRD0168,2025-11-07,10,322768.56,UPI,Shipped
ORD00571,CST3277,PRD0061,2025-07-10,4,280078.39,Net Banking,Cancelled
ORD00572,CST0528,PRD0837,2025-01-13,3,454982.05,Cash on Delivery,Processing
ORD00573,CST4988,PRD0397,2025-08-08,2,123082.93,Debit Card,Processing
ORD00574,CST4499,PRD0243,2025-04-27,4,126540.73,Credit Card,Shipped
ORD00575,CST3190,PRD0301,2025-04-21,5,7480.96,Credit Card,Delivered
ORD00576,CST4116,PRD0853,2025-07-01,4,20006.07,Credit Card,Processing
ORD00577,CST2031,PRD0402,2025-10-13,8,257726.77,Cash on Delivery,Delivered
ORD00578,CST4655,PRD0521,2025-07-28,3,353537.62,UPI,Delivered
ORD00579,CST4527,PRD0928,2025-08-28,4,42509.79,Cash on Delivery,Delivered
ORD00580,CST2639,PRD0221,2025-01-17,2,497286.65,Debit Card,Cancelled
ORD00581,CST4617,PRD0445,2025-01-28,1,432469.59,Debit Card,Delivered
ORD00582,CST1028,PRD0929,2025-12-08,10,389459.45,Debit Card,Shipped
ORD00583,CST3683,PRD0054,2025-12-14,7,403175.85,Debit Card,Shipped
ORD00584,CST3799,PRD0877,2025-06-21,9,356637.62,Credit Card,Delivered
ORD00585,CST4529,PRD0193,2025-06-23,4,367591.73,Credit Card,Delivered
ORD00586,CST0469,PRD0788,2025-12-02,2,339219.05,UPI,Delivered
ORD00587,CST0315,PRD0018,2025-01-30,5,253744.03,Cash on Delivery,Delivered
ORD00588,CST1105,PRD0019,2025-06-22,3,189955.9,Net Banking,Cancelled
ORD00589,CST0899,PRD0724,2025-10-20,10,312430.82,UPI,Delivered
ORD00590,CST0019,PRD0960,2025-10-31,6,137594.88,Net Banking,Shipped
ORD00591,CST4176,PRD0669,2025-01-19,10,291695.08,Net Banking,Shipped
ORD00592,CST1846,PRD0306,2025-09-13,3,189592.38,Net Banking,Shipped
ORD00593,CST3316,PRD0047,2025-01-21,5,135167.95,Cash on Delivery,Delivered
ORD00594,CST2900,PRD0271,2025-03-30,6,482671.43,Debit Card,Delivered
ORD00595,CST2046,PRD0746,2025-03-25,3,325252.45,UPI,Delivered
ORD00596,CST2814,PRD0159,2025-09-01,8,486431.31,UPI,Delivered
ORD00597,CST0134,PRD0771,2025-03-22,5,136083.28,UPI,Delivered
ORD00598,CST0015,PRD0025,2025-05-31,1,229608.54,UPI,Cancelled
ORD00599,CST0640,PRD0751,2025-08-02,2,272483.38,Credit Card,Processing
ORD00600,CST0832,PRD0347,2025-04-15,9,316813.1,Net Banking,Shipped
ORD00601,CST3085,PRD0345,2025-09-15,5,481363.4,Credit Card,Delivered
ORD00602,CST2830,PRD0042,2025-05-21,5,404782.24,UPI,Shipped
ORD00603,CST2494,PRD0759,2025-02-10,1,456922.95,Debit Card,Cancelled
ORD00604,CST2145,PRD0533,2025-11-13,3,296250.41,UPI,Delivered
ORD00605,CST4793,PRD0617,2025-03-12,8,272889.15,Net Banking,Processing
ORD00606,CST0192,PRD0762,2025-01-22,4,380190.91,Debit Card,Cancelled
ORD00607,CST2920,PRD0630,2025-02-24,8,186659.87,Cash on Delivery,Shipped
ORD00608,CST4164,PRD0391,2025-10-05,8,126891.71,Cash on Delivery,Delivered
ORD00609,CST1214,PRD0525,2025-01-17,2,26009.09,Net Banking,Delivered
ORD00610,CST3601,PRD0121,2025-01-11,4,275088.86,Debit Card,Cancelled
ORD00611,CST3329,PRD0952,2025-11-11,4,489910.94,Net Banking,Delivered
ORD00612,CST2124,PRD0770,2025-05-29,4,380657.0,UPI,Shipped
ORD00613,CST0049,PRD0390,2025-02-14,9,401986.29,Net Banking,Processing
ORD00614,CST0002,PRD0409,2025-06-18,3,141151.06,Credit Card,Cancelled
ORD00615,CST2739,PRD0300,2025-05-15,10,417802.54,UPI,Cancelled
ORD00616,CST2113,PRD0991,2025-04-07,1,372709.84,Debit Card,Delivered
ORD00617,CST1490,PRD0376,2025-03-11,5,50601.95,Credit Card,Shipped
ORD00618,CST4064,PRD0051,2025-11-13,6,481450.5,Net Banking,Processing
ORD00619,CST3190,PRD0747,2025-06-14,3,12216.72,Cash on Delivery,Delivered
ORD00620,CST4408,PRD0813,2025-08-05,4,159990.51,Credit Card,Shipped
ORD00621,CST4792,PRD0799,2025-02-12,3,265235.57,Debit Card,Shipped
ORD00622,CST2527,PRD0859,2025-09-08,8,117694.09,Cash on Delivery,Processing
ORD00623,CST0709,PRD0706,2025-10-05,5,340203.49,UPI,Delivered
ORD00624,CST4183,PRD0505,2025-07-23,3,261980.31,Net Banking,Cancelled
ORD00625,CST4118,PRD0477,2025-11-17,3,229713.94,Debit Card,Shipped
ORD00626,CST0225,PRD0337,2025-10-25,5,250697.44,Net Banking,Processing
ORD00627,CST4913,PRD0534,2025-01-28,4,76076.88,UPI,Cancelled
ORD00628,CST4110,PRD0933,2025-06-05,6,260456.45,Credit Card,Shipped
ORD00629,CST0062,PRD0455,2025-07-04,3,258313.81,Debit Card,Cancelled
ORD00630,CST2609,PRD0210,2025-07-24,4,417928.44,UPI,Cancelled
ORD00631,CST2420,PRD0065,2025-11-04,5,316183.24,Debit Card,Shipped
ORD00632,CST0815,PRD0318,2025-03-13,6,13345.53,UPI,Shipped
ORD00633,CST2774,PRD0464,2025-05-17,4,206183.16,UPI,Delivered
ORD00634,CST0958,PRD0511,2025-08-03,1,303669.84,Credit Card,Processing
ORD00635,CST0105,PRD0426,2025-06-20,10,455425.53,Debit Card,Shipped
ORD00636,CST4536,PRD0441,2025-04-07,4,402206.34,Cash on Delivery,Delivered
ORD00637,CST0335,PRD0543,2025-12-28,5,113918.93,UPI,Cancelled
ORD00638,CST1508,PRD0236,2025-05-18,9,91060.8,Cash on Delivery,Delivered
ORD00639,CST2643,PRD0184,2025-03-03,2,199268.22,Cash on Delivery,Delivered
ORD00640,CST0949,PRD0611,2025-06-29,10,193493.54,UPI,Shipped
ORD00641,CST3290,PRD0954,2025-08-19,1,3228.8,Debit Card,Cancelled
ORD00642,CST4301,PRD0281,2025-03-05,7,43878.01,Net Banking,Cancelled
ORD00643,CST4064,PRD0337,2025-04-17,4,250697.44,UPI,Processing
ORD00644,CST0002,PRD0448,2025-08-31,6,314809.29,Credit Card,Delivered
ORD00645,CST4534,PRD0102,2025-11-14,4,448601.47,Debit Card,Shipped
ORD00646,CST3623,PRD0113,2025-01-02,7,480366.85,Credit Card,Delivered
ORD00647,CST1917,PRD0270,2025-05-08,2,59429.4,Debit Card,Cancelled
ORD00648,CST2158,PRD0596,2025-03-09,8,194895.06,Credit Card,Shipped
ORD00649,CST0891,PRD0836,2025-03-29,6,399271.45,Net Banking,Cancelled
ORD00650,CST3034,PRD0258,2025-10-10,3,120169.47,Cash on Delivery,Processing
ORD00651,CST0969,PRD0121,2025-06-20,8,275088.86,UPI,Processing
ORD00652,CST2393,PRD1000,2025-08-08,2,378391.72,Cash on Delivery,Processing
ORD00653,CST2700,PRD0665,2025-10-29,6,71040.78,UPI,Cancelled
ORD00654,CST3474,PRD0188,2025-12-31,3,319504.96,UPI,Processing
ORD00655,CST0327,PRD0715,2025-02-04,8,94447.48,Net Banking,Shipped
ORD00656,CST1298,PRD0592,2025-07-15,1,289106.2,Credit Card,Processing
ORD00657,CST3981,PRD0088,2025-03-13,5,350575.13,Net Banking,Delivered
ORD00658,CST1299,PRD0510,2025-02-07,3,343463.54,Credit Card,Delivered
ORD00659,CST4957,PRD0976,2025-08-27,3,245373.68,Debit Card,Processing
ORD00660,CST1018,PRD0065,2025-05-25,9,316183.24,Cash on Delivery,Shipped
ORD00661,CST2598,PRD0879,2025-03-19,6,169342.3,Net Banking,Shipped
ORD00662,CST0376,PRD0577,2025-05-30,6,146349.52,Cash on Delivery,Processing
ORD00663,CST4857,PRD0798,2025-08-22,1,116128.41,UPI,Cancelled
ORD00664,CST0604,PRD0839,2025-12-31,6,14178.61,Net Banking,Shipped
ORD00665,CST4410,PRD0429,2025-08-02,5,84478.67,Debit Card,Cancelled
ORD00666,CST0942,PRD0224,2025-02-02,1,140719.79,Net Banking,Shipped
ORD00667,CST0818,PRD0474,2025-05-22,6,228298.1,Credit Card,Cancelled
ORD00668,CST0886,PRD0592,2025-07-03,6,289106.2,Credit Card,Shipped
ORD00669,CST3593,PRD0375,2025-09-05,1,338428.64,UPI,Shipped
ORD00670,CST1712,PRD0311,2025-03-14,6,76425.13,Cash on Delivery,Cancelled
ORD00671,CST2746,PRD0302,2025-12-09,6,429435.64,Credit Card,Delivered
ORD00672,CST3104,PRD0255,2025-10-10,2,161716.33,Credit Card,Cancelled
ORD00673,CST4602,PRD0434,2025-01-31,9,354742.21,Debit Card,Shipped
ORD00674,CST2113,PRD0726,2025-10-17,3,123657.51,Credit Card,Processing
ORD00675,CST3799,PRD0813,2025-01-13,5,159990.51,Debit Card,Shipped
ORD00676,CST1530,PRD0965,2025-04-22,6,334344.01,UPI,Cancelled
ORD00677,CST1297,PRD0414,2025-07-17,10,404646.47,Cash on Delivery,Delivered
ORD00678,CST2098,PRD0014,2025-12-22,6,456289.05,Net Banking,Cancelled
ORD00679,CST0832,PRD0495,2025-05-03,7,290468.87,Credit Card,Processing
ORD00680,CST1855,PRD0967,2025-06-09,6,280971.94,Credit Card,Delivered
ORD00681,CST0516,PRD0630,2025-12-23,1,186659.87,Debit Card,Cancelled
ORD00682,CST5000,PRD0213,2025-10-14,3,455938.82,UPI,Delivered
ORD00683,CST1257,PRD0601,2025-11-14,9,188003.12,UPI,Processing
ORD00684,CST2409,PRD0450,2025-05-19,1,418012.85,Debit Card,Cancelled
ORD00685,CST2347,PRD0615,2025-04-08,2,309771.57,Debit Card,Delivered
ORD00686,CST0098,PRD0599,2025-04-15,5,143786.53,Credit Card,Shipped
ORD00687,CST0225,PRD0099,2025-07-16,1,130423.59,Cash on Delivery,Processing
ORD00688,CST2507,PRD0610,2025-01-09,8,479504.43,Cash on Delivery,Delivered
ORD00689,CST0625,PRD0070,2025-12-08,5,245276.45,UPI,Cancelled
ORD00690,CST3510,PRD0044,2025-09-26,2,37639.26,Net Banking,Cancelled
ORD00691,CST2126,PRD0212,2025-10-09,9,251709.96,Debit Card,Cancelled
ORD00692,CST4900,PRD0366,2025-12-21,2,325775.78,Debit Card,Processing
ORD00693,CST2008,PRD0282,2025-05-18,9,313838.55,Net Banking,Cancelled
ORD00694,CST4346,PRD0011,2025-03-12,5,50487.59,UPI,Cancelled
ORD00695,CST3355,PRD0521,2025-07-22,8,353537.62,Debit Card,Processing
ORD00696,CST4658,PRD0123,2025-12-06,6,404763.53,Net Banking,Processing
ORD00697,CST4615,PRD0761,2025-04-09,7,358469.67,Net Banking,Delivered
ORD00698,CST4449,PRD0258,2025-01-13,9,120169.47,UPI,Delivered
ORD00699,CST0230,PRD0108,2025-07-13,2,457847.87,Net Banking,Processing
ORD00700,CST4268,PRD0941,2025-08-08,5,310246.04,UPI,Cancelled
ORD00701,CST4688,PRD0675,2025-01-26,8,298321.19,UPI,Delivered
ORD00702,CST2926,PRD0813,2025-04-27,10,159990.51,Net Banking,Shipped
ORD00703,CST1991,PRD0134,2025-12-03,3,320861.2,Debit Card,Processing
ORD00704,CST1123,PRD0293,2025-11-11,6,132001.56,Debit Card,Delivered
ORD00705,CST1705,PRD0645,2025-01-13,7,276590.34,Credit Card,Cancelled
ORD00706,CST0098,PRD0853,2025-09-03,7,20006.07,UPI,Processing
ORD00707,CST1623,PRD0110,2025-08-23,10,476684.32,Net Banking,Delivered
ORD00708,CST0614,PRD0905,2025-12-11,10,425456.72,Debit Card,Delivered
ORD00709,CST4541,PRD0426,2025-03-22,2,455425.53,UPI,Delivered
ORD00710,CST4774,PRD0761,2025-03-30,10,358469.67,UPI,Processing
ORD00711,CST1265,PRD0632,2025-09-03,10,185425.93,Cash on Delivery,Shipped
ORD00712,CST0610,PRD0054,2025-10-13,1,403175.85,Net Banking,Shipped
ORD00713,CST0008,PRD0210,2025-08-11,5,417928.44,Debit Card,Cancelled
ORD00714,CST1809,PRD0280,2025-08-19,9,475659.52,Net Banking,Cancelled
ORD00715,CST3090,PRD0586,2025-03-29,9,454851.53,Cash on Delivery,Delivered
ORD00716,CST0367,PRD0186,2025-02-18,8,153989.47,Debit Card,Cancelled
ORD00717,CST4257,PRD0379,2025-04-06,3,7566.07,Debit Card,Processing
ORD00718,CST2537,PRD0422,2025-06-02,6,405611.47,Debit Card,Processing
ORD00719,CST4722,PRD0725,2025-10-06,4,197882.65,UPI,Delivered
ORD00720,CST4284,PRD0928,2025-04-02,5,42509.79,Credit Card,Shipped
ORD00721,CST3731,PRD0616,2025-04-28,4,19332.36,Credit Card,Cancelled
ORD00722,CST2661,PRD0883,2025-06-05,8,40801.61,UPI,Processing
ORD00723,CST3998,PRD0243,2025-05-09,2,126540.73,Cash on Delivery,Delivered
ORD00724,CST0431,PRD0923,2025-10-25,4,144000.38,Net Banking,Cancelled
ORD00725,CST1389,PRD0050,2025-02-02,10,169074.76,Debit Card,Processing
ORD00726,CST4111,PRD0305,2025-07-19,10,28514.31,Cash on Delivery,Cancelled
ORD00727,CST2495,PRD0068,2025-03-07,3,396547.89,Debit Card,Shipped
ORD00728,CST2648,PRD0838,2025-07-05,2,212633.17,Net Banking,Delivered
ORD00729,CST1912,PRD0675,2025-06-25,8,298321.19,UPI,Shipped
ORD00730,CST3653,PRD0496,2025-05-06,7,76825.62,Debit Card,Shipped
ORD00731,CST4563,PRD0448,2025-06-30,6,314809.29,UPI,Shipped
ORD00732,CST2288,PRD0114,2025-04-14,5,112637.36,Credit Card,Processing
ORD00733,CST1410,PRD0364,2025-02-15,7,327801.04,UPI,Cancelled
ORD00734,CST0574,PRD0065,2025-02-05,3,316183.24,Credit Card,Shipped
ORD00735,CST4021,PRD0384,2025-04-05,9,402804.3,Net Banking,Cancelled
ORD00736,CST1664,PRD0428,2025-01-06,10,80981.76,UPI,Delivered
ORD00737,CST3701,PRD0954,2025-05-19,8,3228.8,UPI,Processing
ORD00738,CST4216,PRD0421,2025-09-17,6,119515.57,Debit Card,Delivered
ORD00739,CST0409,PRD0773,2025-04-09,4,105070.58,UPI,Shipped
ORD00740,CST0519,PRD0084,2025-12-23,6,349448.73,Cash on Delivery,Delivered
ORD00741,CST0595,PRD0572,2025-11-06,8,448724.27,Credit Card,Cancelled
ORD00742,CST4868,PRD0450,2025-06-09,5,418012.85,Cash on Delivery,Cancelled
ORD00743,CST4265,PRD0502,2025-04-21,5,38772.73,UPI,Delivered
ORD00744,CST3334,PRD0242,2025-01-17,2,96910.37,Debit Card,Processing
ORD00745,CST2498,PRD0120,2025-09-08,7,280532.71,Debit Card,Cancelled
ORD00746,CST3393,PRD0973,2025-04-18,10,182634.21,Debit Card,Delivered
ORD00747,CST2454,PRD0678,2025-10-22,9,49411.74,Credit Card,Cancelled
ORD00748,CST1236,PRD0826,2025-02-07,7,318147.75,Debit Card,Cancelled
ORD00749,CST4274,PRD0697,2025-10-06,2,362110.12,Debit Card,Shipped
ORD00750,CST3146,PRD0220,2025-05-01,2,217566.6,Net Banking,Processing
ORD00751,CST4582,PRD0476,2025-05-27,4,133928.89,Credit Card,Processing
ORD00752,CST4795,PRD0087,2025-04-30,7,391867.7,Net Banking,Processing
ORD00753,CST3663,PRD0844,2025-08-12,2,490284.24,Net Banking,Processing
ORD00754,CST3804,PRD0489,2025-09-28,8,18581.92,Cash on Delivery,Shipped
ORD00755,CST4448,PRD0698,2025-10-11,7,492296.62,Net Banking,Shipped
ORD00756,CST2277,PRD0210,2025-03-16,1,417928.44,UPI,Cancelled
ORD00757,CST1400,PRD0055,2025-05-26,6,144415.29,Net Banking,Processing
ORD00758,CST2351,PRD0587,2025-11-07,2,134463.91,UPI,Cancelled
ORD00759,CST0192,PRD0625,2025-12-06,3,112489.78,Cash on Delivery,Delivered
ORD00760,CST4027,PRD0385,2025-01-12,1,282887.49,Cash on Delivery,Cancelled
ORD00761,CST4146,PRD0977,2025-02-19,2,451766.81,Debit Card,Processing
ORD00762,CST1607,PRD0973,2025-01-31,9,182634.21,Net Banking,Delivered
ORD00763,CST1774,PRD0124,2025-12-16,3,32354.36,Debit Card,Delivered
ORD00764,CST3205,PRD0118,2025-01-05,4,283836.47,Debit Card,Cancelled
ORD00765,CST4195,PRD0835,2025-06-25,6,454163.09,Credit Card,Processing
ORD00766,CST2065,PRD0817,2025-12-16,2,389232.75,UPI,Processing
ORD00767,CST0214,PRD0953,2025-05-06,1,336157.84,Cash on Delivery,Shipped
ORD00768,CST3297,PRD0747,2025-06-27,9,12216.72,Net Banking,Delivered
ORD00769,CST1818,PRD0241,2025-01-10,2,313050.32,Credit Card,Processing
ORD00770,CST1180,PRD0974,2025-01-07,8,1374.39,Credit Card,Cancelled
ORD00771,CST3836,PRD0844,2025-08-20,1,490284.24,Net Banking,Cancelled
ORD00772,CST0379,PRD0192,2025-06-15,6,427496.73,Debit Card,Processing
ORD00773,CST3830,PRD0661,2025-10-19,9,451325.3,Debit Card,Processing
ORD00774,CST4856,PRD0655,2025-10-25,8,268218.84,Cash on Delivery,Processing
ORD00775,CST4225,PRD0344,2025-02-17,8,71241.49,Credit Card,Cancelled
ORD00776,CST0499,PRD0485,2025-07-29,5,32645.18,Cash on Delivery,Shipped
ORD00777,CST3768,PRD0020,2025-04-28,1,62425.19,Net Banking,Processing
ORD00778,CST4946,PRD0192,2025-07-27,2,427496.73,Cash on Delivery,Processing
ORD00779,CST2737,PRD0486,2025-02-27,10,333995.37,Cash on Delivery,Delivered
ORD00780,CST3135,PRD0180,2025-10-07,2,110455.66,Credit Card,Cancelled
ORD00781,CST3794,PRD0658,2025-11-01,1,55260.32,UPI,Shipped
ORD00782,CST3562,PRD0779,2025-12-13,4,144619.96,Cash on Delivery,Cancelled
ORD00783,CST3756,PRD0068,2025-06-23,4,396547.89,Debit Card,Delivered
ORD00784,CST4014,PRD0744,2025-11-16,1,237811.1,Credit Card,Shipped
ORD00785,CST4242,PRD0287,2025-06-22,6,20378.33,Credit Card,Processing
ORD00786,CST3821,PRD0107,2025-04-07,2,234275.96,Cash on Delivery,Delivered
ORD00787,CST4336,PRD0538,2025-06-16,7,465957.48,Net Banking,Processing
ORD00788,CST4537,PRD0110,2025-04-26,9,476684.32,Cash on Delivery,Shipped
ORD00789,CST3102,PRD0470,2025-12-10,4,282322.76,Cash on Delivery,Cancelled
ORD00790,CST1218,PRD0321,2025-11-17,1,37465.87,Net Banking,Cancelled
ORD00791,CST2430,PRD0075,2025-07-12,8,178067.75,Cash on Delivery,Delivered
ORD00792,CST2368,PRD0383,2025-08-16,4,419182.0,Cash on Delivery,Delivered
ORD00793,CST4761,PRD0031,2025-10-10,1,309375.26,Debit Card,Shipped
ORD00794,CST0760,PRD0052,2025-07-01,10,5013.37,Net Banking,Cancelled
ORD00795,CST1360,PRD0799,2025-06-12,6,265235.57,Credit Card,Cancelled
ORD00796,CST4090,PRD0065,2025-11-09,3,316183.24,Net Banking,Processing
ORD00797,CST2828,PRD0606,2025-06-07,1,58545.66,Net Banking,Delivered
ORD00798,CST4588,PRD0634,2025-10-07,10,87769.43,Cash on Delivery,Delivered
ORD00799,CST4980,PRD0355,2025-11-16,2,328218.0,Credit Card,Processing
ORD00800,CST0588,PRD0676,2025-02-09,6,130881.15,UPI,Cancelled
ORD00801,CST2725,PRD0449,2025-05-20,2,369055.1,Debit Card,Cancelled
ORD00802,CST2982,PRD0980,2025-06-23,10,163280.99,Debit Card,Delivered
ORD00803,CST2150,PRD0432,2025-06-20,7,108369.1,Debit Card,Cancelled
ORD00804,CST2929,PRD0078,2025-06-20,10,377438.99,Debit Card,Processing
ORD00805,CST0500,PRD0686,2025-12-07,9,450728.25,UPI,Delivered
ORD00806,CST1792,PRD0229,2025-12-11,7,222489.98,Net Banking,Delivered
ORD00807,CST0667,PRD0849,2025-08-17,7,300765.22,Cash on Delivery,Shipped
ORD00808,CST0669,PRD0880,2025-08-16,2,63863.81,Debit Card,Shipped
ORD00809,CST3307,PRD0643,2025-04-10,10,188252.52,Net Banking,Shipped
ORD00810,CST4032,PRD0897,2025-01-25,9,185949.46,Credit Card,Delivered
ORD00811,CST3875,PRD0980,2025-02-05,9,163280.99,Net Banking,Cancelled
ORD00812,CST4241,PRD0592,2025-10-22,7,289106.2,Debit Card,Processing
ORD00813,CST4929,PRD0425,2025-12-27,3,293030.07,Credit Card,Processing
ORD00814,CST0519,PRD0885,2025-04-08,6,408180.23,Credit Card,Shipped
ORD00815,CST1476,PRD0806,2025-01-06,6,58673.67,Cash on Delivery,Shipped
ORD00816,CST4709,PRD0801,2025-11-27,3,397473.03,UPI,Cancelled
ORD00817,CST3041,PRD0905,2025-07-07,9,425456.72,Credit Card,Cancelled
ORD00818,CST2602,PRD0833,2025-01-10,9,25768.5,Net Banking,Processing
ORD00819,CST4508,PRD0815,2025-06-29,9,415420.26,Debit Card,Processing
ORD00820,CST3488,PRD0868,2025-09-13,7,264227.88,UPI,Shipped
ORD00821,CST0033,PRD0944,2025-02-10,1,368941.44,Debit Card,Shipped
ORD00822,CST1023,PRD0807,2025-10-31,1,66922.99,Credit Card,Delivered
ORD00823,CST4352,PRD0857,2025-12-19,3,341133.99,Net Banking,Delivered
ORD00824,CST2159,PRD0456,2025-03-10,6,256185.33,Credit Card,Shipped
ORD00825,CST0897,PRD0426,2025-03-04,6,455425.53,Net Banking,Shipped
ORD00826,CST1997,PRD0653,2025-03-21,10,134033.29,Debit Card,Cancelled
ORD00827,CST4940,PRD0887,2025-06-02,6,82722.19,Net Banking,Delivered
ORD00828,CST3265,PRD0597,2025-07-17,8,63537.83,Net Banking,Delivered
ORD00829,CST4530,PRD0057,2025-10-08,3,436271.34,Credit Card,Delivered
ORD00830,CST3260,PRD0079,2025-01-04,4,52375.45,Credit Card,Delivered
ORD00831,CST2681,PRD0255,2025-11-20,2,161716.33,UPI,Shipped
ORD00832,CST2334,PRD0540,2025-05-10,10,241914.95,UPI,Cancelled
ORD00833,CST0225,PRD0742,2025-10-17,8,112459.93,Cash on Delivery,Delivered
ORD00834,CST2243,PRD0279,2025-06-27,10,367611.96,Cash on Delivery,Delivered
ORD00835,CST4276,PRD0513,2025-11-17,10,20899.02,Cash on Delivery,Shipped
ORD00836,CST4369,PRD0435,2025-02-18,5,396485.92,UPI,Processing
ORD00837,CST2786,PRD0935,2025-06-02,6,55002.05,Net Banking,Delivered
ORD00838,CST3470,PRD0486,2025-01-07,10,333995.37,UPI,Cancelled
ORD00839,CST4618,PRD0569,2025-09-14,10,131038.86,Debit Card,Shipped
ORD00840,CST3551,PRD0291,2025-09-24,8,86034.61,Debit Card,Delivered
ORD00841,CST0740,PRD0178,2025-09-07,9,92916.82,Debit Card,Shipped
ORD00842,CST2965,PRD0566,2025-09-16,10,490663.38,Credit Card,Delivered
ORD00843,CST2529,PRD0825,2025-04-09,10,426105.92,Net Banking,Shipped
ORD00844,CST3269,PRD0833,2025-07-11,4,25768.5,Net Banking,Cancelled
ORD00845,CST2954,PRD0957,2025-06-20,5,335001.37,Cash on Delivery,Shipped
ORD00846,CST1766,PRD0880,2025-10-07,6,63863.81,UPI,Delivered
ORD00847,CST4672,PRD0300,2025-06-14,5,417802.54,Net Banking,Processing
ORD00848,CST1440,PRD0027,2025-04-12,9,354586.07,Cash on Delivery,Shipped
ORD00849,CST1421,PRD0004,2025-08-02,9,480235.53,Credit Card,Cancelled
ORD00850,CST4388,PRD0449,2025-09-13,8,369055.1,Cash on Delivery,Cancelled
ORD00851,CST3603,PRD0068,2025-09-10,8,396547.89,Debit Card,Processing
ORD00852,CST0367,PRD0131,2025-10-12,8,54831.73,Cash on Delivery,Cancelled
ORD00853,CST2264,PRD0683,2025-06-13,1,465400.22,Credit Card,Shipped
ORD00854,CST3892,PRD0762,2025-04-29,9,380190.91,UPI,Cancelled
ORD00855,CST1143,PRD0394,2025-08-30,4,278794.33,UPI,Processing
ORD00856,CST3200,PRD0948,2025-03-25,7,183460.79,UPI,Cancelled
ORD00857,CST4575,PRD0519,2025-10-15,3,281491.29,Debit Card,Delivered
ORD00858,CST3076,PRD0182,2025-05-06,8,384713.55,Credit Card,Processing
ORD00859,CST2993,PRD0778,2025-03-18,9,310002.95,Net Banking,Shipped
ORD00860,CST3323,PRD0212,2025-07-10,5,251709.96,UPI,Delivered
ORD00861,CST0127,PRD0156,2025-12-27,6,259678.66,UPI,Shipped
ORD00862,CST1163,PRD0136,2025-06-14,1,417077.04,UPI,Cancelled
ORD00863,CST4422,PRD0811,2025-09-06,5,154268.56,Net Banking,Cancelled
ORD00864,CST4073,PRD0555,2025-03-25,9,237730.62,UPI,Shipped
ORD00865,CST0492,PRD0884,2025-05-03,9,87645.2,Credit Card,Delivered
ORD00866,CST1416,PRD0006,2025-03-22,4,248881.91,Debit Card,Processing
ORD00867,CST1331,PRD0203,2025-02-15,2,17047.79,Debit Card,Processing
ORD00868,CST4168,PRD0811,2025-08-20,8,154268.56,Cash on Delivery,Shipped
ORD00869,CST3366,PRD0017,2025-07-24,8,60245.72,UPI,Shipped
ORD00870,CST3253,PRD0218,2025-07-20,10,80392.41,Net Banking,Shipped
ORD00871,CST3418,PRD0735,2025-06-13,9,219840.8,Net Banking,Shipped
ORD00872,CST0005,PRD0073,2025-07-22,1,207272.6,Credit Card,Cancelled
ORD00873,CST4162,PRD0475,2025-06-08,8,187942.29,Debit Card,Cancelled
ORD00874,CST0683,PRD0222,2025-10-24,3,495711.35,Net Banking,Delivered
ORD00875,CST4661,PRD0269,2025-11-28,6,399155.98,UPI,Delivered
ORD00876,CST4428,PRD0908,2025-01-14,8,413157.39,Net Banking,Cancelled
ORD00877,CST2670,PRD0258,2025-12-02,1,120169.47,Credit Card,Delivered
ORD00878,CST2811,PRD0382,2025-10-09,10,457969.15,Cash on Delivery,Cancelled
ORD00879,CST0629,PRD0033,2025-08-27,1,46608.17,UPI,Shipped
ORD00880,CST2158,PRD0427,2025-06-25,10,62385.96,Net Banking,Delivered
ORD00881,CST3292,PRD0070,2025-12-16,9,245276.45,Net Banking,Processing
ORD00882,CST2324,PRD0524,2025-08-18,1,312738.42,Debit Card,Delivered
ORD00883,CST3007,PRD0310,2025-10-01,8,91658.23,Cash on Delivery,Delivered
ORD00884,CST2153,PRD0040,2025-09-10,6,258289.75,Net Banking,Delivered
ORD00885,CST4713,PRD0572,2025-11-02,5,448724.27,Debit Card,Cancelled
ORD00886,CST1114,PRD0202,2025-06-03,4,165292.73,Credit Card,Shipped
ORD00887,CST2057,PRD0772,2025-01-02,7,435091.54,Credit Card,Processing
ORD00888,CST0006,PRD0983,2025-09-30,2,270040.45,Cash on Delivery,Processing
ORD00889,CST3522,PRD0206,2025-03-26,6,197179.77,Credit Card,Delivered
ORD00890,CST2920,PRD0808,2025-11-02,1,305918.21,Debit Card,Shipped
ORD00891,CST4631,PRD0356,2025-04-08,2,447445.45,Net Banking,Cancelled
ORD00892,CST1139,PRD0216,2025-01-23,7,499353.57,Credit Card,Delivered
ORD00893,CST2198,PRD0661,2025-08-18,10,451325.3,Credit Card,Cancelled
ORD00894,CST1766,PRD0092,2025-12-01,1,134866.12,Debit Card,Shipped
ORD00895,CST3526,PRD0400,2025-06-05,7,236491.91,Credit Card,Delivered
ORD00896,CST0875,PRD0283,2025-09-03,10,466806.55,UPI,Processing
ORD00897,CST2447,PRD0581,2025-05-31,2,181384.25,Debit Card,Cancelled
ORD00898,CST3759,PRD0528,2025-04-23,6,320836.96,Debit Card,Cancelled
ORD00899,CST4635,PRD0554,2025-07-09,10,397170.23,Debit Card,Cancelled
ORD00900,CST3096,PRD0216,2025-01-28,3,499353.57,UPI,Processing
ORD00901,CST1361,PRD0193,2025-09-07,8,367591.73,UPI,Delivered
ORD00902,CST0765,PRD0085,2025-09-29,10,430414.2,Net Banking,Processing
ORD00903,CST4481,PRD0477,2025-01-22,10,229713.94,Net Banking,Cancelled
ORD00904,CST2563,PRD0233,2025-03-16,1,444388.32,Credit Card,Processing
ORD00905,CST3683,PRD0496,2025-09-18,4,76825.62,Credit Card,Processing
ORD00906,CST1357,PRD0457,2025-04-15,2,450517.49,Net Banking,Cancelled
ORD00907,CST0468,PRD0900,2025-02-11,4,96474.22,UPI,Processing
ORD00908,CST0365,PRD0681,2025-03-25,4,99107.84,Debit Card,Shipped
ORD00909,CST0184,PRD0401,2025-10-19,5,3225.61,UPI,Cancelled
ORD00910,CST3604,PRD0275,2025-05-26,4,377536.84,Credit Card,Cancelled
ORD00911,CST0162,PRD0282,2025-12-04,3,313838.55,Credit Card,Processing
ORD00912,CST4510,PRD0723,2025-12-11,6,30682.04,UPI,Delivered
ORD00913,CST4587,PRD0291,2025-03-13,2,86034.61,UPI,Delivered
ORD00914,CST0908,PRD0764,2025-02-24,6,445630.8,Debit Card,Delivered
ORD00915,CST4612,PRD0388,2025-05-18,5,212794.03,Debit Card,Shipped
ORD00916,CST1783,PRD0128,2025-12-28,8,488283.83,Debit Card,Delivered
ORD00917,CST0891,PRD0517,2025-03-09,1,207791.06,Cash on Delivery,Processing
ORD00918,CST2511,PRD0491,2025-12-03,6,169339.24,UPI,Delivered
ORD00919,CST0739,PRD0087,2025-11-20,8,391867.7,UPI,Cancelled
ORD00920,CST2126,PRD0671,2025-07-16,10,299559.74,UPI,Cancelled
ORD00921,CST3918,PRD0725,2025-05-13,2,197882.65,Net Banking,Delivered
ORD00922,CST2499,PRD0362,2025-11-15,6,486036.29,Cash on Delivery,Delivered
ORD00923,CST2177,PRD0415,2025-06-12,4,379456.13,Credit Card,Delivered
ORD00924,CST2527,PRD0505,2025-05-11,4,261980.31,UPI,Delivered
ORD00925,CST1961,PRD0570,2025-05-16,4,251170.4,Cash on Delivery,Processing
ORD00926,CST3753,PRD0686,2025-09-21,3,450728.25,UPI,Shipped
ORD00927,CST4095,PRD0337,2025-10-10,2,250697.44,UPI,Cancelled
ORD00928,CST4539,PRD0922,2025-01-24,3,219694.88,Credit Card,Processing
ORD00929,CST4979,PRD0785,2025-01-08,8,234786.7,Cash on Delivery,Processing
ORD00930,CST3297,PRD0067,2025-08-31,10,285269.76,Debit Card,Cancelled
ORD00931,CST1238,PRD0753,2025-08-15,9,405386.83,UPI,Shipped
ORD00932,CST0661,PRD0708,2025-04-21,8,464842.07,Debit Card,Cancelled
ORD00933,CST0724,PRD0945,2025-04-23,4,350844.39,Net Banking,Shipped
ORD00934,CST4152,PRD0851,2025-05-13,1,246081.75,Debit Card,Cancelled
ORD00935,CST3898,PRD0188,2025-05-09,4,319504.96,Debit Card,Delivered
ORD00936,CST1926,PRD0126,2025-06-25,2,349206.68,Debit Card,Shipped
ORD00937,CST3201,PRD0948,2025-09-24,8,183460.79,Credit Card,Cancelled
ORD00938,CST0331,PRD0005,2025-12-14,3,225689.16,Credit Card,Shipped
ORD00939,CST4157,PRD0595,2025-06-01,1,68955.26,Debit Card,Delivered
ORD00940,CST0429,PRD0748,2025-12-09,3,198355.08,UPI,Processing
ORD00941,CST1367,PRD0034,2025-04-26,6,481216.6,UPI,Cancelled
ORD00942,CST4190,PRD0216,2025-08-25,4,499353.57,UPI,Delivered
ORD00943,CST3654,PRD0463,2025-08-09,8,24303.03,Net Banking,Shipped
ORD00944,CST1651,PRD0025,2025-07-13,5,229608.54,Debit Card,Shipped
ORD00945,CST2875,PRD0857,2025-10-01,10,341133.99,Credit Card,Shipped
ORD00946,CST0748,PRD0989,2025-01-15,3,417438.58,Cash on Delivery,Delivered
ORD00947,CST2711,PRD0719,2025-03-14,5,17231.59,Credit Card,Cancelled
ORD00948,CST4334,PRD0650,2025-04-04,1,269438.6,UPI,Delivered
ORD00949,CST3988,PRD0124,2025-07-15,1,32354.36,Cash on Delivery,Shipped
ORD00950,CST4575,PRD0990,2025-07-15,9,256089.23,UPI,Delivered
ORD00951,CST0861,PRD0824,2025-08-28,8,182628.31,UPI,Cancelled
ORD00952,CST2096,PRD0467,2025-07-16,7,74123.04,Debit Card,Cancelled
ORD00953,CST2938,PRD0163,2025-03-30,2,396894.78,Cash on Delivery,Processing
ORD00954,CST2577,PRD0496,2025-03-11,4,76825.62,UPI,Processing
ORD00955,CST2516,PRD0137,2025-08-27,5,446911.84,Net Banking,Processing
ORD00956,CST0037,PRD0586,2025-04-16,5,454851.53,Debit Card,Delivered
ORD00957,CST2211,PRD0974,2025-03-30,9,1374.39,Cash on Delivery,Shipped
ORD00958,CST3880,PRD0136,2025-06-21,1,417077.04,Debit Card,Cancelled
ORD00959,CST1826,PRD0699,2025-10-27,8,394615.9,Credit Card,Cancelled
ORD00960,CST1854,PRD0982,2025-09-01,2,227177.39,UPI,Cancelled
ORD00961,CST2280,PRD0928,2025-10-14,5,42509.79,Net Banking,Cancelled
ORD00962,CST4060,PRD0190,2025-03-31,5,409175.78,Debit Card,Cancelled
ORD00963,CST0667,PRD0496,2025-06-21,10,76825.62,Cash on Delivery,Delivered
ORD00964,CST3785,PRD0260,2025-05-15,7,251438.98,Debit Card,Processing
ORD00965,CST4720,PRD0912,2025-08-15,1,3636.86,Net Banking,Processing
ORD00966,CST3680,PRD0458,2025-01-07,6,204299.89,Credit Card,Shipped
ORD00967,CST3631,PRD0524,2025-02-15,6,312738.42,Net Banking,Shipped
ORD00968,CST3594,PRD0051,2025-11-19,3,481450.5,Credit Card,Processing
ORD00969,CST2461,PRD0451,2025-09-26,10,381328.13,UPI,Cancelled
ORD00970,CST3262,PRD0157,2025-06-25,9,75831.01,Debit Card,Cancelled
ORD00971,CST1110,PRD0376,2025-04-21,9,50601.95,Net Banking,Shipped
ORD00972,CST0245,PRD0802,2025-12-27,6,86930.19,Net Banking,Cancelled
ORD00973,CST2062,PRD0057,2025-01-02,8,436271.34,Net Banking,Shipped
ORD00974,CST3920,PRD0198,2025-07-12,1,126993.94,Debit Card,Cancelled
ORD00975,CST3201,PRD0185,2025-07-29,9,382123.7,Cash on Delivery,Cancelled
ORD00976,CST0850,PRD0800,2025-09-17,4,429133.17,Cash on Delivery,Shipped
ORD00977,CST0182,PRD0782,2025-11-25,8,96160.12,Net Banking,Cancelled
ORD00978,CST0250,PRD0525,2025-08-06,5,26009.09,UPI,Cancelled
ORD00979,CST2004,PRD0343,2025-02-10,5,39399.13,UPI,Processing
ORD00980,CST1376,PRD0605,2025-03-11,9,264670.42,Credit Card,Delivered
ORD00981,CST0815,PRD0661,2025-12-14,10,451325.3,Debit Card,Shipped
ORD00982,CST3336,PRD0798,2025-11-20,4,116128.41,Credit Card,Shipped
ORD00983,CST1565,PRD0143,2025-01-08,9,320682.49,Cash on Delivery,Shipped
ORD00984,CST2928,PRD0213,2025-01-08,8,455938.82,UPI,Cancelled
ORD00985,CST4995,PRD0562,2025-10-04,7,372541.47,Net Banking,Delivered
ORD00986,CST1743,PRD0373,2025-03-06,7,129369.28,Debit Card,Processing
ORD00987,CST3194,PRD0461,2025-01-06,1,289926.23,Net Banking,Shipped
ORD00988,CST3559,PRD0059,2025-12-21,8,69890.6,Debit Card,Processing
ORD00989,CST1654,PRD0981,2025-12-07,8,245722.69,Credit Card,Delivered
ORD00990,CST3751,PRD0410,2025-11-14,9,375658.1,Net Banking,Delivered
ORD00991,CST2007,PRD0675,2025-12-11,5,298321.19,Credit Card,Processing
ORD00992,CST3823,PRD0574,2025-07-20,3,402163.07,Cash on Delivery,Processing
ORD00993,CST2183,PRD0901,2025-04-22,2,439676.4,Net Banking,Cancelled
ORD00994,CST4411,PRD0447,2025-09-19,1,344400.91,Cash on Delivery,Processing
ORD00995,CST2653,PRD0345,2025-05-28,3,481363.4,UPI,Processing
ORD00996,CST2484,PRD0311,2025-05-18,10,76425.13,Cash on Delivery,Shipped
ORD00997,CST4045,PRD0103,2025-03-03,5,477670.48,Cash on Delivery,Shipped
ORD00998,CST0386,PRD0607,2025-10-12,10,257511.87,Debit Card,Shipped
ORD00999,CST4406,PRD0599,2025-01-26,3,143786.53,Credit Card,Processing
ORD01000,CST3324,PRD0013,2025-10-05,3,291862.99,Net Banking,Shipped
ORD01001,CST1318,PRD0048,2025-10-14,2,388284.84,Net Banking,Shipped
ORD01002,CST3424,PRD0358,2025-05-01,9,56119.57,Debit Card,Delivered
ORD01003,CST4183,PRD0811,2025-07-20,9,154268.56,UPI,Delivered
ORD01004,CST1866,PRD0969,2025-09-20,4,315284.44,UPI,Cancelled
ORD01005,CST0933,PRD0701,2025-09-17,8,153776.2,Cash on Delivery,Delivered
ORD01006,CST2126,PRD0524,2025-01-28,10,312738.42,Cash on Delivery,Cancelled
ORD01007,CST0869,PRD0820,2025-03-17,3,278988.57,Net Banking,Delivered
ORD01008,CST1798,PRD0709,2025-06-04,7,58944.78,Credit Card,Delivered
ORD01009,CST0584,PRD0347,2025-10-15,3,316813.1,Net Banking,Shipped
ORD01010,CST0258,PRD0372,2025-04-02,5,11186.02,Credit Card,Shipped
ORD01011,CST4631,PRD0896,2025-07-18,5,435081.93,Cash on Delivery,Cancelled
ORD01012,CST2290,PRD0525,2025-12-13,8,26009.09,Credit Card,Delivered
ORD01013,CST1250,PRD0991,2025-01-30,6,372709.84,Net Banking,Shipped
ORD01014,CST1852,PRD0849,2025-09-01,5,300765.22,UPI,Delivered
ORD01015,CST4421,PRD0185,2025-06-20,4,382123.7,UPI,Shipped
ORD01016,CST1998,PRD0232,2025-05-03,2,432129.02,Credit Card,Shipped
ORD01017,CST2648,PRD0591,2025-02-23,6,278924.26,Cash on Delivery,Delivered
ORD01018,CST4463,PRD0051,2025-11-25,1,481450.5,Cash on Delivery,Delivered
ORD01019,CST3442,PRD0017,2025-11-12,5,60245.72,Debit Card,Delivered
ORD01020,CST2876,PRD0738,2025-12-08,9,247683.34,Debit Card,Processing
ORD01021,CST0237,PRD0897,2025-01-26,1,185949.46,Credit Card,Cancelled
ORD01022,CST1306,PRD0684,2025-10-13,2,468185.59,UPI,Shipped
ORD01023,CST4975,PRD0889,2025-11-17,8,6877.23,Cash on Delivery,Processing
ORD01024,CST0287,PRD0778,2025-12-01,3,310002.95,Cash on Delivery,Cancelled
ORD01025,CST0391,PRD0196,2025-03-10,6,154052.13,Debit Card,Delivered
ORD01026,CST1492,PRD0969,2025-05-09,3,315284.44,Debit Card,Delivered
ORD01027,CST4956,PRD0363,2025-04-24,7,332049.21,Cash on Delivery,Delivered
ORD01028,CST4068,PRD0616,2025-05-06,5,19332.36,Cash on Delivery,Processing
ORD01029,CST3887,PRD0711,2025-06-04,2,80496.35,Credit Card,Cancelled
ORD01030,CST0214,PRD0384,2025-01-30,3,402804.3,Debit Card,Delivered
ORD01031,CST4865,PRD0728,2025-12-17,6,466065.61,Net Banking,Cancelled
ORD01032,CST3571,PRD0076,2025-02-12,6,408837.17,Debit Card,Shipped
ORD01033,CST2333,PRD0871,2025-05-31,3,29060.59,Debit Card,Cancelled
ORD01034,CST4441,PRD0437,2025-02-04,2,278819.26,Debit Card,Processing
ORD01035,CST2537,PRD0327,2025-07-14,1,127706.45,Credit Card,Delivered
ORD01036,CST3371,PRD0611,2025-06-21,3,193493.54,UPI,Processing
ORD01037,CST0199,PRD0879,2025-01-21,2,169342.3,UPI,Shipped
ORD01038,CST1698,PRD0160,2025-04-19,2,252632.65,Net Banking,Cancelled
ORD01039,CST0358,PRD0281,2025-12-06,3,43878.01,Net Banking,Processing
ORD01040,CST0956,PRD0616,2025-06-24,6,19332.36,Debit Card,Shipped
ORD01041,CST0706,PRD0898,2025-12-08,2,488851.36,Cash on Delivery,Shipped
ORD01042,CST0351,PRD0770,2025-01-03,4,380657.0,Net Banking,Delivered
ORD01043,CST2024,PRD0090,2025-01-18,5,125416.0,Cash on Delivery,Delivered
ORD01044,CST3673,PRD0529,2025-04-25,8,178140.65,Debit Card,Cancelled
ORD01045,CST4876,PRD0900,2025-06-02,3,96474.22,UPI,Processing
ORD01046,CST0886,PRD0490,2025-09-20,5,71859.02,Debit Card,Cancelled
ORD01047,CST3582,PRD0263,2025-08-30,9,325576.25,Credit Card,Processing
ORD01048,CST4910,PRD0202,2025-06-26,7,165292.73,Debit Card,Cancelled
ORD01049,CST2358,PRD0587,2025-12-04,5,134463.91,Debit Card,Cancelled
ORD01050,CST3439,PRD0051,2025-07-24,1,481450.5,Credit Card,Processing
ORD01051,CST0125,PRD0049,2025-11-29,2,305057.06,Cash on Delivery,Shipped
ORD01052,CST3265,PRD0348,2025-12-09,2,49503.5,Cash on Delivery,Processing
ORD01053,CST2732,PRD0099,2025-07-20,5,130423.59,Credit Card,Delivered
ORD01054,CST3097,PRD0106,2025-02-03,10,266553.12,Cash on Delivery,Processing
ORD01055,CST4418,PRD0133,2025-04-03,3,470196.95,Credit Card,Cancelled
ORD01056,CST4684,PRD0767,2025-02-19,4,333590.31,UPI,Shipped
ORD01057,CST2772,PRD0582,2025-10-19,8,93486.1,Net Banking,Shipped
ORD01058,CST1004,PRD0301,2025-09-05,7,7480.96,Net Banking,Shipped
ORD01059,CST2382,PRD0292,2025-05-23,7,470579.02,Cash on Delivery,Delivered
ORD01060,CST4399,PRD0525,2025-05-10,5,26009.09,Cash on Delivery,Processing
ORD01061,CST0089,PRD0328,2025-01-10,10,61902.25,UPI,Cancelled
ORD01062,CST4264,PRD0625,2025-03-12,6,112489.78,Debit Card,Cancelled
ORD01063,CST1421,PRD0553,2025-06-01,6,110626.35,Net Banking,Processing
ORD01064,CST4130,PRD0986,2025-10-29,6,70647.16,Credit Card,Cancelled
ORD01065,CST1167,PRD0120,2025-04-23,6,280532.71,Credit Card,Processing
ORD01066,CST2634,PRD0835,2025-12-10,1,454163.09,Debit Card,Cancelled
ORD01067,CST0241,PRD0818,2025-03-18,7,220601.84,Cash on Delivery,Shipped
ORD01068,CST2803,PRD0147,2025-02-19,5,368957.79,Cash on Delivery,Shipped
ORD01069,CST2882,PRD0836,2025-08-21,4,399271.45,Cash on Delivery,Processing
ORD01070,CST4177,PRD0094,2025-07-21,8,193799.52,Cash on Delivery,Delivered
ORD01071,CST3763,PRD0023,2025-11-17,7,317209.45,Debit Card,Delivered
ORD01072,CST0095,PRD0546,2025-05-26,3,20751.92,Credit Card,Cancelled
ORD01073,CST4704,PRD0913,2025-02-15,3,447795.49,Credit Card,Delivered
ORD01074,CST1779,PRD0095,2025-02-18,5,223259.72,UPI,Shipped
ORD01075,CST4920,PRD0400,2025-03-13,10,236491.91,Debit Card,Processing
ORD01076,CST3340,PRD0050,2025-05-23,4,169074.76,UPI,Cancelled
ORD01077,CST4972,PRD0194,2025-04-01,8,446793.8,Credit Card,Cancelled
ORD01078,CST3851,PRD0788,2025-04-29,4,339219.05,Cash on Delivery,Delivered
ORD01079,CST1710,PRD0868,2025-01-28,6,264227.88,Net Banking,Processing
ORD01080,CST4524,PRD0723,2025-01-21,2,30682.04,UPI,Shipped
ORD01081,CST0696,PRD0491,2025-11-16,1,169339.24,Credit Card,Delivered
ORD01082,CST2695,PRD0974,2025-01-21,10,1374.39,Debit Card,Shipped
ORD01083,CST2172,PRD0688,2025-09-21,5,84303.13,Cash on Delivery,Delivered
ORD01084,CST3695,PRD0948,2025-09-16,4,183460.79,Debit Card,Cancelled
ORD01085,CST4623,PRD0635,2025-11-18,5,396531.33,Debit Card,Processing
ORD01086,CST0207,PRD0393,2025-04-27,9,132764.27,Cash on Delivery,Processing
ORD01087,CST0120,PRD0919,2025-09-11,4,490508.58,Credit Card,Shipped
ORD01088,CST4012,PRD0479,2025-06-12,4,382492.46,UPI,Cancelled
ORD01089,CST2079,PRD0881,2025-01-06,9,23942.0,Cash on Delivery,Cancelled
ORD01090,CST0994,PRD0119,2025-07-27,6,203981.61,UPI,Processing
ORD01091,CST1147,PRD0590,2025-08-28,2,27079.31,Debit Card,Delivered
ORD01092,CST1613,PRD0756,2025-03-19,6,183854.89,UPI,Delivered
ORD01093,CST0920,PRD0096,2025-07-05,6,279302.34,Debit Card,Cancelled
ORD01094,CST3901,PRD0248,2025-07-14,9,293696.67,Debit Card,Cancelled
ORD01095,CST4405,PRD0047,2025-05-26,1,135167.95,Net Banking,Cancelled
ORD01096,CST4253,PRD0916,2025-09-22,10,388891.05,Cash on Delivery,Cancelled
ORD01097,CST1911,PRD0717,2025-08-02,1,184847.94,Debit Card,Processing
ORD01098,CST2375,PRD0165,2025-07-20,6,41259.55,Debit Card,Shipped
ORD01099,CST4163,PRD0489,2025-02-17,1,18581.92,UPI,Shipped
ORD01100,CST4548,PRD0182,2025-09-21,2,384713.55,UPI,Shipped
ORD01101,CST2154,PRD0001,2025-08-22,10,442722.82,Net Banking,Shipped
ORD01102,CST3850,PRD0751,2025-04-05,2,272483.38,Debit Card,Processing
ORD01103,CST0246,PRD0120,2025-09-21,1,280532.71,Net Banking,Processing
ORD01104,CST0868,PRD0810,2025-05-07,3,150869.36,Debit Card,Cancelled
ORD01105,CST3032,PRD0788,2025-02-24,4,339219.05,Cash on Delivery,Delivered
ORD01106,CST3584,PRD0262,2025-06-06,7,71701.07,UPI,Shipped
ORD01107,CST4179,PRD0721,2025-05-18,7,8562.05,Debit Card,Delivered
ORD01108,CST2811,PRD0853,2025-06-13,10,20006.07,Debit Card,Cancelled
ORD01109,CST4335,PRD0910,2025-02-25,3,289331.06,UPI,Shipped
ORD01110,CST4385,PRD0629,2025-05-01,5,197064.56,Net Banking,Cancelled
ORD01111,CST0735,PRD0713,2025-12-19,2,85332.13,UPI,Processing
ORD01112,CST1110,PRD0186,2025-07-16,7,153989.47,Debit Card,Processing
ORD01113,CST3118,PRD0495,2025-02-01,4,290468.87,Cash on Delivery,Delivered
ORD01114,CST2435,PRD0539,2025-05-27,6,57940.75,Net Banking,Delivered
ORD01115,CST0968,PRD0244,2025-08-29,4,253186.64,Debit Card,Cancelled
ORD01116,CST0131,PRD0880,2025-11-07,9,63863.81,Credit Card,Cancelled
ORD01117,CST2702,PRD0661,2025-06-07,5,451325.3,Cash on Delivery,Processing
ORD01118,CST3650,PRD0277,2025-03-10,9,219021.68,UPI,Shipped
ORD01119,CST2773,PRD0651,2025-10-19,8,6511.35,Debit Card,Delivered
ORD01120,CST4434,PRD0247,2025-02-18,5,134623.99,Credit Card,Cancelled
ORD01121,CST1445,PRD0419,2025-10-31,1,440720.8,Debit Card,Cancelled
ORD01122,CST2719,PRD0745,2025-02-09,7,189639.44,Cash on Delivery,Delivered
ORD01123,CST1439,PRD0039,2025-10-19,5,404.11,UPI,Delivered
ORD01124,CST1101,PRD0188,2025-06-10,4,319504.96,Net Banking,Shipped
ORD01125,CST3230,PRD0421,2025-01-01,3,119515.57,Net Banking,Shipped
ORD01126,CST2110,PRD0984,2025-02-17,2,292739.92,Debit Card,Shipped
ORD01127,CST0959,PRD0451,2025-06-06,4,381328.13,UPI,Processing
ORD01128,CST3569,PRD0773,2025-07-25,3,105070.58,Net Banking,Processing
ORD01129,CST0152,PRD0653,2025-06-01,7,134033.29,UPI,Delivered
ORD01130,CST2301,PRD0631,2025-07-23,3,278500.79,Debit Card,Processing
ORD01131,CST1773,PRD0393,2025-11-09,9,132764.27,UPI,Cancelled
ORD01132,CST0429,PRD0078,2025-03-09,1,377438.99,Cash on Delivery,Delivered
ORD01133,CST0336,PRD0847,2025-05-31,1,30266.3,Net Banking,Cancelled
ORD01134,CST4915,PRD0348,2025-10-26,9,49503.5,Cash on Delivery,Processing
ORD01135,CST2023,PRD0729,2025-11-20,6,239751.24,Cash on Delivery,Shipped
ORD01136,CST1040,PRD0463,2025-01-12,6,24303.03,Credit Card,Shipped
ORD01137,CST0956,PRD0019,2025-05-12,2,189955.9,Cash on Delivery,Cancelled
ORD01138,CST3827,PRD0641,2025-09-08,7,8698.24,Debit Card,Delivered
ORD01139,CST4010,PRD0849,2025-01-31,7,300765.22,UPI,Shipped
ORD01140,CST3838,PRD0865,2025-08-14,3,470825.36,Debit Card,Delivered
ORD01141,CST3514,PRD0200,2025-08-30,6,447222.3,Debit Card,Cancelled
ORD01142,CST4509,PRD0911,2025-07-09,6,473498.03,Debit Card,Delivered
ORD01143,CST2523,PRD0930,2025-03-13,5,43094.6,Net Banking,Cancelled
ORD01144,CST4296,PRD0968,2025-04-19,10,475811.38,UPI,Shipped
ORD01145,CST4260,PRD0546,2025-10-29,3,20751.92,Net Banking,Shipped
ORD01146,CST2141,PRD0896,2025-03-19,8,435081.93,Cash on Delivery,Processing
ORD01147,CST2912,PRD0030,2025-12-13,2,135855.72,Debit Card,Shipped
ORD01148,CST0821,PRD0953,2025-04-20,8,336157.84,UPI,Processing
ORD01149,CST1341,PRD0569,2025-09-21,6,131038.86,Credit Card,Delivered
ORD01150,CST2903,PRD0930,2025-08-18,8,43094.6,Net Banking,Cancelled
ORD01151,CST0545,PRD0969,2025-02-14,6,315284.44,Cash on Delivery,Cancelled
ORD01152,CST2777,PRD0016,2025-10-30,3,367901.61,UPI,Delivered
ORD01153,CST4593,PRD0238,2025-06-20,3,208151.04,Credit Card,Shipped
ORD01154,CST4436,PRD0498,2025-11-11,10,137312.73,Credit Card,Cancelled
ORD01155,CST0787,PRD0046,2025-09-26,6,299475.4,Cash on Delivery,Processing
ORD01156,CST3438,PRD0723,2025-02-13,5,30682.04,Net Banking,Processing
ORD01157,CST3604,PRD0825,2025-12-24,2,426105.92,UPI,Processing
ORD01158,CST0295,PRD0122,2025-02-21,10,58233.85,Debit Card,Processing
ORD01159,CST1884,PRD0301,2025-06-22,5,7480.96,Debit Card,Shipped
ORD01160,CST0578,PRD0600,2025-07-16,2,381581.84,Net Banking,Delivered
ORD01161,CST1888,PRD0803,2025-08-08,6,424917.53,Debit Card,Processing
ORD01162,CST0416,PRD0013,2025-11-15,7,291862.99,Debit Card,Delivered
ORD01163,CST0800,PRD0093,2025-04-03,2,263627.73,Credit Card,Processing
ORD01164,CST3428,PRD0128,2025-03-20,9,488283.83,Net Banking,Cancelled
ORD01165,CST2781,PRD0042,2025-03-17,1,404782.24,Credit Card,Cancelled
ORD01166,CST3005,PRD0390,2025-03-22,6,401986.29,Debit Card,Cancelled
ORD01167,CST1576,PRD0592,2025-04-16,10,289106.2,Cash on Delivery,Processing
ORD01168,CST1993,PRD0380,2025-01-05,7,287266.29,Credit Card,Processing
ORD01169,CST1770,PRD0672,2025-10-16,8,269053.06,Cash on Delivery,Delivered
ORD01170,CST1142,PRD0052,2025-10-11,4,5013.37,Cash on Delivery,Delivered
ORD01171,CST4473,PRD0648,2025-06-30,6,146050.1,Cash on Delivery,Processing
ORD01172,CST2031,PRD0253,2025-03-23,5,370166.52,Debit Card,Cancelled
ORD01173,CST0629,PRD0892,2025-04-25,3,79816.41,Cash on Delivery,Delivered
ORD01174,CST3932,PRD0946,2025-06-20,9,98554.47,Debit Card,Cancelled
ORD01175,CST2042,PRD0268,2025-07-31,3,7811.36,Cash on Delivery,Cancelled
ORD01176,CST3201,PRD0478,2025-03-07,10,306836.42,Cash on Delivery,Shipped
ORD01177,CST0396,PRD0978,2025-11-22,2,262067.23,UPI,Cancelled
ORD01178,CST0563,PRD0007,2025-03-28,2,56943.72,UPI,Shipped
ORD01179,CST4288,PRD0332,2025-06-03,6,272249.32,Debit Card,Processing
ORD01180,CST1011,PRD0534,2025-11-18,7,76076.88,UPI,Processing
ORD01181,CST3375,PRD0217,2025-01-13,5,291586.72,Credit Card,Cancelled
ORD01182,CST3417,PRD0434,2025-08-08,1,354742.21,Cash on Delivery,Shipped
ORD01183,CST1283,PRD0386,2025-05-29,6,381716.79,UPI,Processing
ORD01184,CST4924,PRD0755,2025-03-02,7,338717.02,Net Banking,Cancelled
ORD01185,CST4367,PRD0934,2025-03-12,6,376068.76,Debit Card,Delivered
ORD01186,CST1306,PRD0467,2025-10-11,4,74123.04,UPI,Shipped
ORD01187,CST0550,PRD0134,2025-01-09,5,320861.2,Credit Card,Cancelled
ORD01188,CST4166,PRD0115,2025-04-27,7,375816.78,UPI,Delivered
ORD01189,CST2422,PRD0820,2025-11-12,5,278988.57,Debit Card,Delivered
ORD01190,CST0904,PRD0698,2025-10-21,8,492296.62,UPI,Delivered
ORD01191,CST0378,PRD0933,2025-08-18,4,260456.45,Credit Card,Processing
ORD01192,CST2916,PRD0670,2025-09-26,10,186336.51,UPI,Delivered
ORD01193,CST3185,PRD0601,2025-02-03,6,188003.12,Net Banking,Processing
ORD01194,CST0742,PRD0748,2025-06-07,3,198355.08,Cash on Delivery,Processing
ORD01195,CST1028,PRD0735,2025-08-27,9,219840.8,UPI,Processing
ORD01196,CST0688,PRD0322,2025-12-05,2,11015.23,Cash on Delivery,Cancelled
ORD01197,CST2596,PRD0279,2025-03-14,8,367611.96,Cash on Delivery,Delivered
ORD01198,CST4279,PRD0946,2025-10-11,9,98554.47,UPI,Shipped
ORD01199,CST4818,PRD0086,2025-11-07,5,29313.76,Debit Card,Cancelled
ORD01200,CST1665,PRD0440,2025-09-21,5,13976.0,UPI,Delivered
ORD01201,CST3624,PRD0667,2025-12-23,3,89269.08,Credit Card,Cancelled
ORD01202,CST3768,PRD0916,2025-08-13,8,388891.05,Cash on Delivery,Shipped
ORD01203,CST2524,PRD0159,2025-11-01,8,486431.31,Net Banking,Processing
ORD01204,CST1047,PRD0026,2025-01-09,1,332620.96,Credit Card,Shipped
ORD01205,CST3134,PRD0686,2025-10-03,1,450728.25,Cash on Delivery,Processing
ORD01206,CST1187,PRD0836,2025-08-08,8,399271.45,Credit Card,Cancelled
ORD01207,CST1054,PRD0245,2025-03-02,9,141293.88,UPI,Processing
ORD01208,CST4560,PRD0010,2025-05-27,2,384455.08,Net Banking,Processing
ORD01209,CST1308,PRD0182,2025-09-08,2,384713.55,Net Banking,Shipped
ORD01210,CST1817,PRD0203,2025-03-16,4,17047.79,Credit Card,Delivered
ORD01211,CST4296,PRD0898,2025-07-17,8,488851.36,Cash on Delivery,Processing
ORD01212,CST1382,PRD0159,2025-12-12,6,486431.31,UPI,Shipped
ORD01213,CST2336,PRD0772,2025-02-01,5,435091.54,Credit Card,Cancelled
ORD01214,CST0836,PRD0604,2025-10-13,8,55662.65,Cash on Delivery,Shipped
ORD01215,CST0180,PRD0191,2025-08-05,1,341365.94,Cash on Delivery,Cancelled
ORD01216,CST0523,PRD0246,2025-05-22,1,244876.34,Net Banking,Processing
ORD01217,CST4858,PRD0621,2025-03-27,3,467827.37,Cash on Delivery,Delivered
ORD01218,CST1941,PRD0696,2025-05-12,4,228766.83,Debit Card,Processing
ORD01219,CST1202,PRD0770,2025-04-06,8,380657.0,UPI,Processing
ORD01220,CST2190,PRD0646,2025-05-23,8,352863.86,Net Banking,Delivered
ORD01221,CST2872,PRD0106,2025-10-26,3,266553.12,Debit Card,Shipped
ORD01222,CST3218,PRD0454,2025-06-01,1,74767.36,Credit Card,Shipped
ORD01223,CST1988,PRD0075,2025-01-23,9,178067.75,Debit Card,Processing
ORD01224,CST0888,PRD0636,2025-02-15,1,342103.33,Credit Card,Shipped
ORD01225,CST1243,PRD0318,2025-09-08,9,13345.53,Cash on Delivery,Delivered
ORD01226,CST4183,PRD0936,2025-10-13,6,260392.6,Credit Card,Processing
ORD01227,CST1063,PRD0046,2025-02-05,10,299475.4,Credit Card,Processing
ORD01228,CST4113,PRD0055,2025-01-27,6,144415.29,Net Banking,Shipped
ORD01229,CST4473,PRD0477,2025-12-08,6,229713.94,Cash on Delivery,Cancelled
ORD01230,CST0865,PRD0996,2025-03-29,6,263832.1,Debit Card,Cancelled
ORD01231,CST3948,PRD0651,2025-03-01,2,6511.35,Cash on Delivery,Delivered
ORD01232,CST4885,PRD0765,2025-01-16,4,490611.22,Credit Card,Processing
ORD01233,CST4225,PRD0074,2025-06-06,5,365866.1,Cash on Delivery,Delivered
ORD01234,CST0912,PRD0011,2025-10-27,8,50487.59,Debit Card,Processing
ORD01235,CST4268,PRD0618,2025-07-28,6,205782.42,Cash on Delivery,Delivered
ORD01236,CST3503,PRD0353,2025-06-11,7,283640.21,Debit Card,Processing
ORD01237,CST0230,PRD0091,2025-11-12,10,252674.36,Net Banking,Delivered
ORD01238,CST1228,PRD0264,2025-02-10,10,284299.65,UPI,Cancelled
ORD01239,CST0029,PRD0543,2025-03-16,6,113918.93,Debit Card,Cancelled
ORD01240,CST3591,PRD0889,2025-03-16,2,6877.23,Cash on Delivery,Cancelled
ORD01241,CST3353,PRD0952,2025-06-05,8,489910.94,Debit Card,Delivered
ORD01242,CST2746,PRD0648,2025-06-17,6,146050.1,Credit Card,Delivered
ORD01243,CST1840,PRD0127,2025-10-12,8,497967.67,Credit Card,Cancelled
ORD01244,CST0611,PRD0881,2025-09-14,6,23942.0,Net Banking,Cancelled
ORD01245,CST0965,PRD0019,2025-08-15,3,189955.9,Net Banking,Processing
ORD01246,CST2447,PRD0816,2025-11-16,4,374296.8,UPI,Processing
ORD01247,CST1321,PRD0164,2025-05-03,2,21192.22,UPI,Delivered
ORD01248,CST0194,PRD0882,2025-01-30,9,51336.94,Debit Card,Cancelled
ORD01249,CST2088,PRD0740,2025-01-12,5,456634.56,Debit Card,Shipped
ORD01250,CST4725,PRD0171,2025-11-11,6,244653.73,Net Banking,Processing
ORD01251,CST0068,PRD0428,2025-07-05,6,80981.76,Cash on Delivery,Delivered
ORD01252,CST4349,PRD0986,2025-10-06,5,70647.16,Cash on Delivery,Cancelled
ORD01253,CST2682,PRD0406,2025-09-18,4,383243.16,Cash on Delivery,Shipped
ORD01254,CST0598,PRD0106,2025-08-30,8,266553.12,Net Banking,Delivered
ORD01255,CST1913,PRD0209,2025-01-01,2,428885.9,Debit Card,Processing
ORD01256,CST0965,PRD0715,2025-03-09,8,94447.48,UPI,Delivered
ORD01257,CST3130,PRD0677,2025-11-12,5,446295.41,Debit Card,Cancelled
ORD01258,CST3108,PRD0628,2025-09-13,4,273070.51,UPI,Processing
ORD01259,CST1754,PRD0141,2025-05-08,5,65583.44,Debit Card,Cancelled
ORD01260,CST2098,PRD0959,2025-12-09,2,60127.04,Cash on Delivery,Cancelled
ORD01261,CST0555,PRD0112,2025-06-23,5,413623.27,Cash on Delivery,Delivered
ORD01262,CST1272,PRD0886,2025-01-18,3,149416.36,Credit Card,Shipped
ORD01263,CST0995,PRD0477,2025-03-19,3,229713.94,UPI,Delivered
ORD01264,CST2356,PRD0270,2025-06-23,5,59429.4,Credit Card,Shipped
ORD01265,CST1833,PRD0028,2025-09-04,10,389595.07,UPI,Processing
ORD01266,CST0387,PRD0989,2025-03-24,3,417438.58,Net Banking,Processing
ORD01267,CST4640,PRD0988,2025-05-29,6,269507.5,Cash on Delivery,Cancelled
ORD01268,CST3833,PRD0828,2025-08-18,3,49709.0,Net Banking,Delivered
ORD01269,CST0794,PRD0143,2025-09-19,9,320682.49,Credit Card,Shipped
ORD01270,CST4467,PRD0973,2025-12-13,3,182634.21,UPI,Cancelled
ORD01271,CST0168,PRD0927,2025-07-16,9,449252.77,Debit Card,Delivered
ORD01272,CST0716,PRD0671,2025-11-05,4,299559.74,UPI,Cancelled
ORD01273,CST1648,PRD0142,2025-08-25,10,276351.39,Debit Card,Cancelled
ORD01274,CST3487,PRD0676,2025-02-10,10,130881.15,Cash on Delivery,Processing
ORD01275,CST1857,PRD0644,2025-04-10,9,363392.56,Net Banking,Delivered
ORD01276,CST4287,PRD0140,2025-02-17,6,431390.62,Credit Card,Processing
ORD01277,CST4310,PRD0861,2025-07-25,2,335567.25,Debit Card,Cancelled
ORD01278,CST4015,PRD0311,2025-02-15,5,76425.13,Debit Card,Shipped
ORD01279,CST1483,PRD0188,2025-11-09,7,319504.96,Debit Card,Cancelled
ORD01280,CST3234,PRD0915,2025-11-24,6,459840.95,UPI,Processing
ORD01281,CST2632,PRD0714,2025-10-19,4,467189.58,Cash on Delivery,Processing
ORD01282,CST0663,PRD0049,2025-10-01,7,305057.06,Cash on Delivery,Cancelled
ORD01283,CST4695,PRD0532,2025-03-20,8,111402.44,Net Banking,Processing
ORD01284,CST4669,PRD0145,2025-07-28,7,453082.61,UPI,Cancelled
ORD01285,CST0806,PRD0426,2025-11-08,7,455425.53,UPI,Delivered
ORD01286,CST3518,PRD0108,2025-03-05,7,457847.87,UPI,Shipped
ORD01287,CST0342,PRD0730,2025-01-31,5,133552.82,Debit Card,Shipped
ORD01288,CST4534,PRD0295,2025-07-05,5,248395.69,Credit Card,Delivered
ORD01289,CST4713,PRD0270,2025-02-19,8,59429.4,Credit Card,Processing
ORD01290,CST4986,PRD0750,2025-05-17,4,363202.4,Credit Card,Processing
ORD01291,CST0291,PRD0446,2025-12-10,10,2640.18,UPI,Processing
ORD01292,CST0975,PRD0799,2025-12-07,4,265235.57,Debit Card,Cancelled
ORD01293,CST4802,PRD0033,2025-01-21,6,46608.17,Net Banking,Delivered
ORD01294,CST1668,PRD0220,2025-04-01,1,217566.6,Net Banking,Delivered
ORD01295,CST0007,PRD0518,2025-08-31,4,474169.56,Net Banking,Processing
ORD01296,CST0485,PRD0341,2025-08-09,8,328048.48,Credit Card,Cancelled
ORD01297,CST3287,PRD0185,2025-07-22,9,382123.7,Cash on Delivery,Shipped
ORD01298,CST2406,PRD0816,2025-04-28,2,374296.8,UPI,Processing
ORD01299,CST2723,PRD0160,2025-06-28,1,252632.65,Debit Card,Processing
ORD01300,CST4603,PRD0868,2025-03-12,7,264227.88,Cash on Delivery,Shipped
ORD01301,CST0077,PRD0419,2025-03-08,6,440720.8,Credit Card,Processing
ORD01302,CST0868,PRD0141,2025-02-16,5,65583.44,UPI,Cancelled
ORD01303,CST2856,PRD0983,2025-04-13,1,270040.45,Credit Card,Cancelled
ORD01304,CST1080,PRD0160,2025-06-23,3,252632.65,Credit Card,Delivered
ORD01305,CST3683,PRD0717,2025-02-03,10,184847.94,Credit Card,Processing
ORD01306,CST3938,PRD0030,2025-05-11,3,135855.72,Net Banking,Delivered
ORD01307,CST3540,PRD0465,2025-01-18,3,449306.88,Net Banking,Delivered
ORD01308,CST0894,PRD0830,2025-01-14,1,69014.21,UPI,Delivered
ORD01309,CST0427,PRD0614,2025-02-18,1,111501.9,Cash on Delivery,Cancelled
ORD01310,CST1383,PRD0953,2025-10-30,8,336157.84,Cash on Delivery,Delivered
ORD01311,CST4859,PRD0428,2025-02-12,3,80981.76,Cash on Delivery,Shipped
ORD01312,CST2092,PRD0937,2025-04-29,3,12173.96,Debit Card,Processing
ORD01313,CST4608,PRD0271,2025-01-07,3,482671.43,Debit Card,Delivered
ORD01314,CST1043,PRD0593,2025-11-24,1,152240.31,Credit Card,Shipped
ORD01315,CST1761,PRD0488,2025-02-26,1,113006.67,Credit Card,Cancelled
ORD01316,CST2484,PRD0170,2025-12-17,1,304034.45,Credit Card,Delivered
ORD01317,CST4193,PRD0169,2025-10-12,7,395469.1,Credit Card,Cancelled
ORD01318,CST2066,PRD0517,2025-05-27,7,207791.06,Net Banking,Delivered
ORD01319,CST1526,PRD0421,2025-10-07,3,119515.57,UPI,Shipped
ORD01320,CST0795,PRD0665,2025-01-20,4,71040.78,Cash on Delivery,Cancelled
ORD01321,CST0264,PRD0330,2025-06-01,2,206797.76,Cash on Delivery,Shipped
ORD01322,CST0523,PRD0727,2025-03-31,1,367187.83,Credit Card,Cancelled
ORD01323,CST4946,PRD0036,2025-01-03,2,14285.8,Credit Card,Processing
ORD01324,CST1450,PRD0780,2025-11-20,6,184102.36,Net Banking,Shipped
ORD01325,CST4587,PRD0207,2025-03-29,9,343998.24,Debit Card,Cancelled
ORD01326,CST3707,PRD0116,2025-04-26,6,405121.15,Cash on Delivery,Processing
ORD01327,CST0006,PRD0108,2025-09-21,2,457847.87,Net Banking,Cancelled
ORD01328,CST3422,PRD0775,2025-09-09,9,370470.97,Cash on Delivery,Processing
ORD01329,CST3125,PRD0871,2025-04-23,9,29060.59,Debit Card,Shipped
ORD01330,CST3086,PRD0366,2025-12-17,4,325775.78,Debit Card,Cancelled
ORD01331,CST2388,PRD0120,2025-05-03,1,280532.71,UPI,Processing
ORD01332,CST4299,PRD0722,2025-08-10,5,354547.31,Net Banking,Delivered
ORD01333,CST4610,PRD0544,2025-05-02,7,351498.63,UPI,Shipped
ORD01334,CST1720,PRD0963,2025-02-28,3,363912.08,Debit Card,Delivered
ORD01335,CST0999,PRD0139,2025-01-27,4,157114.43,Net Banking,Shipped
ORD01336,CST1880,PRD0899,2025-08-08,7,470538.02,Credit Card,Delivered
ORD01337,CST3348,PRD0114,2025-03-30,2,112637.36,Cash on Delivery,Shipped
ORD01338,CST3848,PRD0421,2025-04-07,9,119515.57,Net Banking,Shipped
ORD01339,CST3760,PRD0706,2025-03-14,4,340203.49,Credit Card,Shipped
ORD01340,CST1492,PRD0231,2025-12-21,10,212707.32,Cash on Delivery,Processing
ORD01341,CST0287,PRD0585,2025-02-23,4,403663.15,Credit Card,Shipped
ORD01342,CST0167,PRD0170,2025-06-24,10,304034.45,Credit Card,Delivered
ORD01343,CST2914,PRD0802,2025-05-12,6,86930.19,Net Banking,Cancelled
ORD01344,CST4842,PRD0235,2025-05-11,1,184210.51,Net Banking,Cancelled
ORD01345,CST0880,PRD0951,2025-02-23,9,444526.71,UPI,Delivered
ORD01346,CST0390,PRD0008,2025-12-12,8,132027.03,Debit Card,Delivered
ORD01347,CST1614,PRD0258,2025-01-02,10,120169.47,Cash on Delivery,Shipped
ORD01348,CST2602,PRD0247,2025-05-11,6,134623.99,Credit Card,Shipped
ORD01349,CST4431,PRD0803,2025-09-21,2,424917.53,Credit Card,Delivered
ORD01350,CST2853,PRD0252,2025-10-28,2,106677.12,Cash on Delivery,Processing
ORD01351,CST3925,PRD0672,2025-07-29,3,269053.06,Credit Card,Processing
ORD01352,CST0990,PRD0002,2025-10-19,1,200708.22,UPI,Processing
ORD01353,CST2602,PRD0437,2025-06-13,1,278819.26,UPI,Cancelled
ORD01354,CST0807,PRD0632,2025-11-05,10,185425.93,Debit Card,Shipped
ORD01355,CST1387,PRD0086,2025-05-25,9,29313.76,Net Banking,Cancelled
ORD01356,CST2021,PRD0965,2025-02-13,5,334344.01,Credit Card,Shipped
ORD01357,CST3328,PRD0714,2025-07-01,10,467189.58,Credit Card,Delivered
ORD01358,CST1583,PRD0878,2025-11-24,4,287146.69,UPI,Shipped
ORD01359,CST4091,PRD0391,2025-04-30,2,126891.71,UPI,Shipped
ORD01360,CST1355,PRD0639,2025-06-23,4,373533.47,Debit Card,Delivered
ORD01361,CST3621,PRD0916,2025-10-19,4,388891.05,UPI,Delivered
ORD01362,CST1760,PRD0654,2025-08-12,6,204830.02,UPI,Delivered
ORD01363,CST1001,PRD0787,2025-02-11,9,196082.64,Debit Card,Shipped
ORD01364,CST2122,PRD0092,2025-11-29,2,134866.12,Cash on Delivery,Cancelled
ORD01365,CST0175,PRD0239,2025-02-04,1,308881.86,UPI,Cancelled
ORD01366,CST4987,PRD0048,2025-02-18,2,388284.84,Credit Card,Processing
ORD01367,CST0189,PRD0499,2025-06-27,4,115477.15,Debit Card,Cancelled
ORD01368,CST3473,PRD0215,2025-09-14,2,424237.74,Net Banking,Cancelled
ORD01369,CST1187,PRD0975,2025-04-02,4,440094.91,Debit Card,Cancelled
ORD01370,CST0101,PRD0212,2025-04-14,6,251709.96,Cash on Delivery,Delivered
ORD01371,CST2373,PRD0634,2025-11-17,6,87769.43,Credit Card,Shipped
ORD01372,CST2283,PRD0554,2025-06-21,8,397170.23,Credit Card,Shipped
ORD01373,CST4747,PRD0862,2025-10-20,3,492770.38,Debit Card,Processing
ORD01374,CST4304,PRD0566,2025-04-10,9,490663.38,Cash on Delivery,Delivered
ORD01375,CST0211,PRD0136,2025-09-13,6,417077.04,UPI,Shipped
ORD01376,CST3604,PRD0613,2025-09-23,4,34557.59,Credit Card,Delivered
ORD01377,CST3008,PRD0003,2025-12-24,5,220983.37,Cash on Delivery,Processing
ORD01378,CST2386,PRD0929,2025-07-07,6,389459.45,Net Banking,Delivered
ORD01379,CST3861,PRD0583,2025-07-02,4,175824.78,Cash on Delivery,Processing
ORD01380,CST1222,PRD0402,2025-10-25,6,257726.77,Cash on Delivery,Cancelled
ORD01381,CST4777,PRD0819,2025-11-12,1,149969.04,Cash on Delivery,Shipped
ORD01382,CST4595,PRD0301,2025-05-12,9,7480.96,Net Banking,Cancelled
ORD01383,CST0993,PRD0005,2025-05-07,2,225689.16,Cash on Delivery,Processing
ORD01384,CST3680,PRD0934,2025-10-29,2,376068.76,UPI,Shipped
ORD01385,CST2176,PRD0877,2025-04-30,9,356637.62,Cash on Delivery,Processing
ORD01386,CST0469,PRD0716,2025-06-14,3,340135.32,Net Banking,Delivered
ORD01387,CST3796,PRD0257,2025-03-28,10,25097.81,Cash on Delivery,Cancelled
ORD01388,CST2227,PRD0160,2025-08-18,3,252632.65,Debit Card,Processing
ORD01389,CST2215,PRD0817,2025-05-25,10,389232.75,Net Banking,Delivered
ORD01390,CST2415,PRD0444,2025-02-21,8,244857.38,Cash on Delivery,Shipped
ORD01391,CST3907,PRD0130,2025-08-02,9,284873.13,Debit Card,Delivered
ORD01392,CST0906,PRD0049,2025-08-14,9,305057.06,Net Banking,Shipped
ORD01393,CST4428,PRD0021,2025-09-14,3,72082.89,Debit Card,Shipped
ORD01394,CST3707,PRD0288,2025-11-30,3,159225.07,Debit Card,Processing
ORD01395,CST4489,PRD0180,2025-11-07,10,110455.66,UPI,Delivered
ORD01396,CST1657,PRD0252,2025-03-25,2,106677.12,UPI,Shipped
ORD01397,CST1154,PRD0814,2025-07-24,10,458300.48,Cash on Delivery,Shipped
ORD01398,CST0333,PRD0154,2025-08-16,6,209673.07,Credit Card,Delivered
ORD01399,CST4948,PRD0633,2025-06-02,3,284414.07,UPI,Cancelled
ORD01400,CST4421,PRD0001,2025-11-18,4,442722.82,Net Banking,Shipped
ORD01401,CST2620,PRD0627,2025-02-21,9,393537.09,Debit Card,Shipped
ORD01402,CST0378,PRD0455,2025-05-14,4,258313.81,Cash on Delivery,Processing
ORD01403,CST0060,PRD0115,2025-07-21,1,375816.78,Debit Card,Shipped
ORD01404,CST3952,PRD0314,2025-11-27,2,145467.21,Credit Card,Processing
ORD01405,CST2511,PRD0381,2025-06-10,5,418034.68,Credit Card,Cancelled
ORD01406,CST4743,PRD0723,2025-12-14,7,30682.04,Debit Card,Processing
ORD01407,CST4268,PRD0642,2025-03-29,9,18027.53,Debit Card,Delivered
ORD01408,CST3896,PRD0374,2025-09-03,5,182867.71,Debit Card,Shipped
ORD01409,CST0391,PRD0861,2025-04-13,6,335567.25,UPI,Processing
ORD01410,CST2285,PRD0579,2025-07-17,8,163261.73,Net Banking,Processing
ORD01411,CST4368,PRD0258,2025-12-05,1,120169.47,Cash on Delivery,Processing
ORD01412,CST3940,PRD0310,2025-11-24,10,91658.23,Net Banking,Shipped
ORD01413,CST0913,PRD0191,2025-08-23,1,341365.94,Debit Card,Shipped
ORD01414,CST1294,PRD0564,2025-01-24,4,429791.63,Net Banking,Cancelled
ORD01415,CST4521,PRD0600,2025-10-31,5,381581.84,Net Banking,Processing
ORD01416,CST3492,PRD0348,2025-09-04,9,49503.5,Credit Card,Shipped
ORD01417,CST2787,PRD0239,2025-01-02,6,308881.86,Debit Card,Shipped
ORD01418,CST2228,PRD0947,2025-03-02,4,221512.92,UPI,Delivered
ORD01419,CST2952,PRD0655,2025-06-18,6,268218.84,UPI,Delivered
ORD01420,CST3529,PRD0947,2025-04-11,9,221512.92,Net Banking,Delivered
ORD01421,CST2549,PRD0345,2025-12-11,5,481363.4,UPI,Processing
ORD01422,CST3597,PRD0675,2025-08-06,2,298321.19,Credit Card,Shipped
ORD01423,CST0616,PRD0979,2025-12-31,2,392765.58,Cash on Delivery,Processing
ORD01424,CST1936,PRD0078,2025-04-05,7,377438.99,Cash on Delivery,Processing
ORD01425,CST1717,PRD0063,2025-12-22,6,392027.06,Credit Card,Delivered
ORD01426,CST0687,PRD0211,2025-01-17,2,373727.86,UPI,Shipped
ORD01427,CST3015,PRD0064,2025-05-03,1,353042.17,UPI,Delivered
ORD01428,CST2351,PRD0466,2025-05-25,3,135125.57,Cash on Delivery,Cancelled
ORD01429,CST3216,PRD0989,2025-04-08,7,417438.58,Cash on Delivery,Shipped
ORD01430,CST3651,PRD0973,2025-05-25,2,182634.21,UPI,Processing
ORD01431,CST2932,PRD0407,2025-08-05,4,112818.92,Credit Card,Cancelled
ORD01432,CST2584,PRD0267,2025-05-25,7,31656.61,UPI,Processing
ORD01433,CST3138,PRD0170,2025-02-12,3,304034.45,Debit Card,Shipped
ORD01434,CST4191,PRD0877,2025-03-10,2,356637.62,UPI,Shipped
ORD01435,CST4693,PRD0961,2025-03-13,6,486351.73,UPI,Shipped
ORD01436,CST0519,PRD0098,2025-03-23,7,91723.55,Cash on Delivery,Processing
ORD01437,CST4099,PRD0143,2025-04-23,10,320682.49,Net Banking,Cancelled
ORD01438,CST4548,PRD0859,2025-04-06,7,117694.09,Credit Card,Processing
ORD01439,CST3637,PRD0217,2025-01-04,10,291586.72,Debit Card,Shipped
ORD01440,CST1029,PRD0256,2025-02-06,7,469841.46,Cash on Delivery,Processing
ORD01441,CST1750,PRD0118,2025-04-19,3,283836.47,Credit Card,Shipped
ORD01442,CST4557,PRD0847,2025-03-22,3,30266.3,Credit Card,Cancelled
ORD01443,CST0760,PRD0453,2025-07-09,6,262280.87,Debit Card,Cancelled
ORD01444,CST2029,PRD0331,2025-12-17,9,268421.48,UPI,Shipped
ORD01445,CST0969,PRD0644,2025-07-17,9,363392.56,UPI,Processing
ORD01446,CST3007,PRD0598,2025-01-26,4,307146.21,Credit Card,Shipped
ORD01447,CST2970,PRD0036,2025-05-05,1,14285.8,UPI,Delivered
ORD01448,CST1092,PRD0459,2025-07-26,5,423565.32,Net Banking,Processing
ORD01449,CST2677,PRD0812,2025-04-16,3,170808.44,UPI,Delivered
ORD01450,CST1337,PRD0845,2025-03-30,7,228106.59,Net Banking,Delivered
ORD01451,CST1801,PRD0122,2025-05-10,4,58233.85,UPI,Shipped
ORD01452,CST3449,PRD0176,2025-04-09,7,62187.17,Credit Card,Processing
ORD01453,CST2610,PRD0817,2025-04-20,2,389232.75,Net Banking,Cancelled
ORD01454,CST0250,PRD0100,2025-12-02,3,274137.65,Debit Card,Processing
ORD01455,CST3791,PRD0012,2025-12-05,9,423350.6,UPI,Cancelled
ORD01456,CST4906,PRD0112,2025-01-18,1,413623.27,Cash on Delivery,Cancelled
ORD01457,CST1532,PRD0780,2025-11-13,4,184102.36,Debit Card,Delivered
ORD01458,CST3997,PRD0966,2025-01-03,2,492739.35,UPI,Cancelled
ORD01459,CST2067,PRD0912,2025-10-10,4,3636.86,Net Banking,Cancelled
ORD01460,CST1035,PRD0574,2025-03-31,1,402163.07,Net Banking,Shipped
ORD01461,CST2250,PRD0020,2025-07-10,9,62425.19,UPI,Processing
ORD01462,CST2248,PRD0531,2025-05-29,8,128420.53,Net Banking,Shipped
ORD01463,CST4109,PRD0613,2025-10-22,4,34557.59,Cash on Delivery,Cancelled
ORD01464,CST2959,PRD0131,2025-09-17,5,54831.73,Cash on Delivery,Processing
ORD01465,CST4939,PRD0834,2025-10-08,2,259687.06,Credit Card,Delivered
ORD01466,CST3264,PRD0612,2025-06-14,4,357151.54,Cash on Delivery,Processing
ORD01467,CST4575,PRD0906,2025-05-03,5,228989.54,Credit Card,Delivered
ORD01468,CST2208,PRD0223,2025-12-30,8,463774.72,Net Banking,Cancelled
ORD01469,CST1587,PRD0478,2025-05-19,1,306836.42,Net Banking,Processing
ORD01470,CST3446,PRD0997,2025-10-15,9,202580.02,Credit Card,Delivered
ORD01471,CST0663,PRD0593,2025-12-06,3,152240.31,Credit Card,Delivered
ORD01472,CST3202,PRD0868,2025-12-27,8,264227.88,Cash on Delivery,Shipped
ORD01473,CST1060,PRD0054,2025-05-27,1,403175.85,Net Banking,Processing
ORD01474,CST0813,PRD0919,2025-10-07,1,490508.58,Credit Card,Delivered
ORD01475,CST2441,PRD0895,2025-07-06,2,248626.16,Net Banking,Shipped
ORD01476,CST0340,PRD0253,2025-03-26,1,370166.52,UPI,Shipped
ORD01477,CST1017,PRD0439,2025-06-01,3,92425.6,UPI,Shipped
ORD01478,CST1540,PRD0745,2025-02-16,6,189639.44,Cash on Delivery,Cancelled
ORD01479,CST1632,PRD0756,2025-02-15,10,183854.89,Cash on Delivery,Shipped
ORD01480,CST1280,PRD0232,2025-02-20,3,432129.02,Credit Card,Cancelled
ORD01481,CST3671,PRD0537,2025-10-05,4,130415.94,Debit Card,Processing
ORD01482,CST1613,PRD0037,2025-05-02,8,19282.54,Debit Card,Processing
ORD01483,CST4531,PRD0961,2025-04-10,7,486351.73,Cash on Delivery,Delivered
ORD01484,CST3843,PRD0100,2025-06-17,10,274137.65,UPI,Processing
ORD01485,CST1617,PRD0075,2025-10-15,5,178067.75,Debit Card,Cancelled
ORD01486,CST2265,PRD0195,2025-07-27,6,291033.01,Net Banking,Shipped
ORD01487,CST2045,PRD0995,2025-03-27,6,431144.63,Net Banking,Delivered
ORD01488,CST2238,PRD0175,2025-12-19,3,64060.28,Cash on Delivery,Shipped
ORD01489,CST1275,PRD0580,2025-09-18,4,391109.22,UPI,Processing
ORD01490,CST1219,PRD0450,2025-10-19,8,418012.85,Net Banking,Processing
ORD01491,CST4268,PRD0094,2025-06-16,2,193799.52,Cash on Delivery,Cancelled
ORD01492,CST1443,PRD0238,2025-04-14,6,208151.04,UPI,Cancelled
ORD01493,CST0724,PRD0097,2025-07-02,7,20682.57,Cash on Delivery,Delivered
ORD01494,CST3042,PRD0305,2025-07-07,2,28514.31,Cash on Delivery,Delivered
ORD01495,CST3158,PRD0386,2025-04-29,9,381716.79,Net Banking,Shipped
ORD01496,CST4150,PRD0467,2025-09-25,7,74123.04,Net Banking,Processing
ORD01497,CST1545,PRD0759,2025-07-21,5,456922.95,UPI,Delivered
ORD01498,CST1783,PRD0429,2025-02-09,9,84478.67,Credit Card,Cancelled
ORD01499,CST0625,PRD0452,2025-05-09,2,304815.69,UPI,Shipped
ORD01500,CST0750,PRD0240,2025-05-10,10,134506.53,UPI,Delivered
ORD01501,CST0758,PRD0951,2025-05-31,6,444526.71,Debit Card,Shipped
ORD01502,CST1235,PRD0762,2025-02-16,1,380190.91,UPI,Shipped
ORD01503,CST4989,PRD0374,2025-04-16,10,182867.71,UPI,Shipped
ORD01504,CST2958,PRD0524,2025-02-09,2,312738.42,Net Banking,Cancelled
ORD01505,CST4765,PRD0809,2025-04-09,10,108687.46,Debit Card,Processing
ORD01506,CST2508,PRD0315,2025-04-16,10,67666.1,Net Banking,Cancelled
ORD01507,CST2628,PRD0958,2025-04-15,6,95954.81,Debit Card,Cancelled
ORD01508,CST4817,PRD0850,2025-07-03,4,313768.36,Net Banking,Shipped
ORD01509,CST0379,PRD0996,2025-12-04,3,263832.1,Credit Card,Shipped
ORD01510,CST4778,PRD0129,2025-03-20,6,48659.49,Debit Card,Shipped
ORD01511,CST0232,PRD0610,2025-03-18,1,479504.43,Net Banking,Delivered
ORD01512,CST2937,PRD0006,2025-06-29,2,248881.91,Debit Card,Delivered
ORD01513,CST0929,PRD0655,2025-08-25,6,268218.84,Net Banking,Delivered
ORD01514,CST2762,PRD0255,2025-02-02,6,161716.33,UPI,Cancelled
ORD01515,CST0273,PRD0357,2025-01-06,3,22283.08,UPI,Delivered
ORD01516,CST3720,PRD0190,2025-09-03,9,409175.78,Net Banking,Shipped
ORD01517,CST4771,PRD0762,2025-04-01,4,380190.91,Credit Card,Processing
ORD01518,CST3954,PRD0815,2025-10-28,10,415420.26,Cash on Delivery,Processing
ORD01519,CST2642,PRD0007,2025-11-24,5,56943.72,Credit Card,Processing
ORD01520,CST2997,PRD0355,2025-08-08,2,328218.0,UPI,Delivered
ORD01521,CST1430,PRD0964,2025-07-24,1,187879.68,UPI,Delivered
ORD01522,CST0867,PRD0231,2025-01-19,7,212707.32,Cash on Delivery,Processing
ORD01523,CST4750,PRD0819,2025-12-15,6,149969.04,Debit Card,Delivered
ORD01524,CST2052,PRD0302,2025-08-04,10,429435.64,Net Banking,Processing
ORD01525,CST2556,PRD0513,2025-03-04,7,20899.02,Credit Card,Processing
ORD01526,CST4471,PRD0434,2025-10-22,10,354742.21,UPI,Shipped
ORD01527,CST4154,PRD0266,2025-07-04,2,51510.64,UPI,Processing
ORD01528,CST4686,PRD0200,2025-09-14,5,447222.3,Cash on Delivery,Processing
ORD01529,CST4735,PRD0966,2025-07-24,5,492739.35,UPI,Processing
ORD01530,CST0464,PRD0638,2025-01-21,4,205679.69,Cash on Delivery,Processing
ORD01531,CST0055,PRD0229,2025-08-29,2,222489.98,Credit Card,Cancelled
ORD01532,CST3276,PRD0327,2025-11-20,3,127706.45,Cash on Delivery,Processing
ORD01533,CST3359,PRD0209,2025-03-19,8,428885.9,Net Banking,Shipped
ORD01534,CST0040,PRD0353,2025-03-29,2,283640.21,Net Banking,Cancelled
ORD01535,CST2067,PRD0598,2025-10-15,3,307146.21,Net Banking,Processing
ORD01536,CST4935,PRD0858,2025-08-22,1,364896.12,UPI,Delivered
ORD01537,CST3531,PRD0992,2025-08-14,4,394941.19,Cash on Delivery,Delivered
ORD01538,CST2460,PRD0567,2025-07-27,1,240435.35,UPI,Shipped
ORD01539,CST4206,PRD0244,2025-02-03,3,253186.64,Debit Card,Cancelled
ORD01540,CST4318,PRD0394,2025-05-16,10,278794.33,Cash on Delivery,Delivered
ORD01541,CST2293,PRD0321,2025-03-29,10,37465.87,Credit Card,Delivered
ORD01542,CST0793,PRD0102,2025-05-12,1,448601.47,Debit Card,Processing
ORD01543,CST4118,PRD0731,2025-03-03,5,440236.74,Cash on Delivery,Processing
ORD01544,CST1023,PRD0390,2025-12-02,10,401986.29,Debit Card,Shipped
ORD01545,CST1120,PRD0093,2025-08-07,6,263627.73,Net Banking,Cancelled
ORD01546,CST3846,PRD0304,2025-12-06,7,150917.76,UPI,Delivered
ORD01547,CST4132,PRD0155,2025-01-12,3,311483.01,Net Banking,Cancelled
ORD01548,CST3754,PRD0044,2025-04-07,2,37639.26,Credit Card,Cancelled
ORD01549,CST4176,PRD0059,2025-10-04,8,69890.6,UPI,Delivered
ORD01550,CST0962,PRD0508,2025-03-04,5,35470.73,Cash on Delivery,Cancelled
ORD01551,CST1886,PRD0511,2025-05-09,10,303669.84,Debit Card,Cancelled
ORD01552,CST3662,PRD0579,2025-02-16,3,163261.73,Credit Card,Shipped
ORD01553,CST2677,PRD0373,2025-10-26,5,129369.28,Net Banking,Processing
ORD01554,CST4600,PRD0776,2025-07-06,4,269325.44,Net Banking,Processing
ORD01555,CST0464,PRD0884,2025-06-26,4,87645.2,Debit Card,Processing
ORD01556,CST2822,PRD0730,2025-10-31,4,133552.82,Credit Card,Cancelled
ORD01557,CST3150,PRD0338,2025-08-01,3,195645.41,Net Banking,Delivered
ORD01558,CST4203,PRD0441,2025-07-07,10,402206.34,UPI,Delivered
ORD01559,CST3026,PRD0698,2025-08-22,2,492296.62,UPI,Delivered
ORD01560,CST4389,PRD0993,2025-04-08,2,96660.13,UPI,Shipped
ORD01561,CST3425,PRD0454,2025-08-10,3,74767.36,Net Banking,Delivered
ORD01562,CST2787,PRD0731,2025-11-20,5,440236.74,UPI,Processing
ORD01563,CST1562,PRD0868,2025-04-23,4,264227.88,Net Banking,Cancelled
ORD01564,CST3508,PRD0716,2025-10-13,4,340135.32,Net Banking,Delivered
ORD01565,CST1595,PRD0308,2025-11-13,6,70787.83,UPI,Delivered
ORD01566,CST1425,PRD0372,2025-03-14,6,11186.02,Net Banking,Cancelled
ORD01567,CST4742,PRD0525,2025-08-07,8,26009.09,Credit Card,Cancelled
ORD01568,CST3717,PRD0460,2025-07-10,4,161927.39,Credit Card,Processing
ORD01569,CST0538,PRD0712,2025-05-21,5,454541.81,Cash on Delivery,Cancelled
ORD01570,CST0295,PRD0710,2025-06-07,1,402633.23,UPI,Delivered
ORD01571,CST1066,PRD0428,2025-11-28,6,80981.76,Debit Card,Cancelled
ORD01572,CST1898,PRD0774,2025-10-23,1,193169.88,Net Banking,Processing
ORD01573,CST1126,PRD0540,2025-05-20,6,241914.95,UPI,Shipped
ORD01574,CST4188,PRD0838,2025-06-02,2,212633.17,Net Banking,Cancelled
ORD01575,CST2132,PRD0414,2025-12-07,3,404646.47,UPI,Delivered
ORD01576,CST2525,PRD0103,2025-08-08,2,477670.48,Net Banking,Processing
ORD01577,CST1839,PRD0489,2025-03-05,7,18581.92,UPI,Cancelled
ORD01578,CST4848,PRD0573,2025-06-28,4,175769.62,UPI,Delivered
ORD01579,CST1767,PRD0632,2025-11-27,3,185425.93,Cash on Delivery,Cancelled
ORD01580,CST0151,PRD0894,2025-05-10,1,153484.23,Cash on Delivery,Delivered
ORD01581,CST3574,PRD0722,2025-11-25,6,354547.31,UPI,Shipped
ORD01582,CST4372,PRD0325,2025-04-02,6,311343.01,UPI,Cancelled
ORD01583,CST4992,PRD0574,2025-06-10,7,402163.07,Net Banking,Delivered
ORD01584,CST0670,PRD0343,2025-09-08,5,39399.13,Credit Card,Processing
ORD01585,CST3883,PRD0877,2025-12-18,5,356637.62,Net Banking,Cancelled
ORD01586,CST1206,PRD0876,2025-03-28,9,166829.84,Net Banking,Processing
ORD01587,CST1570,PRD0228,2025-03-10,6,28490.37,Net Banking,Shipped
ORD01588,CST3138,PRD0046,2025-01-21,4,299475.4,Net Banking,Processing
ORD01589,CST4359,PRD0976,2025-07-01,10,245373.68,Net Banking,Delivered
ORD01590,CST3468,PRD0676,2025-03-11,2,130881.15,Net Banking,Shipped
ORD01591,CST3642,PRD0006,2025-03-29,1,248881.91,Debit Card,Delivered
ORD01592,CST4125,PRD0920,2025-02-28,3,317825.42,Cash on Delivery,Processing
ORD01593,CST0484,PRD0067,2025-07-22,2,285269.76,Net Banking,Cancelled
ORD01594,CST1768,PRD0280,2025-08-25,5,475659.52,Credit Card,Delivered
ORD01595,CST0438,PRD0481,2025-10-15,5,259575.52,Debit Card,Shipped
ORD01596,CST0097,PRD0421,2025-01-27,5,119515.57,Cash on Delivery,Shipped
ORD01597,CST0039,PRD0277,2025-03-19,5,219021.68,Credit Card,Processing
ORD01598,CST4222,PRD0995,2025-01-10,5,431144.63,Credit Card,Cancelled
ORD01599,CST0928,PRD0765,2025-01-08,2,490611.22,Debit Card,Processing
ORD01600,CST4172,PRD0228,2025-07-15,9,28490.37,Credit Card,Delivered
ORD01601,CST3094,PRD0483,2025-02-16,6,457217.05,Credit Card,Shipped
ORD01602,CST4358,PRD0847,2025-06-13,9,30266.3,Debit Card,Delivered
ORD01603,CST2531,PRD0385,2025-11-13,1,282887.49,Cash on Delivery,Cancelled
ORD01604,CST4962,PRD0432,2025-02-24,9,108369.1,Debit Card,Shipped
ORD01605,CST2165,PRD0959,2025-03-18,6,60127.04,Cash on Delivery,Delivered
ORD01606,CST1670,PRD0431,2025-02-04,1,180900.9,Credit Card,Delivered
ORD01607,CST4266,PRD0980,2025-08-30,8,163280.99,Net Banking,Delivered
ORD01608,CST0218,PRD0988,2025-12-20,7,269507.5,Debit Card,Shipped
ORD01609,CST4200,PRD0230,2025-12-29,6,51870.69,Net Banking,Processing
ORD01610,CST2877,PRD0880,2025-12-16,3,63863.81,Net Banking,Shipped
ORD01611,CST4983,PRD0207,2025-11-02,4,343998.24,Cash on Delivery,Shipped
ORD01612,CST3777,PRD0160,2025-06-13,4,252632.65,Credit Card,Cancelled
ORD01613,CST4389,PRD0974,2025-04-26,3,1374.39,Debit Card,Shipped
ORD01614,CST1524,PRD0446,2025-04-24,6,2640.18,Credit Card,Cancelled
ORD01615,CST1995,PRD0243,2025-06-23,7,126540.73,Cash on Delivery,Processing
ORD01616,CST2256,PRD0088,2025-05-15,4,350575.13,Credit Card,Delivered
ORD01617,CST0996,PRD0406,2025-03-26,5,383243.16,UPI,Processing
ORD01618,CST0926,PRD0852,2025-04-10,9,335708.72,Credit Card,Shipped
ORD01619,CST3666,PRD0496,2025-04-27,8,76825.62,UPI,Processing
ORD01620,CST1677,PRD0341,2025-05-14,9,328048.48,Net Banking,Shipped
ORD01621,CST2505,PRD0445,2025-05-09,10,432469.59,Cash on Delivery,Delivered
ORD01622,CST2554,PRD0136,2025-04-26,9,417077.04,Debit Card,Shipped
ORD01623,CST2989,PRD0669,2025-12-17,5,291695.08,Cash on Delivery,Delivered
ORD01624,CST3536,PRD0192,2025-12-03,7,427496.73,Net Banking,Cancelled
ORD01625,CST3968,PRD0282,2025-06-26,7,313838.55,Cash on Delivery,Shipped
ORD01626,CST2297,PRD0935,2025-03-08,3,55002.05,Credit Card,Processing
ORD01627,CST4173,PRD0550,2025-12-27,2,449112.02,Debit Card,Cancelled
ORD01628,CST0472,PRD0009,2025-07-17,3,343974.7,UPI,Cancelled
ORD01629,CST3133,PRD0508,2025-11-25,8,35470.73,Debit Card,Delivered
ORD01630,CST1915,PRD0341,2025-10-21,1,328048.48,UPI,Shipped
ORD01631,CST2823,PRD0136,2025-02-28,9,417077.04,UPI,Cancelled
ORD01632,CST4713,PRD0407,2025-12-29,8,112818.92,Net Banking,Delivered
ORD01633,CST0544,PRD0049,2025-06-24,10,305057.06,Cash on Delivery,Delivered
ORD01634,CST2507,PRD0560,2025-04-22,9,268038.22,UPI,Shipped
ORD01635,CST4243,PRD0954,2025-10-22,2,3228.8,Credit Card,Shipped
ORD01636,CST3437,PRD0629,2025-06-10,4,197064.56,Debit Card,Delivered
ORD01637,CST1686,PRD0688,2025-04-15,4,84303.13,Credit Card,Delivered
ORD01638,CST4937,PRD0179,2025-01-04,10,266939.11,UPI,Cancelled
ORD01639,CST3486,PRD0546,2025-07-28,2,20751.92,Net Banking,Processing
ORD01640,CST0196,PRD0307,2025-09-23,10,126220.86,Cash on Delivery,Processing
ORD01641,CST0601,PRD0956,2025-03-01,2,224543.72,Credit Card,Cancelled
ORD01642,CST4756,PRD0829,2025-07-25,4,273143.16,UPI,Delivered
ORD01643,CST4759,PRD0114,2025-09-27,10,112637.36,Debit Card,Shipped
ORD01644,CST4544,PRD0105,2025-09-14,3,372421.86,Net Banking,Processing
ORD01645,CST4569,PRD0650,2025-09-02,8,269438.6,Debit Card,Delivered
ORD01646,CST0067,PRD0540,2025-04-18,8,241914.95,UPI,Shipped
ORD01647,CST0827,PRD0511,2025-07-06,8,303669.84,Net Banking,Delivered
ORD01648,CST0367,PRD0766,2025-09-03,6,17048.03,Cash on Delivery,Shipped
ORD01649,CST4983,PRD0599,2025-08-28,8,143786.53,Credit Card,Cancelled
ORD01650,CST3428,PRD0862,2025-08-06,1,492770.38,Debit Card,Shipped
ORD01651,CST2077,PRD0060,2025-08-02,9,201975.51,Net Banking,Delivered
ORD01652,CST3276,PRD0596,2025-02-18,7,194895.06,Net Banking,Cancelled
ORD01653,CST2664,PRD0470,2025-05-22,4,282322.76,Net Banking,Delivered
ORD01654,CST4518,PRD0856,2025-01-20,3,370444.62,Net Banking,Delivered
ORD01655,CST1411,PRD0685,2025-09-22,8,456765.97,Debit Card,Delivered
ORD01656,CST4289,PRD0386,2025-06-18,2,381716.79,Credit Card,Cancelled
ORD01657,CST0189,PRD0754,2025-11-19,10,126509.66,Net Banking,Cancelled
ORD01658,CST3283,PRD0328,2025-04-12,6,61902.25,UPI,Delivered
ORD01659,CST4849,PRD0537,2025-07-21,2,130415.94,Credit Card,Processing
ORD01660,CST4101,PRD0878,2025-01-01,9,287146.69,Cash on Delivery,Shipped
ORD01661,CST0580,PRD0214,2025-08-11,8,336553.54,UPI,Shipped
ORD01662,CST1644,PRD0281,2025-01-05,6,43878.01,Credit Card,Delivered
ORD01663,CST4810,PRD0252,2025-10-26,5,106677.12,Cash on Delivery,Shipped
ORD01664,CST4017,PRD0617,2025-06-25,4,272889.15,Net Banking,Cancelled
ORD01665,CST3756,PRD0998,2025-06-07,10,13465.51,Net Banking,Shipped
ORD01666,CST2213,PRD0380,2025-01-13,2,287266.29,Net Banking,Processing
ORD01667,CST3146,PRD0502,2025-04-20,5,38772.73,UPI,Shipped
ORD01668,CST0177,PRD0409,2025-09-11,2,141151.06,Debit Card,Delivered
ORD01669,CST3287,PRD0811,2025-05-05,6,154268.56,Cash on Delivery,Shipped
ORD01670,CST4187,PRD0433,2025-08-01,2,389553.4,Credit Card,Cancelled
ORD01671,CST1489,PRD0224,2025-07-16,4,140719.79,Credit Card,Shipped
ORD01672,CST1293,PRD0883,2025-09-15,8,40801.61,UPI,Delivered
ORD01673,CST1843,PRD0348,2025-09-06,7,49503.5,Cash on Delivery,Shipped
ORD01674,CST1926,PRD0400,2025-05-22,2,236491.91,Credit Card,Cancelled
ORD01675,CST3023,PRD0184,2025-09-28,10,199268.22,Debit Card,Processing
ORD01676,CST3466,PRD0232,2025-03-15,8,432129.02,Net Banking,Processing
ORD01677,CST2320,PRD0349,2025-12-06,4,347263.57,UPI,Delivered
ORD01678,CST4884,PRD0361,2025-09-12,3,365624.7,Debit Card,Processing
ORD01679,CST1151,PRD0433,2025-01-26,8,389553.4,Cash on Delivery,Shipped
ORD01680,CST2508,PRD0190,2025-04-09,9,409175.78,Debit Card,Cancelled
ORD01681,CST0864,PRD0879,2025-04-08,1,169342.3,Debit Card,Shipped
ORD01682,CST0183,PRD0177,2025-04-25,2,416799.81,Net Banking,Cancelled
ORD01683,CST2749,PRD0421,2025-04-11,8,119515.57,Cash on Delivery,Processing
ORD01684,CST1740,PRD0875,2025-10-03,9,299797.18,Debit Card,Processing
ORD01685,CST3666,PRD0571,2025-03-03,9,476165.3,Net Banking,Cancelled
ORD01686,CST3804,PRD0711,2025-11-21,6,80496.35,UPI,Processing
ORD01687,CST4131,PRD0156,2025-03-07,1,259678.66,Net Banking,Cancelled
ORD01688,CST2068,PRD0552,2025-05-23,6,342875.2,Net Banking,Cancelled
ORD01689,CST1572,PRD0533,2025-02-09,6,296250.41,Credit Card,Delivered
ORD01690,CST0063,PRD0595,2025-07-11,7,68955.26,Debit Card,Cancelled
ORD01691,CST4442,PRD0498,2025-04-10,8,137312.73,Net Banking,Delivered
ORD01692,CST0023,PRD0829,2025-10-23,10,273143.16,Net Banking,Processing
ORD01693,CST2470,PRD0990,2025-05-15,7,256089.23,Net Banking,Processing
ORD01694,CST0324,PRD0506,2025-08-29,4,386595.81,Debit Card,Shipped
ORD01695,CST4779,PRD0299,2025-01-08,6,323143.26,Credit Card,Processing
ORD01696,CST3053,PRD0924,2025-08-24,5,445303.78,Credit Card,Cancelled
ORD01697,CST0867,PRD0460,2025-06-28,9,161927.39,Net Banking,Cancelled
ORD01698,CST1375,PRD0062,2025-08-10,7,7644.0,Net Banking,Delivered
ORD01699,CST2519,PRD0238,2025-06-20,1,208151.04,UPI,Shipped
ORD01700,CST2578,PRD0963,2025-06-07,1,363912.08,Cash on Delivery,Delivered
ORD01701,CST3890,PRD0571,2025-02-23,9,476165.3,Debit Card,Cancelled
ORD01702,CST4684,PRD0299,2025-05-22,6,323143.26,UPI,Processing
ORD01703,CST2322,PRD0769,2025-07-28,7,16390.65,Net Banking,Delivered
ORD01704,CST0302,PRD0822,2025-06-08,10,460505.79,UPI,Delivered
ORD01705,CST2889,PRD0450,2025-02-05,7,418012.85,Debit Card,Shipped
ORD01706,CST1050,PRD0678,2025-04-14,10,49411.74,Net Banking,Cancelled
ORD01707,CST3612,PRD0774,2025-12-03,3,193169.88,Net Banking,Shipped
ORD01708,CST1057,PRD0267,2025-06-13,8,31656.61,Debit Card,Cancelled
ORD01709,CST4738,PRD0978,2025-03-07,2,262067.23,UPI,Delivered
ORD01710,CST3607,PRD0947,2025-09-24,8,221512.92,Net Banking,Processing
ORD01711,CST4635,PRD0179,2025-09-19,3,266939.11,Debit Card,Delivered
ORD01712,CST3525,PRD0913,2025-08-01,2,447795.49,Net Banking,Delivered
ORD01713,CST3687,PRD0141,2025-05-21,5,65583.44,UPI,Cancelled
ORD01714,CST4819,PRD0586,2025-11-18,10,454851.53,Cash on Delivery,Processing
ORD01715,CST3680,PRD0398,2025-11-07,7,297600.12,Credit Card,Shipped
ORD01716,CST0279,PRD0199,2025-04-19,5,450827.42,Net Banking,Processing
ORD01717,CST0101,PRD0257,2025-05-23,7,25097.81,UPI,Delivered
ORD01718,CST3120,PRD0751,2025-06-02,6,272483.38,Debit Card,Cancelled
ORD01719,CST1190,PRD0494,2025-05-15,3,486472.9,Cash on Delivery,Shipped
ORD01720,CST2783,PRD0204,2025-05-15,9,176114.34,Debit Card,Cancelled
ORD01721,CST1691,PRD0459,2025-12-01,1,423565.32,Cash on Delivery,Delivered
ORD01722,CST2034,PRD0445,2025-04-14,1,432469.59,Cash on Delivery,Processing
ORD01723,CST3143,PRD0270,2025-03-28,6,59429.4,Net Banking,Delivered
ORD01724,CST3217,PRD0472,2025-05-11,10,432456.94,Net Banking,Shipped
ORD01725,CST2876,PRD0452,2025-12-27,6,304815.69,Debit Card,Cancelled
ORD01726,CST3194,PRD0321,2025-05-10,5,37465.87,Cash on Delivery,Delivered
ORD01727,CST4655,PRD0622,2025-12-28,9,94697.55,Debit Card,Delivered
ORD01728,CST1933,PRD0381,2025-01-02,1,418034.68,UPI,Cancelled
ORD01729,CST3167,PRD0573,2025-06-03,6,175769.62,UPI,Delivered
ORD01730,CST3049,PRD0553,2025-09-06,2,110626.35,Cash on Delivery,Delivered
ORD01731,CST2570,PRD0940,2025-01-06,5,467460.43,UPI,Delivered
ORD01732,CST0866,PRD0320,2025-12-12,5,34695.8,UPI,Cancelled
ORD01733,CST1641,PRD0376,2025-03-20,5,50601.95,Net Banking,Delivered
ORD01734,CST1693,PRD0978,2025-08-29,6,262067.23,Net Banking,Cancelled
ORD01735,CST2726,PRD0297,2025-06-03,2,122519.49,Cash on Delivery,Shipped
ORD01736,CST3298,PRD0957,2025-05-19,4,335001.37,Net Banking,Processing
ORD01737,CST2016,PRD0610,2025-12-28,6,479504.43,Cash on Delivery,Processing
ORD01738,CST2100,PRD0073,2025-07-30,4,207272.6,Net Banking,Processing
ORD01739,CST4286,PRD0821,2025-12-14,8,83099.07,Credit Card,Cancelled
ORD01740,CST3009,PRD0994,2025-08-21,3,482813.95,Net Banking,Delivered
ORD01741,CST0310,PRD0588,2025-02-20,5,116222.78,Debit Card,Shipped
ORD01742,CST0518,PRD0043,2025-06-18,3,267712.35,Credit Card,Shipped
ORD01743,CST2310,PRD0988,2025-01-31,8,269507.5,Debit Card,Cancelled
ORD01744,CST2379,PRD0862,2025-07-22,8,492770.38,Credit Card,Cancelled
ORD01745,CST1619,PRD0730,2025-03-05,7,133552.82,UPI,Cancelled
ORD01746,CST0853,PRD0277,2025-06-19,4,219021.68,Net Banking,Cancelled
ORD01747,CST4516,PRD0501,2025-07-02,5,174065.87,Cash on Delivery,Processing
ORD01748,CST1204,PRD0366,2025-04-27,10,325775.78,Cash on Delivery,Processing
ORD01749,CST1162,PRD0058,2025-04-21,8,274202.64,Net Banking,Delivered
ORD01750,CST4924,PRD0638,2025-04-14,10,205679.69,Net Banking,Delivered
ORD01751,CST1785,PRD0371,2025-12-07,3,80295.28,Debit Card,Shipped
ORD01752,CST1372,PRD0953,2025-03-21,8,336157.84,Debit Card,Processing
ORD01753,CST3739,PRD0835,2025-03-04,5,454163.09,Debit Card,Delivered
ORD01754,CST1442,PRD0429,2025-10-20,2,84478.67,UPI,Processing
ORD01755,CST2724,PRD0429,2025-09-11,2,84478.67,Net Banking,Processing
ORD01756,CST2418,PRD0824,2025-08-04,5,182628.31,Net Banking,Shipped
ORD01757,CST3048,PRD0983,2025-03-20,7,270040.45,UPI,Cancelled
ORD01758,CST4105,PRD0722,2025-05-25,7,354547.31,Debit Card,Shipped
ORD01759,CST1065,PRD0830,2025-12-10,5,69014.21,UPI,Delivered
ORD01760,CST0502,PRD0937,2025-09-16,5,12173.96,UPI,Shipped
ORD01761,CST3478,PRD0372,2025-06-14,7,11186.02,UPI,Cancelled
ORD01762,CST4206,PRD0666,2025-01-16,9,3046.53,Cash on Delivery,Processing
ORD01763,CST0998,PRD0011,2025-12-09,8,50487.59,Cash on Delivery,Delivered
ORD01764,CST1849,PRD0335,2025-02-08,8,120356.18,UPI,Delivered
ORD01765,CST3564,PRD0881,2025-09-26,1,23942.0,Cash on Delivery,Shipped
ORD01766,CST1241,PRD0167,2025-11-05,2,187116.23,UPI,Processing
ORD01767,CST2919,PRD0270,2025-07-10,10,59429.4,Debit Card,Processing
ORD01768,CST4078,PRD0034,2025-12-26,10,481216.6,Net Banking,Shipped
ORD01769,CST3027,PRD0277,2025-06-07,9,219021.68,Net Banking,Cancelled
ORD01770,CST1932,PRD0587,2025-09-10,8,134463.91,Credit Card,Shipped
ORD01771,CST4133,PRD0303,2025-09-11,4,159069.03,Net Banking,Cancelled
ORD01772,CST3617,PRD0272,2025-04-20,4,288054.49,Debit Card,Delivered
ORD01773,CST0927,PRD0566,2025-03-03,9,490663.38,Cash on Delivery,Delivered
ORD01774,CST0715,PRD0674,2025-12-27,1,208484.37,Credit Card,Delivered
ORD01775,CST0958,PRD0906,2025-08-14,2,228989.54,UPI,Shipped
ORD01776,CST4191,PRD0617,2025-01-29,5,272889.15,Credit Card,Delivered
ORD01777,CST1512,PRD0228,2025-02-14,9,28490.37,UPI,Shipped
ORD01778,CST4546,PRD0857,2025-01-19,2,341133.99,UPI,Shipped
ORD01779,CST3587,PRD0020,2025-11-08,6,62425.19,Credit Card,Cancelled
ORD01780,CST3296,PRD0022,2025-02-06,2,186224.28,Cash on Delivery,Delivered
ORD01781,CST1630,PRD0413,2025-03-12,8,219284.56,Credit Card,Shipped
ORD01782,CST0725,PRD0518,2025-03-31,10,474169.56,Debit Card,Shipped
ORD01783,CST4402,PRD0039,2025-03-29,3,404.11,Cash on Delivery,Delivered
ORD01784,CST0469,PRD0355,2025-06-30,1,328218.0,Cash on Delivery,Cancelled
ORD01785,CST2389,PRD0105,2025-01-06,1,372421.86,Debit Card,Cancelled
ORD01786,CST0207,PRD0774,2025-08-05,1,193169.88,Net Banking,Delivered
ORD01787,CST4341,PRD0712,2025-06-24,4,454541.81,Net Banking,Shipped
ORD01788,CST1030,PRD0186,2025-03-19,7,153989.47,Net Banking,Shipped
ORD01789,CST0463,PRD0203,2025-06-18,5,17047.79,Credit Card,Processing
ORD01790,CST3591,PRD0397,2025-08-20,1,123082.93,Cash on Delivery,Shipped
ORD01791,CST3150,PRD0942,2025-09-27,3,275839.78,Credit Card,Processing
ORD01792,CST3287,PRD0801,2025-01-22,6,397473.03,Net Banking,Cancelled
ORD01793,CST4831,PRD0216,2025-07-30,3,499353.57,UPI,Processing
ORD01794,CST4270,PRD0933,2025-10-23,3,260456.45,Net Banking,Delivered
ORD01795,CST1923,PRD0116,2025-08-21,1,405121.15,Debit Card,Delivered
ORD01796,CST2950,PRD0878,2025-04-22,7,287146.69,UPI,Shipped
ORD01797,CST1021,PRD0098,2025-01-07,4,91723.55,Credit Card,Delivered
ORD01798,CST0553,PRD0708,2025-07-28,8,464842.07,Net Banking,Delivered
ORD01799,CST0090,PRD0068,2025-04-15,9,396547.89,Cash on Delivery,Shipped
ORD01800,CST2143,PRD0035,2025-05-19,5,435053.37,Cash on Delivery,Shipped
ORD01801,CST0879,PRD0141,2025-03-26,10,65583.44,Credit Card,Delivered
ORD01802,CST3579,PRD0179,2025-05-30,9,266939.11,Cash on Delivery,Shipped
ORD01803,CST4168,PRD0856,2025-03-15,1,370444.62,Debit Card,Delivered
ORD01804,CST4954,PRD0878,2025-07-25,9,287146.69,Debit Card,Processing
ORD01805,CST2607,PRD0278,2025-11-18,9,183143.31,Cash on Delivery,Delivered
ORD01806,CST1050,PRD0808,2025-11-26,3,305918.21,Debit Card,Shipped
ORD01807,CST3266,PRD0443,2025-07-31,4,450257.21,Cash on Delivery,Cancelled
ORD01808,CST0897,PRD0937,2025-01-23,7,12173.96,Cash on Delivery,Cancelled
ORD01809,CST0997,PRD0497,2025-04-21,1,407483.68,Net Banking,Shipped
ORD01810,CST0921,PRD0754,2025-07-19,6,126509.66,Cash on Delivery,Delivered
ORD01811,CST2514,PRD0565,2025-02-12,2,336181.09,UPI,Delivered
ORD01812,CST0599,PRD0653,2025-07-20,10,134033.29,Net Banking,Processing
ORD01813,CST0138,PRD0993,2025-10-25,3,96660.13,Credit Card,Shipped
ORD01814,CST4950,PRD0188,2025-01-20,4,319504.96,Cash on Delivery,Shipped
ORD01815,CST4485,PRD0373,2025-07-13,10,129369.28,Debit Card,Shipped
ORD01816,CST4520,PRD0156,2025-07-08,9,259678.66,Net Banking,Processing
ORD01817,CST4940,PRD0229,2025-06-21,2,222489.98,Credit Card,Shipped
ORD01818,CST2349,PRD0187,2025-11-10,2,459959.6,Debit Card,Shipped
ORD01819,CST0868,PRD0302,2025-05-14,7,429435.64,Debit Card,Cancelled
ORD01820,CST4047,PRD0329,2025-04-09,5,40263.52,Debit Card,Processing
ORD01821,CST4916,PRD0942,2025-10-18,3,275839.78,Credit Card,Delivered
ORD01822,CST3359,PRD0378,2025-01-19,2,293062.88,UPI,Processing
ORD01823,CST2748,PRD0066,2025-12-29,1,312144.24,Debit Card,Cancelled
ORD01824,CST3125,PRD0829,2025-09-15,7,273143.16,Cash on Delivery,Shipped
ORD01825,CST4853,PRD0390,2025-06-09,5,401986.29,Credit Card,Cancelled
ORD01826,CST2910,PRD0893,2025-11-03,7,493962.8,Net Banking,Delivered
ORD01827,CST1510,PRD0017,2025-08-13,10,60245.72,Cash on Delivery,Processing
ORD01828,CST0739,PRD0043,2025-03-27,6,267712.35,UPI,Delivered
ORD01829,CST0931,PRD0717,2025-01-07,4,184847.94,UPI,Shipped
ORD01830,CST2275,PRD0395,2025-05-15,6,499741.53,Net Banking,Processing
ORD01831,CST4053,PRD0968,2025-09-07,2,475811.38,Debit Card,Processing
ORD01832,CST0071,PRD0982,2025-09-29,2,227177.39,UPI,Shipped
ORD01833,CST2436,PRD0357,2025-10-27,6,22283.08,UPI,Shipped
ORD01834,CST0014,PRD0047,2025-03-29,4,135167.95,Credit Card,Cancelled
ORD01835,CST4177,PRD0401,2025-03-12,4,3225.61,Debit Card,Cancelled
ORD01836,CST0526,PRD0468,2025-08-22,9,464481.36,Debit Card,Shipped
ORD01837,CST0890,PRD0790,2025-11-12,5,300129.97,UPI,Shipped
ORD01838,CST2371,PRD0481,2025-01-18,8,259575.52,Credit Card,Shipped
ORD01839,CST0686,PRD0635,2025-10-02,9,396531.33,Cash on Delivery,Shipped
ORD01840,CST1965,PRD0102,2025-11-03,10,448601.47,Debit Card,Shipped
ORD01841,CST3984,PRD0250,2025-09-21,1,213435.85,Cash on Delivery,Delivered
ORD01842,CST2611,PRD0778,2025-08-19,9,310002.95,Net Banking,Cancelled
ORD01843,CST2081,PRD0374,2025-06-14,8,182867.71,Cash on Delivery,Shipped
ORD01844,CST4313,PRD0545,2025-02-12,7,287988.76,Credit Card,Processing
ORD01845,CST4435,PRD0322,2025-08-12,6,11015.23,Cash on Delivery,Shipped
ORD01846,CST0193,PRD0375,2025-04-09,2,338428.64,Credit Card,Delivered
ORD01847,CST1421,PRD0175,2025-04-29,10,64060.28,Cash on Delivery,Processing
ORD01848,CST3846,PRD0775,2025-04-10,8,370470.97,Credit Card,Processing
ORD01849,CST0516,PRD0781,2025-04-24,6,401973.77,Cash on Delivery,Shipped
ORD01850,CST1843,PRD0670,2025-10-21,9,186336.51,UPI,Delivered
ORD01851,CST0989,PRD0651,2025-07-19,9,6511.35,Debit Card,Delivered
ORD01852,CST3337,PRD0512,2025-04-03,2,387150.71,Credit Card,Shipped
ORD01853,CST2693,PRD0423,2025-02-11,2,300992.71,Net Banking,Shipped
ORD01854,CST1060,PRD0875,2025-10-27,1,299797.18,Debit Card,Processing
ORD01855,CST4475,PRD0335,2025-12-23,7,120356.18,UPI,Delivered
ORD01856,CST4709,PRD0551,2025-03-29,1,150040.96,Credit Card,Processing
ORD01857,CST1632,PRD0355,2025-04-19,2,328218.0,Debit Card,Delivered
ORD01858,CST2012,PRD0394,2025-06-13,2,278794.33,Credit Card,Cancelled
ORD01859,CST0700,PRD0444,2025-05-06,1,244857.38,Net Banking,Delivered
ORD01860,CST2722,PRD0213,2025-05-11,10,455938.82,Net Banking,Cancelled
ORD01861,CST2535,PRD0489,2025-02-10,4,18581.92,Net Banking,Processing
ORD01862,CST2910,PRD0060,2025-09-27,4,201975.51,Debit Card,Processing
ORD01863,CST2476,PRD0912,2025-05-19,6,3636.86,Debit Card,Cancelled
ORD01864,CST0586,PRD0754,2025-05-20,6,126509.66,Net Banking,Cancelled
ORD01865,CST2264,PRD0784,2025-08-17,8,32875.71,Net Banking,Shipped
ORD01866,CST4270,PRD0706,2025-02-12,1,340203.49,UPI,Cancelled
ORD01867,CST2504,PRD0198,2025-10-03,4,126993.94,UPI,Delivered
ORD01868,CST0886,PRD0196,2025-01-04,4,154052.13,UPI,Cancelled
ORD01869,CST2903,PRD0050,2025-03-14,3,169074.76,UPI,Delivered
ORD01870,CST4038,PRD0628,2025-05-27,7,273070.51,UPI,Delivered
ORD01871,CST4983,PRD0642,2025-07-28,6,18027.53,Net Banking,Shipped
ORD01872,CST4692,PRD0957,2025-05-22,10,335001.37,Cash on Delivery,Processing
ORD01873,CST4723,PRD0076,2025-08-24,3,408837.17,Debit Card,Processing
ORD01874,CST3229,PRD0745,2025-05-21,5,189639.44,Net Banking,Shipped
ORD01875,CST0833,PRD0980,2025-05-27,8,163280.99,Credit Card,Delivered
ORD01876,CST1676,PRD0938,2025-03-20,8,418105.61,Debit Card,Processing
ORD01877,CST0816,PRD0907,2025-02-24,3,403605.91,Cash on Delivery,Delivered
ORD01878,CST0292,PRD0219,2025-08-29,9,315788.16,UPI,Delivered
ORD01879,CST0886,PRD0078,2025-07-22,2,377438.99,Debit Card,Delivered
ORD01880,CST2678,PRD0642,2025-10-01,1,18027.53,Net Banking,Processing
ORD01881,CST3026,PRD0679,2025-10-31,2,33679.85,Credit Card,Shipped
ORD01882,CST0626,PRD0282,2025-08-12,10,313838.55,Cash on Delivery,Shipped
ORD01883,CST3003,PRD0516,2025-04-26,1,499874.45,UPI,Processing
ORD01884,CST4616,PRD0351,2025-09-25,3,213059.7,Credit Card,Delivered
ORD01885,CST1723,PRD0708,2025-06-12,1,464842.07,Cash on Delivery,Shipped
ORD01886,CST3186,PRD0656,2025-12-15,8,235339.8,Net Banking,Cancelled
ORD01887,CST2633,PRD0119,2025-09-10,2,203981.61,Credit Card,Processing
ORD01888,CST0633,PRD0215,2025-09-18,9,424237.74,Cash on Delivery,Delivered
ORD01889,CST0022,PRD0395,2025-09-28,3,499741.53,UPI,Cancelled
ORD01890,CST1322,PRD0190,2025-05-02,7,409175.78,Cash on Delivery,Processing
ORD01891,CST1672,PRD0223,2025-02-21,4,463774.72,Cash on Delivery,Processing
ORD01892,CST4329,PRD0545,2025-04-20,2,287988.76,Credit Card,Processing
ORD01893,CST0570,PRD0227,2025-04-03,1,233563.85,Cash on Delivery,Cancelled
ORD01894,CST3466,PRD0564,2025-02-20,8,429791.63,Net Banking,Cancelled
ORD01895,CST4780,PRD0093,2025-12-01,4,263627.73,Cash on Delivery,Shipped
ORD01896,CST0821,PRD0553,2025-10-13,10,110626.35,Credit Card,Cancelled
ORD01897,CST2865,PRD0384,2025-07-24,9,402804.3,Debit Card,Delivered
ORD01898,CST4065,PRD0028,2025-07-22,5,389595.07,Cash on Delivery,Shipped
ORD01899,CST2166,PRD0647,2025-11-22,7,358716.62,Cash on Delivery,Processing
ORD01900,CST0841,PRD0777,2025-03-27,6,225979.16,Debit Card,Processing
ORD01901,CST0301,PRD0495,2025-02-27,8,290468.87,Credit Card,Cancelled
ORD01902,CST1835,PRD0493,2025-05-08,1,463630.33,UPI,Shipped
ORD01903,CST4781,PRD0626,2025-01-10,4,107714.25,Debit Card,Shipped
ORD01904,CST3147,PRD0063,2025-10-13,6,392027.06,Credit Card,Cancelled
ORD01905,CST2884,PRD0360,2025-09-13,1,288846.93,Debit Card,Delivered
ORD01906,CST4955,PRD0953,2025-06-23,6,336157.84,Credit Card,Cancelled
ORD01907,CST2082,PRD0154,2025-11-11,8,209673.07,Debit Card,Processing
ORD01908,CST1838,PRD0442,2025-10-02,1,465783.01,Credit Card,Processing
ORD01909,CST2006,PRD0297,2025-01-20,8,122519.49,Net Banking,Delivered
ORD01910,CST4809,PRD0411,2025-12-19,8,314582.0,Cash on Delivery,Processing
ORD01911,CST2270,PRD0085,2025-05-08,6,430414.2,Cash on Delivery,Cancelled
ORD01912,CST2984,PRD0050,2025-07-10,9,169074.76,Credit Card,Processing
ORD01913,CST2579,PRD0242,2025-03-19,3,96910.37,Credit Card,Cancelled
ORD01914,CST1068,PRD0706,2025-05-22,9,340203.49,Debit Card,Delivered
ORD01915,CST2764,PRD0212,2025-08-03,1,251709.96,Debit Card,Shipped
ORD01916,CST2122,PRD0368,2025-02-01,2,41428.07,Cash on Delivery,Shipped
ORD01917,CST3999,PRD0942,2025-10-02,3,275839.78,Net Banking,Shipped
ORD01918,CST1354,PRD0809,2025-01-28,5,108687.46,Debit Card,Cancelled
ORD01919,CST3232,PRD0778,2025-05-18,8,310002.95,UPI,Delivered
ORD01920,CST1533,PRD0847,2025-02-11,2,30266.3,UPI,Processing
ORD01921,CST1907,PRD0002,2025-05-01,5,200708.22,Cash on Delivery,Delivered
ORD01922,CST4826,PRD0703,2025-06-20,2,100571.39,Cash on Delivery,Cancelled
ORD01923,CST2448,PRD0470,2025-11-14,3,282322.76,UPI,Shipped
ORD01924,CST4463,PRD0898,2025-04-07,9,488851.36,UPI,Cancelled
ORD01925,CST1164,PRD0802,2025-10-26,2,86930.19,Debit Card,Shipped
ORD01926,CST1227,PRD0145,2025-05-03,7,453082.61,Debit Card,Processing
ORD01927,CST0489,PRD0132,2025-04-05,3,428887.21,Net Banking,Processing
ORD01928,CST2023,PRD0174,2025-08-08,6,468347.49,Net Banking,Cancelled
ORD01929,CST3053,PRD0018,2025-12-16,2,253744.03,UPI,Delivered
ORD01930,CST2888,PRD0039,2025-12-08,5,404.11,UPI,Cancelled
ORD01931,CST2222,PRD0601,2025-05-09,3,188003.12,UPI,Shipped
ORD01932,CST0256,PRD0805,2025-07-07,4,466760.39,Debit Card,Delivered
ORD01933,CST3155,PRD0748,2025-02-08,9,198355.08,UPI,Shipped
ORD01934,CST1131,PRD0587,2025-07-04,1,134463.91,Debit Card,Processing
ORD01935,CST1933,PRD0995,2025-10-20,2,431144.63,Net Banking,Delivered
ORD01936,CST1072,PRD0770,2025-05-14,6,380657.0,Credit Card,Delivered
ORD01937,CST1010,PRD0030,2025-08-17,10,135855.72,Debit Card,Cancelled
ORD01938,CST2187,PRD0999,2025-08-25,10,497952.63,Net Banking,Delivered
ORD01939,CST3963,PRD0717,2025-06-09,6,184847.94,Debit Card,Shipped
ORD01940,CST0287,PRD0331,2025-05-07,9,268421.48,Credit Card,Shipped
ORD01941,CST1851,PRD0342,2025-08-25,9,284358.28,Credit Card,Shipped
ORD01942,CST0519,PRD0097,2025-11-27,5,20682.57,UPI,Processing
ORD01943,CST2674,PRD0434,2025-10-27,6,354742.21,Cash on Delivery,Shipped
ORD01944,CST4828,PRD0019,2025-01-09,4,189955.9,Credit Card,Delivered
ORD01945,CST2487,PRD0474,2025-06-08,7,228298.1,Credit Card,Cancelled
ORD01946,CST0933,PRD0081,2025-10-13,6,422104.17,Cash on Delivery,Cancelled
ORD01947,CST4206,PRD0752,2025-04-13,4,482253.43,Debit Card,Cancelled
ORD01948,CST2259,PRD0581,2025-12-19,8,181384.25,Credit Card,Delivered
ORD01949,CST0081,PRD0776,2025-03-05,9,269325.44,Net Banking,Cancelled
ORD01950,CST1505,PRD0355,2025-03-02,2,328218.0,Credit Card,Delivered
ORD01951,CST0440,PRD0363,2025-03-19,8,332049.21,Credit Card,Processing
ORD01952,CST3978,PRD0393,2025-07-29,10,132764.27,Credit Card,Shipped
ORD01953,CST0864,PRD0131,2025-10-12,8,54831.73,Net Banking,Delivered
ORD01954,CST1721,PRD0424,2025-02-23,7,244732.68,Credit Card,Shipped
ORD01955,CST0238,PRD0353,2025-11-28,10,283640.21,Credit Card,Shipped
ORD01956,CST2673,PRD0929,2025-09-18,3,389459.45,Cash on Delivery,Processing
ORD01957,CST4868,PRD0129,2025-11-01,5,48659.49,Debit Card,Cancelled
ORD01958,CST2343,PRD0193,2025-10-13,4,367591.73,UPI,Processing
ORD01959,CST3731,PRD0922,2025-02-08,2,219694.88,Net Banking,Shipped
ORD01960,CST4601,PRD0240,2025-03-09,9,134506.53,Debit Card,Delivered
ORD01961,CST2164,PRD0050,2025-06-30,7,169074.76,Debit Card,Processing
ORD01962,CST2308,PRD0019,2025-03-10,8,189955.9,Credit Card,Cancelled
ORD01963,CST3429,PRD0092,2025-12-11,6,134866.12,Net Banking,Processing
ORD01964,CST1195,PRD0721,2025-02-22,8,8562.05,Debit Card,Cancelled
ORD01965,CST1943,PRD0345,2025-04-01,10,481363.4,Credit Card,Cancelled
ORD01966,CST0645,PRD0216,2025-01-09,8,499353.57,Cash on Delivery,Shipped
ORD01967,CST4958,PRD0057,2025-12-18,1,436271.34,Credit Card,Delivered
ORD01968,CST0841,PRD0794,2025-07-22,8,218172.91,Cash on Delivery,Shipped
ORD01969,CST4252,PRD0935,2025-12-22,6,55002.05,Credit Card,Delivered
ORD01970,CST0324,PRD0320,2025-09-11,1,34695.8,Net Banking,Cancelled
ORD01971,CST1381,PRD0036,2025-08-22,7,14285.8,Debit Card,Cancelled
ORD01972,CST2116,PRD0020,2025-02-09,1,62425.19,Debit Card,Delivered
ORD01973,CST2452,PRD0739,2025-02-01,4,473672.61,Cash on Delivery,Cancelled
ORD01974,CST4950,PRD0892,2025-03-03,3,79816.41,Debit Card,Processing
ORD01975,CST1970,PRD0368,2025-07-04,5,41428.07,Credit Card,Delivered
ORD01976,CST2326,PRD0828,2025-12-30,6,49709.0,Net Banking,Cancelled
ORD01977,CST4792,PRD0405,2025-01-02,2,171605.92,Credit Card,Delivered
ORD01978,CST0521,PRD0467,2025-10-11,8,74123.04,Credit Card,Processing
ORD01979,CST4506,PRD0301,2025-04-09,9,7480.96,Debit Card,Delivered
ORD01980,CST2802,PRD0185,2025-02-15,6,382123.7,Cash on Delivery,Shipped
ORD01981,CST1796,PRD0188,2025-01-04,2,319504.96,Cash on Delivery,Shipped
ORD01982,CST4597,PRD0938,2025-11-15,3,418105.61,Net Banking,Cancelled
ORD01983,CST4769,PRD0587,2025-03-13,5,134463.91,UPI,Shipped
ORD01984,CST3898,PRD0917,2025-03-28,6,253971.7,Cash on Delivery,Delivered
ORD01985,CST3290,PRD0305,2025-03-22,6,28514.31,Cash on Delivery,Shipped
ORD01986,CST4207,PRD0665,2025-02-15,10,71040.78,UPI,Shipped
ORD01987,CST3388,PRD0525,2025-04-15,7,26009.09,Cash on Delivery,Cancelled
ORD01988,CST2908,PRD0773,2025-11-11,8,105070.58,UPI,Cancelled
ORD01989,CST0005,PRD0935,2025-04-18,4,55002.05,Cash on Delivery,Cancelled
ORD01990,CST0291,PRD0166,2025-01-04,3,482339.14,Net Banking,Processing
ORD01991,CST4383,PRD0522,2025-02-26,9,328180.65,Debit Card,Processing
ORD01992,CST4235,PRD0252,2025-02-28,1,106677.12,Net Banking,Delivered
ORD01993,CST3573,PRD0326,2025-09-25,9,420915.05,Credit Card,Cancelled
ORD01994,CST2991,PRD0791,2025-12-17,5,452947.47,Cash on Delivery,Processing
ORD01995,CST2613,PRD0142,2025-11-06,2,276351.39,Net Banking,Cancelled
ORD01996,CST3873,PRD0324,2025-06-29,1,437135.04,Debit Card,Cancelled
ORD01997,CST3977,PRD0651,2025-03-12,4,6511.35,Credit Card,Cancelled
ORD01998,CST0207,PRD0591,2025-12-03,2,278924.26,UPI,Delivered
ORD01999,CST3243,PRD0013,2025-11-04,10,291862.99,Credit Card,Delivered
ORD02000,CST2869,PRD0426,2025-05-13,10,455425.53,UPI,Cancelled
ORD02001,CST4880,PRD0638,2025-06-30,7,205679.69,Net Banking,Shipped
ORD02002,CST2108,PRD0512,2025-01-09,8,387150.71,Net Banking,Cancelled
ORD02003,CST4418,PRD0653,2025-08-20,9,134033.29,Cash on Delivery,Cancelled
ORD02004,CST1149,PRD0339,2025-03-10,3,408007.41,Debit Card,Delivered
ORD02005,CST4905,PRD0159,2025-03-06,8,486431.31,Net Banking,Shipped
ORD02006,CST1540,PRD0587,2025-02-11,4,134463.91,Net Banking,Delivered
ORD02007,CST0210,PRD0625,2025-09-13,3,112489.78,Debit Card,Delivered
ORD02008,CST3197,PRD0504,2025-05-31,10,151643.81,Cash on Delivery,Processing
ORD02009,CST3232,PRD0844,2025-02-12,4,490284.24,Debit Card,Delivered
ORD02010,CST3395,PRD0274,2025-02-08,2,26901.38,Credit Card,Delivered
ORD02011,CST0565,PRD0386,2025-05-22,10,381716.79,Net Banking,Processing
ORD02012,CST4944,PRD0931,2025-05-02,1,222034.09,Credit Card,Cancelled
ORD02013,CST3624,PRD0770,2025-12-14,1,380657.0,Cash on Delivery,Processing
ORD02014,CST4542,PRD0266,2025-11-05,5,51510.64,UPI,Processing
ORD02015,CST0889,PRD0201,2025-10-19,8,183966.16,UPI,Cancelled
ORD02016,CST0646,PRD0903,2025-05-07,5,337342.57,Cash on Delivery,Cancelled
ORD02017,CST3039,PRD0354,2025-06-29,8,484265.29,Net Banking,Delivered
ORD02018,CST1177,PRD0218,2025-05-24,1,80392.41,Cash on Delivery,Delivered
ORD02019,CST4348,PRD0297,2025-11-19,2,122519.49,UPI,Processing
ORD02020,CST3792,PRD0597,2025-07-20,1,63537.83,Cash on Delivery,Shipped
ORD02021,CST0913,PRD0586,2025-10-08,5,454851.53,Debit Card,Processing
ORD02022,CST2646,PRD0562,2025-08-01,7,372541.47,Net Banking,Delivered
ORD02023,CST4316,PRD0845,2025-08-28,2,228106.59,Debit Card,Processing
ORD02024,CST1806,PRD0344,2025-01-21,10,71241.49,UPI,Processing
ORD02025,CST1601,PRD0496,2025-03-08,5,76825.62,Net Banking,Processing
ORD02026,CST0451,PRD0428,2025-02-14,6,80981.76,Debit Card,Cancelled
ORD02027,CST4134,PRD0166,2025-10-06,10,482339.14,Cash on Delivery,Processing
ORD02028,CST2249,PRD0195,2025-05-05,10,291033.01,Cash on Delivery,Delivered
ORD02029,CST2846,PRD0553,2025-08-04,1,110626.35,Cash on Delivery,Delivered
ORD02030,CST0747,PRD0222,2025-02-15,8,495711.35,Cash on Delivery,Cancelled
ORD02031,CST2876,PRD0899,2025-05-08,10,470538.02,Net Banking,Cancelled
ORD02032,CST1250,PRD0931,2025-08-10,2,222034.09,Credit Card,Processing
ORD02033,CST0431,PRD0793,2025-04-26,6,410776.66,UPI,Delivered
ORD02034,CST3735,PRD0131,2025-01-03,3,54831.73,Debit Card,Processing
ORD02035,CST3121,PRD0149,2025-03-29,9,335999.71,Cash on Delivery,Delivered
ORD02036,CST0422,PRD0541,2025-11-24,5,164140.75,Credit Card,Cancelled
ORD02037,CST2087,PRD0760,2025-10-27,8,373507.95,Credit Card,Shipped
ORD02038,CST1202,PRD0924,2025-09-06,4,445303.78,Cash on Delivery,Delivered
ORD02039,CST3264,PRD0016,2025-06-25,8,367901.61,UPI,Cancelled
ORD02040,CST0420,PRD0487,2025-01-15,5,417899.62,Debit Card,Shipped
ORD02041,CST1859,PRD0641,2025-03-14,8,8698.24,Net Banking,Shipped
ORD02042,CST3439,PRD0797,2025-09-27,2,442613.4,Net Banking,Cancelled
ORD02043,CST1679,PRD0421,2025-08-23,8,119515.57,UPI,Shipped
ORD02044,CST3384,PRD0587,2025-06-24,2,134463.91,Cash on Delivery,Cancelled
ORD02045,CST0920,PRD0963,2025-06-13,3,363912.08,Credit Card,Shipped
ORD02046,CST0964,PRD0155,2025-09-20,5,311483.01,Net Banking,Shipped
ORD02047,CST4508,PRD0494,2025-06-26,7,486472.9,Net Banking,Delivered
ORD02048,CST1421,PRD0200,2025-08-19,10,447222.3,Credit Card,Delivered
ORD02049,CST3268,PRD0087,2025-02-25,5,391867.7,Cash on Delivery,Shipped
ORD02050,CST3950,PRD0594,2025-08-15,6,416705.86,UPI,Processing
ORD02051,CST2310,PRD0458,2025-06-08,10,204299.89,Cash on Delivery,Cancelled
ORD02052,CST4673,PRD0743,2025-05-08,5,4504.46,UPI,Processing
ORD02053,CST3742,PRD0734,2025-05-11,1,41897.86,Debit Card,Processing
ORD02054,CST4756,PRD0793,2025-12-19,5,410776.66,Credit Card,Delivered
ORD02055,CST1107,PRD0731,2025-02-24,1,440236.74,UPI,Cancelled
ORD02056,CST0228,PRD0930,2025-09-23,6,43094.6,Net Banking,Delivered
ORD02057,CST4782,PRD0437,2025-10-07,4,278819.26,Debit Card,Processing
ORD02058,CST4107,PRD0696,2025-11-29,10,228766.83,Net Banking,Cancelled
ORD02059,CST3046,PRD0033,2025-10-07,6,46608.17,UPI,Processing
ORD02060,CST0672,PRD0605,2025-08-19,7,264670.42,Cash on Delivery,Delivered
ORD02061,CST0885,PRD0799,2025-03-12,1,265235.57,Net Banking,Shipped
ORD02062,CST0041,PRD0973,2025-12-24,10,182634.21,Cash on Delivery,Delivered
ORD02063,CST0769,PRD0399,2025-08-23,3,119896.09,Cash on Delivery,Processing
ORD02064,CST4497,PRD0793,2025-02-20,7,410776.66,Credit Card,Processing
ORD02065,CST0756,PRD0309,2025-06-05,1,36029.14,UPI,Cancelled
ORD02066,CST4164,PRD0918,2025-04-05,5,181510.8,Cash on Delivery,Processing
ORD02067,CST1346,PRD0459,2025-04-04,6,423565.32,Net Banking,Cancelled
ORD02068,CST2440,PRD0610,2025-08-04,6,479504.43,Debit Card,Shipped
ORD02069,CST3600,PRD0476,2025-09-30,6,133928.89,UPI,Shipped
ORD02070,CST2005,PRD0724,2025-07-28,1,312430.82,Debit Card,Processing
ORD02071,CST4083,PRD0418,2025-03-02,10,14440.45,Cash on Delivery,Delivered
ORD02072,CST1232,PRD0772,2025-03-03,9,435091.54,UPI,Delivered
ORD02073,CST2390,PRD0440,2025-03-26,3,13976.0,Cash on Delivery,Processing
ORD02074,CST4603,PRD0147,2025-04-01,5,368957.79,Credit Card,Delivered
ORD02075,CST0830,PRD0594,2025-08-11,3,416705.86,Cash on Delivery,Processing
ORD02076,CST3105,PRD0579,2025-05-16,2,163261.73,Debit Card,Cancelled
ORD02077,CST3057,PRD0234,2025-05-23,2,43067.33,Cash on Delivery,Cancelled
ORD02078,CST3413,PRD0108,2025-03-26,2,457847.87,Net Banking,Cancelled
ORD02079,CST2762,PRD0755,2025-12-14,8,338717.02,Cash on Delivery,Cancelled
ORD02080,CST1276,PRD0425,2025-07-16,6,293030.07,Cash on Delivery,Processing
ORD02081,CST4210,PRD0267,2025-07-19,1,31656.61,Net Banking,Shipped
ORD02082,CST2846,PRD0011,2025-06-23,6,50487.59,Net Banking,Cancelled
ORD02083,CST2751,PRD0916,2025-12-12,8,388891.05,Net Banking,Cancelled
ORD02084,CST1075,PRD0141,2025-04-11,8,65583.44,Cash on Delivery,Cancelled
ORD02085,CST3413,PRD0076,2025-04-10,7,408837.17,Cash on Delivery,Cancelled
ORD02086,CST1832,PRD0065,2025-09-15,4,316183.24,Credit Card,Shipped
ORD02087,CST0887,PRD0929,2025-03-18,4,389459.45,Debit Card,Cancelled
ORD02088,CST2774,PRD0911,2025-01-22,4,473498.03,UPI,Delivered
ORD02089,CST3726,PRD0094,2025-11-16,9,193799.52,Cash on Delivery,Delivered
ORD02090,CST4577,PRD0897,2025-12-13,10,185949.46,Net Banking,Shipped
ORD02091,CST2185,PRD0875,2025-04-08,10,299797.18,Net Banking,Delivered
ORD02092,CST1480,PRD0940,2025-03-12,3,467460.43,Net Banking,Processing
ORD02093,CST4014,PRD0940,2025-04-21,2,467460.43,Credit Card,Cancelled
ORD02094,CST4963,PRD0369,2025-02-26,9,217054.57,UPI,Delivered
ORD02095,CST0421,PRD0507,2025-09-18,9,191744.36,UPI,Processing
ORD02096,CST1836,PRD0059,2025-09-15,8,69890.6,Cash on Delivery,Shipped
ORD02097,CST4433,PRD0741,2025-03-09,9,138309.77,Cash on Delivery,Shipped
ORD02098,CST3079,PRD0666,2025-01-17,8,3046.53,Debit Card,Delivered
ORD02099,CST2165,PRD0087,2025-12-20,8,391867.7,UPI,Shipped
ORD02100,CST1348,PRD0051,2025-07-18,8,481450.5,UPI,Cancelled
ORD02101,CST1490,PRD0800,2025-04-25,9,429133.17,Net Banking,Shipped
ORD02102,CST0105,PRD0639,2025-01-04,10,373533.47,Credit Card,Processing
ORD02103,CST4338,PRD0798,2025-06-07,10,116128.41,Cash on Delivery,Delivered
ORD02104,CST2277,PRD0381,2025-01-02,7,418034.68,Net Banking,Shipped
ORD02105,CST4278,PRD0730,2025-05-25,5,133552.82,Debit Card,Processing
ORD02106,CST3019,PRD0907,2025-07-12,4,403605.91,Net Banking,Shipped
ORD02107,CST0478,PRD0725,2025-02-23,8,197882.65,Net Banking,Delivered
ORD02108,CST1505,PRD0815,2025-01-06,9,415420.26,Credit Card,Processing
ORD02109,CST2884,PRD0296,2025-03-01,6,283660.66,Debit Card,Processing
ORD02110,CST0614,PRD0607,2025-09-20,4,257511.87,Net Banking,Processing
ORD02111,CST2421,PRD0314,2025-09-16,10,145467.21,UPI,Shipped
ORD02112,CST1670,PRD0398,2025-10-19,8,297600.12,Debit Card,Cancelled
ORD02113,CST1671,PRD0663,2025-06-23,10,356385.74,Net Banking,Delivered
ORD02114,CST0270,PRD0641,2025-07-08,8,8698.24,Net Banking,Cancelled
ORD02115,CST1898,PRD0967,2025-10-06,1,280971.94,Cash on Delivery,Delivered
ORD02116,CST0352,PRD0416,2025-03-16,4,245397.38,Debit Card,Processing
ORD02117,CST2882,PRD0423,2025-09-15,9,300992.71,UPI,Delivered
ORD02118,CST3428,PRD0372,2025-09-04,1,11186.02,Debit Card,Shipped
ORD02119,CST4395,PRD0138,2025-05-16,9,135488.73,Net Banking,Shipped
ORD02120,CST2655,PRD0151,2025-11-18,9,262566.67,Cash on Delivery,Delivered
ORD02121,CST3807,PRD0969,2025-09-12,6,315284.44,Net Banking,Delivered
ORD02122,CST0406,PRD0434,2025-09-26,2,354742.21,Debit Card,Shipped
ORD02123,CST4885,PRD0723,2025-06-12,7,30682.04,Cash on Delivery,Delivered
ORD02124,CST0452,PRD0763,2025-01-30,7,46865.28,Cash on Delivery,Processing
ORD02125,CST3040,PRD0896,2025-10-22,9,435081.93,UPI,Delivered
ORD02126,CST4023,PRD0570,2025-08-02,9,251170.4,UPI,Cancelled
ORD02127,CST1725,PRD0239,2025-12-01,10,308881.86,UPI,Cancelled
ORD02128,CST1508,PRD0587,2025-02-23,10,134463.91,Cash on Delivery,Processing
ORD02129,CST4527,PRD0899,2025-03-01,4,470538.02,UPI,Shipped
ORD02130,CST0583,PRD0411,2025-07-02,5,314582.0,Net Banking,Shipped
ORD02131,CST2731,PRD0383,2025-08-17,7,419182.0,UPI,Delivered
ORD02132,CST2208,PRD0047,2025-03-21,10,135167.95,Cash on Delivery,Cancelled
ORD02133,CST2098,PRD0285,2025-02-11,9,53234.0,Debit Card,Processing
ORD02134,CST1699,PRD0065,2025-08-08,2,316183.24,Net Banking,Shipped
ORD02135,CST4871,PRD0948,2025-05-31,7,183460.79,UPI,Delivered
ORD02136,CST0901,PRD0154,2025-01-26,5,209673.07,Debit Card,Delivered
ORD02137,CST4464,PRD0064,2025-12-15,1,353042.17,UPI,Delivered
ORD02138,CST0822,PRD0565,2025-12-06,7,336181.09,UPI,Cancelled
ORD02139,CST2685,PRD0756,2025-03-19,6,183854.89,Cash on Delivery,Delivered
ORD02140,CST4079,PRD0011,2025-12-04,5,50487.59,Cash on Delivery,Delivered
ORD02141,CST0192,PRD0812,2025-01-06,3,170808.44,Cash on Delivery,Processing
ORD02142,CST2073,PRD0176,2025-04-10,3,62187.17,Cash on Delivery,Shipped
ORD02143,CST1394,PRD0564,2025-05-09,3,429791.63,Cash on Delivery,Delivered
ORD02144,CST3687,PRD0228,2025-05-17,6,28490.37,Debit Card,Cancelled
ORD02145,CST3245,PRD0175,2025-03-30,4,64060.28,Credit Card,Shipped
ORD02146,CST1587,PRD0503,2025-06-15,1,116478.25,UPI,Delivered
ORD02147,CST4178,PRD0195,2025-08-23,5,291033.01,Credit Card,Shipped
ORD02148,CST1436,PRD0703,2025-12-12,6,100571.39,Cash on Delivery,Processing
ORD02149,CST0311,PRD0940,2025-12-12,10,467460.43,Cash on Delivery,Cancelled
ORD02150,CST0150,PRD0398,2025-01-23,2,297600.12,Net Banking,Cancelled
ORD02151,CST1050,PRD0760,2025-02-11,10,373507.95,Cash on Delivery,Cancelled
ORD02152,CST1671,PRD0819,2025-04-07,6,149969.04,Net Banking,Processing
ORD02153,CST1048,PRD0952,2025-03-10,10,489910.94,Credit Card,Delivered
ORD02154,CST0934,PRD0114,2025-06-06,6,112637.36,Debit Card,Processing
ORD02155,CST2070,PRD0100,2025-03-25,8,274137.65,Credit Card,Shipped
ORD02156,CST1196,PRD0898,2025-11-02,9,488851.36,UPI,Cancelled
ORD02157,CST2167,PRD0775,2025-08-07,7,370470.97,Debit Card,Delivered
ORD02158,CST4676,PRD0713,2025-05-04,3,85332.13,UPI,Delivered
ORD02159,CST3028,PRD0180,2025-07-23,10,110455.66,Cash on Delivery,Cancelled
ORD02160,CST0450,PRD0407,2025-04-17,6,112818.92,Credit Card,Processing
ORD02161,CST0783,PRD0530,2025-07-11,8,146632.15,UPI,Delivered
ORD02162,CST0254,PRD0610,2025-09-15,4,479504.43,Net Banking,Shipped
ORD02163,CST4635,PRD0166,2025-07-26,4,482339.14,Debit Card,Cancelled
ORD02164,CST2247,PRD0721,2025-07-06,5,8562.05,UPI,Shipped
ORD02165,CST2138,PRD0162,2025-03-11,6,359243.43,Credit Card,Cancelled
ORD02166,CST0683,PRD0528,2025-04-16,9,320836.96,Cash on Delivery,Shipped
ORD02167,CST4239,PRD0806,2025-12-09,9,58673.67,Debit Card,Processing
ORD02168,CST4447,PRD0179,2025-08-02,1,266939.11,UPI,Cancelled
ORD02169,CST2896,PRD0237,2025-11-17,2,45392.84,Debit Card,Shipped
ORD02170,CST3879,PRD0725,2025-03-17,10,197882.65,Credit Card,Processing
ORD02171,CST4523,PRD0921,2025-09-28,3,328293.69,UPI,Delivered
ORD02172,CST0939,PRD0488,2025-09-27,1,113006.67,Cash on Delivery,Cancelled
ORD02173,CST1488,PRD0582,2025-01-24,1,93486.1,Debit Card,Shipped
ORD02174,CST4325,PRD0822,2025-01-15,10,460505.79,UPI,Processing
ORD02175,CST1668,PRD0698,2025-12-17,10,492296.62,Debit Card,Cancelled
ORD02176,CST4387,PRD0691,2025-02-12,5,364853.04,Credit Card,Shipped
ORD02177,CST2821,PRD0098,2025-04-17,5,91723.55,UPI,Cancelled
ORD02178,CST4951,PRD0768,2025-06-23,7,200993.95,Net Banking,Cancelled
ORD02179,CST1109,PRD0920,2025-10-15,2,317825.42,Credit Card,Delivered
ORD02180,CST0487,PRD0911,2025-01-29,7,473498.03,Cash on Delivery,Cancelled
ORD02181,CST3854,PRD0318,2025-05-13,1,13345.53,UPI,Shipped
ORD02182,CST1474,PRD0218,2025-01-05,3,80392.41,Cash on Delivery,Cancelled
ORD02183,CST3997,PRD0272,2025-04-10,4,288054.49,UPI,Cancelled
ORD02184,CST2537,PRD0396,2025-02-19,4,389374.75,Debit Card,Delivered
ORD02185,CST4481,PRD0475,2025-02-24,6,187942.29,Debit Card,Shipped
ORD02186,CST0536,PRD0478,2025-10-03,8,306836.42,Cash on Delivery,Delivered
ORD02187,CST4344,PRD0503,2025-04-05,8,116478.25,Credit Card,Delivered
ORD02188,CST2691,PRD0229,2025-02-19,7,222489.98,Net Banking,Delivered
ORD02189,CST1513,PRD0418,2025-10-06,4,14440.45,Credit Card,Processing
ORD02190,CST1830,PRD0494,2025-05-04,3,486472.9,Net Banking,Shipped
ORD02191,CST4509,PRD0942,2025-12-24,5,275839.78,UPI,Cancelled
ORD02192,CST2574,PRD0686,2025-09-25,3,450728.25,Debit Card,Cancelled
ORD02193,CST2656,PRD0190,2025-03-27,2,409175.78,UPI,Shipped
ORD02194,CST0938,PRD0289,2025-12-22,1,484419.64,Net Banking,Delivered
ORD02195,CST1014,PRD0087,2025-02-15,6,391867.7,Debit Card,Delivered
ORD02196,CST0645,PRD0221,2025-05-20,8,497286.65,Cash on Delivery,Cancelled
ORD02197,CST4019,PRD0324,2025-08-13,7,437135.04,Net Banking,Shipped
ORD02198,CST4840,PRD0370,2025-02-22,7,394986.76,Debit Card,Processing
ORD02199,CST0346,PRD0829,2025-05-05,9,273143.16,Credit Card,Processing
ORD02200,CST3960,PRD0853,2025-06-02,1,20006.07,Cash on Delivery,Shipped
ORD02201,CST2835,PRD0594,2025-12-21,3,416705.86,UPI,Delivered
ORD02202,CST0538,PRD0574,2025-05-17,9,402163.07,Debit Card,Delivered
ORD02203,CST3917,PRD0239,2025-11-16,7,308881.86,UPI,Cancelled
ORD02204,CST3537,PRD0615,2025-07-19,2,309771.57,Credit Card,Delivered
ORD02205,CST4260,PRD0696,2025-03-19,1,228766.83,Cash on Delivery,Processing
ORD02206,CST4198,PRD0996,2025-10-19,10,263832.1,Credit Card,Processing
ORD02207,CST2513,PRD0213,2025-04-02,3,455938.82,Debit Card,Processing
ORD02208,CST0536,PRD0715,2025-10-02,2,94447.48,UPI,Delivered
ORD02209,CST4457,PRD0667,2025-04-04,10,89269.08,UPI,Cancelled
ORD02210,CST4933,PRD0473,2025-11-29,3,479726.66,Debit Card,Cancelled
ORD02211,CST4166,PRD0123,2025-02-23,9,404763.53,Credit Card,Shipped
ORD02212,CST3930,PRD0173,2025-02-05,5,203316.2,Credit Card,Delivered
ORD02213,CST0767,PRD0193,2025-03-15,10,367591.73,UPI,Delivered
ORD02214,CST2618,PRD0920,2025-01-14,10,317825.42,Credit Card,Cancelled
ORD02215,CST2878,PRD0601,2025-02-28,2,188003.12,Credit Card,Cancelled
ORD02216,CST3151,PRD0671,2025-11-19,4,299559.74,UPI,Processing
ORD02217,CST4847,PRD0383,2025-01-20,2,419182.0,Credit Card,Processing
ORD02218,CST3362,PRD0069,2025-09-07,9,12944.23,UPI,Shipped
ORD02219,CST4308,PRD0738,2025-10-27,9,247683.34,Credit Card,Processing
ORD02220,CST2708,PRD0357,2025-07-03,6,22283.08,Credit Card,Shipped
ORD02221,CST2226,PRD0172,2025-09-25,5,391302.22,UPI,Processing
ORD02222,CST0342,PRD0116,2025-06-13,6,405121.15,Cash on Delivery,Shipped
ORD02223,CST0407,PRD0896,2025-06-26,5,435081.93,Debit Card,Shipped
ORD02224,CST4024,PRD0250,2025-11-17,7,213435.85,Debit Card,Shipped
ORD02225,CST0017,PRD0392,2025-01-27,3,249841.7,Credit Card,Processing
ORD02226,CST1867,PRD0786,2025-10-17,8,79605.99,UPI,Shipped
ORD02227,CST3224,PRD0616,2025-05-07,10,19332.36,UPI,Delivered
ORD02228,CST3730,PRD0328,2025-12-29,7,61902.25,Net Banking,Processing
ORD02229,CST1525,PRD0308,2025-04-01,7,70787.83,Cash on Delivery,Cancelled
ORD02230,CST4799,PRD0825,2025-05-06,1,426105.92,Debit Card,Shipped
ORD02231,CST1334,PRD0347,2025-06-05,9,316813.1,UPI,Cancelled
ORD02232,CST4139,PRD0964,2025-03-29,1,187879.68,Net Banking,Shipped
ORD02233,CST2913,PRD0847,2025-06-04,5,30266.3,Cash on Delivery,Processing
ORD02234,CST2324,PRD0337,2025-05-13,9,250697.44,Cash on Delivery,Shipped
ORD02235,CST0656,PRD0785,2025-09-17,9,234786.7,Net Banking,Cancelled
ORD02236,CST4423,PRD0091,2025-06-03,7,252674.36,UPI,Cancelled
ORD02237,CST0813,PRD0646,2025-08-28,5,352863.86,Debit Card,Delivered
ORD02238,CST1908,PRD0408,2025-03-24,5,379974.0,Debit Card,Processing
ORD02239,CST4307,PRD0185,2025-04-16,8,382123.7,Cash on Delivery,Delivered
ORD02240,CST4484,PRD0040,2025-04-26,6,258289.75,Credit Card,Processing
ORD02241,CST1730,PRD0384,2025-08-16,6,402804.3,UPI,Shipped
ORD02242,CST3023,PRD0609,2025-11-09,3,461335.82,Cash on Delivery,Processing
ORD02243,CST4660,PRD0007,2025-04-06,1,56943.72,Debit Card,Shipped
ORD02244,CST0789,PRD0572,2025-01-28,5,448724.27,Credit Card,Shipped
ORD02245,CST2482,PRD0702,2025-12-10,10,198303.77,Debit Card,Shipped
ORD02246,CST4233,PRD0987,2025-05-09,6,447689.57,Debit Card,Processing
ORD02247,CST0869,PRD0612,2025-03-26,9,357151.54,UPI,Shipped
ORD02248,CST2108,PRD0119,2025-10-12,2,203981.61,Credit Card,Delivered
ORD02249,CST2945,PRD0374,2025-07-08,2,182867.71,Debit Card,Cancelled
ORD02250,CST4843,PRD0025,2025-11-06,3,229608.54,UPI,Delivered
ORD02251,CST3684,PRD0841,2025-08-18,3,388165.42,Debit Card,Shipped
ORD02252,CST3467,PRD0153,2025-08-31,2,333176.44,Cash on Delivery,Delivered
ORD02253,CST0548,PRD0684,2025-12-29,4,468185.59,Net Banking,Delivered
ORD02254,CST4079,PRD0789,2025-01-27,2,446137.04,Net Banking,Cancelled
ORD02255,CST4944,PRD0690,2025-05-13,4,82263.03,Credit Card,Cancelled
ORD02256,CST1839,PRD0076,2025-01-24,1,408837.17,Cash on Delivery,Cancelled
ORD02257,CST2429,PRD0365,2025-03-18,3,74809.6,UPI,Shipped
ORD02258,CST4304,PRD0865,2025-11-23,3,470825.36,Cash on Delivery,Processing
ORD02259,CST1108,PRD0966,2025-10-17,1,492739.35,Credit Card,Shipped
ORD02260,CST0625,PRD0099,2025-11-30,10,130423.59,Cash on Delivery,Processing
ORD02261,CST4821,PRD0217,2025-01-21,2,291586.72,Debit Card,Delivered
ORD02262,CST1654,PRD0579,2025-07-22,4,163261.73,Cash on Delivery,Delivered
ORD02263,CST0407,PRD0475,2025-02-22,6,187942.29,Credit Card,Shipped
ORD02264,CST1290,PRD0153,2025-10-08,1,333176.44,Cash on Delivery,Cancelled
ORD02265,CST3695,PRD0646,2025-01-16,2,352863.86,Net Banking,Delivered
ORD02266,CST2044,PRD0576,2025-11-14,7,113811.56,Credit Card,Shipped
ORD02267,CST4462,PRD0868,2025-12-20,6,264227.88,Credit Card,Shipped
ORD02268,CST0063,PRD0930,2025-04-22,8,43094.6,Cash on Delivery,Cancelled
ORD02269,CST3729,PRD0714,2025-08-05,3,467189.58,Debit Card,Processing
ORD02270,CST3157,PRD0432,2025-10-04,1,108369.1,Cash on Delivery,Processing
ORD02271,CST1336,PRD0300,2025-07-02,10,417802.54,Debit Card,Cancelled
ORD02272,CST4520,PRD0121,2025-10-20,7,275088.86,UPI,Processing
ORD02273,CST0333,PRD0375,2025-12-25,9,338428.64,Net Banking,Cancelled
ORD02274,CST4534,PRD0233,2025-03-12,3,444388.32,Cash on Delivery,Delivered
ORD02275,CST2660,PRD0598,2025-08-03,7,307146.21,Debit Card,Cancelled
ORD02276,CST2744,PRD0240,2025-09-22,3,134506.53,Net Banking,Cancelled
ORD02277,CST2820,PRD0780,2025-07-26,3,184102.36,UPI,Processing
ORD02278,CST4947,PRD0594,2025-04-29,6,416705.86,Cash on Delivery,Shipped
ORD02279,CST1297,PRD0523,2025-09-02,2,59976.42,Cash on Delivery,Delivered
ORD02280,CST4797,PRD0299,2025-10-03,1,323143.26,UPI,Delivered
ORD02281,CST1951,PRD0455,2025-12-20,9,258313.81,Debit Card,Delivered
ORD02282,CST4834,PRD0061,2025-08-20,10,280078.39,Cash on Delivery,Delivered
ORD02283,CST4216,PRD0972,2025-06-23,8,199305.11,Cash on Delivery,Processing
ORD02284,CST0561,PRD0044,2025-06-30,10,37639.26,Cash on Delivery,Processing
ORD02285,CST1189,PRD0981,2025-04-09,5,245722.69,Cash on Delivery,Processing
ORD02286,CST3099,PRD0468,2025-09-09,4,464481.36,Cash on Delivery,Cancelled
ORD02287,CST4349,PRD0903,2025-11-17,3,337342.57,Cash on Delivery,Delivered
ORD02288,CST4837,PRD0703,2025-05-06,3,100571.39,Credit Card,Shipped
ORD02289,CST4173,PRD0864,2025-04-26,3,314562.72,Debit Card,Delivered
ORD02290,CST3742,PRD0445,2025-10-16,6,432469.59,Cash on Delivery,Processing
ORD02291,CST4431,PRD0379,2025-11-20,4,7566.07,Cash on Delivery,Processing
ORD02292,CST1684,PRD0635,2025-06-17,2,396531.33,Cash on Delivery,Processing
ORD02293,CST0138,PRD0517,2025-04-01,6,207791.06,Credit Card,Cancelled
ORD02294,CST0497,PRD0995,2025-05-30,4,431144.63,Debit Card,Delivered
ORD02295,CST2498,PRD0760,2025-10-06,10,373507.95,Debit Card,Cancelled
ORD02296,CST4518,PRD0244,2025-10-11,4,253186.64,Cash on Delivery,Cancelled
ORD02297,CST2689,PRD0309,2025-11-03,1,36029.14,Net Banking,Cancelled
ORD02298,CST0166,PRD1000,2025-07-03,9,378391.72,Debit Card,Delivered
ORD02299,CST0913,PRD0402,2025-01-01,5,257726.77,UPI,Cancelled
ORD02300,CST1422,PRD0230,2025-01-08,4,51870.69,Cash on Delivery,Processing
ORD02301,CST0834,PRD0671,2025-12-18,6,299559.74,Cash on Delivery,Cancelled
ORD02302,CST3446,PRD0978,2025-11-16,3,262067.23,Net Banking,Cancelled
ORD02303,CST2375,PRD0225,2025-10-20,4,36390.54,UPI,Shipped
ORD02304,CST4649,PRD0877,2025-08-25,8,356637.62,Cash on Delivery,Delivered
ORD02305,CST3404,PRD0520,2025-11-12,8,42374.24,Net Banking,Processing
ORD02306,CST2911,PRD0307,2025-09-02,8,126220.86,Credit Card,Cancelled
ORD02307,CST3440,PRD0410,2025-11-20,4,375658.1,Cash on Delivery,Processing
ORD02308,CST2309,PRD0163,2025-07-21,9,396894.78,Debit Card,Shipped
ORD02309,CST3733,PRD0720,2025-03-02,3,380535.49,Debit Card,Shipped
ORD02310,CST1831,PRD0141,2025-09-13,6,65583.44,Net Banking,Delivered
ORD02311,CST3227,PRD0082,2025-07-18,3,483055.39,Cash on Delivery,Delivered
ORD02312,CST3960,PRD0738,2025-02-24,6,247683.34,Debit Card,Shipped
ORD02313,CST2935,PRD0780,2025-07-19,5,184102.36,Debit Card,Delivered
ORD02314,CST0678,PRD0594,2025-02-04,10,416705.86,Debit Card,Cancelled
ORD02315,CST1373,PRD0174,2025-04-23,3,468347.49,Credit Card,Processing
ORD02316,CST0645,PRD0905,2025-12-19,1,425456.72,Debit Card,Cancelled
ORD02317,CST2878,PRD0513,2025-12-08,6,20899.02,Credit Card,Delivered
ORD02318,CST3471,PRD0838,2025-07-03,4,212633.17,UPI,Shipped
ORD02319,CST3942,PRD0059,2025-01-22,5,69890.6,Net Banking,Delivered
ORD02320,CST2070,PRD0281,2025-10-10,4,43878.01,Cash on Delivery,Delivered
ORD02321,CST0939,PRD0101,2025-05-26,10,167119.54,Net Banking,Cancelled
ORD02322,CST4802,PRD0661,2025-01-24,6,451325.3,UPI,Shipped
ORD02323,CST4535,PRD0134,2025-06-18,8,320861.2,Debit Card,Shipped
ORD02324,CST2338,PRD0445,2025-09-16,5,432469.59,Debit Card,Processing
ORD02325,CST3890,PRD0132,2025-06-02,10,428887.21,Net Banking,Delivered
ORD02326,CST1536,PRD0840,2025-12-13,6,435333.59,Net Banking,Cancelled
ORD02327,CST2406,PRD0103,2025-05-21,2,477670.48,Cash on Delivery,Cancelled
ORD02328,CST1715,PRD0340,2025-06-07,10,61873.66,Credit Card,Cancelled
ORD02329,CST3047,PRD0552,2025-12-31,10,342875.2,UPI,Delivered
ORD02330,CST3377,PRD0289,2025-12-24,4,484419.64,Credit Card,Processing
ORD02331,CST2560,PRD0527,2025-12-06,1,81723.08,UPI,Delivered
ORD02332,CST0420,PRD0799,2025-05-09,2,265235.57,Credit Card,Processing
ORD02333,CST2844,PRD0289,2025-07-08,4,484419.64,UPI,Processing
ORD02334,CST0164,PRD0920,2025-01-21,5,317825.42,UPI,Cancelled
ORD02335,CST3783,PRD0392,2025-10-22,7,249841.7,Credit Card,Shipped
ORD02336,CST2435,PRD0195,2025-06-28,5,291033.01,UPI,Processing
ORD02337,CST3210,PRD0757,2025-06-05,8,417195.69,Credit Card,Processing
ORD02338,CST4022,PRD0126,2025-02-19,1,349206.68,UPI,Shipped
ORD02339,CST0095,PRD0976,2025-10-30,1,245373.68,UPI,Processing
ORD02340,CST3646,PRD0348,2025-10-22,2,49503.5,Credit Card,Processing
ORD02341,CST1068,PRD0294,2025-05-10,5,248756.76,UPI,Delivered
ORD02342,CST1859,PRD0443,2025-12-30,4,450257.21,Credit Card,Processing
ORD02343,CST1655,PRD0564,2025-01-01,1,429791.63,Net Banking,Cancelled
ORD02344,CST4879,PRD0632,2025-09-04,6,185425.93,UPI,Cancelled
ORD02345,CST1667,PRD0812,2025-05-13,8,170808.44,Cash on Delivery,Processing
ORD02346,CST1942,PRD0234,2025-11-22,1,43067.33,Credit Card,Processing
ORD02347,CST3620,PRD0892,2025-03-09,4,79816.41,Cash on Delivery,Cancelled
ORD02348,CST0878,PRD0283,2025-07-14,6,466806.55,Credit Card,Delivered
ORD02349,CST1642,PRD0125,2025-05-11,6,118921.52,Debit Card,Processing
ORD02350,CST3246,PRD0713,2025-03-01,2,85332.13,Debit Card,Delivered
ORD02351,CST2413,PRD0463,2025-01-30,2,24303.03,UPI,Cancelled
ORD02352,CST0071,PRD0296,2025-01-13,10,283660.66,UPI,Shipped
ORD02353,CST4315,PRD0838,2025-10-21,3,212633.17,UPI,Cancelled
ORD02354,CST2874,PRD0563,2025-11-10,1,481029.59,Cash on Delivery,Cancelled
ORD02355,CST0941,PRD0355,2025-02-08,5,328218.0,Credit Card,Delivered
ORD02356,CST1993,PRD0678,2025-04-08,10,49411.74,Cash on Delivery,Delivered
ORD02357,CST0185,PRD0772,2025-06-01,4,435091.54,Net Banking,Delivered
ORD02358,CST4812,PRD0090,2025-06-06,10,125416.0,Credit Card,Cancelled
ORD02359,CST2208,PRD0516,2025-08-25,9,499874.45,Cash on Delivery,Cancelled
ORD02360,CST0154,PRD0311,2025-12-20,4,76425.13,Credit Card,Shipped
ORD02361,CST4005,PRD0681,2025-05-04,6,99107.84,Debit Card,Cancelled
ORD02362,CST4735,PRD0407,2025-02-13,2,112818.92,UPI,Delivered
ORD02363,CST2779,PRD0779,2025-03-03,3,144619.96,UPI,Cancelled
ORD02364,CST1535,PRD0141,2025-12-12,4,65583.44,Credit Card,Processing
ORD02365,CST0081,PRD0935,2025-06-30,6,55002.05,Credit Card,Shipped
ORD02366,CST1434,PRD0865,2025-12-01,3,470825.36,Debit Card,Processing
ORD02367,CST2589,PRD0241,2025-03-26,8,313050.32,Debit Card,Cancelled
ORD02368,CST3716,PRD0033,2025-11-10,9,46608.17,Credit Card,Cancelled
ORD02369,CST2088,PRD0388,2025-11-28,5,212794.03,Net Banking,Delivered
ORD02370,CST4414,PRD0588,2025-04-05,8,116222.78,Net Banking,Processing
ORD02371,CST2586,PRD0952,2025-02-01,4,489910.94,Debit Card,Delivered
ORD02372,CST0405,PRD0282,2025-04-30,6,313838.55,UPI,Processing
ORD02373,CST2642,PRD0747,2025-12-28,9,12216.72,Cash on Delivery,Delivered
ORD02374,CST0190,PRD0904,2025-03-22,3,78739.38,Net Banking,Processing
ORD02375,CST1285,PRD0426,2025-11-26,5,455425.53,Credit Card,Shipped
ORD02376,CST4417,PRD0757,2025-11-05,3,417195.69,UPI,Cancelled
ORD02377,CST4726,PRD0072,2025-07-17,4,177782.5,UPI,Shipped
ORD02378,CST1055,PRD0075,2025-08-06,7,178067.75,Debit Card,Processing
ORD02379,CST3975,PRD0470,2025-02-26,10,282322.76,Debit Card,Shipped
ORD02380,CST0372,PRD0137,2025-12-16,2,446911.84,Credit Card,Shipped
ORD02381,CST1615,PRD0098,2025-10-08,6,91723.55,UPI,Processing
ORD02382,CST3278,PRD0576,2025-04-26,1,113811.56,Credit Card,Processing
ORD02383,CST1445,PRD0231,2025-01-04,6,212707.32,UPI,Shipped
ORD02384,CST3509,PRD0916,2025-01-01,1,388891.05,Cash on Delivery,Shipped
ORD02385,CST0800,PRD0366,2025-06-16,1,325775.78,Cash on Delivery,Shipped
ORD02386,CST1560,PRD0922,2025-08-24,1,219694.88,Cash on Delivery,Cancelled
ORD02387,CST0082,PRD0848,2025-11-02,3,334862.88,Net Banking,Shipped
ORD02388,CST1031,PRD0035,2025-07-01,8,435053.37,Cash on Delivery,Cancelled
ORD02389,CST2140,PRD0926,2025-03-03,3,171867.63,Credit Card,Shipped
ORD02390,CST4267,PRD0307,2025-03-15,7,126220.86,Debit Card,Shipped
ORD02391,CST4729,PRD0063,2025-07-10,9,392027.06,Debit Card,Delivered
ORD02392,CST1447,PRD0220,2025-07-09,7,217566.6,Credit Card,Cancelled
ORD02393,CST0575,PRD0106,2025-05-31,10,266553.12,Net Banking,Processing
ORD02394,CST4009,PRD0409,2025-01-07,7,141151.06,UPI,Processing
ORD02395,CST0344,PRD0909,2025-01-16,3,278679.94,Net Banking,Cancelled
ORD02396,CST4508,PRD0917,2025-06-14,4,253971.7,UPI,Delivered
ORD02397,CST1588,PRD0834,2025-01-30,10,259687.06,Cash on Delivery,Processing
ORD02398,CST1099,PRD0064,2025-06-11,2,353042.17,UPI,Delivered
ORD02399,CST3402,PRD0655,2025-06-19,6,268218.84,Debit Card,Shipped
ORD02400,CST0835,PRD0558,2025-07-27,8,387479.9,Net Banking,Shipped
ORD02401,CST3404,PRD0646,2025-07-11,5,352863.86,Credit Card,Delivered
ORD02402,CST2208,PRD0187,2025-06-30,10,459959.6,Cash on Delivery,Delivered
ORD02403,CST1418,PRD0103,2025-05-05,8,477670.48,Cash on Delivery,Cancelled
ORD02404,CST2189,PRD0452,2025-08-06,9,304815.69,Debit Card,Delivered
ORD02405,CST4903,PRD0006,2025-08-30,8,248881.91,UPI,Shipped
ORD02406,CST4781,PRD0807,2025-02-20,3,66922.99,Debit Card,Delivered
ORD02407,CST2127,PRD0851,2025-02-09,10,246081.75,Debit Card,Cancelled
ORD02408,CST0478,PRD0626,2025-03-25,2,107714.25,Debit Card,Shipped
ORD02409,CST2780,PRD0023,2025-06-17,5,317209.45,Credit Card,Cancelled
ORD02410,CST4144,PRD0203,2025-02-28,3,17047.79,Net Banking,Cancelled
ORD02411,CST0664,PRD0004,2025-05-17,10,480235.53,Credit Card,Shipped
ORD02412,CST2460,PRD0400,2025-09-19,9,236491.91,Debit Card,Cancelled
ORD02413,CST0789,PRD0676,2025-04-29,4,130881.15,Cash on Delivery,Cancelled
ORD02414,CST4335,PRD0682,2025-11-25,3,213214.35,UPI,Cancelled
ORD02415,CST0060,PRD0319,2025-03-26,9,418577.73,Cash on Delivery,Delivered
ORD02416,CST4018,PRD0029,2025-05-28,3,254739.05,Cash on Delivery,Cancelled
ORD02417,CST1703,PRD0679,2025-03-05,8,33679.85,Credit Card,Delivered
ORD02418,CST1210,PRD0475,2025-03-01,6,187942.29,Credit Card,Delivered
ORD02419,CST2467,PRD0812,2025-02-14,10,170808.44,Cash on Delivery,Cancelled
ORD02420,CST0422,PRD0787,2025-08-08,2,196082.64,UPI,Shipped
ORD02421,CST0720,PRD0208,2025-09-15,4,63766.87,Net Banking,Shipped
ORD02422,CST1877,PRD0637,2025-07-09,7,357349.95,Debit Card,Delivered
ORD02423,CST4812,PRD0735,2025-03-10,5,219840.8,Debit Card,Cancelled
ORD02424,CST1743,PRD0637,2025-06-30,10,357349.95,Credit Card,Delivered
ORD02425,CST4392,PRD0237,2025-03-02,7,45392.84,Debit Card,Cancelled
ORD02426,CST1614,PRD0830,2025-04-30,8,69014.21,Net Banking,Processing
ORD02427,CST3556,PRD0131,2025-09-15,1,54831.73,UPI,Delivered
ORD02428,CST2762,PRD0943,2025-01-25,8,470076.43,Cash on Delivery,Cancelled
ORD02429,CST2959,PRD0352,2025-07-17,9,107362.57,Debit Card,Shipped
ORD02430,CST2011,PRD0379,2025-06-03,5,7566.07,Debit Card,Cancelled
ORD02431,CST3868,PRD0723,2025-12-26,2,30682.04,UPI,Processing
ORD02432,CST4612,PRD0223,2025-06-17,7,463774.72,Net Banking,Cancelled
ORD02433,CST0177,PRD0219,2025-02-13,4,315788.16,Cash on Delivery,Cancelled
ORD02434,CST1468,PRD0744,2025-07-16,5,237811.1,Cash on Delivery,Delivered
ORD02435,CST3703,PRD0729,2025-10-25,10,239751.24,Credit Card,Shipped
ORD02436,CST2776,PRD0353,2025-05-29,9,283640.21,Cash on Delivery,Delivered
ORD02437,CST4895,PRD0061,2025-09-12,3,280078.39,Cash on Delivery,Cancelled
ORD02438,CST3511,PRD0565,2025-10-30,3,336181.09,Debit Card,Cancelled
ORD02439,CST3307,PRD0655,2025-10-13,9,268218.84,Cash on Delivery,Shipped
ORD02440,CST0187,PRD0213,2025-05-21,5,455938.82,UPI,Delivered
ORD02441,CST1006,PRD0623,2025-10-20,2,440872.68,Debit Card,Processing
ORD02442,CST4241,PRD0702,2025-12-13,3,198303.77,Net Banking,Processing
ORD02443,CST1176,PRD0959,2025-06-20,3,60127.04,Credit Card,Delivered
ORD02444,CST3014,PRD0230,2025-05-10,9,51870.69,Debit Card,Processing
ORD02445,CST1172,PRD0110,2025-10-29,8,476684.32,UPI,Processing
ORD02446,CST4222,PRD0005,2025-02-26,7,225689.16,Credit Card,Cancelled
ORD02447,CST4746,PRD0808,2025-03-21,10,305918.21,UPI,Delivered
ORD02448,CST3881,PRD0605,2025-03-30,4,264670.42,Net Banking,Delivered
ORD02449,CST3915,PRD0201,2025-11-20,1,183966.16,Debit Card,Cancelled
ORD02450,CST4796,PRD0728,2025-04-24,3,466065.61,Net Banking,Cancelled
ORD02451,CST4752,PRD0516,2025-04-18,7,499874.45,Net Banking,Shipped
ORD02452,CST0198,PRD0990,2025-09-24,9,256089.23,Cash on Delivery,Delivered
ORD02453,CST0671,PRD0007,2025-05-24,1,56943.72,Cash on Delivery,Delivered
ORD02454,CST2406,PRD0322,2025-09-18,7,11015.23,Cash on Delivery,Delivered
ORD02455,CST3868,PRD0262,2025-05-19,10,71701.07,Credit Card,Processing
ORD02456,CST1022,PRD0705,2025-11-09,1,176989.83,Debit Card,Cancelled
ORD02457,CST1868,PRD0996,2025-10-27,4,263832.1,Credit Card,Cancelled
ORD02458,CST2185,PRD0803,2025-05-02,4,424917.53,Credit Card,Cancelled
ORD02459,CST1750,PRD0625,2025-08-08,10,112489.78,Credit Card,Cancelled
ORD02460,CST0503,PRD0173,2025-11-26,9,203316.2,Debit Card,Processing
ORD02461,CST4500,PRD0926,2025-08-04,8,171867.63,UPI,Shipped
ORD02462,CST2076,PRD0975,2025-12-30,10,440094.91,Cash on Delivery,Cancelled
ORD02463,CST4878,PRD0631,2025-07-20,4,278500.79,Credit Card,Processing
ORD02464,CST2656,PRD0244,2025-04-25,5,253186.64,Cash on Delivery,Delivered
ORD02465,CST0480,PRD0140,2025-11-02,3,431390.62,UPI,Delivered
ORD02466,CST2704,PRD0241,2025-01-21,7,313050.32,Credit Card,Shipped
ORD02467,CST4823,PRD0086,2025-11-19,9,29313.76,Cash on Delivery,Delivered
ORD02468,CST3141,PRD0008,2025-09-13,8,132027.03,Net Banking,Processing
ORD02469,CST4329,PRD0229,2025-10-07,3,222489.98,UPI,Shipped
ORD02470,CST1125,PRD0611,2025-12-16,6,193493.54,Debit Card,Cancelled
ORD02471,CST4022,PRD0120,2025-10-15,4,280532.71,Cash on Delivery,Delivered
ORD02472,CST4421,PRD0769,2025-09-02,3,16390.65,Net Banking,Cancelled
ORD02473,CST2955,PRD0292,2025-02-25,1,470579.02,Credit Card,Delivered
ORD02474,CST1850,PRD0504,2025-06-14,6,151643.81,Cash on Delivery,Shipped
ORD02475,CST3894,PRD0413,2025-08-23,8,219284.56,Net Banking,Cancelled
ORD02476,CST1785,PRD0093,2025-09-28,3,263627.73,Net Banking,Processing
ORD02477,CST3680,PRD0968,2025-01-10,2,475811.38,Cash on Delivery,Delivered
ORD02478,CST0007,PRD0758,2025-08-22,6,17335.43,Net Banking,Cancelled
ORD02479,CST2931,PRD0642,2025-02-17,6,18027.53,Credit Card,Processing
ORD02480,CST0314,PRD0154,2025-10-31,8,209673.07,Net Banking,Cancelled
ORD02481,CST4513,PRD0191,2025-09-10,4,341365.94,UPI,Delivered
ORD02482,CST1640,PRD0371,2025-09-27,4,80295.28,Net Banking,Processing
ORD02483,CST3186,PRD0114,2025-10-09,9,112637.36,UPI,Cancelled
ORD02484,CST3993,PRD0042,2025-03-31,4,404782.24,Credit Card,Shipped
ORD02485,CST3469,PRD0442,2025-12-31,5,465783.01,UPI,Cancelled
ORD02486,CST4033,PRD0325,2025-01-16,1,311343.01,Credit Card,Delivered
ORD02487,CST2081,PRD0163,2025-08-23,6,396894.78,Credit Card,Shipped
ORD02488,CST3911,PRD0331,2025-12-12,3,268421.48,UPI,Delivered
ORD02489,CST1226,PRD0883,2025-10-11,3,40801.61,UPI,Shipped
ORD02490,CST0965,PRD0873,2025-10-14,4,236000.43,Credit Card,Processing
ORD02491,CST3180,PRD0663,2025-06-11,7,356385.74,Debit Card,Delivered
ORD02492,CST4356,PRD0048,2025-12-30,4,388284.84,Debit Card,Cancelled
ORD02493,CST0818,PRD0643,2025-09-20,7,188252.52,Credit Card,Delivered
ORD02494,CST4375,PRD0135,2025-06-28,2,338060.45,Debit Card,Processing
ORD02495,CST1936,PRD0181,2025-09-20,4,182672.1,Debit Card,Cancelled
ORD02496,CST0490,PRD0565,2025-11-26,3,336181.09,Credit Card,Delivered
ORD02497,CST2626,PRD0912,2025-08-28,7,3636.86,Net Banking,Cancelled
ORD02498,CST3887,PRD0605,2025-10-10,1,264670.42,UPI,Shipped
ORD02499,CST2902,PRD0338,2025-01-08,1,195645.41,Debit Card,Cancelled
ORD02500,CST4602,PRD0256,2025-09-17,8,469841.46,Debit Card,Delivered
ORD02501,CST4369,PRD0427,2025-07-06,10,62385.96,Cash on Delivery,Delivered
ORD02502,CST0458,PRD0094,2025-06-10,9,193799.52,Credit Card,Cancelled
ORD02503,CST0063,PRD0734,2025-04-10,7,41897.86,Cash on Delivery,Delivered
ORD02504,CST1875,PRD0129,2025-04-05,5,48659.49,Credit Card,Shipped
ORD02505,CST1165,PRD0026,2025-03-03,1,332620.96,Debit Card,Shipped
ORD02506,CST2540,PRD0915,2025-02-08,8,459840.95,Net Banking,Processing
ORD02507,CST3761,PRD0358,2025-07-25,3,56119.57,Net Banking,Cancelled
ORD02508,CST4023,PRD0464,2025-11-13,8,206183.16,Credit Card,Processing
ORD02509,CST4468,PRD0041,2025-09-30,1,386068.92,Net Banking,Delivered
ORD02510,CST2252,PRD0462,2025-04-14,10,156105.69,Net Banking,Delivered
ORD02511,CST1157,PRD0467,2025-09-17,9,74123.04,Debit Card,Delivered
ORD02512,CST0442,PRD0865,2025-12-08,3,470825.36,Net Banking,Delivered
ORD02513,CST0995,PRD0920,2025-04-22,3,317825.42,Cash on Delivery,Cancelled
ORD02514,CST2063,PRD0471,2025-06-07,6,216734.98,Cash on Delivery,Delivered
ORD02515,CST0220,PRD0688,2025-07-16,7,84303.13,UPI,Delivered
ORD02516,CST1179,PRD0953,2025-10-18,7,336157.84,Net Banking,Delivered
ORD02517,CST3438,PRD0478,2025-08-28,9,306836.42,Cash on Delivery,Delivered
ORD02518,CST3857,PRD0167,2025-08-19,10,187116.23,Cash on Delivery,Shipped
ORD02519,CST2194,PRD0982,2025-09-07,9,227177.39,Net Banking,Cancelled
ORD02520,CST3546,PRD0117,2025-10-10,6,233957.85,UPI,Delivered
ORD02521,CST1638,PRD0283,2025-07-22,3,466806.55,UPI,Delivered
ORD02522,CST0733,PRD0940,2025-08-29,9,467460.43,Cash on Delivery,Processing
ORD02523,CST0203,PRD0003,2025-08-02,2,220983.37,Credit Card,Processing
ORD02524,CST1915,PRD0959,2025-08-26,6,60127.04,Credit Card,Shipped
ORD02525,CST3880,PRD0508,2025-05-15,2,35470.73,Cash on Delivery,Processing
ORD02526,CST2733,PRD0693,2025-06-14,9,140415.56,Credit Card,Delivered
ORD02527,CST1608,PRD0839,2025-12-14,9,14178.61,Net Banking,Processing
ORD02528,CST4361,PRD0700,2025-02-08,9,454233.66,Credit Card,Processing
ORD02529,CST2961,PRD0338,2025-08-03,2,195645.41,Credit Card,Processing
ORD02530,CST1573,PRD0299,2025-09-14,1,323143.26,Cash on Delivery,Shipped
ORD02531,CST3304,PRD0563,2025-06-04,3,481029.59,Cash on Delivery,Processing
ORD02532,CST2491,PRD0167,2025-02-23,3,187116.23,Net Banking,Cancelled
ORD02533,CST4789,PRD0465,2025-07-18,9,449306.88,UPI,Cancelled
ORD02534,CST4334,PRD0138,2025-03-09,4,135488.73,Debit Card,Shipped
ORD02535,CST4432,PRD0061,2025-04-16,6,280078.39,Credit Card,Delivered
ORD02536,CST3479,PRD0019,2025-12-08,3,189955.9,Cash on Delivery,Cancelled
ORD02537,CST2318,PRD0942,2025-05-25,9,275839.78,UPI,Cancelled
ORD02538,CST4614,PRD0909,2025-01-13,7,278679.94,Net Banking,Delivered
ORD02539,CST4704,PRD0098,2025-08-12,6,91723.55,Credit Card,Cancelled
ORD02540,CST1385,PRD0597,2025-07-21,4,63537.83,Credit Card,Delivered
ORD02541,CST1422,PRD0558,2025-08-27,8,387479.9,Cash on Delivery,Shipped
ORD02542,CST3255,PRD0394,2025-04-28,4,278794.33,UPI,Delivered
ORD02543,CST1364,PRD0948,2025-02-21,5,183460.79,Net Banking,Cancelled
ORD02544,CST1689,PRD0707,2025-10-04,6,269484.59,Net Banking,Delivered
ORD02545,CST1299,PRD0247,2025-02-05,8,134623.99,UPI,Processing
ORD02546,CST4956,PRD0711,2025-04-04,3,80496.35,Debit Card,Processing
ORD02547,CST1605,PRD0344,2025-03-16,4,71241.49,UPI,Processing
ORD02548,CST2859,PRD0777,2025-06-30,3,225979.16,Cash on Delivery,Delivered
ORD02549,CST4164,PRD0914,2025-07-01,9,463191.53,Debit Card,Delivered
ORD02550,CST1217,PRD0486,2025-06-22,2,333995.37,Net Banking,Cancelled
ORD02551,CST0769,PRD0430,2025-12-02,8,100459.99,Debit Card,Delivered
ORD02552,CST2424,PRD0820,2025-01-29,7,278988.57,Credit Card,Processing
ORD02553,CST3123,PRD0767,2025-08-25,6,333590.31,Cash on Delivery,Shipped
ORD02554,CST0219,PRD0351,2025-01-22,1,213059.7,UPI,Cancelled
ORD02555,CST0132,PRD0255,2025-11-02,10,161716.33,Credit Card,Processing
ORD02556,CST1948,PRD0430,2025-01-26,4,100459.99,Credit Card,Processing
ORD02557,CST2680,PRD0725,2025-08-07,8,197882.65,Net Banking,Processing
ORD02558,CST4133,PRD0520,2025-06-25,2,42374.24,Debit Card,Processing
ORD02559,CST4742,PRD0572,2025-02-19,10,448724.27,UPI,Processing
ORD02560,CST4554,PRD0771,2025-11-13,9,136083.28,UPI,Processing
ORD02561,CST2198,PRD0441,2025-08-19,3,402206.34,Credit Card,Processing
ORD02562,CST2343,PRD0344,2025-02-22,3,71241.49,Cash on Delivery,Delivered
ORD02563,CST3718,PRD0934,2025-01-16,8,376068.76,Cash on Delivery,Delivered
ORD02564,CST3941,PRD0233,2025-02-18,7,444388.32,UPI,Delivered
ORD02565,CST0492,PRD0680,2025-03-31,3,109847.73,Net Banking,Delivered
ORD02566,CST1189,PRD0833,2025-03-01,8,25768.5,UPI,Cancelled
ORD02567,CST3908,PRD0121,2025-01-14,8,275088.86,Cash on Delivery,Delivered
ORD02568,CST2058,PRD0290,2025-06-20,7,319785.27,Net Banking,Shipped
ORD02569,CST4843,PRD0576,2025-06-27,8,113811.56,UPI,Shipped
ORD02570,CST1039,PRD0449,2025-05-18,3,369055.1,Cash on Delivery,Processing
ORD02571,CST4540,PRD0848,2025-03-19,1,334862.88,Debit Card,Delivered
ORD02572,CST2753,PRD0905,2025-06-10,2,425456.72,Net Banking,Processing
ORD02573,CST4541,PRD0683,2025-01-24,5,465400.22,Net Banking,Delivered
ORD02574,CST4908,PRD0931,2025-07-24,9,222034.09,UPI,Processing
ORD02575,CST1542,PRD0295,2025-06-12,5,248395.69,UPI,Processing
ORD02576,CST2401,PRD0703,2025-01-17,7,100571.39,Debit Card,Processing
ORD02577,CST4604,PRD0477,2025-09-23,7,229713.94,Cash on Delivery,Cancelled
ORD02578,CST2837,PRD0490,2025-06-04,1,71859.02,Debit Card,Processing
ORD02579,CST2818,PRD0761,2025-07-17,3,358469.67,Cash on Delivery,Shipped
ORD02580,CST4551,PRD0977,2025-02-19,6,451766.81,UPI,Delivered
ORD02581,CST4332,PRD0981,2025-01-15,1,245722.69,Net Banking,Processing
ORD02582,CST0095,PRD0229,2025-10-31,1,222489.98,Debit Card,Processing
ORD02583,CST1039,PRD0623,2025-04-21,1,440872.68,Net Banking,Processing
ORD02584,CST0929,PRD0443,2025-08-05,2,450257.21,Net Banking,Delivered
ORD02585,CST0324,PRD0728,2025-10-26,5,466065.61,Credit Card,Cancelled
ORD02586,CST3028,PRD0303,2025-08-01,3,159069.03,Debit Card,Delivered
ORD02587,CST2207,PRD0327,2025-10-09,9,127706.45,Debit Card,Shipped
ORD02588,CST2580,PRD0698,2025-03-26,8,492296.62,UPI,Delivered
ORD02589,CST0508,PRD0851,2025-11-19,8,246081.75,Debit Card,Shipped
ORD02590,CST4998,PRD0232,2025-06-12,9,432129.02,Cash on Delivery,Cancelled
ORD02591,CST2668,PRD0581,2025-04-22,10,181384.25,Net Banking,Shipped
ORD02592,CST1843,PRD0405,2025-12-26,6,171605.92,Debit Card,Delivered
ORD02593,CST0677,PRD0021,2025-12-17,4,72082.89,Debit Card,Processing
ORD02594,CST1405,PRD0195,2025-08-18,4,291033.01,Cash on Delivery,Cancelled
ORD02595,CST1355,PRD0713,2025-07-21,9,85332.13,Credit Card,Processing
ORD02596,CST1153,PRD0284,2025-07-18,3,309320.21,Net Banking,Cancelled
ORD02597,CST4890,PRD0623,2025-03-02,10,440872.68,Debit Card,Shipped
ORD02598,CST3445,PRD0995,2025-01-30,5,431144.63,UPI,Shipped
ORD02599,CST3787,PRD0875,2025-04-03,4,299797.18,Cash on Delivery,Shipped
ORD02600,CST3774,PRD0719,2025-09-05,9,17231.59,Cash on Delivery,Processing
ORD02601,CST1687,PRD0677,2025-09-09,9,446295.41,Net Banking,Cancelled
ORD02602,CST2652,PRD0076,2025-06-04,9,408837.17,Credit Card,Cancelled
ORD02603,CST0264,PRD0760,2025-05-17,8,373507.95,Net Banking,Delivered
ORD02604,CST2897,PRD0686,2025-05-12,8,450728.25,Cash on Delivery,Cancelled
ORD02605,CST2990,PRD0634,2025-01-29,4,87769.43,Cash on Delivery,Delivered
ORD02606,CST4533,PRD0231,2025-09-08,7,212707.32,Credit Card,Cancelled
ORD02607,CST2431,PRD0484,2025-06-07,4,411674.03,Cash on Delivery,Delivered
ORD02608,CST2390,PRD0825,2025-03-22,4,426105.92,UPI,Cancelled
ORD02609,CST0146,PRD0045,2025-04-12,5,50894.14,Debit Card,Delivered
ORD02610,CST4289,PRD0970,2025-06-30,7,39467.04,Credit Card,Cancelled
ORD02611,CST4966,PRD0557,2025-12-25,8,145982.77,UPI,Delivered
ORD02612,CST1093,PRD0875,2025-02-12,1,299797.18,Credit Card,Cancelled
ORD02613,CST2603,PRD0998,2025-02-05,1,13465.51,Credit Card,Cancelled
ORD02614,CST3525,PRD0757,2025-09-05,2,417195.69,Cash on Delivery,Delivered
ORD02615,CST1871,PRD0697,2025-12-29,7,362110.12,Debit Card,Delivered
ORD02616,CST0560,PRD0184,2025-12-16,5,199268.22,Cash on Delivery,Shipped
ORD02617,CST3060,PRD0980,2025-11-30,2,163280.99,Cash on Delivery,Delivered
ORD02618,CST0929,PRD0424,2025-12-20,4,244732.68,Debit Card,Delivered
ORD02619,CST3956,PRD0370,2025-10-15,3,394986.76,Net Banking,Shipped
ORD02620,CST0285,PRD0490,2025-07-24,7,71859.02,Debit Card,Cancelled
ORD02621,CST3639,PRD0058,2025-07-19,6,274202.64,Credit Card,Processing
ORD02622,CST2099,PRD0810,2025-10-21,3,150869.36,Debit Card,Cancelled
ORD02623,CST4346,PRD0895,2025-02-20,2,248626.16,Net Banking,Delivered
ORD02624,CST3792,PRD0713,2025-12-01,2,85332.13,Cash on Delivery,Delivered
ORD02625,CST2166,PRD0943,2025-03-14,8,470076.43,Net Banking,Processing
ORD02626,CST3705,PRD0049,2025-01-31,7,305057.06,Cash on Delivery,Cancelled
ORD02627,CST4685,PRD0959,2025-02-12,3,60127.04,Debit Card,Cancelled
ORD02628,CST3159,PRD0358,2025-08-07,6,56119.57,Net Banking,Delivered
ORD02629,CST1166,PRD0706,2025-07-22,3,340203.49,Debit Card,Delivered
ORD02630,CST1039,PRD0720,2025-12-05,6,380535.49,Net Banking,Delivered
ORD02631,CST2007,PRD0420,2025-09-03,4,151431.53,Credit Card,Processing
ORD02632,CST3133,PRD0291,2025-07-27,5,86034.61,UPI,Processing
ORD02633,CST3728,PRD0967,2025-06-17,6,280971.94,UPI,Processing
ORD02634,CST3569,PRD0491,2025-11-04,9,169339.24,Net Banking,Shipped
ORD02635,CST2128,PRD0151,2025-04-10,4,262566.67,Net Banking,Cancelled
ORD02636,CST4116,PRD0328,2025-09-25,9,61902.25,Net Banking,Shipped
ORD02637,CST3719,PRD0306,2025-09-17,5,189592.38,Cash on Delivery,Processing
ORD02638,CST4498,PRD0587,2025-03-18,2,134463.91,Credit Card,Shipped
ORD02639,CST2793,PRD0907,2025-12-28,5,403605.91,Credit Card,Delivered
ORD02640,CST0842,PRD0610,2025-01-15,1,479504.43,Credit Card,Shipped
ORD02641,CST2778,PRD0722,2025-01-17,9,354547.31,Net Banking,Delivered
ORD02642,CST2383,PRD0502,2025-04-07,5,38772.73,Debit Card,Delivered
ORD02643,CST2261,PRD0942,2025-01-06,4,275839.78,Cash on Delivery,Cancelled
ORD02644,CST3315,PRD0656,2025-03-26,9,235339.8,UPI,Cancelled
ORD02645,CST3526,PRD0505,2025-06-25,9,261980.31,Cash on Delivery,Processing
ORD02646,CST0100,PRD0468,2025-12-12,1,464481.36,UPI,Shipped
ORD02647,CST1610,PRD0913,2025-05-09,4,447795.49,Cash on Delivery,Delivered
ORD02648,CST2785,PRD0608,2025-03-09,4,283793.04,Net Banking,Cancelled
ORD02649,CST0304,PRD0214,2025-12-20,5,336553.54,UPI,Processing
ORD02650,CST0247,PRD0066,2025-05-13,10,312144.24,UPI,Shipped
ORD02651,CST0720,PRD0183,2025-09-18,9,442712.73,Debit Card,Delivered
ORD02652,CST2747,PRD0220,2025-06-13,4,217566.6,Cash on Delivery,Cancelled
ORD02653,CST1605,PRD0866,2025-04-23,9,232224.0,Credit Card,Delivered
ORD02654,CST1636,PRD0732,2025-06-08,9,143168.86,UPI,Cancelled
ORD02655,CST3732,PRD0530,2025-07-08,10,146632.15,Debit Card,Cancelled
ORD02656,CST4580,PRD0654,2025-12-14,7,204830.02,UPI,Shipped
ORD02657,CST2883,PRD0390,2025-02-03,2,401986.29,Credit Card,Cancelled
ORD02658,CST3788,PRD0694,2025-01-26,9,157260.4,Debit Card,Delivered
ORD02659,CST3536,PRD0913,2025-02-19,1,447795.49,Debit Card,Delivered
ORD02660,CST4943,PRD0930,2025-10-15,2,43094.6,Net Banking,Delivered
ORD02661,CST4380,PRD0426,2025-07-31,6,455425.53,Cash on Delivery,Delivered
ORD02662,CST0883,PRD0688,2025-01-06,3,84303.13,Credit Card,Processing
ORD02663,CST0250,PRD0665,2025-05-16,5,71040.78,Debit Card,Cancelled
ORD02664,CST4122,PRD0462,2025-09-08,2,156105.69,Net Banking,Delivered
ORD02665,CST1503,PRD0432,2025-04-16,8,108369.1,Net Banking,Processing
ORD02666,CST2523,PRD0751,2025-11-08,3,272483.38,Cash on Delivery,Delivered
ORD02667,CST2256,PRD0974,2025-12-30,6,1374.39,UPI,Delivered
ORD02668,CST0521,PRD0727,2025-12-10,3,367187.83,Debit Card,Processing
ORD02669,CST3059,PRD0819,2025-03-26,4,149969.04,Cash on Delivery,Shipped
ORD02670,CST2137,PRD0977,2025-03-23,10,451766.81,Cash on Delivery,Delivered
ORD02671,CST0468,PRD0793,2025-06-12,5,410776.66,Debit Card,Delivered
ORD02672,CST1093,PRD0229,2025-10-21,6,222489.98,Cash on Delivery,Shipped
ORD02673,CST2856,PRD0809,2025-10-28,10,108687.46,Cash on Delivery,Shipped
ORD02674,CST3102,PRD0088,2025-03-18,9,350575.13,Credit Card,Delivered
ORD02675,CST1990,PRD0667,2025-02-20,1,89269.08,UPI,Cancelled
ORD02676,CST4150,PRD0539,2025-02-19,9,57940.75,Debit Card,Processing
ORD02677,CST2525,PRD0526,2025-02-09,3,341793.28,Net Banking,Processing
ORD02678,CST1275,PRD0929,2025-03-30,10,389459.45,Cash on Delivery,Shipped
ORD02679,CST3502,PRD0801,2025-06-23,2,397473.03,UPI,Shipped
ORD02680,CST1820,PRD0546,2025-03-18,9,20751.92,UPI,Delivered
ORD02681,CST1949,PRD0341,2025-05-06,2,328048.48,Net Banking,Shipped
ORD02682,CST3188,PRD0898,2025-07-25,4,488851.36,UPI,Cancelled
ORD02683,CST3333,PRD0952,2025-01-22,2,489910.94,UPI,Delivered
ORD02684,CST1326,PRD0712,2025-03-09,8,454541.81,Credit Card,Processing
ORD02685,CST4205,PRD0859,2025-05-27,8,117694.09,Cash on Delivery,Cancelled
ORD02686,CST4779,PRD0892,2025-10-20,4,79816.41,Cash on Delivery,Processing
ORD02687,CST4298,PRD0994,2025-11-27,2,482813.95,Credit Card,Cancelled
ORD02688,CST3978,PRD0575,2025-07-10,4,325253.23,Credit Card,Cancelled
ORD02689,CST4060,PRD0773,2025-01-22,8,105070.58,Debit Card,Shipped
ORD02690,CST1062,PRD0740,2025-05-27,3,456634.56,Net Banking,Cancelled
ORD02691,CST3662,PRD0696,2025-10-08,6,228766.83,Debit Card,Cancelled
ORD02692,CST0790,PRD0104,2025-11-28,10,343413.97,Credit Card,Shipped
ORD02693,CST3225,PRD0766,2025-07-27,3,17048.03,Credit Card,Delivered
ORD02694,CST3396,PRD0671,2025-02-28,5,299559.74,Debit Card,Shipped
ORD02695,CST2070,PRD0230,2025-10-31,1,51870.69,UPI,Cancelled
ORD02696,CST3021,PRD0812,2025-07-28,10,170808.44,Debit Card,Delivered
ORD02697,CST3293,PRD0472,2025-01-25,1,432456.94,Credit Card,Cancelled
ORD02698,CST3397,PRD0066,2025-04-04,10,312144.24,Debit Card,Cancelled
ORD02699,CST1642,PRD0534,2025-10-02,7,76076.88,Net Banking,Shipped
ORD02700,CST4192,PRD0749,2025-02-05,7,396097.6,Debit Card,Processing
ORD02701,CST2867,PRD0099,2025-05-20,4,130423.59,Cash on Delivery,Delivered
ORD02702,CST3032,PRD0954,2025-09-01,7,3228.8,UPI,Delivered
ORD02703,CST1143,PRD0404,2025-08-31,4,28934.96,Credit Card,Shipped
ORD02704,CST0148,PRD0241,2025-06-22,4,313050.32,Cash on Delivery,Cancelled
ORD02705,CST4944,PRD0899,2025-08-08,5,470538.02,Cash on Delivery,Processing
ORD02706,CST3783,PRD0606,2025-09-28,1,58545.66,UPI,Shipped
ORD02707,CST1167,PRD0199,2025-08-23,10,450827.42,Cash on Delivery,Shipped
ORD02708,CST3586,PRD0359,2025-04-28,10,223411.48,Net Banking,Cancelled
ORD02709,CST1215,PRD0102,2025-04-30,2,448601.47,Credit Card,Delivered
ORD02710,CST2425,PRD0327,2025-07-22,6,127706.45,UPI,Processing
ORD02711,CST2513,PRD0172,2025-08-20,2,391302.22,Net Banking,Delivered
ORD02712,CST1365,PRD0253,2025-07-24,3,370166.52,Credit Card,Delivered
ORD02713,CST3944,PRD0022,2025-04-23,2,186224.28,Net Banking,Shipped
ORD02714,CST0652,PRD0941,2025-07-12,1,310246.04,Net Banking,Processing
ORD02715,CST1472,PRD0402,2025-10-10,9,257726.77,Cash on Delivery,Shipped
ORD02716,CST3716,PRD0492,2025-04-08,8,484004.12,UPI,Processing
ORD02717,CST4352,PRD0029,2025-08-29,2,254739.05,Cash on Delivery,Shipped
ORD02718,CST0563,PRD0726,2025-09-21,6,123657.51,UPI,Processing
ORD02719,CST4746,PRD0731,2025-06-06,2,440236.74,Debit Card,Processing
ORD02720,CST0712,PRD0616,2025-04-06,3,19332.36,UPI,Delivered
ORD02721,CST1510,PRD0019,2025-09-12,9,189955.9,Debit Card,Delivered
ORD02722,CST3935,PRD0783,2025-10-06,7,18194.12,UPI,Processing
ORD02723,CST0482,PRD0251,2025-07-27,10,17635.27,UPI,Processing
ORD02724,CST0748,PRD0892,2025-05-06,5,79816.41,UPI,Cancelled
ORD02725,CST3278,PRD0868,2025-03-15,3,264227.88,UPI,Cancelled
ORD02726,CST3616,PRD0810,2025-10-26,6,150869.36,Credit Card,Cancelled
ORD02727,CST2112,PRD0885,2025-12-10,10,408180.23,Net Banking,Delivered
ORD02728,CST3648,PRD0463,2025-11-13,1,24303.03,UPI,Delivered
ORD02729,CST1794,PRD0852,2025-09-23,2,335708.72,UPI,Processing
ORD02730,CST4024,PRD0309,2025-12-22,2,36029.14,Debit Card,Cancelled
ORD02731,CST2041,PRD0249,2025-04-26,8,486760.78,Cash on Delivery,Processing
ORD02732,CST0544,PRD0852,2025-01-17,5,335708.72,Credit Card,Delivered
ORD02733,CST3813,PRD0239,2025-08-16,2,308881.86,UPI,Cancelled
ORD02734,CST2540,PRD0612,2025-02-14,9,357151.54,Debit Card,Processing
ORD02735,CST4672,PRD0498,2025-10-07,1,137312.73,UPI,Processing
ORD02736,CST2516,PRD0700,2025-09-15,7,454233.66,Net Banking,Shipped
ORD02737,CST2861,PRD0907,2025-03-06,7,403605.91,Credit Card,Processing
ORD02738,CST1328,PRD0503,2025-11-24,5,116478.25,Cash on Delivery,Processing
ORD02739,CST0882,PRD0402,2025-08-17,9,257726.77,Debit Card,Cancelled
ORD02740,CST4326,PRD0370,2025-09-27,1,394986.76,Cash on Delivery,Shipped
ORD02741,CST1133,PRD0760,2025-08-11,2,373507.95,Net Banking,Delivered
ORD02742,CST2331,PRD0144,2025-04-07,9,365322.18,Cash on Delivery,Processing
ORD02743,CST0133,PRD0643,2025-04-05,3,188252.52,Credit Card,Processing
ORD02744,CST3311,PRD0749,2025-05-29,3,396097.6,Net Banking,Delivered
ORD02745,CST1141,PRD0650,2025-12-12,5,269438.6,Debit Card,Processing
ORD02746,CST2792,PRD0653,2025-01-12,3,134033.29,Debit Card,Delivered
ORD02747,CST3004,PRD0163,2025-05-19,10,396894.78,Cash on Delivery,Shipped
ORD02748,CST2558,PRD0807,2025-01-08,4,66922.99,UPI,Processing
ORD02749,CST4739,PRD0481,2025-03-13,9,259575.52,UPI,Shipped
ORD02750,CST2430,PRD0765,2025-05-20,1,490611.22,Debit Card,Shipped
ORD02751,CST0083,PRD0612,2025-05-06,6,357151.54,UPI,Delivered
ORD02752,CST3066,PRD0012,2025-04-10,10,423350.6,Debit Card,Delivered
ORD02753,CST4256,PRD0920,2025-06-01,2,317825.42,Cash on Delivery,Delivered
ORD02754,CST3841,PRD0661,2025-02-18,6,451325.3,UPI,Shipped
ORD02755,CST0165,PRD0269,2025-12-26,3,399155.98,Net Banking,Shipped
ORD02756,CST4006,PRD0582,2025-10-18,4,93486.1,UPI,Cancelled
ORD02757,CST1438,PRD0419,2025-01-07,9,440720.8,Net Banking,Processing
ORD02758,CST1271,PRD0814,2025-01-30,4,458300.48,Cash on Delivery,Processing
ORD02759,CST1179,PRD0062,2025-05-01,6,7644.0,Debit Card,Processing
ORD02760,CST1680,PRD0149,2025-03-29,9,335999.71,Cash on Delivery,Delivered
ORD02761,CST0879,PRD0332,2025-05-23,10,272249.32,Debit Card,Cancelled
ORD02762,CST1016,PRD0919,2025-04-03,8,490508.58,Cash on Delivery,Shipped
ORD02763,CST4763,PRD0951,2025-01-28,10,444526.71,Cash on Delivery,Shipped
ORD02764,CST1716,PRD0496,2025-04-07,9,76825.62,UPI,Processing
ORD02765,CST3338,PRD0691,2025-01-02,10,364853.04,UPI,Cancelled
ORD02766,CST4202,PRD0436,2025-11-29,9,8224.67,Debit Card,Delivered
ORD02767,CST2021,PRD0270,2025-02-22,4,59429.4,Debit Card,Cancelled
ORD02768,CST3341,PRD0119,2025-05-10,2,203981.61,Credit Card,Shipped
ORD02769,CST4960,PRD0065,2025-01-08,3,316183.24,UPI,Delivered
ORD02770,CST3134,PRD0808,2025-06-05,7,305918.21,Net Banking,Processing
ORD02771,CST2295,PRD0440,2025-01-08,6,13976.0,Debit Card,Processing
ORD02772,CST3184,PRD0216,2025-12-02,7,499353.57,Net Banking,Delivered
ORD02773,CST0345,PRD0711,2025-09-20,8,80496.35,UPI,Processing
ORD02774,CST1164,PRD0933,2025-08-19,9,260456.45,UPI,Delivered
ORD02775,CST4558,PRD0452,2025-03-07,4,304815.69,Cash on Delivery,Processing
ORD02776,CST4960,PRD0276,2025-09-13,8,219495.98,Credit Card,Shipped
ORD02777,CST1536,PRD0307,2025-03-29,9,126220.86,Cash on Delivery,Shipped
ORD02778,CST2561,PRD0650,2025-12-03,9,269438.6,UPI,Processing
ORD02779,CST3836,PRD0361,2025-02-12,8,365624.7,Debit Card,Shipped
ORD02780,CST3243,PRD0234,2025-08-17,8,43067.33,Debit Card,Cancelled
ORD02781,CST3935,PRD0492,2025-03-04,8,484004.12,Credit Card,Processing
ORD02782,CST3277,PRD0645,2025-02-25,1,276590.34,UPI,Processing
ORD02783,CST3554,PRD0883,2025-10-09,6,40801.61,Cash on Delivery,Cancelled
ORD02784,CST1075,PRD0563,2025-07-24,7,481029.59,Net Banking,Shipped
ORD02785,CST4681,PRD0931,2025-04-20,9,222034.09,UPI,Delivered
ORD02786,CST2240,PRD0438,2025-03-01,3,185862.82,UPI,Shipped
ORD02787,CST1010,PRD0232,2025-02-05,1,432129.02,Debit Card,Shipped
ORD02788,CST4092,PRD0620,2025-03-29,5,383111.41,UPI,Processing
ORD02789,CST0034,PRD0368,2025-02-26,4,41428.07,Cash on Delivery,Processing
ORD02790,CST2326,PRD0976,2025-09-30,10,245373.68,Cash on Delivery,Shipped
ORD02791,CST3843,PRD0914,2025-03-07,9,463191.53,Net Banking,Delivered
ORD02792,CST3613,PRD0274,2025-08-10,9,26901.38,UPI,Delivered
ORD02793,CST4323,PRD0434,2025-03-04,4,354742.21,UPI,Cancelled
ORD02794,CST4086,PRD0670,2025-05-11,9,186336.51,Cash on Delivery,Shipped
ORD02795,CST4837,PRD0613,2025-04-16,5,34557.59,Credit Card,Shipped
ORD02796,CST4402,PRD0159,2025-04-09,8,486431.31,Debit Card,Processing
ORD02797,CST0416,PRD0848,2025-05-07,2,334862.88,Cash on Delivery,Cancelled
ORD02798,CST2273,PRD0999,2025-08-05,10,497952.63,Debit Card,Delivered
ORD02799,CST1804,PRD0909,2025-07-04,2,278679.94,Credit Card,Delivered
ORD02800,CST3210,PRD0048,2025-07-09,7,388284.84,UPI,Cancelled
ORD02801,CST0528,PRD0432,2025-07-16,4,108369.1,Net Banking,Cancelled
ORD02802,CST1816,PRD0489,2025-11-06,7,18581.92,Debit Card,Cancelled
ORD02803,CST2718,PRD0242,2025-10-01,1,96910.37,Cash on Delivery,Cancelled
ORD02804,CST2650,PRD0551,2025-11-02,3,150040.96,Cash on Delivery,Shipped
ORD02805,CST4575,PRD0458,2025-03-21,10,204299.89,UPI,Processing
ORD02806,CST3864,PRD0770,2025-07-12,9,380657.0,Net Banking,Shipped
ORD02807,CST4904,PRD0998,2025-07-02,5,13465.51,Credit Card,Processing
ORD02808,CST4506,PRD0281,2025-11-07,3,43878.01,Credit Card,Processing
ORD02809,CST4583,PRD0022,2025-12-08,7,186224.28,UPI,Processing
ORD02810,CST2601,PRD0780,2025-02-09,4,184102.36,Net Banking,Shipped
ORD02811,CST2474,PRD0027,2025-05-02,1,354586.07,Debit Card,Cancelled
ORD02812,CST3842,PRD0910,2025-04-20,10,289331.06,Cash on Delivery,Shipped
ORD02813,CST4913,PRD0841,2025-07-19,2,388165.42,UPI,Cancelled
ORD02814,CST2870,PRD0983,2025-05-13,5,270040.45,Debit Card,Cancelled
ORD02815,CST1185,PRD0469,2025-01-25,7,133106.62,Debit Card,Cancelled
ORD02816,CST1814,PRD0138,2025-03-28,1,135488.73,UPI,Cancelled
ORD02817,CST3477,PRD0985,2025-01-13,9,201601.85,Debit Card,Cancelled
ORD02818,CST4087,PRD0011,2025-05-27,9,50487.59,UPI,Processing
ORD02819,CST1534,PRD0546,2025-10-03,1,20751.92,Debit Card,Processing
ORD02820,CST4238,PRD0910,2025-09-17,3,289331.06,Net Banking,Delivered
ORD02821,CST2744,PRD0262,2025-08-21,1,71701.07,Debit Card,Delivered
ORD02822,CST1476,PRD0873,2025-03-11,4,236000.43,Cash on Delivery,Shipped
ORD02823,CST3986,PRD0743,2025-06-18,7,4504.46,Credit Card,Shipped
ORD02824,CST4300,PRD0146,2025-05-22,5,404258.53,Net Banking,Processing
ORD02825,CST3565,PRD0365,2025-10-27,5,74809.6,Debit Card,Cancelled
ORD02826,CST1510,PRD0334,2025-04-21,4,395182.8,Cash on Delivery,Delivered
ORD02827,CST4544,PRD0361,2025-03-18,7,365624.7,Net Banking,Shipped
ORD02828,CST0023,PRD0773,2025-10-27,10,105070.58,Credit Card,Delivered
ORD02829,CST3267,PRD0313,2025-07-02,7,248044.63,Credit Card,Delivered
ORD02830,CST0315,PRD0694,2025-03-14,2,157260.4,UPI,Cancelled
ORD02831,CST1465,PRD0438,2025-06-30,4,185862.82,UPI,Shipped
ORD02832,CST2410,PRD0563,2025-01-01,10,481029.59,Credit Card,Delivered
ORD02833,CST3687,PRD0405,2025-08-24,10,171605.92,Cash on Delivery,Cancelled
ORD02834,CST1690,PRD0513,2025-12-20,4,20899.02,UPI,Delivered
ORD02835,CST0470,PRD0639,2025-10-19,3,373533.47,Cash on Delivery,Delivered
ORD02836,CST4289,PRD0431,2025-07-08,2,180900.9,Net Banking,Shipped
ORD02837,CST2149,PRD0695,2025-01-18,7,213789.7,Net Banking,Shipped
ORD02838,CST1354,PRD0634,2025-07-11,8,87769.43,Cash on Delivery,Delivered
ORD02839,CST0836,PRD0112,2025-05-29,3,413623.27,Debit Card,Delivered
ORD02840,CST1722,PRD0947,2025-05-16,9,221512.92,Debit Card,Processing
ORD02841,CST1445,PRD0430,2025-07-20,2,100459.99,Credit Card,Cancelled
ORD02842,CST0678,PRD0596,2025-03-28,10,194895.06,Cash on Delivery,Shipped
ORD02843,CST3970,PRD0869,2025-10-21,6,357955.67,UPI,Processing
ORD02844,CST1406,PRD0509,2025-01-12,2,449794.29,Debit Card,Processing
ORD02845,CST0495,PRD0044,2025-09-07,5,37639.26,UPI,Processing
ORD02846,CST1511,PRD0071,2025-07-25,4,336412.37,Cash on Delivery,Shipped
ORD02847,CST2939,PRD0936,2025-04-14,4,260392.6,Debit Card,Shipped
ORD02848,CST1970,PRD0160,2025-06-19,2,252632.65,UPI,Processing
ORD02849,CST3355,PRD0303,2025-11-11,2,159069.03,UPI,Processing
ORD02850,CST2891,PRD0519,2025-05-28,10,281491.29,Credit Card,Delivered
ORD02851,CST3663,PRD0425,2025-04-14,2,293030.07,Credit Card,Shipped
ORD02852,CST2618,PRD0347,2025-02-22,1,316813.1,Cash on Delivery,Delivered
ORD02853,CST1340,PRD0773,2025-08-14,9,105070.58,Net Banking,Processing
ORD02854,CST0918,PRD0417,2025-11-21,1,320388.29,Debit Card,Processing
ORD02855,CST3360,PRD0547,2025-03-26,3,247215.84,Net Banking,Cancelled
ORD02856,CST4489,PRD0743,2025-10-05,2,4504.46,Debit Card,Processing
ORD02857,CST2949,PRD0226,2025-08-29,10,473556.93,Credit Card,Processing
ORD02858,CST1121,PRD0781,2025-05-10,8,401973.77,UPI,Processing
ORD02859,CST4319,PRD0777,2025-11-12,1,225979.16,Cash on Delivery,Cancelled
ORD02860,CST4377,PRD0776,2025-06-05,1,269325.44,Cash on Delivery,Delivered
ORD02861,CST2606,PRD0306,2025-12-10,5,189592.38,UPI,Processing
ORD02862,CST0276,PRD0858,2025-08-12,8,364896.12,UPI,Delivered
ORD02863,CST3585,PRD0790,2025-08-31,3,300129.97,UPI,Processing
ORD02864,CST0700,PRD0522,2025-12-16,3,328180.65,Credit Card,Processing
ORD02865,CST3944,PRD0661,2025-11-21,10,451325.3,UPI,Shipped
ORD02866,CST4986,PRD0846,2025-11-06,8,476384.69,Credit Card,Processing
ORD02867,CST3347,PRD0856,2025-06-05,4,370444.62,Credit Card,Delivered
ORD02868,CST2232,PRD0738,2025-04-25,8,247683.34,Credit Card,Shipped
ORD02869,CST1985,PRD0174,2025-02-28,1,468347.49,Cash on Delivery,Processing
ORD02870,CST2792,PRD0595,2025-10-28,7,68955.26,Net Banking,Shipped
ORD02871,CST3128,PRD0648,2025-12-08,3,146050.1,Cash on Delivery,Cancelled
ORD02872,CST0147,PRD0308,2025-09-29,5,70787.83,Net Banking,Processing
ORD02873,CST0160,PRD0260,2025-12-17,4,251438.98,Credit Card,Shipped
ORD02874,CST1612,PRD0442,2025-04-23,3,465783.01,Net Banking,Processing
ORD02875,CST2733,PRD0888,2025-08-25,9,325219.21,UPI,Delivered
ORD02876,CST2121,PRD0881,2025-08-09,6,23942.0,Credit Card,Delivered
ORD02877,CST2965,PRD0320,2025-08-28,2,34695.8,Debit Card,Delivered
ORD02878,CST0392,PRD0307,2025-08-15,8,126220.86,Net Banking,Delivered
ORD02879,CST3198,PRD0744,2025-06-04,8,237811.1,UPI,Shipped
ORD02880,CST3960,PRD0517,2025-02-06,7,207791.06,Credit Card,Shipped
ORD02881,CST0706,PRD0315,2025-07-06,2,67666.1,Credit Card,Cancelled
ORD02882,CST3793,PRD0933,2025-10-17,7,260456.45,Debit Card,Delivered
ORD02883,CST3588,PRD0110,2025-12-21,5,476684.32,Debit Card,Delivered
ORD02884,CST4457,PRD0158,2025-01-13,8,167900.97,Credit Card,Delivered
ORD02885,CST4362,PRD0578,2025-07-03,5,494167.71,Debit Card,Delivered
ORD02886,CST4555,PRD0047,2025-04-01,9,135167.95,Debit Card,Cancelled
ORD02887,CST2163,PRD0771,2025-09-21,6,136083.28,Cash on Delivery,Shipped
ORD02888,CST1296,PRD0536,2025-01-23,4,311946.86,Debit Card,Processing
ORD02889,CST4879,PRD0228,2025-12-19,3,28490.37,Debit Card,Cancelled
ORD02890,CST2349,PRD0256,2025-03-24,5,469841.46,Debit Card,Cancelled
ORD02891,CST1360,PRD0272,2025-05-04,5,288054.49,Credit Card,Processing
ORD02892,CST4635,PRD0463,2025-11-21,10,24303.03,Cash on Delivery,Delivered
ORD02893,CST0851,PRD0855,2025-03-29,9,138698.66,UPI,Delivered
ORD02894,CST0219,PRD0503,2025-01-15,7,116478.25,Cash on Delivery,Processing
ORD02895,CST3604,PRD0619,2025-03-27,7,237298.04,Credit Card,Cancelled
ORD02896,CST1805,PRD0664,2025-03-02,9,212635.08,Cash on Delivery,Processing
ORD02897,CST3678,PRD0692,2025-06-13,5,469275.27,Cash on Delivery,Delivered
ORD02898,CST3860,PRD0659,2025-02-12,7,138334.77,Net Banking,Cancelled
ORD02899,CST1516,PRD0805,2025-12-27,1,466760.39,Debit Card,Delivered
ORD02900,CST2084,PRD0124,2025-01-26,7,32354.36,Debit Card,Cancelled
ORD02901,CST0985,PRD0499,2025-03-01,8,115477.15,Debit Card,Cancelled
ORD02902,CST0038,PRD0449,2025-09-15,4,369055.1,Credit Card,Processing
ORD02903,CST0395,PRD0878,2025-01-19,6,287146.69,Credit Card,Shipped
ORD02904,CST0762,PRD0842,2025-04-28,6,48063.13,Debit Card,Shipped
ORD02905,CST1766,PRD0939,2025-09-07,1,137483.62,Credit Card,Cancelled
ORD02906,CST2403,PRD0313,2025-02-06,3,248044.63,Credit Card,Delivered
ORD02907,CST0024,PRD0962,2025-01-07,6,177543.33,Cash on Delivery,Processing
ORD02908,CST3893,PRD0078,2025-01-07,7,377438.99,Cash on Delivery,Processing
ORD02909,CST4493,PRD0949,2025-10-22,7,24389.77,Debit Card,Shipped
ORD02910,CST3521,PRD0234,2025-05-05,10,43067.33,Cash on Delivery,Delivered
ORD02911,CST3760,PRD0208,2025-05-01,4,63766.87,Debit Card,Processing
ORD02912,CST0859,PRD0416,2025-01-31,7,245397.38,Net Banking,Delivered
ORD02913,CST3700,PRD0329,2025-05-09,3,40263.52,Debit Card,Delivered
ORD02914,CST2084,PRD0628,2025-05-01,2,273070.51,UPI,Shipped
ORD02915,CST3717,PRD0056,2025-03-05,8,375116.59,Credit Card,Shipped
ORD02916,CST3771,PRD0682,2025-05-19,10,213214.35,Debit Card,Shipped
ORD02917,CST4792,PRD0915,2025-07-10,8,459840.95,Net Banking,Shipped
ORD02918,CST0810,PRD0230,2025-03-05,5,51870.69,Credit Card,Shipped
ORD02919,CST0860,PRD0802,2025-10-10,3,86930.19,Credit Card,Shipped
ORD02920,CST4216,PRD0638,2025-07-18,4,205679.69,Net Banking,Delivered
ORD02921,CST3753,PRD0108,2025-03-30,2,457847.87,Debit Card,Delivered
ORD02922,CST0856,PRD0210,2025-03-18,8,417928.44,Cash on Delivery,Shipped
ORD02923,CST4089,PRD0911,2025-05-30,1,473498.03,Credit Card,Shipped
ORD02924,CST2148,PRD0200,2025-01-02,1,447222.3,UPI,Shipped
ORD02925,CST3148,PRD0212,2025-06-26,1,251709.96,UPI,Delivered
ORD02926,CST2844,PRD0580,2025-04-24,8,391109.22,Credit Card,Processing
ORD02927,CST3846,PRD0330,2025-03-27,8,206797.76,Net Banking,Processing
ORD02928,CST0087,PRD0174,2025-04-08,8,468347.49,UPI,Delivered
ORD02929,CST3336,PRD0497,2025-05-24,6,407483.68,Debit Card,Processing
ORD02930,CST2482,PRD0912,2025-09-02,9,3636.86,Credit Card,Delivered
ORD02931,CST4575,PRD0897,2025-08-03,9,185949.46,Cash on Delivery,Delivered
ORD02932,CST2810,PRD0386,2025-08-20,10,381716.79,Net Banking,Shipped
ORD02933,CST3656,PRD0112,2025-05-12,10,413623.27,Cash on Delivery,Delivered
ORD02934,CST3796,PRD0476,2025-03-02,4,133928.89,Net Banking,Delivered
ORD02935,CST2656,PRD0056,2025-11-08,7,375116.59,Debit Card,Processing
ORD02936,CST2002,PRD0347,2025-03-19,10,316813.1,Net Banking,Processing
ORD02937,CST3366,PRD0591,2025-09-21,7,278924.26,Credit Card,Processing
ORD02938,CST1721,PRD0392,2025-11-10,2,249841.7,Credit Card,Shipped
ORD02939,CST2089,PRD0116,2025-07-09,3,405121.15,Net Banking,Delivered
ORD02940,CST4392,PRD0887,2025-03-27,8,82722.19,UPI,Cancelled
ORD02941,CST4308,PRD0849,2025-12-17,8,300765.22,Credit Card,Cancelled
ORD02942,CST4477,PRD0205,2025-10-10,9,440932.13,Net Banking,Shipped
ORD02943,CST2094,PRD0675,2025-09-08,9,298321.19,Debit Card,Processing
ORD02944,CST4861,PRD0886,2025-02-24,3,149416.36,Cash on Delivery,Shipped
ORD02945,CST3997,PRD0496,2025-06-22,7,76825.62,UPI,Delivered
ORD02946,CST0827,PRD0023,2025-10-12,4,317209.45,Debit Card,Shipped
ORD02947,CST3647,PRD0220,2025-06-12,5,217566.6,Credit Card,Cancelled
ORD02948,CST3902,PRD0777,2025-10-29,7,225979.16,Credit Card,Processing
ORD02949,CST3090,PRD0819,2025-06-26,9,149969.04,Cash on Delivery,Delivered
ORD02950,CST2534,PRD0165,2025-02-03,6,41259.55,Debit Card,Cancelled
ORD02951,CST3823,PRD0573,2025-10-17,8,175769.62,Net Banking,Cancelled
ORD02952,CST4239,PRD0039,2025-09-11,5,404.11,Cash on Delivery,Shipped
ORD02953,CST1917,PRD0572,2025-02-28,5,448724.27,Debit Card,Processing
ORD02954,CST4941,PRD0509,2025-12-02,4,449794.29,UPI,Shipped
ORD02955,CST3366,PRD0913,2025-07-23,2,447795.49,Cash on Delivery,Shipped
ORD02956,CST0598,PRD0787,2025-02-26,2,196082.64,Debit Card,Delivered
ORD02957,CST4769,PRD0420,2025-08-18,3,151431.53,UPI,Delivered
ORD02958,CST2753,PRD0915,2025-08-07,4,459840.95,Debit Card,Shipped
ORD02959,CST1782,PRD0352,2025-09-24,4,107362.57,Credit Card,Shipped
ORD02960,CST0022,PRD0773,2025-11-02,3,105070.58,Credit Card,Processing
ORD02961,CST2637,PRD0162,2025-01-31,3,359243.43,Cash on Delivery,Delivered
ORD02962,CST4821,PRD0839,2025-09-09,4,14178.61,Cash on Delivery,Delivered
ORD02963,CST1059,PRD0001,2025-05-01,9,442722.82,UPI,Processing
ORD02964,CST3327,PRD0604,2025-08-27,1,55662.65,Net Banking,Processing
ORD02965,CST3246,PRD0970,2025-06-05,5,39467.04,Cash on Delivery,Processing
ORD02966,CST3520,PRD0718,2025-07-21,10,276001.51,Debit Card,Processing
ORD02967,CST4417,PRD0366,2025-03-12,2,325775.78,Debit Card,Cancelled
ORD02968,CST4182,PRD0159,2025-12-03,9,486431.31,Net Banking,Cancelled
ORD02969,CST2880,PRD0272,2025-02-08,1,288054.49,UPI,Cancelled
ORD02970,CST2340,PRD0955,2025-08-04,1,148075.82,UPI,Shipped
ORD02971,CST2521,PRD0153,2025-12-25,3,333176.44,Cash on Delivery,Processing
ORD02972,CST3473,PRD0651,2025-11-11,8,6511.35,Cash on Delivery,Processing
ORD02973,CST1213,PRD0835,2025-12-10,1,454163.09,Cash on Delivery,Processing
ORD02974,CST3522,PRD0965,2025-10-22,7,334344.01,UPI,Processing
ORD02975,CST2337,PRD0258,2025-04-20,1,120169.47,Cash on Delivery,Processing
ORD02976,CST2880,PRD0695,2025-07-18,2,213789.7,Net Banking,Shipped
ORD02977,CST2473,PRD0454,2025-04-12,1,74767.36,Debit Card,Cancelled
ORD02978,CST3368,PRD0375,2025-10-21,2,338428.64,Credit Card,Processing
ORD02979,CST2977,PRD0633,2025-09-11,5,284414.07,Net Banking,Delivered
ORD02980,CST1596,PRD0960,2025-03-07,2,137594.88,Credit Card,Delivered
ORD02981,CST4178,PRD0999,2025-10-23,1,497952.63,Net Banking,Processing
ORD02982,CST2385,PRD0613,2025-05-30,8,34557.59,Debit Card,Processing
ORD02983,CST2239,PRD0002,2025-05-09,8,200708.22,UPI,Cancelled
ORD02984,CST0193,PRD0691,2025-10-28,5,364853.04,Cash on Delivery,Processing
ORD02985,CST4985,PRD0805,2025-02-25,2,466760.39,Net Banking,Shipped
ORD02986,CST1278,PRD0442,2025-10-23,2,465783.01,Net Banking,Shipped
ORD02987,CST0093,PRD0168,2025-02-21,1,322768.56,Cash on Delivery,Cancelled
ORD02988,CST3997,PRD0005,2025-02-11,6,225689.16,Net Banking,Delivered
ORD02989,CST2400,PRD0767,2025-12-07,10,333590.31,Net Banking,Shipped
ORD02990,CST2166,PRD0906,2025-03-14,6,228989.54,Net Banking,Delivered
ORD02991,CST0508,PRD0062,2025-11-14,9,7644.0,Credit Card,Cancelled
ORD02992,CST4581,PRD0895,2025-08-12,3,248626.16,Debit Card,Delivered
ORD02993,CST2669,PRD0769,2025-06-21,3,16390.65,Credit Card,Cancelled
ORD02994,CST2591,PRD0709,2025-10-18,2,58944.78,Cash on Delivery,Processing
ORD02995,CST1777,PRD0447,2025-11-01,6,344400.91,Cash on Delivery,Processing
ORD02996,CST1157,PRD1000,2025-12-02,4,378391.72,Net Banking,Cancelled
ORD02997,CST3242,PRD0579,2025-04-22,4,163261.73,Cash on Delivery,Shipped
ORD02998,CST2424,PRD0492,2025-11-23,3,484004.12,Net Banking,Processing
ORD02999,CST2649,PRD0749,2025-02-10,9,396097.6,UPI,Shipped
ORD03000,CST3839,PRD0347,2025-08-20,8,316813.1,Cash on Delivery,Delivered
ORD03001,CST2277,PRD0723,2025-06-23,2,30682.04,UPI,Delivered
ORD03002,CST0605,PRD0183,2025-11-11,1,442712.73,Net Banking,Delivered
ORD03003,CST0614,PRD0092,2025-01-30,7,134866.12,Net Banking,Delivered
ORD03004,CST1948,PRD0716,2025-08-01,8,340135.32,UPI,Processing
ORD03005,CST0909,PRD0879,2025-06-24,4,169342.3,Net Banking,Cancelled
ORD03006,CST4513,PRD0952,2025-08-11,5,489910.94,Credit Card,Processing
ORD03007,CST0392,PRD0522,2025-10-29,1,328180.65,Credit Card,Shipped
ORD03008,CST1258,PRD0276,2025-11-21,8,219495.98,Debit Card,Cancelled
ORD03009,CST0220,PRD0236,2025-11-06,7,91060.8,Cash on Delivery,Cancelled
ORD03010,CST4097,PRD0376,2025-09-07,4,50601.95,Credit Card,Shipped
ORD03011,CST4501,PRD0729,2025-04-12,5,239751.24,Net Banking,Processing
ORD03012,CST4923,PRD0069,2025-09-30,3,12944.23,Cash on Delivery,Shipped
ORD03013,CST3943,PRD0497,2025-02-26,5,407483.68,Net Banking,Shipped
ORD03014,CST4996,PRD0640,2025-06-06,6,61100.99,Credit Card,Delivered
ORD03015,CST1655,PRD0092,2025-10-07,10,134866.12,Cash on Delivery,Processing
ORD03016,CST3357,PRD0768,2025-01-11,6,200993.95,Net Banking,Processing
ORD03017,CST1147,PRD0040,2025-04-23,3,258289.75,Cash on Delivery,Cancelled
ORD03018,CST0609,PRD0884,2025-09-09,1,87645.2,UPI,Processing
ORD03019,CST3330,PRD0187,2025-01-10,5,459959.6,Debit Card,Cancelled
ORD03020,CST1014,PRD0827,2025-10-31,8,147831.09,UPI,Shipped
ORD03021,CST0889,PRD0856,2025-05-21,3,370444.62,Debit Card,Cancelled
ORD03022,CST4930,PRD0816,2025-01-03,3,374296.8,UPI,Shipped
ORD03023,CST4401,PRD0420,2025-11-24,1,151431.53,Net Banking,Delivered
ORD03024,CST2286,PRD0956,2025-12-03,2,224543.72,UPI,Delivered
ORD03025,CST3297,PRD0568,2025-05-22,5,289859.5,Net Banking,Processing
ORD03026,CST2865,PRD0736,2025-01-09,4,404198.05,UPI,Cancelled
ORD03027,CST3136,PRD0788,2025-04-03,3,339219.05,Net Banking,Shipped
ORD03028,CST4095,PRD0609,2025-02-24,6,461335.82,Cash on Delivery,Delivered
ORD03029,CST4248,PRD0492,2025-12-16,4,484004.12,Debit Card,Cancelled
ORD03030,CST1143,PRD0833,2025-10-12,6,25768.5,Credit Card,Delivered
ORD03031,CST0993,PRD0886,2025-09-11,8,149416.36,Credit Card,Shipped
ORD03032,CST3200,PRD0298,2025-12-13,9,319795.91,Debit Card,Processing
ORD03033,CST1228,PRD0101,2025-09-20,1,167119.54,Credit Card,Processing
ORD03034,CST1686,PRD0842,2025-10-30,1,48063.13,Cash on Delivery,Processing
ORD03035,CST3556,PRD0946,2025-11-19,7,98554.47,Cash on Delivery,Delivered
ORD03036,CST3448,PRD0657,2025-07-04,5,392866.18,Cash on Delivery,Shipped
ORD03037,CST2435,PRD0787,2025-06-13,3,196082.64,UPI,Shipped
ORD03038,CST0087,PRD0010,2025-02-05,2,384455.08,Debit Card,Cancelled
ORD03039,CST2084,PRD0022,2025-12-31,9,186224.28,Credit Card,Delivered
ORD03040,CST3622,PRD0257,2025-09-20,7,25097.81,Cash on Delivery,Cancelled
ORD03041,CST4337,PRD0899,2025-03-08,1,470538.02,UPI,Shipped
ORD03042,CST4473,PRD0613,2025-11-23,10,34557.59,Credit Card,Shipped
ORD03043,CST1204,PRD0291,2025-07-14,1,86034.61,UPI,Shipped
ORD03044,CST0604,PRD0964,2025-12-22,3,187879.68,Credit Card,Cancelled
ORD03045,CST0334,PRD0312,2025-02-06,1,309777.57,Credit Card,Delivered
ORD03046,CST4292,PRD0457,2025-10-26,5,450517.49,UPI,Delivered
ORD03047,CST4779,PRD0421,2025-06-20,6,119515.57,UPI,Processing
ORD03048,CST0406,PRD0147,2025-11-12,3,368957.79,Net Banking,Cancelled
ORD03049,CST0657,PRD0513,2025-07-02,3,20899.02,Debit Card,Delivered
ORD03050,CST2050,PRD0183,2025-05-12,9,442712.73,Net Banking,Cancelled
ORD03051,CST3619,PRD0673,2025-12-30,6,387197.85,Net Banking,Cancelled
ORD03052,CST0495,PRD0231,2025-11-11,9,212707.32,UPI,Delivered
ORD03053,CST4825,PRD0731,2025-06-24,5,440236.74,Credit Card,Cancelled
ORD03054,CST3784,PRD0504,2025-03-23,8,151643.81,Net Banking,Cancelled
ORD03055,CST3108,PRD0134,2025-04-30,6,320861.2,Credit Card,Shipped
ORD03056,CST4816,PRD0361,2025-09-14,4,365624.7,UPI,Cancelled
ORD03057,CST2451,PRD0321,2025-05-24,5,37465.87,Debit Card,Cancelled
ORD03058,CST4549,PRD0536,2025-06-14,5,311946.86,UPI,Shipped
ORD03059,CST1629,PRD0704,2025-09-14,7,133128.92,Credit Card,Delivered
ORD03060,CST0214,PRD0224,2025-12-17,6,140719.79,Cash on Delivery,Cancelled
ORD03061,CST4041,PRD0318,2025-03-22,1,13345.53,Cash on Delivery,Processing
ORD03062,CST1098,PRD0859,2025-09-15,7,117694.09,Cash on Delivery,Processing
ORD03063,CST4025,PRD0920,2025-08-30,1,317825.42,Credit Card,Processing
ORD03064,CST1814,PRD0842,2025-03-27,10,48063.13,UPI,Processing
ORD03065,CST1397,PRD0679,2025-06-23,10,33679.85,UPI,Processing
ORD03066,CST0515,PRD0528,2025-09-06,7,320836.96,Net Banking,Processing
ORD03067,CST3547,PRD0187,2025-05-17,6,459959.6,Credit Card,Cancelled
ORD03068,CST3862,PRD0100,2025-05-21,3,274137.65,Net Banking,Cancelled
ORD03069,CST4593,PRD0236,2025-10-04,7,91060.8,Credit Card,Cancelled
ORD03070,CST1526,PRD0530,2025-07-02,9,146632.15,Cash on Delivery,Shipped
ORD03071,CST2574,PRD0747,2025-01-03,7,12216.72,Net Banking,Processing
ORD03072,CST1341,PRD0576,2025-01-20,2,113811.56,Cash on Delivery,Cancelled
ORD03073,CST4669,PRD0104,2025-10-06,10,343413.97,Cash on Delivery,Cancelled
ORD03074,CST4762,PRD0887,2025-06-06,9,82722.19,Debit Card,Delivered
ORD03075,CST2186,PRD0709,2025-01-14,7,58944.78,Cash on Delivery,Cancelled
ORD03076,CST3518,PRD0285,2025-12-15,10,53234.0,Credit Card,Delivered
ORD03077,CST0594,PRD0915,2025-01-10,3,459840.95,UPI,Cancelled
ORD03078,CST2684,PRD0129,2025-04-13,5,48659.49,Cash on Delivery,Processing
ORD03079,CST2782,PRD0177,2025-09-10,9,416799.81,Cash on Delivery,Processing
ORD03080,CST1539,PRD0144,2025-03-15,8,365322.18,Cash on Delivery,Cancelled
ORD03081,CST0082,PRD0836,2025-03-03,7,399271.45,Net Banking,Shipped
ORD03082,CST0121,PRD0585,2025-05-07,2,403663.15,Credit Card,Delivered
ORD03083,CST3050,PRD0255,2025-09-21,9,161716.33,Net Banking,Cancelled
ORD03084,CST4208,PRD0580,2025-08-25,8,391109.22,Credit Card,Cancelled
ORD03085,CST4913,PRD0651,2025-03-06,6,6511.35,Net Banking,Shipped
ORD03086,CST0635,PRD0982,2025-11-26,10,227177.39,Net Banking,Delivered
ORD03087,CST2778,PRD0585,2025-07-21,5,403663.15,Cash on Delivery,Processing
ORD03088,CST0747,PRD0548,2025-10-15,10,466203.13,Net Banking,Delivered
ORD03089,CST4924,PRD0577,2025-09-29,7,146349.52,Debit Card,Cancelled
ORD03090,CST2134,PRD0919,2025-10-15,10,490508.58,UPI,Shipped
ORD03091,CST0698,PRD0796,2025-10-02,5,188906.88,Credit Card,Cancelled
ORD03092,CST0864,PRD0453,2025-07-05,9,262280.87,Net Banking,Processing
ORD03093,CST2600,PRD0830,2025-12-14,1,69014.21,Credit Card,Delivered
ORD03094,CST0044,PRD0879,2025-01-08,4,169342.3,UPI,Shipped
ORD03095,CST0737,PRD0073,2025-05-22,2,207272.6,Credit Card,Shipped
ORD03096,CST4228,PRD0687,2025-09-05,8,358030.85,UPI,Processing
ORD03097,CST3983,PRD0366,2025-07-17,5,325775.78,Credit Card,Delivered
ORD03098,CST3397,PRD0653,2025-12-08,1,134033.29,UPI,Processing
ORD03099,CST3744,PRD0885,2025-10-29,10,408180.23,Cash on Delivery,Processing
ORD03100,CST4010,PRD0801,2025-09-30,8,397473.03,Cash on Delivery,Shipped
ORD03101,CST1263,PRD0735,2025-11-25,3,219840.8,Debit Card,Processing
ORD03102,CST1415,PRD0387,2025-04-03,3,369271.77,Credit Card,Cancelled
ORD03103,CST0052,PRD0663,2025-04-10,2,356385.74,Credit Card,Cancelled
ORD03104,CST4297,PRD0479,2025-10-17,8,382492.46,Credit Card,Delivered
ORD03105,CST3934,PRD0707,2025-03-19,8,269484.59,Cash on Delivery,Delivered
ORD03106,CST1753,PRD0995,2025-02-07,9,431144.63,UPI,Shipped
ORD03107,CST4248,PRD0414,2025-04-05,6,404646.47,Debit Card,Shipped
ORD03108,CST2208,PRD0728,2025-07-12,1,466065.61,Credit Card,Shipped
ORD03109,CST0234,PRD0129,2025-04-11,2,48659.49,Cash on Delivery,Cancelled
ORD03110,CST4842,PRD0022,2025-11-25,8,186224.28,Net Banking,Processing
ORD03111,CST3474,PRD0862,2025-04-21,1,492770.38,Debit Card,Delivered
ORD03112,CST3934,PRD0118,2025-03-29,2,283836.47,Debit Card,Cancelled
ORD03113,CST3561,PRD0686,2025-07-24,8,450728.25,Net Banking,Cancelled
ORD03114,CST2042,PRD0750,2025-09-21,10,363202.4,Credit Card,Delivered
ORD03115,CST3338,PRD0588,2025-06-16,2,116222.78,UPI,Shipped
ORD03116,CST3827,PRD0866,2025-08-28,5,232224.0,UPI,Delivered
ORD03117,CST1233,PRD0559,2025-04-11,9,412806.94,Cash on Delivery,Delivered
ORD03118,CST1129,PRD0793,2025-03-31,8,410776.66,Credit Card,Shipped
ORD03119,CST1681,PRD0605,2025-04-04,7,264670.42,UPI,Cancelled
ORD03120,CST3677,PRD0699,2025-10-01,3,394615.9,Credit Card,Shipped
ORD03121,CST4585,PRD0825,2025-11-12,1,426105.92,Net Banking,Cancelled
ORD03122,CST4429,PRD0364,2025-07-26,6,327801.04,Net Banking,Processing
ORD03123,CST3574,PRD0380,2025-03-20,9,287266.29,Credit Card,Delivered
ORD03124,CST0739,PRD0235,2025-06-27,9,184210.51,Cash on Delivery,Shipped
ORD03125,CST1679,PRD0935,2025-04-14,2,55002.05,Net Banking,Shipped
ORD03126,CST2419,PRD0757,2025-09-22,6,417195.69,Credit Card,Processing
ORD03127,CST3313,PRD0873,2025-02-22,6,236000.43,Debit Card,Shipped
ORD03128,CST0887,PRD0658,2025-04-19,8,55260.32,Net Banking,Cancelled
ORD03129,CST1202,PRD0907,2025-02-11,6,403605.91,Credit Card,Shipped
ORD03130,CST0775,PRD0043,2025-11-15,8,267712.35,Cash on Delivery,Shipped
ORD03131,CST2069,PRD0285,2025-07-04,2,53234.0,Net Banking,Delivered
ORD03132,CST4727,PRD0670,2025-09-30,4,186336.51,Debit Card,Shipped
ORD03133,CST1628,PRD0286,2025-10-01,9,271113.95,Debit Card,Delivered
ORD03134,CST0944,PRD0154,2025-02-06,3,209673.07,Net Banking,Delivered
ORD03135,CST1468,PRD0102,2025-06-30,1,448601.47,UPI,Cancelled
ORD03136,CST2117,PRD0922,2025-02-03,7,219694.88,Debit Card,Shipped
ORD03137,CST0428,PRD0715,2025-12-26,2,94447.48,UPI,Processing
ORD03138,CST3077,PRD0773,2025-08-03,2,105070.58,Cash on Delivery,Shipped
ORD03139,CST2374,PRD0500,2025-10-13,9,127359.0,Credit Card,Shipped
ORD03140,CST2830,PRD0910,2025-01-23,3,289331.06,Credit Card,Processing
ORD03141,CST4548,PRD0376,2025-09-26,1,50601.95,UPI,Cancelled
ORD03142,CST0946,PRD0953,2025-11-17,10,336157.84,UPI,Cancelled
ORD03143,CST2097,PRD0803,2025-12-08,9,424917.53,Debit Card,Delivered
ORD03144,CST3931,PRD0065,2025-06-07,2,316183.24,Cash on Delivery,Shipped
ORD03145,CST3090,PRD0736,2025-08-09,5,404198.05,Cash on Delivery,Shipped
ORD03146,CST4740,PRD0589,2025-09-09,2,497145.92,Debit Card,Delivered
ORD03147,CST3885,PRD0643,2025-09-18,8,188252.52,Net Banking,Processing
ORD03148,CST2709,PRD0132,2025-01-26,10,428887.21,Credit Card,Cancelled
ORD03149,CST0360,PRD0192,2025-09-13,7,427496.73,Cash on Delivery,Processing
ORD03150,CST4882,PRD0724,2025-12-05,7,312430.82,Net Banking,Shipped
ORD03151,CST1421,PRD0015,2025-12-28,3,77541.35,Net Banking,Cancelled
ORD03152,CST1881,PRD0090,2025-03-20,9,125416.0,Debit Card,Shipped
ORD03153,CST4434,PRD0046,2025-03-19,1,299475.4,Credit Card,Cancelled
ORD03154,CST3969,PRD0696,2025-09-07,3,228766.83,Cash on Delivery,Cancelled
ORD03155,CST2793,PRD0461,2025-03-22,10,289926.23,Net Banking,Cancelled
ORD03156,CST1079,PRD0595,2025-04-30,2,68955.26,Debit Card,Shipped
ORD03157,CST0286,PRD0240,2025-04-12,1,134506.53,Credit Card,Processing
ORD03158,CST0207,PRD0638,2025-01-04,7,205679.69,Debit Card,Cancelled
ORD03159,CST4100,PRD0544,2025-02-04,4,351498.63,Debit Card,Cancelled
ORD03160,CST4667,PRD0546,2025-04-01,8,20751.92,Debit Card,Shipped
ORD03161,CST3398,PRD0037,2025-12-25,8,19282.54,Debit Card,Cancelled
ORD03162,CST0203,PRD0310,2025-05-15,1,91658.23,Cash on Delivery,Delivered
ORD03163,CST0951,PRD0780,2025-02-16,9,184102.36,Debit Card,Processing
ORD03164,CST4094,PRD0408,2025-12-31,8,379974.0,Cash on Delivery,Cancelled
ORD03165,CST4359,PRD0927,2025-12-27,8,449252.77,Credit Card,Cancelled
ORD03166,CST1586,PRD0507,2025-01-07,1,191744.36,Credit Card,Processing
ORD03167,CST0246,PRD0539,2025-05-09,5,57940.75,Credit Card,Cancelled
ORD03168,CST1169,PRD0679,2025-06-30,1,33679.85,Credit Card,Cancelled
ORD03169,CST2542,PRD0071,2025-03-23,2,336412.37,Credit Card,Shipped
ORD03170,CST3789,PRD0515,2025-08-18,6,140795.33,UPI,Processing
ORD03171,CST2452,PRD0668,2025-09-25,3,487946.19,Cash on Delivery,Processing
ORD03172,CST2143,PRD0317,2025-04-02,7,246252.59,Cash on Delivery,Cancelled
ORD03173,CST4383,PRD0339,2025-07-09,4,408007.41,Net Banking,Processing
ORD03174,CST1792,PRD0352,2025-01-18,4,107362.57,Credit Card,Delivered
ORD03175,CST3609,PRD0734,2025-02-05,4,41897.86,Cash on Delivery,Processing
ORD03176,CST3236,PRD0645,2025-07-28,5,276590.34,Credit Card,Cancelled
ORD03177,CST1996,PRD0078,2025-01-21,6,377438.99,Net Banking,Processing
ORD03178,CST1910,PRD0307,2025-02-14,7,126220.86,Credit Card,Cancelled
ORD03179,CST4312,PRD0535,2025-11-29,3,159300.04,Credit Card,Delivered
ORD03180,CST2597,PRD0564,2025-04-18,4,429791.63,Net Banking,Delivered
ORD03181,CST3042,PRD0390,2025-10-22,9,401986.29,Debit Card,Cancelled
ORD03182,CST1390,PRD0422,2025-12-27,1,405611.47,Net Banking,Processing
ORD03183,CST2347,PRD0980,2025-12-12,2,163280.99,Debit Card,Delivered
ORD03184,CST0806,PRD0390,2025-07-24,4,401986.29,Cash on Delivery,Shipped
ORD03185,CST4901,PRD0981,2025-05-30,4,245722.69,Credit Card,Delivered
ORD03186,CST0121,PRD0130,2025-12-15,10,284873.13,Credit Card,Delivered
ORD03187,CST3376,PRD0647,2025-11-11,10,358716.62,UPI,Delivered
ORD03188,CST3648,PRD0033,2025-08-21,3,46608.17,Cash on Delivery,Processing
ORD03189,CST1523,PRD0956,2025-09-04,2,224543.72,Debit Card,Shipped
ORD03190,CST0438,PRD0122,2025-12-21,7,58233.85,Cash on Delivery,Processing
ORD03191,CST1446,PRD0347,2025-04-17,3,316813.1,UPI,Shipped
ORD03192,CST0896,PRD0069,2025-12-12,4,12944.23,Net Banking,Delivered
ORD03193,CST3210,PRD0556,2025-10-17,1,157872.38,Debit Card,Shipped
ORD03194,CST1767,PRD0372,2025-04-21,4,11186.02,Net Banking,Cancelled
ORD03195,CST3101,PRD0635,2025-05-03,7,396531.33,Net Banking,Shipped
ORD03196,CST1242,PRD0452,2025-02-14,4,304815.69,Net Banking,Shipped
ORD03197,CST4577,PRD0796,2025-06-14,1,188906.88,UPI,Delivered
ORD03198,CST1702,PRD0289,2025-04-22,1,484419.64,Debit Card,Shipped
ORD03199,CST1621,PRD0414,2025-02-18,7,404646.47,Credit Card,Cancelled
ORD03200,CST1070,PRD0112,2025-11-16,6,413623.27,Cash on Delivery,Processing
ORD03201,CST1069,PRD0008,2025-06-25,2,132027.03,UPI,Shipped
ORD03202,CST4158,PRD0517,2025-06-26,10,207791.06,Credit Card,Cancelled
ORD03203,CST3365,PRD0909,2025-01-17,2,278679.94,UPI,Delivered
ORD03204,CST4062,PRD0708,2025-07-31,3,464842.07,Debit Card,Shipped
ORD03205,CST2727,PRD0790,2025-03-08,2,300129.97,Credit Card,Delivered
ORD03206,CST0377,PRD0385,2025-04-24,7,282887.49,Debit Card,Cancelled
ORD03207,CST4478,PRD0196,2025-11-29,4,154052.13,Credit Card,Delivered
ORD03208,CST2302,PRD0980,2025-06-15,9,163280.99,Credit Card,Cancelled
ORD03209,CST0774,PRD0960,2025-11-25,10,137594.88,UPI,Delivered
ORD03210,CST0577,PRD0779,2025-04-25,9,144619.96,Cash on Delivery,Processing
ORD03211,CST2019,PRD0062,2025-01-12,5,7644.0,UPI,Processing
ORD03212,CST1788,PRD0597,2025-08-25,6,63537.83,UPI,Shipped
ORD03213,CST1192,PRD0851,2025-07-21,8,246081.75,Cash on Delivery,Cancelled
ORD03214,CST3113,PRD0922,2025-07-14,6,219694.88,Debit Card,Processing
ORD03215,CST2885,PRD0139,2025-05-09,3,157114.43,Net Banking,Shipped
ORD03216,CST0453,PRD0768,2025-05-27,9,200993.95,Debit Card,Processing
ORD03217,CST3756,PRD0303,2025-02-12,7,159069.03,Credit Card,Processing
ORD03218,CST0036,PRD0939,2025-05-17,3,137483.62,Credit Card,Cancelled
ORD03219,CST2557,PRD0534,2025-04-13,6,76076.88,Cash on Delivery,Processing
ORD03220,CST1888,PRD0023,2025-12-22,9,317209.45,UPI,Processing
ORD03221,CST0178,PRD0359,2025-01-01,2,223411.48,Debit Card,Cancelled
ORD03222,CST0042,PRD0639,2025-06-30,1,373533.47,Cash on Delivery,Cancelled
ORD03223,CST2225,PRD0671,2025-06-27,8,299559.74,Debit Card,Delivered
ORD03224,CST0448,PRD0776,2025-09-12,10,269325.44,UPI,Cancelled
ORD03225,CST1325,PRD0322,2025-12-15,5,11015.23,Net Banking,Shipped
ORD03226,CST4072,PRD0295,2025-01-23,3,248395.69,Cash on Delivery,Delivered
ORD03227,CST2858,PRD0637,2025-06-02,6,357349.95,Cash on Delivery,Cancelled
ORD03228,CST4239,PRD0071,2025-12-03,3,336412.37,Net Banking,Processing
ORD03229,CST3397,PRD0677,2025-02-21,5,446295.41,Credit Card,Processing
ORD03230,CST2026,PRD0198,2025-11-04,9,126993.94,Debit Card,Delivered
ORD03231,CST1314,PRD0640,2025-08-28,10,61100.99,Credit Card,Cancelled
ORD03232,CST3016,PRD0255,2025-02-24,5,161716.33,Net Banking,Processing
ORD03233,CST2029,PRD0462,2025-01-15,9,156105.69,Cash on Delivery,Shipped
ORD03234,CST4824,PRD0461,2025-04-17,7,289926.23,Net Banking,Shipped
ORD03235,CST2791,PRD0374,2025-01-14,9,182867.71,Debit Card,Delivered
ORD03236,CST2558,PRD0313,2025-06-03,8,248044.63,Debit Card,Processing
ORD03237,CST1156,PRD0624,2025-04-12,3,16372.79,Net Banking,Shipped
ORD03238,CST1239,PRD0475,2025-04-10,6,187942.29,Debit Card,Delivered
ORD03239,CST2888,PRD0449,2025-06-29,5,369055.1,UPI,Shipped
ORD03240,CST1170,PRD0756,2025-01-11,4,183854.89,UPI,Delivered
ORD03241,CST0002,PRD0916,2025-10-29,1,388891.05,Net Banking,Processing
ORD03242,CST0365,PRD0847,2025-02-02,5,30266.3,Net Banking,Cancelled
ORD03243,CST2941,PRD0447,2025-03-04,2,344400.91,Debit Card,Processing
ORD03244,CST2138,PRD0719,2025-10-17,4,17231.59,Cash on Delivery,Delivered
ORD03245,CST2391,PRD0403,2025-11-01,7,277773.89,Credit Card,Shipped
ORD03246,CST0240,PRD0491,2025-01-22,7,169339.24,Debit Card,Cancelled
ORD03247,CST2623,PRD0157,2025-02-25,5,75831.01,Credit Card,Cancelled
ORD03248,CST1080,PRD0440,2025-01-23,1,13976.0,Credit Card,Cancelled
ORD03249,CST3937,PRD0805,2025-01-29,2,466760.39,Debit Card,Processing
ORD03250,CST4619,PRD0238,2025-08-22,3,208151.04,Debit Card,Processing
ORD03251,CST1119,PRD0317,2025-06-13,7,246252.59,Debit Card,Delivered
ORD03252,CST2373,PRD0945,2025-05-09,5,350844.39,Debit Card,Cancelled
ORD03253,CST2739,PRD0672,2025-02-07,2,269053.06,UPI,Delivered
ORD03254,CST2832,PRD0625,2025-01-04,3,112489.78,Credit Card,Delivered
ORD03255,CST1007,PRD0079,2025-02-17,4,52375.45,Debit Card,Shipped
ORD03256,CST0265,PRD0226,2025-06-22,10,473556.93,Debit Card,Delivered
ORD03257,CST3208,PRD0729,2025-07-28,5,239751.24,Debit Card,Cancelled
ORD03258,CST2298,PRD0396,2025-04-17,2,389374.75,Debit Card,Shipped
ORD03259,CST3749,PRD0813,2025-05-20,7,159990.51,Debit Card,Shipped
ORD03260,CST3913,PRD0295,2025-10-13,2,248395.69,UPI,Delivered
ORD03261,CST3350,PRD0338,2025-02-28,4,195645.41,Credit Card,Processing
ORD03262,CST2542,PRD0461,2025-10-06,6,289926.23,Net Banking,Shipped
ORD03263,CST3410,PRD0748,2025-03-17,4,198355.08,Credit Card,Delivered
ORD03264,CST0537,PRD0754,2025-06-07,4,126509.66,Cash on Delivery,Delivered
ORD03265,CST1470,PRD0040,2025-02-07,4,258289.75,Net Banking,Cancelled
ORD03266,CST0390,PRD0413,2025-03-06,9,219284.56,Credit Card,Delivered
ORD03267,CST2677,PRD0603,2025-08-25,5,338163.18,UPI,Processing
ORD03268,CST3301,PRD0068,2025-12-17,4,396547.89,Credit Card,Shipped
ORD03269,CST0245,PRD0511,2025-02-22,4,303669.84,UPI,Cancelled
ORD03270,CST3047,PRD0537,2025-03-23,1,130415.94,UPI,Cancelled
ORD03271,CST1190,PRD0894,2025-01-10,10,153484.23,Debit Card,Delivered
ORD03272,CST4338,PRD0515,2025-04-13,10,140795.33,Net Banking,Cancelled
ORD03273,CST1937,PRD0742,2025-08-27,6,112459.93,UPI,Shipped
ORD03274,CST1467,PRD0955,2025-04-05,7,148075.82,Debit Card,Cancelled
ORD03275,CST3343,PRD0467,2025-11-13,7,74123.04,Cash on Delivery,Cancelled
ORD03276,CST3652,PRD0956,2025-07-03,3,224543.72,Credit Card,Cancelled
ORD03277,CST2768,PRD0696,2025-11-13,9,228766.83,Credit Card,Cancelled
ORD03278,CST2569,PRD0762,2025-02-23,4,380190.91,Cash on Delivery,Cancelled
ORD03279,CST0493,PRD0764,2025-02-24,7,445630.8,Debit Card,Shipped
ORD03280,CST2665,PRD0507,2025-04-08,3,191744.36,Cash on Delivery,Shipped
ORD03281,CST3014,PRD0393,2025-03-25,5,132764.27,UPI,Cancelled
ORD03282,CST1432,PRD0204,2025-09-24,2,176114.34,Debit Card,Delivered
ORD03283,CST3157,PRD0789,2025-06-27,5,446137.04,UPI,Processing
ORD03284,CST2008,PRD0958,2025-08-30,9,95954.81,UPI,Processing
ORD03285,CST3896,PRD0929,2025-01-10,3,389459.45,Credit Card,Shipped
ORD03286,CST0479,PRD0820,2025-07-31,2,278988.57,UPI,Cancelled
ORD03287,CST2558,PRD0901,2025-11-02,6,439676.4,Cash on Delivery,Cancelled
ORD03288,CST1290,PRD0573,2025-07-23,2,175769.62,Debit Card,Shipped
ORD03289,CST1288,PRD0082,2025-08-19,7,483055.39,Net Banking,Processing
ORD03290,CST2174,PRD0687,2025-03-21,7,358030.85,Credit Card,Processing
ORD03291,CST1677,PRD0178,2025-06-03,9,92916.82,Credit Card,Processing
ORD03292,CST3451,PRD0128,2025-09-06,9,488283.83,UPI,Cancelled
ORD03293,CST2534,PRD0981,2025-01-07,9,245722.69,Debit Card,Shipped
ORD03294,CST1925,PRD0026,2025-10-02,5,332620.96,Credit Card,Cancelled
ORD03295,CST1967,PRD0960,2025-11-06,8,137594.88,Cash on Delivery,Cancelled
ORD03296,CST3685,PRD0221,2025-07-23,9,497286.65,Debit Card,Shipped
ORD03297,CST1836,PRD0903,2025-12-02,2,337342.57,Net Banking,Shipped
ORD03298,CST4497,PRD0869,2025-02-05,6,357955.67,Net Banking,Cancelled
ORD03299,CST3500,PRD0519,2025-06-05,5,281491.29,Cash on Delivery,Cancelled
ORD03300,CST0448,PRD0709,2025-01-13,8,58944.78,Credit Card,Processing
ORD03301,CST1684,PRD0556,2025-07-02,9,157872.38,Credit Card,Shipped
ORD03302,CST4010,PRD0671,2025-04-21,6,299559.74,Debit Card,Shipped
ORD03303,CST0952,PRD0401,2025-02-08,10,3225.61,Credit Card,Shipped
ORD03304,CST2748,PRD0262,2025-03-06,6,71701.07,Net Banking,Cancelled
ORD03305,CST3885,PRD0332,2025-08-13,10,272249.32,UPI,Shipped
ORD03306,CST2781,PRD0303,2025-06-07,10,159069.03,UPI,Shipped
ORD03307,CST2207,PRD0227,2025-10-19,7,233563.85,Credit Card,Shipped
ORD03308,CST3993,PRD0168,2025-01-25,7,322768.56,Net Banking,Delivered
ORD03309,CST3137,PRD0378,2025-07-17,2,293062.88,UPI,Processing
ORD03310,CST4686,PRD0845,2025-08-10,3,228106.59,Credit Card,Cancelled
ORD03311,CST2879,PRD0775,2025-02-15,9,370470.97,Net Banking,Shipped
ORD03312,CST0143,PRD0142,2025-04-13,7,276351.39,UPI,Delivered
ORD03313,CST4449,PRD0517,2025-04-06,10,207791.06,Net Banking,Cancelled
ORD03314,CST1516,PRD0169,2025-11-19,9,395469.1,UPI,Cancelled
ORD03315,CST4861,PRD0796,2025-09-09,7,188906.88,Debit Card,Delivered
ORD03316,CST4195,PRD0319,2025-09-13,3,418577.73,Debit Card,Cancelled
ORD03317,CST1609,PRD0576,2025-01-25,4,113811.56,UPI,Shipped
ORD03318,CST2706,PRD0241,2025-03-10,3,313050.32,UPI,Shipped
ORD03319,CST1068,PRD0730,2025-08-09,7,133552.82,Debit Card,Shipped
ORD03320,CST4225,PRD0739,2025-07-27,9,473672.61,Cash on Delivery,Cancelled
ORD03321,CST1110,PRD0394,2025-01-19,3,278794.33,Net Banking,Delivered
ORD03322,CST2870,PRD0254,2025-09-03,8,401443.93,UPI,Shipped
ORD03323,CST2223,PRD0436,2025-09-20,6,8224.67,UPI,Shipped
ORD03324,CST4271,PRD0677,2025-08-31,9,446295.41,UPI,Processing
ORD03325,CST0766,PRD0287,2025-04-20,4,20378.33,Cash on Delivery,Delivered
ORD03326,CST3402,PRD0576,2025-09-10,9,113811.56,Net Banking,Cancelled
ORD03327,CST0022,PRD0360,2025-08-18,3,288846.93,Debit Card,Delivered
ORD03328,CST4892,PRD0402,2025-07-07,3,257726.77,Cash on Delivery,Cancelled
ORD03329,CST3070,PRD0047,2025-10-22,3,135167.95,Cash on Delivery,Shipped
ORD03330,CST4672,PRD0555,2025-09-30,5,237730.62,Credit Card,Processing
ORD03331,CST3476,PRD0560,2025-11-17,4,268038.22,Debit Card,Shipped
ORD03332,CST4419,PRD0835,2025-09-12,1,454163.09,Credit Card,Processing
ORD03333,CST2404,PRD0079,2025-01-25,6,52375.45,Debit Card,Cancelled
ORD03334,CST2477,PRD0101,2025-01-17,7,167119.54,Net Banking,Processing
ORD03335,CST3794,PRD0247,2025-04-05,8,134623.99,Credit Card,Shipped
ORD03336,CST2432,PRD0152,2025-05-09,7,496559.29,UPI,Cancelled
ORD03337,CST0384,PRD0256,2025-10-24,7,469841.46,Net Banking,Processing
ORD03338,CST4579,PRD0075,2025-03-02,10,178067.75,Credit Card,Processing
ORD03339,CST4494,PRD0688,2025-12-13,9,84303.13,Credit Card,Delivered
ORD03340,CST3783,PRD0907,2025-07-26,1,403605.91,Net Banking,Processing
ORD03341,CST1649,PRD0028,2025-04-10,1,389595.07,Net Banking,Processing
ORD03342,CST0412,PRD0836,2025-12-06,1,399271.45,Credit Card,Delivered
ORD03343,CST0699,PRD0590,2025-06-12,5,27079.31,Net Banking,Cancelled
ORD03344,CST0616,PRD0104,2025-12-23,5,343413.97,Debit Card,Cancelled
ORD03345,CST2244,PRD0313,2025-11-11,5,248044.63,Credit Card,Delivered
ORD03346,CST2169,PRD0449,2025-09-16,1,369055.1,Debit Card,Cancelled
ORD03347,CST4223,PRD0981,2025-05-20,5,245722.69,Credit Card,Cancelled
ORD03348,CST0783,PRD0126,2025-06-10,4,349206.68,Credit Card,Shipped
ORD03349,CST3568,PRD0335,2025-01-09,7,120356.18,Debit Card,Cancelled
ORD03350,CST1988,PRD0379,2025-06-08,9,7566.07,Credit Card,Processing
ORD03351,CST4519,PRD0484,2025-12-13,1,411674.03,UPI,Processing
ORD03352,CST0410,PRD0077,2025-12-21,2,46386.65,Debit Card,Delivered
ORD03353,CST0981,PRD0868,2025-08-14,7,264227.88,Net Banking,Processing
ORD03354,CST2138,PRD0080,2025-07-04,6,289579.01,Net Banking,Cancelled
ORD03355,CST4642,PRD0563,2025-05-30,5,481029.59,Credit Card,Shipped
ORD03356,CST3690,PRD0989,2025-02-13,4,417438.58,Net Banking,Cancelled
ORD03357,CST2935,PRD0606,2025-02-23,1,58545.66,UPI,Processing
ORD03358,CST4756,PRD0382,2025-08-12,1,457969.15,UPI,Cancelled
ORD03359,CST0876,PRD0092,2025-08-27,2,134866.12,Cash on Delivery,Delivered
ORD03360,CST3208,PRD0743,2025-04-11,8,4504.46,Debit Card,Delivered
ORD03361,CST4942,PRD0228,2025-02-20,3,28490.37,Cash on Delivery,Cancelled
ORD03362,CST1937,PRD0534,2025-09-12,2,76076.88,Net Banking,Shipped
ORD03363,CST3240,PRD0250,2025-01-20,5,213435.85,Debit Card,Shipped
ORD03364,CST4489,PRD0541,2025-12-01,9,164140.75,UPI,Cancelled
ORD03365,CST1600,PRD0962,2025-05-20,2,177543.33,Credit Card,Delivered
ORD03366,CST1918,PRD0853,2025-01-19,7,20006.07,Cash on Delivery,Cancelled
ORD03367,CST3905,PRD0127,2025-02-20,9,497967.67,Debit Card,Processing
ORD03368,CST4724,PRD0352,2025-03-04,3,107362.57,Credit Card,Cancelled
ORD03369,CST4363,PRD0070,2025-02-28,6,245276.45,Credit Card,Delivered
ORD03370,CST4245,PRD0683,2025-04-13,4,465400.22,Net Banking,Cancelled
ORD03371,CST4615,PRD0258,2025-12-12,9,120169.47,UPI,Shipped
ORD03372,CST1118,PRD0200,2025-01-13,2,447222.3,Debit Card,Delivered
ORD03373,CST1821,PRD0120,2025-09-17,6,280532.71,Debit Card,Cancelled
ORD03374,CST0924,PRD0399,2025-02-11,9,119896.09,UPI,Processing
ORD03375,CST0564,PRD0669,2025-01-29,1,291695.08,Cash on Delivery,Processing
ORD03376,CST4357,PRD0372,2025-10-31,3,11186.02,Net Banking,Processing
ORD03377,CST1948,PRD0775,2025-02-25,1,370470.97,Net Banking,Processing
ORD03378,CST2910,PRD0075,2025-05-06,2,178067.75,Net Banking,Cancelled
ORD03379,CST1540,PRD0709,2025-05-26,6,58944.78,Cash on Delivery,Cancelled
ORD03380,CST4259,PRD0384,2025-06-19,4,402804.3,Debit Card,Cancelled
ORD03381,CST0833,PRD0732,2025-12-14,2,143168.86,Debit Card,Cancelled
ORD03382,CST4163,PRD0416,2025-02-22,1,245397.38,Credit Card,Shipped
ORD03383,CST0428,PRD0942,2025-05-18,6,275839.78,UPI,Shipped
ORD03384,CST0847,PRD0898,2025-08-12,5,488851.36,Net Banking,Delivered
ORD03385,CST3559,PRD0939,2025-02-10,8,137483.62,Debit Card,Processing
ORD03386,CST0275,PRD0820,2025-05-10,6,278988.57,Credit Card,Delivered
ORD03387,CST0382,PRD0732,2025-12-05,9,143168.86,Net Banking,Delivered
ORD03388,CST3999,PRD0594,2025-06-15,2,416705.86,UPI,Cancelled
ORD03389,CST4412,PRD0426,2025-06-02,4,455425.53,Debit Card,Delivered
ORD03390,CST0928,PRD0862,2025-11-15,4,492770.38,Cash on Delivery,Shipped
ORD03391,CST3765,PRD0540,2025-04-30,7,241914.95,Cash on Delivery,Delivered
ORD03392,CST0755,PRD0850,2025-10-12,9,313768.36,Cash on Delivery,Shipped
ORD03393,CST4175,PRD0677,2025-07-15,8,446295.41,Debit Card,Shipped
ORD03394,CST3080,PRD0988,2025-02-09,10,269507.5,Debit Card,Cancelled
ORD03395,CST4729,PRD0077,2025-04-03,5,46386.65,Cash on Delivery,Cancelled
ORD03396,CST0751,PRD0089,2025-07-15,2,305458.21,UPI,Delivered
ORD03397,CST2061,PRD0831,2025-04-03,8,220638.31,Cash on Delivery,Delivered
ORD03398,CST3488,PRD0279,2025-03-06,7,367611.96,Net Banking,Cancelled
ORD03399,CST0637,PRD0299,2025-08-07,4,323143.26,UPI,Processing
ORD03400,CST3797,PRD0784,2025-08-05,6,32875.71,Credit Card,Processing
ORD03401,CST0255,PRD0974,2025-12-13,9,1374.39,Debit Card,Cancelled
ORD03402,CST4879,PRD0965,2025-10-13,8,334344.01,UPI,Cancelled
ORD03403,CST1728,PRD0382,2025-02-18,4,457969.15,Credit Card,Processing
ORD03404,CST1716,PRD0964,2025-12-02,8,187879.68,UPI,Shipped
ORD03405,CST1242,PRD0226,2025-12-15,8,473556.93,Credit Card,Shipped
ORD03406,CST3758,PRD0435,2025-05-04,5,396485.92,Cash on Delivery,Shipped
ORD03407,CST0137,PRD0604,2025-10-20,2,55662.65,Debit Card,Processing
ORD03408,CST2212,PRD0798,2025-10-30,5,116128.41,Credit Card,Delivered
ORD03409,CST4861,PRD0797,2025-06-27,3,442613.4,Net Banking,Shipped
ORD03410,CST1498,PRD0039,2025-05-13,9,404.11,Cash on Delivery,Cancelled
ORD03411,CST0005,PRD1000,2025-09-21,3,378391.72,Credit Card,Shipped
ORD03412,CST1067,PRD0238,2025-06-01,3,208151.04,Net Banking,Delivered
ORD03413,CST3556,PRD0738,2025-04-15,5,247683.34,Cash on Delivery,Shipped
ORD03414,CST1042,PRD0539,2025-01-28,6,57940.75,UPI,Delivered
ORD03415,CST0528,PRD0244,2025-12-18,10,253186.64,Cash on Delivery,Delivered
ORD03416,CST4816,PRD0116,2025-08-28,3,405121.15,Credit Card,Processing
ORD03417,CST1177,PRD0654,2025-06-01,1,204830.02,Debit Card,Cancelled
ORD03418,CST4323,PRD0956,2025-04-23,3,224543.72,Cash on Delivery,Delivered
ORD03419,CST4816,PRD0285,2025-01-25,7,53234.0,UPI,Cancelled
ORD03420,CST2469,PRD0811,2025-09-04,7,154268.56,UPI,Shipped
ORD03421,CST2136,PRD0490,2025-06-08,5,71859.02,Cash on Delivery,Cancelled
ORD03422,CST4763,PRD0724,2025-05-31,3,312430.82,UPI,Delivered
ORD03423,CST1599,PRD0158,2025-11-11,2,167900.97,Cash on Delivery,Shipped
ORD03424,CST2360,PRD0287,2025-01-03,10,20378.33,Cash on Delivery,Cancelled
ORD03425,CST3754,PRD0594,2025-10-24,8,416705.86,Credit Card,Shipped
ORD03426,CST1400,PRD0806,2025-05-25,3,58673.67,UPI,Delivered
ORD03427,CST1298,PRD0534,2025-07-19,6,76076.88,Debit Card,Shipped
ORD03428,CST2678,PRD0793,2025-05-15,10,410776.66,UPI,Delivered
ORD03429,CST2812,PRD0062,2025-04-03,3,7644.0,Debit Card,Delivered
ORD03430,CST2224,PRD0381,2025-12-12,1,418034.68,Debit Card,Delivered
ORD03431,CST1781,PRD0035,2025-09-09,3,435053.37,Net Banking,Delivered
ORD03432,CST2063,PRD0664,2025-04-03,1,212635.08,Credit Card,Processing
ORD03433,CST2964,PRD0150,2025-05-27,3,346198.44,Net Banking,Delivered
ORD03434,CST1749,PRD0037,2025-05-01,4,19282.54,Credit Card,Delivered
ORD03435,CST2200,PRD0144,2025-04-26,1,365322.18,UPI,Shipped
ORD03436,CST4661,PRD0401,2025-03-08,4,3225.61,UPI,Cancelled
ORD03437,CST0690,PRD0812,2025-04-25,1,170808.44,Cash on Delivery,Delivered
ORD03438,CST4155,PRD0509,2025-01-18,5,449794.29,Credit Card,Cancelled
ORD03439,CST3621,PRD0314,2025-05-25,3,145467.21,Credit Card,Shipped
ORD03440,CST1127,PRD0991,2025-12-23,3,372709.84,Debit Card,Cancelled
ORD03441,CST3306,PRD0350,2025-11-14,1,117146.45,Net Banking,Delivered
ORD03442,CST3477,PRD0460,2025-11-22,2,161927.39,Net Banking,Shipped
ORD03443,CST2375,PRD0612,2025-09-09,5,357151.54,Cash on Delivery,Processing
ORD03444,CST1772,PRD0183,2025-11-23,4,442712.73,UPI,Processing
ORD03445,CST0798,PRD0180,2025-05-24,2,110455.66,Debit Card,Cancelled
ORD03446,CST2563,PRD0322,2025-05-23,4,11015.23,UPI,Delivered
ORD03447,CST1358,PRD0985,2025-10-17,3,201601.85,Cash on Delivery,Shipped
ORD03448,CST2388,PRD0335,2025-08-09,4,120356.18,Credit Card,Cancelled
ORD03449,CST1368,PRD0854,2025-10-25,8,421187.49,Cash on Delivery,Delivered
ORD03450,CST0774,PRD0551,2025-10-28,3,150040.96,Debit Card,Processing
ORD03451,CST1592,PRD0903,2025-12-18,8,337342.57,Net Banking,Cancelled
ORD03452,CST0221,PRD0976,2025-07-26,10,245373.68,UPI,Shipped
ORD03453,CST1435,PRD0533,2025-03-26,7,296250.41,Debit Card,Processing
ORD03454,CST4110,PRD0630,2025-12-19,1,186659.87,Debit Card,Cancelled
ORD03455,CST1700,PRD0928,2025-08-13,5,42509.79,Net Banking,Cancelled
ORD03456,CST4357,PRD0065,2025-12-10,9,316183.24,Credit Card,Delivered
ORD03457,CST2218,PRD0158,2025-11-26,5,167900.97,Credit Card,Cancelled
ORD03458,CST0930,PRD0938,2025-02-23,6,418105.61,Debit Card,Processing
ORD03459,CST3729,PRD0659,2025-06-26,8,138334.77,Net Banking,Delivered
ORD03460,CST0455,PRD0959,2025-05-25,10,60127.04,Net Banking,Shipped
ORD03461,CST2592,PRD0802,2025-01-22,8,86930.19,Cash on Delivery,Delivered
ORD03462,CST2883,PRD0964,2025-05-05,6,187879.68,Net Banking,Cancelled
ORD03463,CST3170,PRD0082,2025-01-29,10,483055.39,Debit Card,Shipped
ORD03464,CST0062,PRD0853,2025-09-25,7,20006.07,Cash on Delivery,Delivered
ORD03465,CST3076,PRD0303,2025-07-11,4,159069.03,Net Banking,Cancelled
ORD03466,CST4607,PRD0561,2025-02-11,4,117963.58,Cash on Delivery,Cancelled
ORD03467,CST0096,PRD0926,2025-07-24,2,171867.63,Credit Card,Cancelled
ORD03468,CST3925,PRD0692,2025-07-16,4,469275.27,Debit Card,Delivered
ORD03469,CST3045,PRD0793,2025-07-26,7,410776.66,Credit Card,Cancelled
ORD03470,CST4190,PRD0544,2025-02-25,6,351498.63,UPI,Processing
ORD03471,CST0998,PRD0268,2025-03-10,9,7811.36,Cash on Delivery,Delivered
ORD03472,CST4055,PRD0296,2025-11-22,10,283660.66,UPI,Shipped
ORD03473,CST3706,PRD0284,2025-12-08,3,309320.21,Cash on Delivery,Delivered
ORD03474,CST2578,PRD0831,2025-08-10,10,220638.31,Cash on Delivery,Delivered
ORD03475,CST3565,PRD0054,2025-05-23,7,403175.85,Credit Card,Cancelled
ORD03476,CST4766,PRD0325,2025-01-25,5,311343.01,Credit Card,Delivered
ORD03477,CST2395,PRD0537,2025-06-23,4,130415.94,Credit Card,Delivered
ORD03478,CST1051,PRD0010,2025-01-30,6,384455.08,Debit Card,Processing
ORD03479,CST1932,PRD0046,2025-12-29,6,299475.4,Credit Card,Cancelled
ORD03480,CST3197,PRD0730,2025-10-20,10,133552.82,Credit Card,Shipped
ORD03481,CST2341,PRD0995,2025-06-28,2,431144.63,Credit Card,Shipped
ORD03482,CST1686,PRD0361,2025-10-13,10,365624.7,UPI,Processing
ORD03483,CST2241,PRD0352,2025-04-08,8,107362.57,Debit Card,Shipped
ORD03484,CST2987,PRD0855,2025-09-26,7,138698.66,Debit Card,Delivered
ORD03485,CST0189,PRD0238,2025-05-28,1,208151.04,Net Banking,Cancelled
ORD03486,CST0976,PRD0780,2025-03-16,3,184102.36,Net Banking,Cancelled
ORD03487,CST4809,PRD0601,2025-05-02,5,188003.12,Credit Card,Delivered
ORD03488,CST4940,PRD0343,2025-07-31,7,39399.13,UPI,Shipped
ORD03489,CST2394,PRD0825,2025-12-15,2,426105.92,UPI,Delivered
ORD03490,CST0753,PRD0171,2025-06-04,4,244653.73,UPI,Shipped
ORD03491,CST4120,PRD0223,2025-05-23,4,463774.72,Debit Card,Shipped
ORD03492,CST0424,PRD0357,2025-12-13,6,22283.08,Debit Card,Delivered
ORD03493,CST0712,PRD0977,2025-08-24,7,451766.81,Cash on Delivery,Delivered
ORD03494,CST3383,PRD0568,2025-06-20,7,289859.5,Cash on Delivery,Processing
ORD03495,CST3956,PRD0709,2025-10-13,10,58944.78,UPI,Shipped
ORD03496,CST3180,PRD0288,2025-02-12,4,159225.07,Credit Card,Cancelled
ORD03497,CST2044,PRD0532,2025-10-20,7,111402.44,Cash on Delivery,Delivered
ORD03498,CST4267,PRD0686,2025-07-19,10,450728.25,UPI,Cancelled
ORD03499,CST2257,PRD0266,2025-02-27,4,51510.64,Cash on Delivery,Delivered
ORD03500,CST0654,PRD0975,2025-02-12,6,440094.91,UPI,Processing
ORD03501,CST0152,PRD0274,2025-08-12,7,26901.38,Debit Card,Cancelled
ORD03502,CST4029,PRD0153,2025-06-21,10,333176.44,Debit Card,Delivered
ORD03503,CST3622,PRD0415,2025-04-04,2,379456.13,Credit Card,Delivered
ORD03504,CST1991,PRD0236,2025-10-10,2,91060.8,Cash on Delivery,Shipped
ORD03505,CST3259,PRD0143,2025-03-11,2,320682.49,Net Banking,Delivered
ORD03506,CST1024,PRD0382,2025-08-23,3,457969.15,UPI,Shipped
ORD03507,CST1666,PRD0168,2025-11-29,8,322768.56,Credit Card,Processing
ORD03508,CST1879,PRD0578,2025-09-10,8,494167.71,Credit Card,Processing
ORD03509,CST0747,PRD0515,2025-02-25,8,140795.33,Net Banking,Shipped
ORD03510,CST3487,PRD0082,2025-02-26,1,483055.39,Cash on Delivery,Cancelled
ORD03511,CST0628,PRD0408,2025-12-03,8,379974.0,Cash on Delivery,Cancelled
ORD03512,CST0196,PRD0230,2025-07-14,9,51870.69,UPI,Processing
ORD03513,CST1006,PRD0260,2025-10-05,3,251438.98,Net Banking,Delivered
ORD03514,CST2000,PRD0171,2025-12-22,7,244653.73,Debit Card,Delivered
ORD03515,CST0169,PRD0430,2025-07-11,9,100459.99,Debit Card,Processing
ORD03516,CST2212,PRD0858,2025-05-29,1,364896.12,Cash on Delivery,Shipped
ORD03517,CST0324,PRD0572,2025-04-10,3,448724.27,Debit Card,Processing
ORD03518,CST0940,PRD0939,2025-02-25,9,137483.62,Net Banking,Cancelled
ORD03519,CST4899,PRD0417,2025-09-02,5,320388.29,Credit Card,Delivered
ORD03520,CST4942,PRD0162,2025-11-13,8,359243.43,UPI,Delivered
ORD03521,CST4030,PRD0734,2025-07-03,7,41897.86,Debit Card,Processing
ORD03522,CST2330,PRD0342,2025-05-05,5,284358.28,Debit Card,Processing
ORD03523,CST1613,PRD0126,2025-02-05,5,349206.68,UPI,Processing
ORD03524,CST2067,PRD0104,2025-05-18,3,343413.97,UPI,Cancelled
ORD03525,CST4481,PRD0039,2025-10-31,10,404.11,Cash on Delivery,Processing
ORD03526,CST3676,PRD0105,2025-03-14,6,372421.86,Net Banking,Shipped
ORD03527,CST1563,PRD0208,2025-06-10,2,63766.87,Cash on Delivery,Processing
ORD03528,CST2801,PRD0795,2025-10-01,3,85392.09,Net Banking,Delivered
ORD03529,CST4969,PRD0789,2025-10-02,10,446137.04,Debit Card,Delivered
ORD03530,CST4155,PRD0904,2025-11-06,5,78739.38,Cash on Delivery,Delivered
ORD03531,CST2357,PRD0569,2025-11-18,10,131038.86,Net Banking,Shipped
ORD03532,CST2048,PRD0537,2025-07-23,2,130415.94,Net Banking,Delivered
ORD03533,CST2354,PRD0411,2025-06-23,3,314582.0,Net Banking,Delivered
ORD03534,CST1633,PRD0482,2025-06-30,3,286000.13,UPI,Shipped
ORD03535,CST2075,PRD0954,2025-04-21,2,3228.8,UPI,Delivered
ORD03536,CST3228,PRD0906,2025-07-22,10,228989.54,Cash on Delivery,Cancelled
ORD03537,CST2710,PRD0242,2025-07-30,4,96910.37,UPI,Cancelled
ORD03538,CST2967,PRD0251,2025-05-27,7,17635.27,Debit Card,Shipped
ORD03539,CST1285,PRD0241,2025-03-10,10,313050.32,Debit Card,Processing
ORD03540,CST0035,PRD0368,2025-05-17,2,41428.07,Cash on Delivery,Delivered
ORD03541,CST4765,PRD0158,2025-06-30,6,167900.97,Net Banking,Processing
ORD03542,CST1761,PRD0093,2025-11-13,2,263627.73,Cash on Delivery,Delivered
ORD03543,CST3621,PRD0263,2025-05-31,4,325576.25,Debit Card,Delivered
ORD03544,CST4978,PRD0318,2025-10-30,3,13345.53,Cash on Delivery,Cancelled
ORD03545,CST0158,PRD0164,2025-03-12,7,21192.22,Net Banking,Delivered
ORD03546,CST3059,PRD0281,2025-07-09,6,43878.01,Credit Card,Shipped
ORD03547,CST2501,PRD0587,2025-03-04,6,134463.91,Debit Card,Delivered
ORD03548,CST1033,PRD0319,2025-07-26,6,418577.73,Cash on Delivery,Delivered
ORD03549,CST4338,PRD0945,2025-03-23,6,350844.39,UPI,Delivered
ORD03550,CST4025,PRD0069,2025-03-01,8,12944.23,Cash on Delivery,Processing
ORD03551,CST0556,PRD0221,2025-12-07,7,497286.65,Net Banking,Shipped
ORD03552,CST2441,PRD0252,2025-07-04,4,106677.12,Credit Card,Processing
ORD03553,CST3750,PRD0143,2025-02-02,3,320682.49,UPI,Shipped
ORD03554,CST1131,PRD0642,2025-06-30,10,18027.53,Credit Card,Cancelled
ORD03555,CST2699,PRD0210,2025-08-23,10,417928.44,Debit Card,Processing
ORD03556,CST3553,PRD0873,2025-05-26,6,236000.43,UPI,Delivered
ORD03557,CST0052,PRD0739,2025-09-16,3,473672.61,Debit Card,Processing
ORD03558,CST4733,PRD0607,2025-05-24,4,257511.87,Credit Card,Shipped
ORD03559,CST2753,PRD0310,2025-02-14,2,91658.23,Debit Card,Processing
ORD03560,CST3979,PRD0839,2025-05-07,5,14178.61,UPI,Processing
ORD03561,CST4356,PRD0574,2025-10-05,9,402163.07,Net Banking,Delivered
ORD03562,CST2752,PRD0088,2025-07-26,10,350575.13,Cash on Delivery,Processing
ORD03563,CST2412,PRD0942,2025-07-01,1,275839.78,Cash on Delivery,Delivered
ORD03564,CST0090,PRD0046,2025-01-24,9,299475.4,UPI,Shipped
ORD03565,CST0367,PRD0212,2025-10-11,9,251709.96,Net Banking,Shipped
ORD03566,CST2422,PRD0980,2025-08-13,8,163280.99,Net Banking,Cancelled
ORD03567,CST4152,PRD0284,2025-09-09,10,309320.21,Net Banking,Processing
ORD03568,CST3573,PRD0367,2025-04-05,9,259157.27,Debit Card,Cancelled
ORD03569,CST2680,PRD0945,2025-11-12,8,350844.39,Cash on Delivery,Shipped
ORD03570,CST3193,PRD0776,2025-05-17,1,269325.44,UPI,Cancelled
ORD03571,CST2954,PRD0953,2025-08-16,10,336157.84,Debit Card,Cancelled
ORD03572,CST1537,PRD0513,2025-11-19,8,20899.02,Cash on Delivery,Processing
ORD03573,CST3496,PRD0767,2025-10-28,5,333590.31,Net Banking,Cancelled
ORD03574,CST1098,PRD0339,2025-03-29,3,408007.41,Net Banking,Processing
ORD03575,CST3199,PRD0999,2025-12-19,5,497952.63,Credit Card,Shipped
ORD03576,CST4196,PRD0270,2025-05-28,7,59429.4,UPI,Cancelled
ORD03577,CST1635,PRD0765,2025-07-20,4,490611.22,Cash on Delivery,Cancelled
ORD03578,CST0081,PRD0618,2025-11-28,3,205782.42,Net Banking,Processing
ORD03579,CST2154,PRD0315,2025-12-17,3,67666.1,Net Banking,Cancelled
ORD03580,CST2728,PRD0863,2025-09-24,3,338633.51,UPI,Shipped
ORD03581,CST1921,PRD0055,2025-09-04,2,144415.29,Net Banking,Cancelled
ORD03582,CST1143,PRD0135,2025-12-26,3,338060.45,Cash on Delivery,Cancelled
ORD03583,CST0517,PRD0986,2025-09-21,7,70647.16,Cash on Delivery,Shipped
ORD03584,CST2298,PRD0331,2025-01-02,9,268421.48,UPI,Shipped
ORD03585,CST0358,PRD0235,2025-08-23,2,184210.51,Net Banking,Cancelled
ORD03586,CST3263,PRD0601,2025-11-03,7,188003.12,Net Banking,Cancelled
ORD03587,CST2612,PRD0871,2025-08-20,3,29060.59,Credit Card,Cancelled
ORD03588,CST4631,PRD0668,2025-06-28,8,487946.19,Credit Card,Cancelled
ORD03589,CST4261,PRD0653,2025-04-23,8,134033.29,Credit Card,Shipped
ORD03590,CST0251,PRD0456,2025-08-06,5,256185.33,UPI,Processing
ORD03591,CST0966,PRD0848,2025-11-18,10,334862.88,Credit Card,Shipped
ORD03592,CST4947,PRD0134,2025-08-29,10,320861.2,UPI,Delivered
ORD03593,CST0133,PRD0612,2025-09-10,7,357151.54,Net Banking,Shipped
ORD03594,CST0607,PRD0956,2025-01-02,10,224543.72,Debit Card,Cancelled
ORD03595,CST2068,PRD0680,2025-08-19,4,109847.73,Cash on Delivery,Delivered
ORD03596,CST1913,PRD0461,2025-04-07,8,289926.23,UPI,Shipped
ORD03597,CST0473,PRD0976,2025-02-25,3,245373.68,Cash on Delivery,Processing
ORD03598,CST2843,PRD0724,2025-09-12,6,312430.82,Debit Card,Cancelled
ORD03599,CST1130,PRD0260,2025-12-28,2,251438.98,Debit Card,Processing
ORD03600,CST1859,PRD0145,2025-11-08,10,453082.61,UPI,Processing
ORD03601,CST1294,PRD0774,2025-02-10,1,193169.88,Net Banking,Processing
ORD03602,CST2351,PRD0744,2025-02-14,4,237811.1,Net Banking,Delivered
ORD03603,CST1380,PRD0940,2025-10-09,7,467460.43,Net Banking,Shipped
ORD03604,CST2906,PRD0939,2025-10-03,10,137483.62,Cash on Delivery,Processing
ORD03605,CST2350,PRD0618,2025-05-09,2,205782.42,Debit Card,Shipped
ORD03606,CST3126,PRD0782,2025-02-13,10,96160.12,Credit Card,Shipped
ORD03607,CST1349,PRD0216,2025-01-17,4,499353.57,Debit Card,Delivered
ORD03608,CST1977,PRD0204,2025-08-13,3,176114.34,Credit Card,Processing
ORD03609,CST0433,PRD0954,2025-01-29,10,3228.8,Credit Card,Processing
ORD03610,CST1254,PRD0038,2025-07-02,5,475755.84,Cash on Delivery,Delivered
ORD03611,CST4557,PRD0471,2025-01-20,7,216734.98,Cash on Delivery,Cancelled
ORD03612,CST2380,PRD0432,2025-12-10,7,108369.1,Cash on Delivery,Cancelled
ORD03613,CST0827,PRD0412,2025-03-11,2,332209.89,Debit Card,Cancelled
ORD03614,CST3581,PRD0104,2025-04-25,2,343413.97,Net Banking,Processing
ORD03615,CST0359,PRD0790,2025-12-12,9,300129.97,Credit Card,Delivered
ORD03616,CST0970,PRD0614,2025-03-31,5,111501.9,Debit Card,Delivered
ORD03617,CST2266,PRD0700,2025-12-14,7,454233.66,Debit Card,Shipped
ORD03618,CST0667,PRD0417,2025-02-06,10,320388.29,Net Banking,Cancelled
ORD03619,CST4636,PRD0793,2025-02-22,7,410776.66,UPI,Processing
ORD03620,CST3735,PRD0520,2025-12-17,5,42374.24,UPI,Shipped
ORD03621,CST1985,PRD0677,2025-07-22,8,446295.41,Debit Card,Cancelled
ORD03622,CST1038,PRD0563,2025-07-16,7,481029.59,Cash on Delivery,Processing
ORD03623,CST3109,PRD0171,2025-10-29,10,244653.73,UPI,Shipped
ORD03624,CST1823,PRD0991,2025-08-24,10,372709.84,Debit Card,Delivered
ORD03625,CST2604,PRD0957,2025-11-25,4,335001.37,Debit Card,Delivered
ORD03626,CST2851,PRD0534,2025-04-09,8,76076.88,Net Banking,Shipped
ORD03627,CST4688,PRD0787,2025-10-11,7,196082.64,Credit Card,Delivered
ORD03628,CST3767,PRD0039,2025-06-04,6,404.11,Cash on Delivery,Processing
ORD03629,CST4293,PRD0355,2025-06-30,5,328218.0,Debit Card,Delivered
ORD03630,CST3189,PRD0702,2025-05-12,1,198303.77,Cash on Delivery,Shipped
ORD03631,CST4714,PRD0852,2025-05-17,5,335708.72,Debit Card,Processing
ORD03632,CST3723,PRD0769,2025-07-16,1,16390.65,UPI,Delivered
ORD03633,CST1592,PRD0808,2025-09-16,9,305918.21,Debit Card,Cancelled
ORD03634,CST4127,PRD0474,2025-10-28,10,228298.1,Cash on Delivery,Delivered
ORD03635,CST4617,PRD0332,2025-11-27,10,272249.32,Net Banking,Cancelled
ORD03636,CST2297,PRD0013,2025-10-18,5,291862.99,Cash on Delivery,Delivered
ORD03637,CST0191,PRD0690,2025-08-16,5,82263.03,UPI,Delivered
ORD03638,CST3927,PRD0997,2025-12-13,8,202580.02,Debit Card,Shipped
ORD03639,CST4208,PRD0106,2025-07-12,8,266553.12,Debit Card,Delivered
ORD03640,CST3185,PRD0411,2025-11-05,7,314582.0,Cash on Delivery,Cancelled
ORD03641,CST0434,PRD0457,2025-03-05,3,450517.49,UPI,Processing
ORD03642,CST3600,PRD0644,2025-03-07,3,363392.56,Cash on Delivery,Cancelled
ORD03643,CST3266,PRD0155,2025-08-27,3,311483.01,Net Banking,Delivered
ORD03644,CST3068,PRD0426,2025-12-11,1,455425.53,Debit Card,Processing
ORD03645,CST4351,PRD0030,2025-10-06,9,135855.72,Credit Card,Delivered
ORD03646,CST3413,PRD0120,2025-01-17,10,280532.71,UPI,Shipped
ORD03647,CST1587,PRD0400,2025-02-05,9,236491.91,Net Banking,Delivered
ORD03648,CST0074,PRD0504,2025-06-05,6,151643.81,Debit Card,Shipped
ORD03649,CST4300,PRD0039,2025-12-07,3,404.11,Debit Card,Cancelled
ORD03650,CST3697,PRD0899,2025-03-07,3,470538.02,Cash on Delivery,Processing
ORD03651,CST1571,PRD0366,2025-07-16,4,325775.78,UPI,Cancelled
ORD03652,CST2196,PRD0302,2025-09-07,6,429435.64,UPI,Cancelled
ORD03653,CST3319,PRD0929,2025-02-14,8,389459.45,Debit Card,Processing
ORD03654,CST4805,PRD0819,2025-12-30,5,149969.04,Net Banking,Delivered
ORD03655,CST4973,PRD0103,2025-10-16,3,477670.48,Credit Card,Cancelled
ORD03656,CST2246,PRD0352,2025-06-14,10,107362.57,Net Banking,Cancelled
ORD03657,CST2074,PRD0478,2025-06-09,6,306836.42,Credit Card,Processing
ORD03658,CST2663,PRD0831,2025-08-10,8,220638.31,UPI,Processing
ORD03659,CST1571,PRD0212,2025-11-09,5,251709.96,Cash on Delivery,Delivered
ORD03660,CST0791,PRD0902,2025-02-18,8,430847.47,UPI,Shipped
ORD03661,CST0040,PRD0016,2025-12-02,6,367901.61,Debit Card,Processing
ORD03662,CST0239,PRD0569,2025-01-21,10,131038.86,Cash on Delivery,Shipped
ORD03663,CST0125,PRD0454,2025-11-14,2,74767.36,UPI,Shipped
ORD03664,CST1235,PRD0618,2025-06-20,9,205782.42,Cash on Delivery,Processing
ORD03665,CST3554,PRD0783,2025-03-27,7,18194.12,Net Banking,Delivered
ORD03666,CST4800,PRD0284,2025-12-16,6,309320.21,Cash on Delivery,Shipped
ORD03667,CST2068,PRD0344,2025-12-25,8,71241.49,Net Banking,Cancelled
ORD03668,CST3003,PRD0223,2025-12-02,7,463774.72,UPI,Delivered
ORD03669,CST4176,PRD0899,2025-07-25,3,470538.02,Cash on Delivery,Shipped
ORD03670,CST4902,PRD0560,2025-02-17,1,268038.22,Debit Card,Shipped
ORD03671,CST3066,PRD0509,2025-04-24,2,449794.29,Credit Card,Shipped
ORD03672,CST4963,PRD0421,2025-12-18,6,119515.57,UPI,Delivered
ORD03673,CST2562,PRD0994,2025-03-03,7,482813.95,Cash on Delivery,Processing
ORD03674,CST1099,PRD0997,2025-06-06,7,202580.02,UPI,Processing
ORD03675,CST4410,PRD0766,2025-02-15,3,17048.03,UPI,Cancelled
ORD03676,CST1652,PRD0331,2025-10-06,9,268421.48,Net Banking,Processing
ORD03677,CST1849,PRD0064,2025-04-22,9,353042.17,Net Banking,Processing
ORD03678,CST4693,PRD0905,2025-02-21,10,425456.72,UPI,Shipped
ORD03679,CST0247,PRD0684,2025-02-26,2,468185.59,Credit Card,Shipped
ORD03680,CST4347,PRD0178,2025-08-13,8,92916.82,Debit Card,Processing
ORD03681,CST2277,PRD0464,2025-10-04,1,206183.16,Credit Card,Delivered
ORD03682,CST1859,PRD0921,2025-12-07,6,328293.69,Credit Card,Delivered
ORD03683,CST4331,PRD0037,2025-06-04,2,19282.54,Net Banking,Shipped
ORD03684,CST2748,PRD0291,2025-08-11,4,86034.61,Debit Card,Shipped
ORD03685,CST2510,PRD0074,2025-06-25,10,365866.1,UPI,Shipped
ORD03686,CST1639,PRD0650,2025-05-02,9,269438.6,Net Banking,Cancelled
ORD03687,CST1900,PRD0349,2025-12-05,4,347263.57,Cash on Delivery,Cancelled
ORD03688,CST3289,PRD0326,2025-04-01,9,420915.05,Net Banking,Processing
ORD03689,CST2186,PRD0580,2025-10-08,7,391109.22,Debit Card,Cancelled
ORD03690,CST2941,PRD0614,2025-06-29,9,111501.9,Credit Card,Shipped
ORD03691,CST2409,PRD0457,2025-02-23,4,450517.49,Credit Card,Cancelled
ORD03692,CST1465,PRD0604,2025-01-05,7,55662.65,Net Banking,Shipped
ORD03693,CST0153,PRD0474,2025-11-19,3,228298.1,UPI,Processing
ORD03694,CST0245,PRD0190,2025-07-21,9,409175.78,Credit Card,Shipped
ORD03695,CST3271,PRD0650,2025-04-11,8,269438.6,Credit Card,Shipped
ORD03696,CST4568,PRD0981,2025-05-11,3,245722.69,Net Banking,Delivered
ORD03697,CST0671,PRD0028,2025-02-17,6,389595.07,UPI,Shipped
ORD03698,CST1952,PRD0137,2025-03-29,2,446911.84,UPI,Shipped
ORD03699,CST0598,PRD0231,2025-02-05,2,212707.32,Credit Card,Delivered
ORD03700,CST1808,PRD0931,2025-11-26,8,222034.09,Credit Card,Processing
ORD03701,CST2710,PRD0153,2025-01-08,7,333176.44,Credit Card,Delivered
ORD03702,CST1876,PRD0722,2025-05-19,6,354547.31,Debit Card,Processing
ORD03703,CST1779,PRD0327,2025-03-10,4,127706.45,Net Banking,Shipped
ORD03704,CST1340,PRD0775,2025-10-06,3,370470.97,Cash on Delivery,Cancelled
ORD03705,CST2594,PRD0722,2025-01-15,1,354547.31,Cash on Delivery,Shipped
ORD03706,CST2925,PRD0469,2025-10-21,7,133106.62,Credit Card,Processing
ORD03707,CST1559,PRD0019,2025-05-27,9,189955.9,Debit Card,Processing
ORD03708,CST0532,PRD0135,2025-08-23,10,338060.45,Debit Card,Cancelled
ORD03709,CST3216,PRD0228,2025-02-25,6,28490.37,Net Banking,Processing
ORD03710,CST0399,PRD0495,2025-06-29,5,290468.87,Net Banking,Delivered
ORD03711,CST4938,PRD0545,2025-12-03,1,287988.76,Cash on Delivery,Processing
ORD03712,CST2935,PRD0409,2025-07-06,6,141151.06,Debit Card,Processing
ORD03713,CST4303,PRD0404,2025-07-24,1,28934.96,Credit Card,Cancelled
ORD03714,CST0725,PRD0880,2025-05-04,2,63863.81,Net Banking,Shipped
ORD03715,CST0317,PRD0644,2025-02-24,2,363392.56,Cash on Delivery,Shipped
ORD03716,CST2922,PRD0443,2025-04-07,8,450257.21,Cash on Delivery,Cancelled
ORD03717,CST3509,PRD0189,2025-07-23,6,292337.81,Debit Card,Shipped
ORD03718,CST1027,PRD0055,2025-08-10,5,144415.29,Credit Card,Processing
ORD03719,CST0619,PRD0574,2025-05-27,8,402163.07,Credit Card,Shipped
ORD03720,CST0288,PRD0263,2025-08-08,6,325576.25,UPI,Cancelled
ORD03721,CST2042,PRD0742,2025-04-16,4,112459.93,Credit Card,Cancelled
ORD03722,CST0183,PRD0898,2025-12-19,6,488851.36,UPI,Processing
ORD03723,CST1462,PRD0709,2025-08-12,3,58944.78,Debit Card,Shipped
ORD03724,CST1571,PRD0824,2025-09-18,1,182628.31,UPI,Shipped
ORD03725,CST4885,PRD0442,2025-03-23,7,465783.01,UPI,Processing
ORD03726,CST2445,PRD0673,2025-01-26,10,387197.85,UPI,Processing
ORD03727,CST4423,PRD0257,2025-01-19,2,25097.81,Cash on Delivery,Processing
ORD03728,CST2623,PRD0767,2025-11-07,1,333590.31,Debit Card,Shipped
ORD03729,CST1438,PRD0978,2025-11-06,8,262067.23,Credit Card,Delivered
ORD03730,CST0138,PRD0982,2025-04-30,4,227177.39,Credit Card,Cancelled
ORD03731,CST2372,PRD0606,2025-01-21,6,58545.66,Cash on Delivery,Shipped
ORD03732,CST4099,PRD0424,2025-02-09,7,244732.68,Credit Card,Shipped
ORD03733,CST1350,PRD0123,2025-03-31,6,404763.53,Credit Card,Processing
ORD03734,CST4887,PRD0500,2025-07-14,4,127359.0,UPI,Processing
ORD03735,CST0983,PRD0029,2025-05-01,9,254739.05,Debit Card,Processing
ORD03736,CST3416,PRD0738,2025-05-04,8,247683.34,UPI,Delivered
ORD03737,CST2052,PRD0601,2025-04-14,4,188003.12,Cash on Delivery,Cancelled
ORD03738,CST4534,PRD0527,2025-07-06,1,81723.08,Net Banking,Delivered
ORD03739,CST0561,PRD0354,2025-12-26,6,484265.29,UPI,Processing
ORD03740,CST4664,PRD0443,2025-03-21,8,450257.21,Credit Card,Delivered
ORD03741,CST3081,PRD0308,2025-06-30,2,70787.83,Credit Card,Cancelled
ORD03742,CST3437,PRD0594,2025-07-01,1,416705.86,Net Banking,Cancelled
ORD03743,CST4281,PRD0062,2025-06-26,10,7644.0,Net Banking,Shipped
ORD03744,CST2249,PRD0041,2025-02-23,8,386068.92,Cash on Delivery,Processing
ORD03745,CST2142,PRD0256,2025-01-26,4,469841.46,Cash on Delivery,Cancelled
ORD03746,CST2920,PRD0227,2025-03-08,2,233563.85,Cash on Delivery,Cancelled
ORD03747,CST3131,PRD0466,2025-02-28,8,135125.57,Cash on Delivery,Shipped
ORD03748,CST2833,PRD0011,2025-09-21,2,50487.59,Credit Card,Delivered
ORD03749,CST1189,PRD0359,2025-09-04,8,223411.48,Debit Card,Cancelled
ORD03750,CST2283,PRD0187,2025-04-15,1,459959.6,Credit Card,Processing
ORD03751,CST2790,PRD0845,2025-08-31,2,228106.59,UPI,Cancelled
ORD03752,CST0100,PRD0753,2025-06-11,10,405386.83,UPI,Shipped
ORD03753,CST2635,PRD0972,2025-03-15,6,199305.11,Cash on Delivery,Processing
ORD03754,CST2595,PRD0118,2025-03-22,10,283836.47,Debit Card,Cancelled
ORD03755,CST4587,PRD0183,2025-05-11,10,442712.73,Cash on Delivery,Delivered
ORD03756,CST3387,PRD0437,2025-10-14,5,278819.26,Debit Card,Shipped
ORD03757,CST1616,PRD0687,2025-11-10,10,358030.85,UPI,Delivered
ORD03758,CST0329,PRD0247,2025-08-21,2,134623.99,UPI,Cancelled
ORD03759,CST3810,PRD0178,2025-07-05,10,92916.82,UPI,Shipped
ORD03760,CST0096,PRD0841,2025-02-09,2,388165.42,Net Banking,Delivered
ORD03761,CST1815,PRD0693,2025-10-13,2,140415.56,UPI,Delivered
ORD03762,CST0498,PRD0358,2025-08-29,7,56119.57,Credit Card,Cancelled
ORD03763,CST0952,PRD0128,2025-07-07,3,488283.83,Credit Card,Shipped
ORD03764,CST0036,PRD0844,2025-03-06,9,490284.24,Net Banking,Delivered
ORD03765,CST3212,PRD0389,2025-09-07,7,385961.68,Cash on Delivery,Delivered
ORD03766,CST0744,PRD0467,2025-01-25,9,74123.04,Cash on Delivery,Shipped
ORD03767,CST3705,PRD0743,2025-07-28,7,4504.46,Cash on Delivery,Processing
ORD03768,CST1741,PRD0655,2025-08-05,6,268218.84,Debit Card,Delivered
ORD03769,CST4263,PRD0341,2025-10-21,1,328048.48,UPI,Shipped
ORD03770,CST2252,PRD0997,2025-07-19,1,202580.02,Net Banking,Processing
ORD03771,CST4780,PRD0743,2025-09-30,1,4504.46,Net Banking,Delivered
ORD03772,CST4754,PRD0590,2025-09-14,9,27079.31,Credit Card,Delivered
ORD03773,CST0432,PRD0261,2025-09-20,6,262484.66,Net Banking,Processing
ORD03774,CST0969,PRD0805,2025-02-12,6,466760.39,UPI,Cancelled
ORD03775,CST2699,PRD0320,2025-03-18,1,34695.8,UPI,Processing
ORD03776,CST3388,PRD0718,2025-07-29,2,276001.51,UPI,Shipped
ORD03777,CST3508,PRD0463,2025-04-12,4,24303.03,Credit Card,Cancelled
ORD03778,CST2983,PRD0762,2025-12-13,7,380190.91,Cash on Delivery,Cancelled
ORD03779,CST4560,PRD0548,2025-05-02,9,466203.13,Credit Card,Processing
ORD03780,CST1696,PRD0062,2025-09-14,9,7644.0,Net Banking,Processing
ORD03781,CST4372,PRD0247,2025-06-18,7,134623.99,UPI,Cancelled
ORD03782,CST4806,PRD0095,2025-07-18,4,223259.72,UPI,Cancelled
ORD03783,CST1601,PRD0343,2025-12-14,9,39399.13,Cash on Delivery,Processing
ORD03784,CST2560,PRD0432,2025-01-30,6,108369.1,Debit Card,Shipped
ORD03785,CST4353,PRD0642,2025-04-29,10,18027.53,Credit Card,Cancelled
ORD03786,CST0523,PRD0003,2025-03-07,6,220983.37,Cash on Delivery,Processing
ORD03787,CST1420,PRD0107,2025-12-27,6,234275.96,UPI,Processing
ORD03788,CST1510,PRD0438,2025-11-04,1,185862.82,Cash on Delivery,Delivered
ORD03789,CST1769,PRD0600,2025-07-21,1,381581.84,Cash on Delivery,Delivered
ORD03790,CST3713,PRD0519,2025-04-23,7,281491.29,Net Banking,Cancelled
ORD03791,CST0401,PRD0541,2025-06-30,2,164140.75,UPI,Processing
ORD03792,CST1406,PRD0251,2025-12-05,2,17635.27,Net Banking,Delivered
ORD03793,CST4855,PRD0364,2025-08-17,4,327801.04,UPI,Delivered
ORD03794,CST3949,PRD0369,2025-12-07,2,217054.57,Cash on Delivery,Processing
ORD03795,CST0029,PRD0730,2025-11-22,3,133552.82,Net Banking,Shipped
ORD03796,CST0935,PRD0337,2025-12-06,9,250697.44,Credit Card,Shipped
ORD03797,CST4389,PRD0183,2025-02-05,9,442712.73,Net Banking,Delivered
ORD03798,CST3075,PRD0218,2025-05-31,2,80392.41,Credit Card,Processing
ORD03799,CST3963,PRD0699,2025-01-21,10,394615.9,Credit Card,Processing
ORD03800,CST2268,PRD0634,2025-03-26,6,87769.43,UPI,Delivered
ORD03801,CST3671,PRD0805,2025-04-05,8,466760.39,Net Banking,Delivered
ORD03802,CST4841,PRD0825,2025-09-22,7,426105.92,Cash on Delivery,Processing
ORD03803,CST4739,PRD0165,2025-08-07,7,41259.55,Net Banking,Processing
ORD03804,CST4195,PRD0628,2025-02-06,6,273070.51,UPI,Cancelled
ORD03805,CST4908,PRD0150,2025-07-23,3,346198.44,UPI,Cancelled
ORD03806,CST3408,PRD0206,2025-06-09,2,197179.77,Cash on Delivery,Delivered
ORD03807,CST1339,PRD0323,2025-07-28,9,171393.79,Cash on Delivery,Processing
ORD03808,CST1301,PRD0276,2025-10-23,2,219495.98,Net Banking,Delivered
ORD03809,CST0879,PRD0989,2025-01-01,10,417438.58,Net Banking,Shipped
ORD03810,CST3169,PRD0793,2025-03-25,9,410776.66,Cash on Delivery,Processing
ORD03811,CST4535,PRD0698,2025-09-13,10,492296.62,Cash on Delivery,Delivered
ORD03812,CST0642,PRD0472,2025-03-02,4,432456.94,Cash on Delivery,Delivered
ORD03813,CST0872,PRD0925,2025-03-20,7,145643.55,Cash on Delivery,Processing
ORD03814,CST1659,PRD0983,2025-05-30,3,270040.45,Cash on Delivery,Delivered
ORD03815,CST0435,PRD0339,2025-01-03,2,408007.41,UPI,Processing
ORD03816,CST4982,PRD0114,2025-05-07,6,112637.36,UPI,Processing
ORD03817,CST4545,PRD0916,2025-12-12,7,388891.05,Net Banking,Delivered
ORD03818,CST4566,PRD0768,2025-12-16,1,200993.95,Cash on Delivery,Shipped
ORD03819,CST1630,PRD0365,2025-12-05,8,74809.6,UPI,Shipped
ORD03820,CST1350,PRD0518,2025-04-21,4,474169.56,UPI,Delivered
ORD03821,CST4383,PRD0908,2025-04-24,1,413157.39,Debit Card,Shipped
ORD03822,CST4116,PRD0797,2025-08-06,1,442613.4,Credit Card,Processing
ORD03823,CST2618,PRD0959,2025-10-21,8,60127.04,Credit Card,Delivered
ORD03824,CST4537,PRD0035,2025-09-04,3,435053.37,Credit Card,Cancelled
ORD03825,CST2333,PRD0855,2025-01-10,5,138698.66,Debit Card,Cancelled
ORD03826,CST1567,PRD0534,2025-08-22,10,76076.88,Net Banking,Cancelled
ORD03827,CST0813,PRD0182,2025-05-08,5,384713.55,Cash on Delivery,Delivered
ORD03828,CST3055,PRD0654,2025-01-28,5,204830.02,Credit Card,Processing
ORD03829,CST0090,PRD0019,2025-10-31,1,189955.9,Cash on Delivery,Shipped
ORD03830,CST1092,PRD0490,2025-06-03,4,71859.02,Cash on Delivery,Delivered
ORD03831,CST2884,PRD0958,2025-10-18,8,95954.81,Credit Card,Processing
ORD03832,CST0673,PRD0026,2025-10-06,8,332620.96,Credit Card,Shipped
ORD03833,CST2508,PRD0313,2025-01-21,2,248044.63,UPI,Cancelled
ORD03834,CST1520,PRD0192,2025-06-26,2,427496.73,UPI,Processing
ORD03835,CST3451,PRD0343,2025-05-07,7,39399.13,Debit Card,Delivered
ORD03836,CST3342,PRD0340,2025-11-21,5,61873.66,Credit Card,Cancelled
ORD03837,CST3124,PRD0665,2025-10-15,5,71040.78,Net Banking,Delivered
ORD03838,CST3216,PRD0246,2025-12-10,8,244876.34,Debit Card,Processing
ORD03839,CST0419,PRD0764,2025-06-05,6,445630.8,Credit Card,Delivered
ORD03840,CST3761,PRD0059,2025-09-16,4,69890.6,UPI,Delivered
ORD03841,CST4329,PRD0082,2025-12-20,1,483055.39,Cash on Delivery,Processing
ORD03842,CST1742,PRD0962,2025-07-18,6,177543.33,Debit Card,Shipped
ORD03843,CST0103,PRD0414,2025-10-19,3,404646.47,Net Banking,Delivered
ORD03844,CST3841,PRD0198,2025-09-14,8,126993.94,Cash on Delivery,Shipped
ORD03845,CST0949,PRD0207,2025-01-15,1,343998.24,Net Banking,Cancelled
ORD03846,CST0596,PRD0687,2025-06-05,3,358030.85,Cash on Delivery,Shipped
ORD03847,CST3147,PRD0194,2025-02-06,5,446793.8,UPI,Shipped
ORD03848,CST2939,PRD0175,2025-04-09,8,64060.28,Net Banking,Processing
ORD03849,CST0357,PRD0710,2025-07-14,4,402633.23,Cash on Delivery,Shipped
ORD03850,CST0522,PRD0448,2025-07-13,5,314809.29,Debit Card,Delivered
ORD03851,CST3041,PRD0492,2025-03-15,7,484004.12,Cash on Delivery,Processing
ORD03852,CST1356,PRD0920,2025-01-24,10,317825.42,Debit Card,Shipped
ORD03853,CST4942,PRD0894,2025-06-08,7,153484.23,Cash on Delivery,Processing
ORD03854,CST4074,PRD0546,2025-12-03,7,20751.92,Net Banking,Cancelled
ORD03855,CST0187,PRD0583,2025-07-10,9,175824.78,Debit Card,Shipped
ORD03856,CST2751,PRD0843,2025-01-20,5,215724.84,Credit Card,Processing
ORD03857,CST1272,PRD0659,2025-05-25,5,138334.77,Cash on Delivery,Shipped
ORD03858,CST3307,PRD0952,2025-09-12,7,489910.94,Debit Card,Delivered
ORD03859,CST2902,PRD0838,2025-03-10,1,212633.17,Debit Card,Cancelled
ORD03860,CST2712,PRD0431,2025-09-18,10,180900.9,UPI,Shipped
ORD03861,CST1493,PRD0368,2025-07-19,2,41428.07,Cash on Delivery,Shipped
ORD03862,CST4879,PRD0372,2025-05-27,8,11186.02,UPI,Processing
ORD03863,CST3227,PRD0358,2025-09-10,7,56119.57,Net Banking,Delivered
ORD03864,CST3428,PRD0429,2025-10-13,3,84478.67,Net Banking,Delivered
ORD03865,CST1437,PRD0412,2025-02-23,2,332209.89,Net Banking,Delivered
ORD03866,CST3356,PRD0683,2025-05-31,1,465400.22,Debit Card,Shipped
ORD03867,CST3476,PRD0418,2025-08-13,5,14440.45,Net Banking,Processing
ORD03868,CST1696,PRD0685,2025-05-07,8,456765.97,Debit Card,Shipped
ORD03869,CST4302,PRD0168,2025-06-20,2,322768.56,Cash on Delivery,Cancelled
ORD03870,CST4329,PRD0493,2025-03-01,1,463630.33,Credit Card,Shipped
ORD03871,CST0767,PRD0406,2025-09-28,7,383243.16,Net Banking,Shipped
ORD03872,CST4854,PRD0049,2025-11-06,3,305057.06,Credit Card,Cancelled
ORD03873,CST3993,PRD0151,2025-11-18,4,262566.67,Credit Card,Delivered
ORD03874,CST4573,PRD0063,2025-10-11,2,392027.06,Cash on Delivery,Delivered
ORD03875,CST2105,PRD0723,2025-08-24,8,30682.04,UPI,Cancelled
ORD03876,CST3426,PRD0954,2025-03-31,3,3228.8,Credit Card,Processing
ORD03877,CST3299,PRD0810,2025-05-11,9,150869.36,Net Banking,Delivered
ORD03878,CST1448,PRD0979,2025-01-13,2,392765.58,Credit Card,Shipped
ORD03879,CST2221,PRD0600,2025-08-04,10,381581.84,Cash on Delivery,Processing
ORD03880,CST2215,PRD0222,2025-10-23,4,495711.35,Credit Card,Cancelled
ORD03881,CST4022,PRD0952,2025-04-22,3,489910.94,UPI,Cancelled
ORD03882,CST0559,PRD0984,2025-05-07,1,292739.92,Cash on Delivery,Processing
ORD03883,CST1149,PRD0809,2025-04-21,8,108687.46,Net Banking,Shipped
ORD03884,CST3539,PRD0833,2025-07-02,3,25768.5,UPI,Cancelled
ORD03885,CST1582,PRD0641,2025-07-05,8,8698.24,Cash on Delivery,Shipped
ORD03886,CST2493,PRD0040,2025-12-14,9,258289.75,Cash on Delivery,Delivered
ORD03887,CST1939,PRD0623,2025-02-28,4,440872.68,Cash on Delivery,Shipped
ORD03888,CST1262,PRD0893,2025-03-27,4,493962.8,Cash on Delivery,Delivered
ORD03889,CST3170,PRD0402,2025-06-11,10,257726.77,Debit Card,Cancelled
ORD03890,CST2193,PRD0995,2025-07-06,7,431144.63,Net Banking,Cancelled
ORD03891,CST3377,PRD0224,2025-02-06,4,140719.79,Debit Card,Shipped
ORD03892,CST1656,PRD0477,2025-08-09,7,229713.94,Cash on Delivery,Processing
ORD03893,CST1165,PRD0471,2025-06-07,7,216734.98,Net Banking,Processing
ORD03894,CST2599,PRD0430,2025-04-23,3,100459.99,Credit Card,Cancelled
ORD03895,CST4671,PRD0113,2025-03-13,7,480366.85,UPI,Processing
ORD03896,CST4928,PRD0287,2025-11-06,5,20378.33,UPI,Processing
ORD03897,CST3920,PRD0223,2025-01-19,10,463774.72,Cash on Delivery,Cancelled
ORD03898,CST2726,PRD0122,2025-06-06,8,58233.85,Debit Card,Shipped
ORD03899,CST1866,PRD0678,2025-08-03,10,49411.74,Debit Card,Processing
ORD03900,CST3658,PRD0832,2025-04-27,10,72199.23,Cash on Delivery,Processing
ORD03901,CST1903,PRD0364,2025-03-17,5,327801.04,Net Banking,Cancelled
ORD03902,CST2916,PRD0487,2025-11-17,9,417899.62,Credit Card,Shipped
ORD03903,CST0004,PRD0844,2025-09-14,9,490284.24,Debit Card,Delivered
ORD03904,CST0821,PRD0698,2025-01-06,4,492296.62,Cash on Delivery,Shipped
ORD03905,CST2079,PRD0403,2025-08-13,8,277773.89,UPI,Cancelled
ORD03906,CST1224,PRD0179,2025-12-01,3,266939.11,Credit Card,Cancelled
ORD03907,CST4387,PRD0607,2025-11-01,10,257511.87,UPI,Shipped
ORD03908,CST1446,PRD0848,2025-04-08,9,334862.88,Cash on Delivery,Delivered
ORD03909,CST2163,PRD0786,2025-03-23,3,79605.99,Net Banking,Cancelled
ORD03910,CST3609,PRD0307,2025-07-05,7,126220.86,Cash on Delivery,Cancelled
ORD03911,CST2091,PRD0922,2025-10-22,5,219694.88,Net Banking,Delivered
ORD03912,CST4995,PRD0468,2025-02-28,9,464481.36,Net Banking,Cancelled
ORD03913,CST2320,PRD0372,2025-05-26,6,11186.02,Net Banking,Delivered
ORD03914,CST4639,PRD0916,2025-07-15,7,388891.05,Credit Card,Shipped
ORD03915,CST4984,PRD0527,2025-12-07,4,81723.08,Debit Card,Processing
ORD03916,CST0041,PRD0159,2025-02-14,10,486431.31,UPI,Delivered
ORD03917,CST2357,PRD0073,2025-05-08,10,207272.6,Debit Card,Cancelled
ORD03918,CST4873,PRD0545,2025-02-06,7,287988.76,Credit Card,Processing
ORD03919,CST4157,PRD0908,2025-05-05,9,413157.39,UPI,Delivered
ORD03920,CST0154,PRD0351,2025-11-27,1,213059.7,UPI,Processing
ORD03921,CST2717,PRD0270,2025-08-31,6,59429.4,Cash on Delivery,Processing
ORD03922,CST4304,PRD0830,2025-05-23,10,69014.21,Debit Card,Processing
ORD03923,CST4465,PRD0425,2025-01-10,9,293030.07,Debit Card,Cancelled
ORD03924,CST1644,PRD0965,2025-04-17,2,334344.01,Credit Card,Delivered
ORD03925,CST1581,PRD0240,2025-01-26,3,134506.53,UPI,Processing
ORD03926,CST0440,PRD0477,2025-01-25,6,229713.94,Credit Card,Processing
ORD03927,CST3516,PRD0563,2025-12-28,7,481029.59,Credit Card,Processing
ORD03928,CST2003,PRD0529,2025-06-27,5,178140.65,UPI,Shipped
ORD03929,CST3655,PRD0768,2025-06-28,10,200993.95,Net Banking,Cancelled
ORD03930,CST2353,PRD0296,2025-06-07,2,283660.66,Net Banking,Delivered
ORD03931,CST2738,PRD0012,2025-06-20,3,423350.6,Net Banking,Shipped
ORD03932,CST1333,PRD0203,2025-02-09,4,17047.79,UPI,Shipped
ORD03933,CST3918,PRD0969,2025-05-14,3,315284.44,UPI,Processing
ORD03934,CST1488,PRD0065,2025-12-08,1,316183.24,Debit Card,Shipped
ORD03935,CST4116,PRD0129,2025-06-21,4,48659.49,UPI,Processing
ORD03936,CST4842,PRD0397,2025-12-17,2,123082.93,Debit Card,Delivered
ORD03937,CST2876,PRD0808,2025-11-17,3,305918.21,Credit Card,Processing
ORD03938,CST2807,PRD0684,2025-06-05,9,468185.59,UPI,Shipped
ORD03939,CST2293,PRD0369,2025-01-11,9,217054.57,UPI,Shipped
ORD03940,CST2662,PRD0819,2025-05-08,9,149969.04,Net Banking,Cancelled
ORD03941,CST2338,PRD0925,2025-01-30,6,145643.55,UPI,Cancelled
ORD03942,CST0722,PRD0124,2025-08-20,5,32354.36,Cash on Delivery,Cancelled
ORD03943,CST4014,PRD0065,2025-03-21,5,316183.24,Cash on Delivery,Delivered
ORD03944,CST2357,PRD0148,2025-07-08,6,27874.16,Credit Card,Shipped
ORD03945,CST4965,PRD0946,2025-11-18,4,98554.47,Net Banking,Processing
ORD03946,CST1343,PRD0823,2025-10-25,8,357967.29,Debit Card,Shipped
ORD03947,CST3549,PRD0575,2025-11-06,4,325253.23,Credit Card,Delivered
ORD03948,CST2919,PRD0380,2025-04-30,4,287266.29,Debit Card,Cancelled
ORD03949,CST4242,PRD0318,2025-09-04,5,13345.53,Credit Card,Shipped
ORD03950,CST2737,PRD0689,2025-10-10,10,236824.36,Net Banking,Cancelled
ORD03951,CST0055,PRD0936,2025-10-03,5,260392.6,Debit Card,Processing
ORD03952,CST3567,PRD0593,2025-05-02,1,152240.31,UPI,Cancelled
ORD03953,CST1741,PRD0700,2025-10-03,9,454233.66,UPI,Shipped
ORD03954,CST4002,PRD0858,2025-05-04,6,364896.12,Cash on Delivery,Cancelled
ORD03955,CST3799,PRD0488,2025-02-23,9,113006.67,Credit Card,Shipped
ORD03956,CST0122,PRD0793,2025-05-31,5,410776.66,Net Banking,Shipped
ORD03957,CST2438,PRD0311,2025-09-05,9,76425.13,UPI,Cancelled
ORD03958,CST0522,PRD0970,2025-10-16,1,39467.04,UPI,Delivered
ORD03959,CST1402,PRD0925,2025-09-24,9,145643.55,UPI,Delivered
ORD03960,CST3486,PRD0696,2025-12-16,4,228766.83,Cash on Delivery,Delivered
ORD03961,CST0375,PRD0569,2025-09-10,3,131038.86,Credit Card,Shipped
ORD03962,CST2384,PRD0497,2025-01-29,8,407483.68,Debit Card,Processing
ORD03963,CST4771,PRD0177,2025-03-30,3,416799.81,Cash on Delivery,Processing
ORD03964,CST1984,PRD0711,2025-08-22,6,80496.35,Credit Card,Processing
ORD03965,CST0040,PRD0804,2025-10-16,3,497620.57,Debit Card,Delivered
ORD03966,CST2473,PRD0573,2025-02-12,6,175769.62,UPI,Delivered
ORD03967,CST1638,PRD0358,2025-03-01,7,56119.57,UPI,Processing
ORD03968,CST3977,PRD0011,2025-11-12,7,50487.59,Net Banking,Cancelled
ORD03969,CST1094,PRD0139,2025-01-28,1,157114.43,UPI,Cancelled
ORD03970,CST4631,PRD0801,2025-01-28,3,397473.03,Cash on Delivery,Processing
ORD03971,CST0927,PRD0464,2025-12-29,7,206183.16,Credit Card,Processing
ORD03972,CST3534,PRD0966,2025-05-23,8,492739.35,UPI,Shipped
ORD03973,CST2758,PRD0697,2025-04-14,2,362110.12,Net Banking,Cancelled
ORD03974,CST4666,PRD0272,2025-04-15,10,288054.49,Debit Card,Shipped
ORD03975,CST0311,PRD0424,2025-04-19,6,244732.68,Credit Card,Cancelled
ORD03976,CST2375,PRD0441,2025-01-08,2,402206.34,Net Banking,Cancelled
ORD03977,CST4106,PRD0568,2025-09-22,9,289859.5,Debit Card,Delivered
ORD03978,CST0868,PRD0803,2025-05-01,1,424917.53,Debit Card,Shipped
ORD03979,CST0723,PRD0194,2025-12-06,1,446793.8,Net Banking,Shipped
ORD03980,CST1764,PRD0808,2025-07-16,8,305918.21,Debit Card,Shipped
ORD03981,CST0440,PRD0724,2025-06-03,9,312430.82,Cash on Delivery,Processing
ORD03982,CST0900,PRD0860,2025-02-22,4,185401.93,Cash on Delivery,Processing
ORD03983,CST2651,PRD0453,2025-09-04,6,262280.87,Net Banking,Cancelled
ORD03984,CST1604,PRD0188,2025-04-16,3,319504.96,Debit Card,Processing
ORD03985,CST3127,PRD0033,2025-05-01,5,46608.17,Net Banking,Shipped
ORD03986,CST4595,PRD0711,2025-11-05,9,80496.35,Cash on Delivery,Delivered
ORD03987,CST0371,PRD0746,2025-11-24,6,325252.45,UPI,Shipped
ORD03988,CST3955,PRD0176,2025-03-18,10,62187.17,UPI,Delivered
ORD03989,CST1612,PRD0767,2025-07-02,1,333590.31,UPI,Processing
ORD03990,CST1086,PRD0222,2025-10-27,9,495711.35,UPI,Delivered
ORD03991,CST3492,PRD0761,2025-08-29,10,358469.67,Debit Card,Shipped
ORD03992,CST0266,PRD0470,2025-04-01,6,282322.76,UPI,Delivered
ORD03993,CST0151,PRD0019,2025-05-18,6,189955.9,UPI,Shipped
ORD03994,CST2115,PRD0326,2025-01-08,3,420915.05,Net Banking,Processing
ORD03995,CST1354,PRD0317,2025-07-11,8,246252.59,Cash on Delivery,Shipped
ORD03996,CST2211,PRD0484,2025-03-04,1,411674.03,Credit Card,Delivered
ORD03997,CST1164,PRD0954,2025-01-29,6,3228.8,Cash on Delivery,Processing
ORD03998,CST0053,PRD0871,2025-01-09,10,29060.59,Debit Card,Cancelled
ORD03999,CST2454,PRD0600,2025-03-05,6,381581.84,Credit Card,Processing
ORD04000,CST4371,PRD0104,2025-01-31,9,343413.97,Cash on Delivery,Processing
ORD04001,CST0941,PRD0856,2025-03-09,5,370444.62,Debit Card,Cancelled
ORD04002,CST4404,PRD0509,2025-09-19,5,449794.29,Cash on Delivery,Delivered
ORD04003,CST1820,PRD0853,2025-06-03,7,20006.07,Debit Card,Cancelled
ORD04004,CST3441,PRD0245,2025-05-13,4,141293.88,Credit Card,Shipped
ORD04005,CST2723,PRD0633,2025-05-04,7,284414.07,Credit Card,Cancelled
ORD04006,CST4397,PRD0673,2025-01-17,10,387197.85,Cash on Delivery,Shipped
ORD04007,CST2810,PRD0653,2025-12-03,9,134033.29,Cash on Delivery,Delivered
ORD04008,CST4639,PRD0694,2025-05-09,10,157260.4,Net Banking,Shipped
ORD04009,CST3604,PRD0173,2025-01-05,7,203316.2,Cash on Delivery,Delivered
ORD04010,CST2189,PRD0589,2025-11-19,3,497145.92,Credit Card,Cancelled
ORD04011,CST3550,PRD0054,2025-02-27,9,403175.85,Debit Card,Shipped
ORD04012,CST3772,PRD0973,2025-02-23,10,182634.21,UPI,Shipped
ORD04013,CST3312,PRD0268,2025-04-23,6,7811.36,Net Banking,Cancelled
ORD04014,CST2257,PRD0911,2025-09-26,2,473498.03,UPI,Shipped
ORD04015,CST1529,PRD0814,2025-07-30,5,458300.48,UPI,Delivered
ORD04016,CST2950,PRD0186,2025-12-31,1,153989.47,Debit Card,Delivered
ORD04017,CST2872,PRD0735,2025-05-05,4,219840.8,Net Banking,Delivered
ORD04018,CST1217,PRD0274,2025-11-04,5,26901.38,Cash on Delivery,Processing
ORD04019,CST2236,PRD0062,2025-07-08,10,7644.0,UPI,Processing
ORD04020,CST0757,PRD0346,2025-01-25,5,489236.03,Net Banking,Cancelled
ORD04021,CST4571,PRD0012,2025-01-28,6,423350.6,Debit Card,Cancelled
ORD04022,CST1206,PRD0209,2025-12-19,7,428885.9,Debit Card,Shipped
ORD04023,CST0288,PRD0740,2025-01-12,2,456634.56,Cash on Delivery,Cancelled
ORD04024,CST1852,PRD0901,2025-03-01,1,439676.4,Debit Card,Delivered
ORD04025,CST3955,PRD0555,2025-01-05,8,237730.62,Credit Card,Cancelled
ORD04026,CST4453,PRD0197,2025-12-31,2,217469.36,Credit Card,Delivered
ORD04027,CST1245,PRD0401,2025-11-19,10,3225.61,Debit Card,Shipped
ORD04028,CST2142,PRD0788,2025-10-14,8,339219.05,Net Banking,Delivered
ORD04029,CST2712,PRD0905,2025-10-28,6,425456.72,Net Banking,Delivered
ORD04030,CST0863,PRD0247,2025-06-04,3,134623.99,Net Banking,Processing
ORD04031,CST3479,PRD0165,2025-10-14,10,41259.55,UPI,Shipped
ORD04032,CST4444,PRD0756,2025-06-05,10,183854.89,UPI,Cancelled
ORD04033,CST0059,PRD0768,2025-04-01,9,200993.95,Net Banking,Cancelled
ORD04034,CST4405,PRD0168,2025-07-10,2,322768.56,Net Banking,Shipped
ORD04035,CST3316,PRD0187,2025-01-05,3,459959.6,Debit Card,Delivered
ORD04036,CST1568,PRD0965,2025-04-25,7,334344.01,Cash on Delivery,Delivered
ORD04037,CST2697,PRD0715,2025-12-12,8,94447.48,Debit Card,Delivered
ORD04038,CST0433,PRD0283,2025-10-21,9,466806.55,Debit Card,Processing
ORD04039,CST3857,PRD0325,2025-04-21,8,311343.01,UPI,Shipped
ORD04040,CST2591,PRD0838,2025-08-28,5,212633.17,UPI,Cancelled
ORD04041,CST0365,PRD0771,2025-11-24,3,136083.28,Credit Card,Shipped
ORD04042,CST2688,PRD0003,2025-04-21,4,220983.37,Debit Card,Processing
ORD04043,CST2812,PRD0882,2025-02-05,10,51336.94,Credit Card,Cancelled
ORD04044,CST0053,PRD0054,2025-03-11,10,403175.85,Net Banking,Shipped
ORD04045,CST3423,PRD0885,2025-08-13,8,408180.23,Debit Card,Cancelled
ORD04046,CST0265,PRD0586,2025-01-29,7,454851.53,UPI,Delivered
ORD04047,CST3415,PRD0613,2025-10-17,2,34557.59,UPI,Delivered
ORD04048,CST3141,PRD0524,2025-01-11,9,312738.42,Debit Card,Processing
ORD04049,CST3906,PRD0151,2025-09-16,1,262566.67,Net Banking,Processing
ORD04050,CST0541,PRD0670,2025-07-10,8,186336.51,Cash on Delivery,Shipped
ORD04051,CST3061,PRD0422,2025-10-28,2,405611.47,Cash on Delivery,Shipped
ORD04052,CST0964,PRD0591,2025-01-02,6,278924.26,UPI,Processing
ORD04053,CST1692,PRD0444,2025-06-09,1,244857.38,Cash on Delivery,Processing
ORD04054,CST2410,PRD0007,2025-04-03,8,56943.72,Debit Card,Cancelled
ORD04055,CST1803,PRD0626,2025-07-08,4,107714.25,Credit Card,Processing
ORD04056,CST0725,PRD0335,2025-03-25,8,120356.18,Credit Card,Processing
ORD04057,CST1039,PRD0969,2025-06-17,2,315284.44,Net Banking,Shipped
ORD04058,CST2764,PRD0948,2025-03-09,4,183460.79,Net Banking,Cancelled
ORD04059,CST1720,PRD0237,2025-05-22,5,45392.84,Debit Card,Processing
ORD04060,CST0411,PRD0024,2025-10-30,4,115848.13,Cash on Delivery,Cancelled
ORD04061,CST4405,PRD0690,2025-08-14,2,82263.03,Credit Card,Shipped
ORD04062,CST0828,PRD0008,2025-11-22,7,132027.03,Credit Card,Processing
ORD04063,CST1749,PRD0589,2025-04-27,6,497145.92,Cash on Delivery,Delivered
ORD04064,CST3711,PRD0240,2025-11-02,2,134506.53,Net Banking,Processing
ORD04065,CST4340,PRD0259,2025-09-21,5,158482.78,Cash on Delivery,Delivered
ORD04066,CST0933,PRD0125,2025-02-22,8,118921.52,Debit Card,Delivered
ORD04067,CST2462,PRD0157,2025-07-23,3,75831.01,Credit Card,Cancelled
ORD04068,CST2028,PRD0738,2025-07-14,9,247683.34,Debit Card,Delivered
ORD04069,CST2260,PRD0298,2025-07-18,3,319795.91,Cash on Delivery,Processing
ORD04070,CST0803,PRD0207,2025-04-05,3,343998.24,Debit Card,Processing
ORD04071,CST0257,PRD0843,2025-05-20,7,215724.84,Debit Card,Delivered
ORD04072,CST3730,PRD0461,2025-03-13,1,289926.23,Credit Card,Delivered
ORD04073,CST4562,PRD0425,2025-09-06,3,293030.07,UPI,Shipped
ORD04074,CST0121,PRD0549,2025-08-14,10,278574.72,Net Banking,Cancelled
ORD04075,CST3639,PRD0422,2025-06-22,6,405611.47,Debit Card,Shipped
ORD04076,CST3353,PRD0400,2025-07-21,7,236491.91,Net Banking,Delivered
ORD04077,CST1758,PRD0244,2025-01-14,8,253186.64,Cash on Delivery,Cancelled
ORD04078,CST1242,PRD0255,2025-08-14,9,161716.33,Net Banking,Processing
ORD04079,CST3230,PRD0553,2025-05-27,8,110626.35,UPI,Shipped
ORD04080,CST4990,PRD0548,2025-02-15,8,466203.13,Net Banking,Processing
ORD04081,CST4783,PRD0801,2025-08-27,5,397473.03,Net Banking,Shipped
ORD04082,CST3447,PRD0964,2025-03-11,3,187879.68,Cash on Delivery,Processing
ORD04083,CST2512,PRD0220,2025-09-15,9,217566.6,Net Banking,Cancelled
ORD04084,CST3200,PRD0663,2025-06-25,4,356385.74,Debit Card,Delivered
ORD04085,CST4896,PRD0159,2025-07-07,7,486431.31,Cash on Delivery,Delivered
ORD04086,CST3746,PRD0779,2025-05-05,3,144619.96,Credit Card,Delivered
ORD04087,CST2354,PRD0268,2025-03-23,6,7811.36,Net Banking,Cancelled
ORD04088,CST0682,PRD0165,2025-06-29,10,41259.55,Cash on Delivery,Shipped
ORD04089,CST2132,PRD0393,2025-12-08,1,132764.27,Net Banking,Cancelled
ORD04090,CST2385,PRD0699,2025-08-22,10,394615.9,Debit Card,Cancelled
ORD04091,CST1248,PRD0978,2025-08-27,10,262067.23,Net Banking,Cancelled
ORD04092,CST1704,PRD0528,2025-03-13,7,320836.96,Cash on Delivery,Processing
ORD04093,CST1637,PRD0713,2025-02-17,9,85332.13,Cash on Delivery,Cancelled
ORD04094,CST4514,PRD0504,2025-04-22,6,151643.81,Net Banking,Delivered
ORD04095,CST2143,PRD0454,2025-06-01,1,74767.36,Net Banking,Processing
ORD04096,CST2472,PRD0537,2025-11-09,8,130415.94,Debit Card,Shipped
ORD04097,CST3885,PRD0562,2025-08-24,9,372541.47,Net Banking,Delivered
ORD04098,CST4103,PRD0863,2025-11-24,8,338633.51,Cash on Delivery,Delivered
ORD04099,CST3869,PRD0924,2025-01-31,10,445303.78,Credit Card,Cancelled
ORD04100,CST2390,PRD0865,2025-10-28,4,470825.36,UPI,Shipped
ORD04101,CST2725,PRD0442,2025-06-29,2,465783.01,Debit Card,Delivered
ORD04102,CST2352,PRD0542,2025-08-18,4,376244.05,Cash on Delivery,Delivered
ORD04103,CST0693,PRD0535,2025-04-06,8,159300.04,Net Banking,Delivered
ORD04104,CST0838,PRD0441,2025-03-25,4,402206.34,Net Banking,Shipped
ORD04105,CST1983,PRD0800,2025-02-22,8,429133.17,UPI,Delivered
ORD04106,CST0633,PRD0594,2025-03-11,8,416705.86,Credit Card,Delivered
ORD04107,CST4619,PRD0767,2025-12-27,2,333590.31,Net Banking,Shipped
ORD04108,CST0757,PRD0541,2025-08-19,8,164140.75,Cash on Delivery,Shipped
ORD04109,CST1899,PRD0097,2025-01-16,10,20682.57,Net Banking,Delivered
ORD04110,CST3868,PRD0012,2025-11-19,6,423350.6,UPI,Delivered
ORD04111,CST0397,PRD0334,2025-09-23,2,395182.8,Credit Card,Delivered
ORD04112,CST2827,PRD0348,2025-11-18,6,49503.5,Credit Card,Delivered
ORD04113,CST4129,PRD0186,2025-08-16,7,153989.47,Net Banking,Shipped
ORD04114,CST4654,PRD0917,2025-08-30,8,253971.7,UPI,Shipped
ORD04115,CST1557,PRD0676,2025-03-02,8,130881.15,Net Banking,Processing
ORD04116,CST4727,PRD0574,2025-10-18,3,402163.07,Cash on Delivery,Shipped
ORD04117,CST3535,PRD0825,2025-05-09,1,426105.92,Net Banking,Shipped
ORD04118,CST0407,PRD0031,2025-08-01,10,309375.26,Net Banking,Processing
ORD04119,CST2136,PRD0746,2025-11-16,6,325252.45,Net Banking,Cancelled
ORD04120,CST0024,PRD0337,2025-08-01,8,250697.44,Net Banking,Shipped
ORD04121,CST4729,PRD0917,2025-09-04,8,253971.7,Credit Card,Delivered
ORD04122,CST4136,PRD0675,2025-02-17,3,298321.19,Credit Card,Processing
ORD04123,CST0960,PRD0286,2025-12-19,1,271113.95,Cash on Delivery,Processing
ORD04124,CST0898,PRD0857,2025-02-28,4,341133.99,Debit Card,Delivered
ORD04125,CST0686,PRD0406,2025-11-10,10,383243.16,UPI,Shipped
ORD04126,CST3558,PRD0278,2025-09-10,3,183143.31,Credit Card,Cancelled
ORD04127,CST0150,PRD0155,2025-01-27,3,311483.01,UPI,Shipped
ORD04128,CST4481,PRD0441,2025-06-14,9,402206.34,Net Banking,Shipped
ORD04129,CST3887,PRD0379,2025-04-22,8,7566.07,Net Banking,Shipped
ORD04130,CST1552,PRD0126,2025-06-07,2,349206.68,Credit Card,Delivered
ORD04131,CST1341,PRD0255,2025-03-06,10,161716.33,Cash on Delivery,Delivered
ORD04132,CST0546,PRD0890,2025-01-11,1,56950.1,UPI,Processing
ORD04133,CST2587,PRD0934,2025-02-26,5,376068.76,Net Banking,Shipped
ORD04134,CST0790,PRD0628,2025-06-12,4,273070.51,UPI,Cancelled
ORD04135,CST0839,PRD0612,2025-03-09,4,357151.54,Credit Card,Shipped
ORD04136,CST0329,PRD0534,2025-09-30,2,76076.88,Cash on Delivery,Cancelled
ORD04137,CST4384,PRD0048,2025-11-03,8,388284.84,UPI,Processing
ORD04138,CST3410,PRD0842,2025-08-18,10,48063.13,Credit Card,Shipped
ORD04139,CST2934,PRD0957,2025-08-15,2,335001.37,UPI,Delivered
ORD04140,CST0149,PRD0072,2025-05-27,8,177782.5,UPI,Processing
ORD04141,CST2254,PRD0720,2025-11-01,3,380535.49,Net Banking,Shipped
ORD04142,CST4898,PRD0989,2025-01-04,10,417438.58,Credit Card,Processing
ORD04143,CST2545,PRD0565,2025-05-15,10,336181.09,Credit Card,Cancelled
ORD04144,CST2327,PRD0089,2025-12-18,10,305458.21,Credit Card,Shipped
ORD04145,CST2637,PRD0121,2025-09-04,3,275088.86,Net Banking,Processing
ORD04146,CST0580,PRD0358,2025-10-30,4,56119.57,Credit Card,Shipped
ORD04147,CST0348,PRD0769,2025-06-04,4,16390.65,Debit Card,Processing
ORD04148,CST3688,PRD0972,2025-08-19,2,199305.11,Cash on Delivery,Cancelled
ORD04149,CST0608,PRD0292,2025-02-05,8,470579.02,Cash on Delivery,Delivered
ORD04150,CST4611,PRD0285,2025-12-01,7,53234.0,Debit Card,Delivered
ORD04151,CST0110,PRD0043,2025-10-03,4,267712.35,UPI,Shipped
ORD04152,CST1047,PRD0480,2025-07-17,7,192534.51,Net Banking,Shipped
ORD04153,CST3931,PRD0662,2025-02-12,9,382925.6,Cash on Delivery,Delivered
ORD04154,CST4052,PRD0039,2025-07-18,9,404.11,Cash on Delivery,Shipped
ORD04155,CST1352,PRD0090,2025-04-08,10,125416.0,UPI,Cancelled
ORD04156,CST0511,PRD0818,2025-09-20,2,220601.84,UPI,Delivered
ORD04157,CST1984,PRD0703,2025-08-25,4,100571.39,Cash on Delivery,Delivered
ORD04158,CST2538,PRD0760,2025-11-22,9,373507.95,Cash on Delivery,Cancelled
ORD04159,CST4281,PRD0560,2025-08-16,4,268038.22,Net Banking,Processing
ORD04160,CST3885,PRD0249,2025-11-18,10,486760.78,Net Banking,Delivered
ORD04161,CST2821,PRD0880,2025-02-27,1,63863.81,Debit Card,Delivered
ORD04162,CST4876,PRD0371,2025-11-26,6,80295.28,Net Banking,Processing
ORD04163,CST4712,PRD0382,2025-02-06,3,457969.15,Cash on Delivery,Shipped
ORD04164,CST1168,PRD0264,2025-04-16,7,284299.65,Cash on Delivery,Delivered
ORD04165,CST2240,PRD0556,2025-02-24,2,157872.38,Debit Card,Shipped
ORD04166,CST4771,PRD0659,2025-01-02,10,138334.77,Cash on Delivery,Processing
ORD04167,CST3093,PRD0591,2025-07-20,8,278924.26,Debit Card,Delivered
ORD04168,CST3090,PRD0662,2025-12-26,9,382925.6,Cash on Delivery,Cancelled
ORD04169,CST3911,PRD0634,2025-06-05,1,87769.43,Debit Card,Shipped
ORD04170,CST3408,PRD0220,2025-09-02,3,217566.6,Net Banking,Delivered
ORD04171,CST1371,PRD0760,2025-07-20,6,373507.95,Debit Card,Processing
ORD04172,CST0100,PRD0774,2025-07-07,3,193169.88,Credit Card,Shipped
ORD04173,CST3199,PRD0219,2025-12-11,6,315788.16,Net Banking,Cancelled
ORD04174,CST4685,PRD0949,2025-09-27,10,24389.77,Credit Card,Cancelled
ORD04175,CST4127,PRD0301,2025-09-17,2,7480.96,Cash on Delivery,Shipped
ORD04176,CST2158,PRD0187,2025-07-19,2,459959.6,Cash on Delivery,Cancelled
ORD04177,CST0037,PRD0214,2025-05-18,10,336553.54,Credit Card,Shipped
ORD04178,CST0666,PRD0991,2025-09-06,1,372709.84,UPI,Delivered
ORD04179,CST3647,PRD0540,2025-02-02,6,241914.95,Net Banking,Delivered
ORD04180,CST2869,PRD0336,2025-05-16,6,304544.51,UPI,Cancelled
ORD04181,CST1101,PRD0985,2025-01-17,4,201601.85,Debit Card,Processing
ORD04182,CST0938,PRD0825,2025-12-25,5,426105.92,Cash on Delivery,Delivered
ORD04183,CST3112,PRD0280,2025-12-04,1,475659.52,Credit Card,Cancelled
ORD04184,CST2116,PRD0920,2025-02-19,5,317825.42,Credit Card,Shipped
ORD04185,CST4397,PRD0244,2025-06-20,9,253186.64,Credit Card,Delivered
ORD04186,CST2854,PRD0317,2025-06-03,3,246252.59,Net Banking,Processing
ORD04187,CST0001,PRD0306,2025-05-14,2,189592.38,Debit Card,Shipped
ORD04188,CST4291,PRD0279,2025-09-03,7,367611.96,Net Banking,Processing
ORD04189,CST1389,PRD0750,2025-10-27,4,363202.4,UPI,Delivered
ORD04190,CST1270,PRD0421,2025-06-09,10,119515.57,Cash on Delivery,Shipped
ORD04191,CST0668,PRD0820,2025-11-08,2,278988.57,Cash on Delivery,Shipped
ORD04192,CST4851,PRD0612,2025-12-25,4,357151.54,Net Banking,Shipped
ORD04193,CST4888,PRD0811,2025-11-12,5,154268.56,Cash on Delivery,Delivered
ORD04194,CST4956,PRD0416,2025-03-05,6,245397.38,Credit Card,Processing
ORD04195,CST2101,PRD0927,2025-06-24,3,449252.77,Credit Card,Delivered
ORD04196,CST3671,PRD0470,2025-11-28,4,282322.76,Cash on Delivery,Delivered
ORD04197,CST1157,PRD0459,2025-10-08,3,423565.32,Cash on Delivery,Cancelled
ORD04198,CST1976,PRD0834,2025-12-11,5,259687.06,Credit Card,Cancelled
ORD04199,CST4911,PRD0134,2025-05-05,4,320861.2,Net Banking,Shipped
ORD04200,CST1795,PRD0687,2025-12-25,10,358030.85,Cash on Delivery,Processing
ORD04201,CST3529,PRD0369,2025-11-05,4,217054.57,Cash on Delivery,Delivered
ORD04202,CST4922,PRD0474,2025-08-09,7,228298.1,Cash on Delivery,Delivered
ORD04203,CST0258,PRD0142,2025-04-07,2,276351.39,UPI,Processing
ORD04204,CST2512,PRD0730,2025-09-29,8,133552.82,Net Banking,Shipped
ORD04205,CST1477,PRD0599,2025-07-29,5,143786.53,Cash on Delivery,Cancelled
ORD04206,CST3391,PRD0926,2025-03-26,4,171867.63,UPI,Cancelled
ORD04207,CST2488,PRD0832,2025-12-24,6,72199.23,Debit Card,Shipped
ORD04208,CST2998,PRD0119,2025-11-09,1,203981.61,UPI,Shipped
ORD04209,CST2356,PRD0513,2025-04-18,3,20899.02,UPI,Shipped
ORD04210,CST1113,PRD0868,2025-11-12,6,264227.88,Debit Card,Shipped
ORD04211,CST2267,PRD0962,2025-11-21,10,177543.33,Debit Card,Cancelled
ORD04212,CST0553,PRD0901,2025-05-06,2,439676.4,UPI,Delivered
ORD04213,CST3338,PRD0228,2025-05-12,3,28490.37,Cash on Delivery,Delivered
ORD04214,CST2074,PRD0463,2025-06-06,1,24303.03,Cash on Delivery,Processing
ORD04215,CST3937,PRD0582,2025-07-31,3,93486.1,Credit Card,Cancelled
ORD04216,CST4796,PRD0444,2025-12-27,4,244857.38,Cash on Delivery,Cancelled
ORD04217,CST4578,PRD0085,2025-03-04,5,430414.2,Debit Card,Delivered
ORD04218,CST2839,PRD0212,2025-03-15,3,251709.96,Cash on Delivery,Processing
ORD04219,CST3921,PRD0822,2025-10-05,9,460505.79,Debit Card,Cancelled
ORD04220,CST2192,PRD0647,2025-02-19,10,358716.62,Net Banking,Delivered
ORD04221,CST0203,PRD0995,2025-05-18,6,431144.63,Cash on Delivery,Shipped
ORD04222,CST3036,PRD0105,2025-01-04,6,372421.86,UPI,Shipped
ORD04223,CST0944,PRD0064,2025-01-26,10,353042.17,Net Banking,Delivered
ORD04224,CST3648,PRD0862,2025-12-07,9,492770.38,Debit Card,Delivered
ORD04225,CST1390,PRD0800,2025-02-25,3,429133.17,Credit Card,Delivered
ORD04226,CST4246,PRD0432,2025-12-01,4,108369.1,Net Banking,Cancelled
ORD04227,CST2175,PRD0681,2025-06-13,10,99107.84,UPI,Shipped
ORD04228,CST3407,PRD0194,2025-08-31,10,446793.8,Credit Card,Shipped
ORD04229,CST0449,PRD0545,2025-10-17,2,287988.76,UPI,Shipped
ORD04230,CST2682,PRD0390,2025-03-27,2,401986.29,Debit Card,Cancelled
ORD04231,CST4021,PRD0599,2025-12-01,6,143786.53,Net Banking,Cancelled
ORD04232,CST2670,PRD0840,2025-02-12,2,435333.59,Net Banking,Delivered
ORD04233,CST1622,PRD0921,2025-01-26,8,328293.69,Debit Card,Shipped
ORD04234,CST1466,PRD0798,2025-07-09,10,116128.41,Debit Card,Cancelled
ORD04235,CST0452,PRD0885,2025-05-21,9,408180.23,Net Banking,Cancelled
ORD04236,CST4630,PRD0170,2025-07-13,10,304034.45,UPI,Shipped
ORD04237,CST0468,PRD0566,2025-04-27,5,490663.38,Cash on Delivery,Shipped
ORD04238,CST1138,PRD0731,2025-04-30,8,440236.74,Credit Card,Processing
ORD04239,CST1119,PRD0667,2025-07-18,8,89269.08,Cash on Delivery,Cancelled
ORD04240,CST2633,PRD0061,2025-06-10,10,280078.39,Credit Card,Cancelled
ORD04241,CST1544,PRD0235,2025-02-26,2,184210.51,Cash on Delivery,Processing
ORD04242,CST4732,PRD0406,2025-12-28,8,383243.16,Debit Card,Shipped
ORD04243,CST1523,PRD0317,2025-09-27,8,246252.59,Debit Card,Delivered
ORD04244,CST2742,PRD0973,2025-02-05,2,182634.21,Net Banking,Delivered
ORD04245,CST1590,PRD0171,2025-08-20,3,244653.73,Credit Card,Shipped
ORD04246,CST4653,PRD0631,2025-03-26,8,278500.79,Credit Card,Processing
ORD04247,CST1797,PRD0435,2025-03-12,8,396485.92,UPI,Shipped
ORD04248,CST3048,PRD0959,2025-03-31,1,60127.04,Net Banking,Cancelled
ORD04249,CST0390,PRD0240,2025-09-25,2,134506.53,Net Banking,Delivered
ORD04250,CST3579,PRD0335,2025-08-03,1,120356.18,UPI,Shipped
ORD04251,CST2333,PRD0887,2025-09-14,6,82722.19,Cash on Delivery,Delivered
ORD04252,CST3092,PRD0856,2025-05-03,7,370444.62,Credit Card,Cancelled
ORD04253,CST2885,PRD0415,2025-03-14,4,379456.13,Credit Card,Shipped
ORD04254,CST2966,PRD0426,2025-08-21,7,455425.53,UPI,Delivered
ORD04255,CST2078,PRD0017,2025-02-18,6,60245.72,Cash on Delivery,Shipped
ORD04256,CST2784,PRD0880,2025-12-08,9,63863.81,Net Banking,Shipped
ORD04257,CST2240,PRD0306,2025-04-20,9,189592.38,UPI,Processing
ORD04258,CST1021,PRD0787,2025-11-15,10,196082.64,Debit Card,Processing
ORD04259,CST2125,PRD0723,2025-06-04,6,30682.04,Net Banking,Shipped
ORD04260,CST3989,PRD0207,2025-07-10,5,343998.24,Cash on Delivery,Cancelled
ORD04261,CST3536,PRD0542,2025-04-05,1,376244.05,Net Banking,Cancelled
ORD04262,CST4202,PRD0324,2025-08-21,4,437135.04,UPI,Cancelled
ORD04263,CST3028,PRD0405,2025-12-09,9,171605.92,Debit Card,Cancelled
ORD04264,CST0228,PRD0818,2025-09-17,8,220601.84,UPI,Shipped
ORD04265,CST1005,PRD0847,2025-05-31,2,30266.3,Credit Card,Shipped
ORD04266,CST1592,PRD0268,2025-11-27,3,7811.36,Cash on Delivery,Cancelled
ORD04267,CST3139,PRD0406,2025-06-02,3,383243.16,Debit Card,Shipped
ORD04268,CST4323,PRD0558,2025-03-18,7,387479.9,Net Banking,Shipped
ORD04269,CST3209,PRD0171,2025-11-08,8,244653.73,Net Banking,Processing
ORD04270,CST4470,PRD0951,2025-05-12,4,444526.71,Net Banking,Delivered
ORD04271,CST4681,PRD0473,2025-01-10,10,479726.66,Net Banking,Delivered
ORD04272,CST0041,PRD0602,2025-03-14,2,167614.67,Cash on Delivery,Processing
ORD04273,CST1820,PRD0992,2025-08-27,5,394941.19,Debit Card,Processing
ORD04274,CST3316,PRD0651,2025-11-03,6,6511.35,UPI,Cancelled
ORD04275,CST2683,PRD0307,2025-09-20,1,126220.86,UPI,Shipped
ORD04276,CST3628,PRD0380,2025-05-07,1,287266.29,Credit Card,Cancelled
ORD04277,CST1035,PRD0807,2025-03-30,9,66922.99,Debit Card,Shipped
ORD04278,CST3192,PRD0992,2025-05-20,6,394941.19,Cash on Delivery,Shipped
ORD04279,CST1233,PRD0589,2025-01-04,7,497145.92,Debit Card,Processing
ORD04280,CST2732,PRD0381,2025-12-08,3,418034.68,Debit Card,Cancelled
ORD04281,CST2107,PRD0885,2025-10-21,3,408180.23,Credit Card,Delivered
ORD04282,CST0397,PRD0104,2025-02-01,4,343413.97,Net Banking,Cancelled
ORD04283,CST4673,PRD0196,2025-01-02,3,154052.13,UPI,Delivered
ORD04284,CST1588,PRD0062,2025-11-21,10,7644.0,Cash on Delivery,Processing
ORD04285,CST0395,PRD0157,2025-06-08,8,75831.01,Credit Card,Shipped
ORD04286,CST4147,PRD0405,2025-01-23,2,171605.92,Net Banking,Delivered
ORD04287,CST1149,PRD0911,2025-06-29,3,473498.03,Cash on Delivery,Shipped
ORD04288,CST2172,PRD0322,2025-09-14,7,11015.23,Debit Card,Delivered
ORD04289,CST3539,PRD0843,2025-08-25,5,215724.84,Debit Card,Cancelled
ORD04290,CST4481,PRD0476,2025-02-06,3,133928.89,Net Banking,Delivered
ORD04291,CST1860,PRD0671,2025-05-11,5,299559.74,Cash on Delivery,Delivered
ORD04292,CST3991,PRD0689,2025-07-08,9,236824.36,Cash on Delivery,Processing
ORD04293,CST0876,PRD0027,2025-08-17,6,354586.07,Debit Card,Cancelled
ORD04294,CST0408,PRD0922,2025-02-12,2,219694.88,Net Banking,Delivered
ORD04295,CST3496,PRD0583,2025-11-03,7,175824.78,Net Banking,Shipped
ORD04296,CST2841,PRD0107,2025-09-21,1,234275.96,Net Banking,Cancelled
ORD04297,CST4033,PRD0376,2025-04-30,6,50601.95,Net Banking,Processing
ORD04298,CST1067,PRD0162,2025-03-07,4,359243.43,UPI,Shipped
ORD04299,CST0964,PRD0254,2025-06-13,2,401443.93,UPI,Processing
ORD04300,CST1841,PRD0516,2025-06-28,7,499874.45,UPI,Delivered
ORD04301,CST2334,PRD0503,2025-11-27,7,116478.25,Net Banking,Cancelled
ORD04302,CST3635,PRD0712,2025-11-12,5,454541.81,Net Banking,Delivered
ORD04303,CST1516,PRD0982,2025-12-21,8,227177.39,Credit Card,Shipped
ORD04304,CST0451,PRD0123,2025-08-08,5,404763.53,Net Banking,Processing
ORD04305,CST2462,PRD0482,2025-04-23,10,286000.13,Debit Card,Processing
ORD04306,CST1129,PRD0774,2025-03-27,6,193169.88,Cash on Delivery,Shipped
ORD04307,CST3003,PRD0470,2025-06-04,5,282322.76,Cash on Delivery,Shipped
ORD04308,CST3690,PRD0478,2025-12-14,2,306836.42,Credit Card,Cancelled
ORD04309,CST1917,PRD0526,2025-10-18,2,341793.28,Cash on Delivery,Shipped
ORD04310,CST4293,PRD0717,2025-03-02,2,184847.94,UPI,Processing
ORD04311,CST3509,PRD0931,2025-11-25,9,222034.09,Cash on Delivery,Cancelled
ORD04312,CST2371,PRD0202,2025-10-11,1,165292.73,UPI,Shipped
ORD04313,CST1192,PRD0805,2025-02-06,8,466760.39,Debit Card,Shipped
ORD04314,CST0889,PRD0942,2025-12-29,7,275839.78,Credit Card,Processing
ORD04315,CST4218,PRD0841,2025-05-06,10,388165.42,Net Banking,Cancelled
ORD04316,CST1784,PRD0757,2025-03-15,9,417195.69,Cash on Delivery,Shipped
ORD04317,CST4828,PRD0598,2025-08-27,5,307146.21,Debit Card,Cancelled
ORD04318,CST2416,PRD0748,2025-01-07,1,198355.08,Credit Card,Delivered
ORD04319,CST0485,PRD0827,2025-10-22,3,147831.09,Debit Card,Processing
ORD04320,CST1056,PRD0761,2025-10-10,6,358469.67,Net Banking,Processing
ORD04321,CST1812,PRD0388,2025-01-29,4,212794.03,Credit Card,Processing
ORD04322,CST2447,PRD0852,2025-05-12,3,335708.72,Credit Card,Cancelled
ORD04323,CST2672,PRD0609,2025-03-14,9,461335.82,Debit Card,Processing
ORD04324,CST3427,PRD0577,2025-06-05,9,146349.52,UPI,Processing
ORD04325,CST2493,PRD0942,2025-10-27,5,275839.78,Net Banking,Delivered
ORD04326,CST3699,PRD0566,2025-08-17,2,490663.38,Net Banking,Shipped
ORD04327,CST2095,PRD0199,2025-11-10,9,450827.42,UPI,Shipped
ORD04328,CST2150,PRD0405,2025-05-28,5,171605.92,UPI,Delivered
ORD04329,CST4857,PRD0840,2025-09-24,4,435333.59,Net Banking,Shipped
ORD04330,CST0750,PRD0979,2025-05-01,7,392765.58,Debit Card,Shipped
ORD04331,CST0568,PRD0951,2025-02-27,7,444526.71,Cash on Delivery,Delivered
ORD04332,CST0910,PRD0568,2025-10-19,2,289859.5,Net Banking,Shipped
ORD04333,CST4825,PRD0121,2025-07-22,1,275088.86,Cash on Delivery,Cancelled
ORD04334,CST2636,PRD0666,2025-03-31,1,3046.53,Debit Card,Delivered
ORD04335,CST4486,PRD0316,2025-06-02,2,418760.08,UPI,Delivered
ORD04336,CST4602,PRD0762,2025-04-04,9,380190.91,Net Banking,Delivered
ORD04337,CST1492,PRD0775,2025-01-13,3,370470.97,Credit Card,Shipped
ORD04338,CST1294,PRD0887,2025-01-11,4,82722.19,Cash on Delivery,Delivered
ORD04339,CST0504,PRD0425,2025-08-09,5,293030.07,Debit Card,Cancelled
ORD04340,CST1303,PRD0619,2025-07-13,3,237298.04,Credit Card,Processing
ORD04341,CST3406,PRD0592,2025-02-21,7,289106.2,Cash on Delivery,Processing
ORD04342,CST3272,PRD0812,2025-06-04,2,170808.44,Debit Card,Cancelled
ORD04343,CST1898,PRD0996,2025-04-15,5,263832.1,Debit Card,Shipped
ORD04344,CST1430,PRD0850,2025-05-07,8,313768.36,Debit Card,Shipped
ORD04345,CST1710,PRD0080,2025-08-14,4,289579.01,Credit Card,Processing
ORD04346,CST2577,PRD0128,2025-09-23,8,488283.83,Debit Card,Cancelled
ORD04347,CST3332,PRD0187,2025-08-03,1,459959.6,Cash on Delivery,Shipped
ORD04348,CST1800,PRD0714,2025-08-05,6,467189.58,Net Banking,Delivered
ORD04349,CST1494,PRD0796,2025-03-19,3,188906.88,Net Banking,Delivered
ORD04350,CST3146,PRD0899,2025-06-05,9,470538.02,Net Banking,Cancelled
ORD04351,CST0610,PRD0841,2025-09-20,5,388165.42,Debit Card,Shipped
ORD04352,CST0965,PRD0441,2025-09-29,10,402206.34,Debit Card,Delivered
ORD04353,CST3724,PRD0953,2025-08-29,2,336157.84,Debit Card,Shipped
ORD04354,CST1069,PRD0333,2025-05-29,1,251005.81,UPI,Cancelled
ORD04355,CST0439,PRD0509,2025-10-13,7,449794.29,Credit Card,Delivered
ORD04356,CST0893,PRD0644,2025-02-27,5,363392.56,Debit Card,Processing
ORD04357,CST2274,PRD0892,2025-11-19,7,79816.41,Cash on Delivery,Shipped
ORD04358,CST0775,PRD0771,2025-04-12,2,136083.28,Net Banking,Delivered
ORD04359,CST3275,PRD0505,2025-12-20,10,261980.31,Net Banking,Delivered
ORD04360,CST3692,PRD0737,2025-12-26,6,173564.73,Debit Card,Processing
ORD04361,CST3964,PRD0550,2025-11-05,1,449112.02,Credit Card,Shipped
ORD04362,CST3571,PRD0246,2025-04-26,8,244876.34,Cash on Delivery,Delivered
ORD04363,CST3023,PRD0528,2025-08-11,8,320836.96,Credit Card,Delivered
ORD04364,CST1101,PRD0772,2025-02-27,9,435091.54,Debit Card,Shipped
ORD04365,CST1315,PRD0383,2025-09-13,9,419182.0,Cash on Delivery,Cancelled
ORD04366,CST4237,PRD0093,2025-02-16,10,263627.73,Net Banking,Delivered
ORD04367,CST0177,PRD0695,2025-10-13,3,213789.7,Debit Card,Cancelled
ORD04368,CST2178,PRD0538,2025-03-12,4,465957.48,Net Banking,Processing
ORD04369,CST3755,PRD0505,2025-12-17,9,261980.31,Cash on Delivery,Processing
ORD04370,CST3649,PRD0736,2025-02-22,3,404198.05,Debit Card,Shipped
ORD04371,CST2314,PRD0980,2025-03-16,1,163280.99,Credit Card,Processing
ORD04372,CST4115,PRD0916,2025-09-14,5,388891.05,Debit Card,Processing
ORD04373,CST1184,PRD0687,2025-09-07,1,358030.85,Debit Card,Shipped
ORD04374,CST0134,PRD0746,2025-10-19,8,325252.45,Credit Card,Cancelled
ORD04375,CST1430,PRD0017,2025-07-01,5,60245.72,Credit Card,Delivered
ORD04376,CST3160,PRD0067,2025-10-07,4,285269.76,Net Banking,Cancelled
ORD04377,CST3300,PRD0325,2025-07-06,5,311343.01,Credit Card,Processing
ORD04378,CST3243,PRD0170,2025-05-31,3,304034.45,Debit Card,Delivered
ORD04379,CST2000,PRD0519,2025-10-02,8,281491.29,Net Banking,Processing
ORD04380,CST1646,PRD0312,2025-04-14,10,309777.57,Cash on Delivery,Cancelled
ORD04381,CST2808,PRD0071,2025-06-16,1,336412.37,Net Banking,Processing
ORD04382,CST3680,PRD0562,2025-03-30,5,372541.47,Net Banking,Cancelled
ORD04383,CST4941,PRD0177,2025-01-27,5,416799.81,Credit Card,Shipped
ORD04384,CST4208,PRD0936,2025-09-22,2,260392.6,Cash on Delivery,Cancelled
ORD04385,CST2124,PRD0952,2025-11-17,9,489910.94,Credit Card,Cancelled
ORD04386,CST3035,PRD0645,2025-07-27,7,276590.34,UPI,Cancelled
ORD04387,CST4024,PRD0587,2025-02-23,9,134463.91,Net Banking,Delivered
ORD04388,CST1804,PRD0729,2025-03-26,2,239751.24,Net Banking,Cancelled
ORD04389,CST3464,PRD0135,2025-06-06,10,338060.45,UPI,Delivered
ORD04390,CST0587,PRD0828,2025-01-29,5,49709.0,UPI,Processing
ORD04391,CST0023,PRD0994,2025-04-09,8,482813.95,Credit Card,Cancelled
ORD04392,CST1626,PRD0780,2025-04-22,6,184102.36,Cash on Delivery,Processing
ORD04393,CST2988,PRD0361,2025-04-05,3,365624.7,Debit Card,Processing
ORD04394,CST3338,PRD0170,2025-09-07,6,304034.45,UPI,Delivered
ORD04395,CST3737,PRD0625,2025-09-30,2,112489.78,UPI,Delivered
ORD04396,CST3839,PRD0816,2025-09-19,10,374296.8,Debit Card,Delivered
ORD04397,CST2225,PRD0342,2025-10-26,1,284358.28,UPI,Delivered
ORD04398,CST2205,PRD0538,2025-03-16,8,465957.48,Net Banking,Shipped
ORD04399,CST3951,PRD0380,2025-03-02,6,287266.29,Net Banking,Cancelled
ORD04400,CST3461,PRD0783,2025-01-01,4,18194.12,UPI,Shipped
ORD04401,CST2152,PRD0841,2025-02-21,1,388165.42,UPI,Cancelled
ORD04402,CST2376,PRD0519,2025-03-21,9,281491.29,Net Banking,Cancelled
ORD04403,CST2147,PRD0078,2025-03-04,9,377438.99,Cash on Delivery,Processing
ORD04404,CST3345,PRD0609,2025-01-30,8,461335.82,Cash on Delivery,Processing
ORD04405,CST0234,PRD0052,2025-09-16,10,5013.37,Debit Card,Processing
ORD04406,CST1733,PRD0984,2025-01-11,7,292739.92,Cash on Delivery,Delivered
ORD04407,CST4102,PRD0710,2025-08-10,1,402633.23,Net Banking,Delivered
ORD04408,CST3753,PRD0422,2025-11-06,9,405611.47,Net Banking,Cancelled
ORD04409,CST1548,PRD0266,2025-05-12,2,51510.64,UPI,Delivered
ORD04410,CST2141,PRD0637,2025-08-13,10,357349.95,UPI,Delivered
ORD04411,CST2737,PRD0720,2025-12-21,1,380535.49,UPI,Processing
ORD04412,CST4974,PRD0866,2025-02-26,4,232224.0,Cash on Delivery,Processing
ORD04413,CST4058,PRD0645,2025-03-16,10,276590.34,Credit Card,Delivered
ORD04414,CST0639,PRD0251,2025-12-21,10,17635.27,Cash on Delivery,Delivered
ORD04415,CST0356,PRD0287,2025-02-07,7,20378.33,Net Banking,Cancelled
ORD04416,CST2382,PRD0310,2025-12-05,6,91658.23,Credit Card,Delivered
ORD04417,CST0459,PRD0836,2025-01-29,10,399271.45,Debit Card,Processing
ORD04418,CST3786,PRD0715,2025-09-28,10,94447.48,Credit Card,Processing
ORD04419,CST1185,PRD0850,2025-03-15,9,313768.36,Net Banking,Cancelled
ORD04420,CST0154,PRD0047,2025-07-31,9,135167.95,Credit Card,Cancelled
ORD04421,CST0696,PRD0775,2025-06-16,10,370470.97,UPI,Delivered
ORD04422,CST2077,PRD0166,2025-03-27,9,482339.14,Credit Card,Processing
ORD04423,CST4428,PRD0612,2025-01-01,3,357151.54,Debit Card,Shipped
ORD04424,CST1133,PRD0113,2025-05-05,8,480366.85,Debit Card,Processing
ORD04425,CST0994,PRD0913,2025-02-15,4,447795.49,Net Banking,Cancelled
ORD04426,CST4463,PRD0950,2025-05-10,8,376344.04,UPI,Shipped
ORD04427,CST4215,PRD0687,2025-07-16,6,358030.85,Cash on Delivery,Delivered
ORD04428,CST1380,PRD0186,2025-10-30,9,153989.47,UPI,Shipped
ORD04429,CST3227,PRD0226,2025-05-06,3,473556.93,Cash on Delivery,Shipped
ORD04430,CST3151,PRD0288,2025-10-09,9,159225.07,UPI,Cancelled
ORD04431,CST0122,PRD0702,2025-07-10,4,198303.77,UPI,Shipped
ORD04432,CST4802,PRD0553,2025-11-14,1,110626.35,Cash on Delivery,Processing
ORD04433,CST3745,PRD0429,2025-10-27,9,84478.67,Debit Card,Shipped
ORD04434,CST2528,PRD0260,2025-09-28,8,251438.98,Cash on Delivery,Delivered
ORD04435,CST0764,PRD0360,2025-11-05,2,288846.93,Cash on Delivery,Processing
ORD04436,CST0287,PRD0738,2025-03-20,8,247683.34,Net Banking,Delivered
ORD04437,CST3844,PRD0345,2025-01-09,5,481363.4,Cash on Delivery,Shipped
ORD04438,CST2396,PRD0107,2025-07-07,3,234275.96,Credit Card,Processing
ORD04439,CST4682,PRD0583,2025-02-14,8,175824.78,Credit Card,Delivered
ORD04440,CST0635,PRD0357,2025-01-06,9,22283.08,UPI,Cancelled
ORD04441,CST1658,PRD0744,2025-04-03,9,237811.1,Credit Card,Shipped
ORD04442,CST2262,PRD0881,2025-05-02,7,23942.0,Cash on Delivery,Delivered
ORD04443,CST2486,PRD0619,2025-02-13,4,237298.04,Net Banking,Cancelled
ORD04444,CST2880,PRD0821,2025-10-10,5,83099.07,Debit Card,Shipped
ORD04445,CST4469,PRD0932,2025-02-23,7,429450.45,Debit Card,Cancelled
ORD04446,CST0170,PRD0349,2025-08-08,2,347263.57,Cash on Delivery,Shipped
ORD04447,CST3913,PRD0674,2025-12-11,2,208484.37,Net Banking,Shipped
ORD04448,CST1381,PRD0475,2025-03-22,7,187942.29,Credit Card,Cancelled
ORD04449,CST2481,PRD0112,2025-01-27,8,413623.27,Credit Card,Delivered
ORD04450,CST1145,PRD0630,2025-08-09,1,186659.87,Debit Card,Delivered
ORD04451,CST4084,PRD0365,2025-03-08,5,74809.6,Credit Card,Delivered
ORD04452,CST0238,PRD0151,2025-08-08,10,262566.67,Cash on Delivery,Processing
ORD04453,CST2636,PRD0667,2025-04-14,7,89269.08,Net Banking,Cancelled
ORD04454,CST3322,PRD0444,2025-08-16,9,244857.38,Cash on Delivery,Delivered
ORD04455,CST4109,PRD0919,2025-11-12,4,490508.58,Debit Card,Cancelled
ORD04456,CST0522,PRD0377,2025-08-24,9,174466.08,Debit Card,Delivered
ORD04457,CST1325,PRD0572,2025-09-25,6,448724.27,Cash on Delivery,Processing
ORD04458,CST4164,PRD0414,2025-09-02,7,404646.47,Cash on Delivery,Shipped
ORD04459,CST0929,PRD0010,2025-01-05,6,384455.08,Credit Card,Cancelled
ORD04460,CST0090,PRD0498,2025-03-28,6,137312.73,Credit Card,Processing
ORD04461,CST0673,PRD0822,2025-04-20,8,460505.79,Credit Card,Processing
ORD04462,CST4510,PRD0609,2025-02-05,7,461335.82,Net Banking,Processing
ORD04463,CST2126,PRD0235,2025-03-24,7,184210.51,Net Banking,Processing
ORD04464,CST3105,PRD0928,2025-03-03,1,42509.79,Net Banking,Cancelled
ORD04465,CST0815,PRD0766,2025-09-25,8,17048.03,Debit Card,Shipped
ORD04466,CST2760,PRD0451,2025-01-20,2,381328.13,Debit Card,Shipped
ORD04467,CST1051,PRD0859,2025-01-11,5,117694.09,Net Banking,Cancelled
ORD04468,CST4872,PRD0269,2025-04-13,4,399155.98,Debit Card,Cancelled
ORD04469,CST4093,PRD0951,2025-09-29,1,444526.71,Net Banking,Processing
ORD04470,CST0505,PRD0123,2025-04-06,3,404763.53,UPI,Shipped
ORD04471,CST0086,PRD0811,2025-04-12,4,154268.56,Credit Card,Shipped
ORD04472,CST0319,PRD0105,2025-12-22,4,372421.86,Debit Card,Processing
ORD04473,CST3904,PRD0222,2025-11-23,9,495711.35,Net Banking,Processing
ORD04474,CST1933,PRD0640,2025-07-23,1,61100.99,UPI,Cancelled
ORD04475,CST0778,PRD0736,2025-08-12,4,404198.05,UPI,Processing
ORD04476,CST3105,PRD0361,2025-07-08,8,365624.7,Credit Card,Processing
ORD04477,CST0924,PRD0044,2025-11-24,2,37639.26,Cash on Delivery,Cancelled
ORD04478,CST2527,PRD0138,2025-09-26,4,135488.73,Cash on Delivery,Processing
ORD04479,CST4086,PRD0829,2025-10-11,8,273143.16,Net Banking,Processing
ORD04480,CST2680,PRD0668,2025-01-16,9,487946.19,Cash on Delivery,Delivered
ORD04481,CST2645,PRD0254,2025-07-29,9,401443.93,Net Banking,Processing
ORD04482,CST1377,PRD0096,2025-09-18,10,279302.34,Net Banking,Delivered
ORD04483,CST1858,PRD0574,2025-05-28,7,402163.07,Cash on Delivery,Cancelled
ORD04484,CST1029,PRD0727,2025-07-21,6,367187.83,Cash on Delivery,Cancelled
ORD04485,CST2117,PRD0903,2025-05-21,2,337342.57,Net Banking,Shipped
ORD04486,CST4677,PRD0226,2025-10-26,9,473556.93,Credit Card,Shipped
ORD04487,CST2706,PRD0113,2025-03-21,6,480366.85,Credit Card,Cancelled
ORD04488,CST3266,PRD0899,2025-07-01,9,470538.02,Cash on Delivery,Shipped
ORD04489,CST3315,PRD0489,2025-03-04,1,18581.92,UPI,Delivered
ORD04490,CST0028,PRD0418,2025-11-28,6,14440.45,UPI,Processing
ORD04491,CST2001,PRD0643,2025-03-21,6,188252.52,Credit Card,Processing
ORD04492,CST3871,PRD0443,2025-05-13,10,450257.21,Net Banking,Delivered
ORD04493,CST2255,PRD0745,2025-09-21,7,189639.44,Net Banking,Processing
ORD04494,CST2795,PRD0942,2025-05-28,8,275839.78,Debit Card,Cancelled
ORD04495,CST3098,PRD0439,2025-10-24,3,92425.6,Debit Card,Cancelled
ORD04496,CST0596,PRD0830,2025-05-27,10,69014.21,Cash on Delivery,Cancelled
ORD04497,CST3589,PRD0984,2025-04-30,6,292739.92,UPI,Delivered
ORD04498,CST0824,PRD0710,2025-06-13,4,402633.23,Debit Card,Cancelled
ORD04499,CST0178,PRD0933,2025-02-21,9,260456.45,Debit Card,Delivered
ORD04500,CST2303,PRD0232,2025-02-06,2,432129.02,Cash on Delivery,Shipped
ORD04501,CST2066,PRD0407,2025-07-17,10,112818.92,UPI,Cancelled
ORD04502,CST2314,PRD0887,2025-12-07,1,82722.19,UPI,Processing
ORD04503,CST1617,PRD0265,2025-12-23,8,276605.28,Cash on Delivery,Delivered
ORD04504,CST1508,PRD0633,2025-01-13,1,284414.07,Debit Card,Delivered
ORD04505,CST4770,PRD0769,2025-09-07,6,16390.65,Credit Card,Processing
ORD04506,CST1674,PRD0870,2025-05-17,1,134831.47,Cash on Delivery,Shipped
ORD04507,CST2655,PRD0641,2025-03-14,10,8698.24,Credit Card,Shipped
ORD04508,CST1660,PRD0587,2025-01-19,5,134463.91,Credit Card,Delivered
ORD04509,CST4639,PRD0300,2025-07-21,3,417802.54,UPI,Cancelled
ORD04510,CST3796,PRD0969,2025-11-09,6,315284.44,Credit Card,Shipped
ORD04511,CST1268,PRD0065,2025-05-25,7,316183.24,Cash on Delivery,Cancelled
ORD04512,CST4065,PRD0543,2025-11-16,3,113918.93,Cash on Delivery,Cancelled
ORD04513,CST3774,PRD0693,2025-10-13,7,140415.56,Net Banking,Cancelled
ORD04514,CST1103,PRD0549,2025-08-23,6,278574.72,Cash on Delivery,Cancelled
ORD04515,CST4154,PRD0608,2025-10-17,10,283793.04,Debit Card,Processing
ORD04516,CST4278,PRD0917,2025-03-07,10,253971.7,Net Banking,Delivered
ORD04517,CST0558,PRD0617,2025-06-16,10,272889.15,Debit Card,Delivered
ORD04518,CST3045,PRD0468,2025-06-07,5,464481.36,Credit Card,Cancelled
ORD04519,CST2314,PRD0575,2025-01-03,7,325253.23,UPI,Processing
ORD04520,CST4214,PRD0891,2025-02-14,9,418594.65,UPI,Cancelled
ORD04521,CST1435,PRD0350,2025-01-02,10,117146.45,Credit Card,Cancelled
ORD04522,CST2849,PRD0262,2025-04-03,8,71701.07,UPI,Shipped
ORD04523,CST3460,PRD0999,2025-11-19,7,497952.63,Net Banking,Processing
ORD04524,CST3486,PRD0672,2025-06-12,3,269053.06,UPI,Shipped
ORD04525,CST1017,PRD0779,2025-12-06,2,144619.96,Debit Card,Shipped
ORD04526,CST2845,PRD0478,2025-09-12,2,306836.42,Debit Card,Shipped
ORD04527,CST4050,PRD0023,2025-11-04,1,317209.45,Credit Card,Delivered
ORD04528,CST1545,PRD0846,2025-03-09,5,476384.69,UPI,Delivered
ORD04529,CST3809,PRD0523,2025-01-07,9,59976.42,Debit Card,Delivered
ORD04530,CST4358,PRD0426,2025-03-25,8,455425.53,Debit Card,Shipped
ORD04531,CST2412,PRD0099,2025-04-11,3,130423.59,Cash on Delivery,Delivered
ORD04532,CST3446,PRD0785,2025-12-25,4,234786.7,Cash on Delivery,Delivered
ORD04533,CST3940,PRD0857,2025-12-31,4,341133.99,Debit Card,Shipped
ORD04534,CST4497,PRD0206,2025-03-21,1,197179.77,Credit Card,Cancelled
ORD04535,CST0744,PRD0550,2025-07-05,1,449112.02,Cash on Delivery,Cancelled
ORD04536,CST4081,PRD0443,2025-10-16,6,450257.21,Debit Card,Shipped
ORD04537,CST2774,PRD0272,2025-09-10,6,288054.49,UPI,Shipped
ORD04538,CST4056,PRD0584,2025-08-21,7,336945.29,Net Banking,Shipped
ORD04539,CST1048,PRD0814,2025-02-12,5,458300.48,Credit Card,Processing
ORD04540,CST0675,PRD0211,2025-10-20,10,373727.86,Net Banking,Processing
ORD04541,CST1290,PRD0665,2025-04-27,2,71040.78,Net Banking,Shipped
ORD04542,CST0420,PRD0112,2025-07-22,2,413623.27,UPI,Delivered
ORD04543,CST2985,PRD0027,2025-06-17,4,354586.07,Net Banking,Processing
ORD04544,CST4205,PRD0261,2025-10-21,9,262484.66,Debit Card,Processing
ORD04545,CST3296,PRD0101,2025-05-15,9,167119.54,Net Banking,Shipped
ORD04546,CST4781,PRD0444,2025-11-19,8,244857.38,Cash on Delivery,Processing
ORD04547,CST1484,PRD0676,2025-08-29,5,130881.15,Credit Card,Shipped
ORD04548,CST3841,PRD0678,2025-01-09,7,49411.74,Net Banking,Shipped
ORD04549,CST0365,PRD0261,2025-07-14,9,262484.66,Cash on Delivery,Delivered
ORD04550,CST1755,PRD0852,2025-10-10,6,335708.72,Cash on Delivery,Cancelled
ORD04551,CST3226,PRD0374,2025-04-07,7,182867.71,Cash on Delivery,Cancelled
ORD04552,CST2243,PRD0467,2025-05-06,2,74123.04,Cash on Delivery,Processing
ORD04553,CST3835,PRD0692,2025-10-16,9,469275.27,Debit Card,Shipped
ORD04554,CST2411,PRD0312,2025-02-28,2,309777.57,Debit Card,Delivered
ORD04555,CST0767,PRD0671,2025-06-26,10,299559.74,Credit Card,Processing
ORD04556,CST3250,PRD0632,2025-04-28,8,185425.93,UPI,Delivered
ORD04557,CST4115,PRD0698,2025-04-21,10,492296.62,Credit Card,Shipped
ORD04558,CST4201,PRD0750,2025-03-31,9,363202.4,Credit Card,Processing
ORD04559,CST1797,PRD0402,2025-12-11,5,257726.77,Net Banking,Processing
ORD04560,CST3032,PRD0177,2025-01-12,3,416799.81,UPI,Processing
ORD04561,CST0209,PRD0666,2025-11-12,6,3046.53,Cash on Delivery,Processing
ORD04562,CST1213,PRD0977,2025-05-18,8,451766.81,Debit Card,Cancelled
ORD04563,CST3122,PRD0070,2025-06-21,8,245276.45,Debit Card,Processing
ORD04564,CST4502,PRD0085,2025-07-14,2,430414.2,UPI,Cancelled
ORD04565,CST2378,PRD0261,2025-11-18,4,262484.66,Cash on Delivery,Processing
ORD04566,CST3707,PRD0854,2025-03-15,10,421187.49,UPI,Cancelled
ORD04567,CST4994,PRD0744,2025-04-20,6,237811.1,Debit Card,Shipped
ORD04568,CST2754,PRD0883,2025-03-22,6,40801.61,UPI,Shipped
ORD04569,CST4007,PRD0898,2025-05-23,1,488851.36,Credit Card,Delivered
ORD04570,CST0890,PRD0424,2025-07-05,4,244732.68,Cash on Delivery,Shipped
ORD04571,CST3763,PRD0545,2025-02-14,2,287988.76,Net Banking,Delivered
ORD04572,CST1798,PRD0677,2025-06-29,9,446295.41,Net Banking,Shipped
ORD04573,CST4143,PRD0828,2025-04-18,6,49709.0,Debit Card,Delivered
ORD04574,CST2422,PRD0930,2025-02-19,3,43094.6,Debit Card,Processing
ORD04575,CST3030,PRD0016,2025-06-09,2,367901.61,Net Banking,Processing
ORD04576,CST1078,PRD0856,2025-05-12,6,370444.62,Credit Card,Cancelled
ORD04577,CST3613,PRD0304,2025-11-06,9,150917.76,UPI,Delivered
ORD04578,CST3042,PRD0274,2025-01-07,3,26901.38,Net Banking,Shipped
ORD04579,CST3404,PRD0426,2025-07-05,1,455425.53,Credit Card,Delivered
ORD04580,CST3348,PRD0656,2025-07-02,8,235339.8,Net Banking,Processing
ORD04581,CST4898,PRD0550,2025-05-26,6,449112.02,Debit Card,Shipped
ORD04582,CST1333,PRD0814,2025-09-07,9,458300.48,Net Banking,Cancelled
ORD04583,CST3819,PRD0086,2025-04-16,5,29313.76,Credit Card,Processing
ORD04584,CST0754,PRD0506,2025-08-30,8,386595.81,Net Banking,Delivered
ORD04585,CST1099,PRD0387,2025-08-03,10,369271.77,Cash on Delivery,Cancelled
ORD04586,CST2796,PRD0718,2025-07-13,10,276001.51,Cash on Delivery,Cancelled
ORD04587,CST2903,PRD0172,2025-05-07,9,391302.22,UPI,Processing
ORD04588,CST2016,PRD0239,2025-12-11,7,308881.86,Credit Card,Cancelled
ORD04589,CST4311,PRD0936,2025-10-21,6,260392.6,Net Banking,Cancelled
ORD04590,CST4921,PRD0565,2025-02-02,10,336181.09,Credit Card,Processing
ORD04591,CST3429,PRD0759,2025-12-13,8,456922.95,Net Banking,Shipped
ORD04592,CST3647,PRD0041,2025-07-01,1,386068.92,UPI,Delivered
ORD04593,CST0220,PRD0645,2025-04-11,7,276590.34,Debit Card,Processing
ORD04594,CST3818,PRD0626,2025-03-29,1,107714.25,UPI,Cancelled
ORD04595,CST4432,PRD0508,2025-03-26,1,35470.73,Cash on Delivery,Delivered
ORD04596,CST4157,PRD0879,2025-04-26,4,169342.3,Net Banking,Shipped
ORD04597,CST3902,PRD0910,2025-06-20,4,289331.06,Credit Card,Delivered
ORD04598,CST2104,PRD0780,2025-10-13,5,184102.36,Debit Card,Delivered
ORD04599,CST2490,PRD0032,2025-02-17,9,440662.44,Credit Card,Delivered
ORD04600,CST4478,PRD0220,2025-04-25,1,217566.6,UPI,Processing
ORD04601,CST5000,PRD0675,2025-01-31,5,298321.19,Net Banking,Processing
ORD04602,CST4042,PRD0977,2025-04-29,1,451766.81,Cash on Delivery,Processing
ORD04603,CST2687,PRD0894,2025-09-29,5,153484.23,Cash on Delivery,Processing
ORD04604,CST1924,PRD0132,2025-11-21,2,428887.21,UPI,Shipped
ORD04605,CST2015,PRD0726,2025-05-10,1,123657.51,Debit Card,Processing
ORD04606,CST2973,PRD0650,2025-09-04,2,269438.6,Cash on Delivery,Delivered
ORD04607,CST2365,PRD0517,2025-03-05,6,207791.06,Net Banking,Processing
ORD04608,CST4874,PRD0767,2025-02-18,6,333590.31,UPI,Shipped
ORD04609,CST4815,PRD0202,2025-05-13,2,165292.73,Credit Card,Delivered
ORD04610,CST3163,PRD0900,2025-12-01,10,96474.22,Credit Card,Delivered
ORD04611,CST1129,PRD0303,2025-09-01,7,159069.03,UPI,Cancelled
ORD04612,CST2295,PRD0237,2025-08-17,2,45392.84,Debit Card,Shipped
ORD04613,CST1161,PRD0285,2025-02-19,7,53234.0,Credit Card,Delivered
ORD04614,CST1728,PRD0081,2025-05-03,5,422104.17,UPI,Cancelled
ORD04615,CST0517,PRD0899,2025-08-26,9,470538.02,Net Banking,Shipped
ORD04616,CST0190,PRD0206,2025-08-07,8,197179.77,Credit Card,Cancelled
ORD04617,CST0067,PRD0334,2025-07-22,8,395182.8,Debit Card,Shipped
ORD04618,CST4712,PRD0968,2025-07-26,2,475811.38,Debit Card,Delivered
ORD04619,CST4131,PRD0929,2025-06-15,9,389459.45,Cash on Delivery,Delivered
ORD04620,CST2290,PRD0942,2025-11-30,7,275839.78,Net Banking,Processing
ORD04621,CST3787,PRD0309,2025-08-07,4,36029.14,Net Banking,Cancelled
ORD04622,CST1406,PRD0733,2025-10-26,5,245927.76,Net Banking,Cancelled
ORD04623,CST0744,PRD0175,2025-12-30,4,64060.28,Credit Card,Cancelled
ORD04624,CST2683,PRD0448,2025-09-13,2,314809.29,Debit Card,Shipped
ORD04625,CST4674,PRD0666,2025-07-24,4,3046.53,Debit Card,Shipped
ORD04626,CST3680,PRD0906,2025-07-05,4,228989.54,Cash on Delivery,Processing
ORD04627,CST2503,PRD0068,2025-01-15,6,396547.89,Debit Card,Processing
ORD04628,CST3453,PRD0171,2025-11-11,1,244653.73,Cash on Delivery,Processing
ORD04629,CST0447,PRD0261,2025-07-22,7,262484.66,Net Banking,Shipped
ORD04630,CST3920,PRD0200,2025-02-02,5,447222.3,UPI,Cancelled
ORD04631,CST2191,PRD0463,2025-12-02,6,24303.03,Debit Card,Cancelled
ORD04632,CST1162,PRD0747,2025-09-19,5,12216.72,Net Banking,Delivered
ORD04633,CST1294,PRD0278,2025-12-09,8,183143.31,Net Banking,Shipped
ORD04634,CST3472,PRD0974,2025-05-02,2,1374.39,UPI,Shipped
ORD04635,CST1769,PRD0695,2025-07-05,9,213789.7,Net Banking,Delivered
ORD04636,CST3681,PRD0976,2025-03-08,7,245373.68,Debit Card,Processing
ORD04637,CST1231,PRD0608,2025-04-23,4,283793.04,Cash on Delivery,Processing
ORD04638,CST2225,PRD0558,2025-01-04,10,387479.9,Net Banking,Cancelled
ORD04639,CST2145,PRD0116,2025-09-14,3,405121.15,Credit Card,Delivered
ORD04640,CST2010,PRD0492,2025-12-20,4,484004.12,UPI,Shipped
ORD04641,CST1312,PRD0952,2025-08-17,2,489910.94,Cash on Delivery,Delivered
ORD04642,CST4671,PRD0418,2025-06-25,8,14440.45,Credit Card,Shipped
ORD04643,CST0225,PRD0450,2025-04-02,3,418012.85,UPI,Cancelled
ORD04644,CST0110,PRD0624,2025-07-27,10,16372.79,UPI,Delivered
ORD04645,CST2419,PRD0734,2025-12-29,5,41897.86,Cash on Delivery,Delivered
ORD04646,CST2886,PRD0539,2025-11-07,4,57940.75,UPI,Delivered
ORD04647,CST1392,PRD0269,2025-10-01,6,399155.98,UPI,Processing
ORD04648,CST1527,PRD0669,2025-06-28,3,291695.08,Credit Card,Shipped
ORD04649,CST3629,PRD0378,2025-06-08,8,293062.88,Credit Card,Processing
ORD04650,CST3287,PRD0752,2025-09-20,1,482253.43,Debit Card,Cancelled
ORD04651,CST4081,PRD0968,2025-11-28,3,475811.38,Credit Card,Cancelled
ORD04652,CST0304,PRD0247,2025-07-30,1,134623.99,Debit Card,Cancelled
ORD04653,CST2290,PRD0854,2025-07-11,6,421187.49,Cash on Delivery,Delivered
ORD04654,CST4834,PRD0063,2025-04-22,8,392027.06,Cash on Delivery,Cancelled
ORD04655,CST4227,PRD0229,2025-02-10,3,222489.98,Credit Card,Shipped
ORD04656,CST4721,PRD0644,2025-06-28,7,363392.56,Credit Card,Processing
ORD04657,CST2010,PRD0360,2025-10-09,2,288846.93,UPI,Cancelled
ORD04658,CST3626,PRD0461,2025-10-27,1,289926.23,Credit Card,Shipped
ORD04659,CST0481,PRD0270,2025-02-14,1,59429.4,UPI,Delivered
ORD04660,CST4644,PRD0237,2025-03-22,7,45392.84,Credit Card,Shipped
ORD04661,CST2253,PRD0251,2025-03-19,8,17635.27,Debit Card,Processing
ORD04662,CST3378,PRD0310,2025-08-14,7,91658.23,Credit Card,Delivered
ORD04663,CST1102,PRD0590,2025-09-09,7,27079.31,Cash on Delivery,Shipped
ORD04664,CST0144,PRD0667,2025-02-18,9,89269.08,Cash on Delivery,Shipped
ORD04665,CST2819,PRD0144,2025-12-17,3,365322.18,UPI,Delivered
ORD04666,CST4937,PRD0183,2025-07-29,6,442712.73,Credit Card,Processing
ORD04667,CST1207,PRD0151,2025-11-09,10,262566.67,Cash on Delivery,Delivered
ORD04668,CST2849,PRD0143,2025-06-05,7,320682.49,Debit Card,Delivered
ORD04669,CST1870,PRD0710,2025-04-21,4,402633.23,Cash on Delivery,Processing
ORD04670,CST4034,PRD0290,2025-05-06,1,319785.27,Credit Card,Shipped
ORD04671,CST1868,PRD0021,2025-06-28,7,72082.89,UPI,Delivered
ORD04672,CST4489,PRD0153,2025-04-19,1,333176.44,Debit Card,Delivered
ORD04673,CST4097,PRD0964,2025-04-02,9,187879.68,Cash on Delivery,Shipped
ORD04674,CST4449,PRD0362,2025-03-18,6,486036.29,Net Banking,Shipped
ORD04675,CST0683,PRD0434,2025-12-02,2,354742.21,Cash on Delivery,Delivered
ORD04676,CST1782,PRD0054,2025-07-30,1,403175.85,UPI,Cancelled
ORD04677,CST1792,PRD0419,2025-12-06,6,440720.8,UPI,Shipped
ORD04678,CST3069,PRD0923,2025-07-03,7,144000.38,Net Banking,Shipped
ORD04679,CST1516,PRD0415,2025-02-19,6,379456.13,Net Banking,Processing
ORD04680,CST4606,PRD0427,2025-06-06,2,62385.96,Credit Card,Processing
ORD04681,CST2955,PRD0012,2025-04-05,1,423350.6,Cash on Delivery,Shipped
ORD04682,CST1102,PRD0184,2025-04-17,1,199268.22,UPI,Shipped
ORD04683,CST3726,PRD0606,2025-02-05,10,58545.66,Net Banking,Processing
ORD04684,CST3240,PRD0185,2025-05-05,1,382123.7,Credit Card,Delivered
ORD04685,CST0961,PRD0869,2025-11-29,4,357955.67,Debit Card,Processing
ORD04686,CST3490,PRD0751,2025-08-16,9,272483.38,UPI,Processing
ORD04687,CST3684,PRD0519,2025-01-21,5,281491.29,UPI,Cancelled
ORD04688,CST1811,PRD0233,2025-02-24,5,444388.32,Credit Card,Processing
ORD04689,CST1454,PRD0404,2025-10-19,1,28934.96,Debit Card,Cancelled
ORD04690,CST0317,PRD0530,2025-12-25,6,146632.15,UPI,Shipped
ORD04691,CST4667,PRD0247,2025-12-21,7,134623.99,Credit Card,Delivered
ORD04692,CST4236,PRD0212,2025-11-27,5,251709.96,Net Banking,Cancelled
ORD04693,CST0983,PRD0430,2025-07-15,10,100459.99,Debit Card,Cancelled
ORD04694,CST1239,PRD0988,2025-09-19,1,269507.5,Net Banking,Shipped
ORD04695,CST3922,PRD0636,2025-09-01,4,342103.33,Cash on Delivery,Cancelled
ORD04696,CST0208,PRD0039,2025-06-07,7,404.11,UPI,Cancelled
ORD04697,CST4734,PRD0307,2025-05-16,1,126220.86,Cash on Delivery,Shipped
ORD04698,CST1544,PRD0669,2025-12-24,8,291695.08,UPI,Cancelled
ORD04699,CST2636,PRD0493,2025-01-08,4,463630.33,UPI,Shipped
ORD04700,CST4763,PRD0182,2025-11-30,10,384713.55,Cash on Delivery,Processing
ORD04701,CST2942,PRD0315,2025-03-29,1,67666.1,UPI,Cancelled
ORD04702,CST3395,PRD0872,2025-02-11,3,429650.41,UPI,Shipped
ORD04703,CST4921,PRD0729,2025-04-11,6,239751.24,Net Banking,Shipped
ORD04704,CST3953,PRD0901,2025-11-17,10,439676.4,UPI,Delivered
ORD04705,CST4880,PRD0649,2025-04-06,1,393228.12,Cash on Delivery,Delivered
ORD04706,CST1913,PRD0794,2025-11-30,5,218172.91,Net Banking,Processing
ORD04707,CST2732,PRD0685,2025-02-10,7,456765.97,Credit Card,Delivered
ORD04708,CST4433,PRD0853,2025-02-18,3,20006.07,Credit Card,Processing
ORD04709,CST1064,PRD0015,2025-07-21,2,77541.35,Cash on Delivery,Shipped
ORD04710,CST3084,PRD0983,2025-05-24,5,270040.45,Debit Card,Delivered
ORD04711,CST4252,PRD0600,2025-04-06,8,381581.84,Credit Card,Delivered
ORD04712,CST0086,PRD0567,2025-02-21,8,240435.35,Debit Card,Cancelled
ORD04713,CST3545,PRD0724,2025-08-14,3,312430.82,Net Banking,Delivered
ORD04714,CST4654,PRD0011,2025-07-12,5,50487.59,Credit Card,Cancelled
ORD04715,CST2005,PRD0332,2025-01-31,3,272249.32,UPI,Delivered
ORD04716,CST2714,PRD0609,2025-02-01,4,461335.82,Net Banking,Shipped
ORD04717,CST1638,PRD0198,2025-04-26,1,126993.94,Debit Card,Delivered
ORD04718,CST0844,PRD0884,2025-05-15,3,87645.2,UPI,Delivered
ORD04719,CST0569,PRD0034,2025-08-22,4,481216.6,Credit Card,Delivered
ORD04720,CST1288,PRD0532,2025-10-25,8,111402.44,Credit Card,Cancelled
ORD04721,CST3688,PRD0314,2025-07-01,9,145467.21,UPI,Cancelled
ORD04722,CST0616,PRD0154,2025-04-06,10,209673.07,Net Banking,Processing
ORD04723,CST4846,PRD0519,2025-10-07,1,281491.29,UPI,Delivered
ORD04724,CST3950,PRD0918,2025-02-26,4,181510.8,Cash on Delivery,Cancelled
ORD04725,CST1539,PRD0128,2025-11-22,4,488283.83,UPI,Shipped
ORD04726,CST1880,PRD0524,2025-06-01,4,312738.42,Debit Card,Cancelled
ORD04727,CST3372,PRD0454,2025-06-17,6,74767.36,Cash on Delivery,Cancelled
ORD04728,CST0558,PRD0637,2025-03-03,2,357349.95,Cash on Delivery,Delivered
ORD04729,CST2920,PRD0769,2025-01-23,8,16390.65,UPI,Shipped
ORD04730,CST4368,PRD0688,2025-03-08,7,84303.13,Cash on Delivery,Processing
ORD04731,CST1063,PRD0646,2025-01-28,10,352863.86,Credit Card,Delivered
ORD04732,CST2865,PRD0250,2025-05-07,1,213435.85,UPI,Shipped
ORD04733,CST1701,PRD0322,2025-01-30,6,11015.23,Net Banking,Shipped
ORD04734,CST4507,PRD0381,2025-03-02,10,418034.68,Debit Card,Cancelled
ORD04735,CST4502,PRD0365,2025-05-12,5,74809.6,Cash on Delivery,Processing
ORD04736,CST3250,PRD0382,2025-03-30,9,457969.15,Net Banking,Shipped
ORD04737,CST0848,PRD0288,2025-03-24,1,159225.07,Cash on Delivery,Cancelled
ORD04738,CST3049,PRD0529,2025-12-19,6,178140.65,UPI,Delivered
ORD04739,CST0369,PRD0976,2025-06-11,1,245373.68,UPI,Processing
ORD04740,CST2096,PRD0341,2025-05-21,9,328048.48,Debit Card,Processing
ORD04741,CST0982,PRD0819,2025-12-30,2,149969.04,Net Banking,Processing
ORD04742,CST4875,PRD0818,2025-05-11,1,220601.84,Net Banking,Cancelled
ORD04743,CST2899,PRD0944,2025-05-03,5,368941.44,UPI,Shipped
ORD04744,CST4990,PRD0765,2025-07-20,9,490611.22,Debit Card,Cancelled
ORD04745,CST3107,PRD0282,2025-07-14,9,313838.55,UPI,Processing
ORD04746,CST1931,PRD0834,2025-12-26,7,259687.06,Debit Card,Shipped
ORD04747,CST3034,PRD0610,2025-01-15,5,479504.43,Debit Card,Cancelled
ORD04748,CST1182,PRD0375,2025-06-24,5,338428.64,Net Banking,Cancelled
ORD04749,CST2503,PRD0312,2025-03-16,10,309777.57,Net Banking,Delivered
ORD04750,CST3097,PRD0814,2025-06-18,10,458300.48,Net Banking,Delivered
ORD04751,CST3451,PRD0881,2025-01-17,8,23942.0,UPI,Cancelled
ORD04752,CST4254,PRD0019,2025-11-25,4,189955.9,UPI,Processing
ORD04753,CST3190,PRD0980,2025-01-29,9,163280.99,Credit Card,Processing
ORD04754,CST3852,PRD0786,2025-07-07,10,79605.99,Debit Card,Delivered
ORD04755,CST2279,PRD0514,2025-09-16,9,379261.29,Net Banking,Delivered
ORD04756,CST2660,PRD0161,2025-01-23,5,2513.58,Credit Card,Delivered
ORD04757,CST1876,PRD0055,2025-09-18,10,144415.29,Net Banking,Cancelled
ORD04758,CST3587,PRD0744,2025-09-25,9,237811.1,Cash on Delivery,Delivered
ORD04759,CST4359,PRD0567,2025-05-10,9,240435.35,UPI,Cancelled
ORD04760,CST2021,PRD0046,2025-03-19,3,299475.4,Debit Card,Shipped
ORD04761,CST4318,PRD0575,2025-08-07,2,325253.23,Cash on Delivery,Delivered
ORD04762,CST2580,PRD0181,2025-03-02,6,182672.1,Credit Card,Cancelled
ORD04763,CST3878,PRD0304,2025-11-14,5,150917.76,Debit Card,Processing
ORD04764,CST1973,PRD0970,2025-03-23,4,39467.04,Credit Card,Cancelled
ORD04765,CST1384,PRD0246,2025-09-24,5,244876.34,Debit Card,Processing
ORD04766,CST1867,PRD0471,2025-11-04,5,216734.98,Credit Card,Cancelled
ORD04767,CST0946,PRD0365,2025-03-01,2,74809.6,Credit Card,Delivered
ORD04768,CST0174,PRD0732,2025-12-30,2,143168.86,Debit Card,Cancelled
ORD04769,CST0524,PRD0806,2025-08-16,5,58673.67,Net Banking,Cancelled
ORD04770,CST1309,PRD0783,2025-07-26,7,18194.12,Debit Card,Cancelled
ORD04771,CST1385,PRD0292,2025-07-30,2,470579.02,Net Banking,Cancelled
ORD04772,CST1645,PRD0383,2025-02-18,7,419182.0,Net Banking,Shipped
ORD04773,CST4038,PRD0458,2025-01-08,4,204299.89,Debit Card,Delivered
ORD04774,CST0887,PRD0173,2025-07-31,6,203316.2,Net Banking,Shipped
ORD04775,CST3605,PRD0708,2025-01-08,2,464842.07,Cash on Delivery,Shipped
ORD04776,CST4298,PRD0944,2025-06-20,2,368941.44,Cash on Delivery,Cancelled
ORD04777,CST4644,PRD0584,2025-06-10,4,336945.29,Debit Card,Processing
ORD04778,CST0438,PRD0653,2025-12-05,7,134033.29,UPI,Processing
ORD04779,CST2361,PRD0851,2025-09-09,1,246081.75,UPI,Delivered
ORD04780,CST4623,PRD0747,2025-02-01,1,12216.72,Debit Card,Delivered
ORD04781,CST4221,PRD0615,2025-04-08,3,309771.57,Net Banking,Delivered
ORD04782,CST4028,PRD0700,2025-10-16,6,454233.66,Debit Card,Cancelled
ORD04783,CST3207,PRD0124,2025-04-09,4,32354.36,Net Banking,Processing
ORD04784,CST3343,PRD0130,2025-06-04,7,284873.13,Debit Card,Delivered
ORD04785,CST2604,PRD0206,2025-05-23,8,197179.77,UPI,Processing
ORD04786,CST1626,PRD0144,2025-06-14,10,365322.18,UPI,Shipped
ORD04787,CST3293,PRD0068,2025-09-24,4,396547.89,Cash on Delivery,Cancelled
ORD04788,CST2784,PRD0277,2025-11-23,2,219021.68,Cash on Delivery,Cancelled
ORD04789,CST2351,PRD0620,2025-08-12,10,383111.41,Cash on Delivery,Processing
ORD04790,CST3884,PRD0209,2025-02-01,7,428885.9,Debit Card,Delivered
ORD04791,CST0862,PRD0395,2025-10-28,8,499741.53,Cash on Delivery,Delivered
ORD04792,CST2703,PRD0546,2025-08-07,9,20751.92,Cash on Delivery,Processing
ORD04793,CST3329,PRD0616,2025-03-31,4,19332.36,Cash on Delivery,Shipped
ORD04794,CST4598,PRD0172,2025-04-02,3,391302.22,Cash on Delivery,Shipped
ORD04795,CST0575,PRD0748,2025-02-19,7,198355.08,Debit Card,Processing
ORD04796,CST4024,PRD0687,2025-01-21,9,358030.85,Cash on Delivery,Processing
ORD04797,CST2228,PRD0499,2025-04-26,2,115477.15,UPI,Delivered
ORD04798,CST3428,PRD0801,2025-04-24,1,397473.03,Cash on Delivery,Processing
ORD04799,CST1980,PRD0616,2025-06-04,10,19332.36,Cash on Delivery,Cancelled
ORD04800,CST0646,PRD0354,2025-12-01,2,484265.29,Debit Card,Delivered
ORD04801,CST0432,PRD0905,2025-04-13,9,425456.72,UPI,Shipped
ORD04802,CST4429,PRD0614,2025-11-24,10,111501.9,Net Banking,Cancelled
ORD04803,CST0850,PRD0631,2025-07-17,3,278500.79,Net Banking,Processing
ORD04804,CST0472,PRD0994,2025-12-28,10,482813.95,UPI,Cancelled
ORD04805,CST2585,PRD0363,2025-02-19,10,332049.21,Cash on Delivery,Delivered
ORD04806,CST0968,PRD0031,2025-11-03,5,309375.26,Net Banking,Processing
ORD04807,CST0685,PRD0866,2025-09-23,6,232224.0,Cash on Delivery,Processing
ORD04808,CST4960,PRD0756,2025-12-03,3,183854.89,UPI,Delivered
ORD04809,CST1142,PRD0558,2025-07-21,3,387479.9,UPI,Shipped
ORD04810,CST3819,PRD0035,2025-11-05,3,435053.37,Debit Card,Processing
ORD04811,CST3131,PRD0806,2025-01-20,10,58673.67,UPI,Processing
ORD04812,CST0450,PRD0958,2025-07-02,3,95954.81,UPI,Delivered
ORD04813,CST4757,PRD0850,2025-06-27,5,313768.36,Cash on Delivery,Shipped
ORD04814,CST2314,PRD0100,2025-04-27,10,274137.65,Credit Card,Delivered
ORD04815,CST4822,PRD0496,2025-09-09,4,76825.62,Net Banking,Processing
ORD04816,CST1149,PRD0519,2025-09-15,2,281491.29,Cash on Delivery,Processing
ORD04817,CST1968,PRD0263,2025-07-27,1,325576.25,Debit Card,Cancelled
ORD04818,CST4284,PRD0402,2025-05-01,6,257726.77,UPI,Cancelled
ORD04819,CST3087,PRD0462,2025-11-17,10,156105.69,Net Banking,Cancelled
ORD04820,CST1723,PRD0137,2025-04-22,7,446911.84,Cash on Delivery,Cancelled
ORD04821,CST1544,PRD0288,2025-08-03,4,159225.07,Cash on Delivery,Delivered
ORD04822,CST0335,PRD0085,2025-04-13,4,430414.2,Credit Card,Cancelled
ORD04823,CST1361,PRD0892,2025-06-11,5,79816.41,Credit Card,Processing
ORD04824,CST0402,PRD0709,2025-07-24,6,58944.78,Debit Card,Cancelled
ORD04825,CST3258,PRD0538,2025-05-25,7,465957.48,Credit Card,Shipped
ORD04826,CST3146,PRD0072,2025-05-21,4,177782.5,Credit Card,Cancelled
ORD04827,CST0197,PRD0204,2025-04-14,3,176114.34,Net Banking,Shipped
ORD04828,CST0975,PRD0695,2025-04-02,2,213789.7,Net Banking,Shipped
ORD04829,CST0465,PRD0101,2025-08-23,10,167119.54,Credit Card,Processing
ORD04830,CST4766,PRD0697,2025-08-05,4,362110.12,Credit Card,Delivered
ORD04831,CST2280,PRD0800,2025-03-10,2,429133.17,Net Banking,Cancelled
ORD04832,CST1282,PRD0714,2025-08-27,5,467189.58,Credit Card,Processing
ORD04833,CST3405,PRD0395,2025-07-22,7,499741.53,Cash on Delivery,Delivered
ORD04834,CST3649,PRD0103,2025-05-20,8,477670.48,Credit Card,Cancelled
ORD04835,CST0338,PRD0475,2025-10-30,8,187942.29,Cash on Delivery,Processing
ORD04836,CST1772,PRD0079,2025-09-06,2,52375.45,Cash on Delivery,Delivered
ORD04837,CST3261,PRD0856,2025-11-16,5,370444.62,UPI,Processing
ORD04838,CST2082,PRD0306,2025-12-05,1,189592.38,Credit Card,Shipped
ORD04839,CST4555,PRD0833,2025-10-30,10,25768.5,Debit Card,Delivered
ORD04840,CST1984,PRD0125,2025-10-15,5,118921.52,Net Banking,Processing
ORD04841,CST0155,PRD0356,2025-04-29,10,447445.45,Credit Card,Delivered
ORD04842,CST4456,PRD0926,2025-11-28,9,171867.63,Net Banking,Cancelled
ORD04843,CST1572,PRD0995,2025-04-15,7,431144.63,Debit Card,Processing
ORD04844,CST1393,PRD0722,2025-09-01,8,354547.31,Cash on Delivery,Shipped
ORD04845,CST3995,PRD0165,2025-10-25,7,41259.55,Net Banking,Delivered
ORD04846,CST4864,PRD0727,2025-08-12,7,367187.83,Cash on Delivery,Shipped
ORD04847,CST2457,PRD0500,2025-06-15,3,127359.0,Debit Card,Delivered
ORD04848,CST2305,PRD0395,2025-01-09,9,499741.53,UPI,Processing
ORD04849,CST1298,PRD0508,2025-01-24,9,35470.73,Credit Card,Delivered
ORD04850,CST1808,PRD0964,2025-06-28,2,187879.68,Debit Card,Delivered
ORD04851,CST1226,PRD0997,2025-06-05,7,202580.02,UPI,Cancelled
ORD04852,CST2936,PRD0973,2025-06-14,7,182634.21,Credit Card,Processing
ORD04853,CST4870,PRD0056,2025-03-07,9,375116.59,UPI,Shipped
ORD04854,CST1419,PRD0577,2025-04-27,6,146349.52,UPI,Processing
ORD04855,CST2107,PRD0550,2025-05-25,7,449112.02,Cash on Delivery,Delivered
ORD04856,CST1352,PRD0361,2025-02-27,7,365624.7,Cash on Delivery,Cancelled
ORD04857,CST0457,PRD0642,2025-03-11,1,18027.53,Credit Card,Cancelled
ORD04858,CST1354,PRD0995,2025-08-18,3,431144.63,Net Banking,Shipped
ORD04859,CST2296,PRD0940,2025-10-05,8,467460.43,Debit Card,Shipped
ORD04860,CST2171,PRD0390,2025-01-21,2,401986.29,Credit Card,Delivered
ORD04861,CST0731,PRD0926,2025-10-20,2,171867.63,Credit Card,Processing
ORD04862,CST1872,PRD0998,2025-12-05,5,13465.51,Net Banking,Shipped
ORD04863,CST0346,PRD0003,2025-08-11,3,220983.37,Debit Card,Shipped
ORD04864,CST1850,PRD0002,2025-09-26,3,200708.22,Credit Card,Delivered
ORD04865,CST2714,PRD0777,2025-09-19,10,225979.16,Credit Card,Processing
ORD04866,CST3835,PRD0096,2025-01-02,9,279302.34,Debit Card,Processing
ORD04867,CST1905,PRD0015,2025-07-08,1,77541.35,Credit Card,Processing
ORD04868,CST1975,PRD0425,2025-10-12,4,293030.07,Debit Card,Processing
ORD04869,CST3019,PRD0511,2025-06-18,5,303669.84,Net Banking,Processing
ORD04870,CST0370,PRD0677,2025-01-18,10,446295.41,UPI,Delivered
ORD04871,CST4068,PRD0963,2025-09-15,6,363912.08,Cash on Delivery,Shipped
ORD04872,CST0453,PRD0824,2025-06-01,9,182628.31,Debit Card,Processing
ORD04873,CST4168,PRD0448,2025-03-22,3,314809.29,Net Banking,Delivered
ORD04874,CST0041,PRD0046,2025-03-09,5,299475.4,Net Banking,Processing
ORD04875,CST4453,PRD0697,2025-04-19,1,362110.12,Credit Card,Cancelled
ORD04876,CST1002,PRD0124,2025-07-10,5,32354.36,UPI,Delivered
ORD04877,CST0933,PRD0765,2025-08-10,7,490611.22,Debit Card,Delivered
ORD04878,CST0311,PRD0339,2025-03-14,7,408007.41,Net Banking,Delivered
ORD04879,CST4559,PRD0481,2025-09-20,6,259575.52,Credit Card,Processing
ORD04880,CST0426,PRD0718,2025-06-30,7,276001.51,Debit Card,Processing
ORD04881,CST1380,PRD0055,2025-01-15,8,144415.29,Debit Card,Cancelled
ORD04882,CST1539,PRD0422,2025-10-09,3,405611.47,UPI,Cancelled
ORD04883,CST4276,PRD0067,2025-12-10,5,285269.76,Credit Card,Processing
ORD04884,CST1479,PRD0265,2025-07-27,1,276605.28,UPI,Processing
ORD04885,CST1374,PRD0346,2025-02-16,3,489236.03,Cash on Delivery,Shipped
ORD04886,CST4932,PRD0225,2025-09-09,5,36390.54,Debit Card,Cancelled
ORD04887,CST4056,PRD0096,2025-05-09,10,279302.34,Debit Card,Shipped
ORD04888,CST4746,PRD0634,2025-09-21,7,87769.43,Net Banking,Shipped
ORD04889,CST1088,PRD0874,2025-04-11,7,406067.33,Net Banking,Delivered
ORD04890,CST1865,PRD0829,2025-06-21,7,273143.16,Credit Card,Shipped
ORD04891,CST3906,PRD0383,2025-09-24,3,419182.0,Credit Card,Shipped
ORD04892,CST2843,PRD0714,2025-10-14,6,467189.58,Debit Card,Cancelled
ORD04893,CST0090,PRD0481,2025-09-14,1,259575.52,Credit Card,Processing
ORD04894,CST2965,PRD0340,2025-09-22,8,61873.66,Cash on Delivery,Shipped
ORD04895,CST1831,PRD0346,2025-03-16,6,489236.03,Credit Card,Cancelled
ORD04896,CST2848,PRD0280,2025-06-12,2,475659.52,UPI,Cancelled
ORD04897,CST1990,PRD0469,2025-09-05,1,133106.62,Credit Card,Processing
ORD04898,CST0847,PRD0076,2025-02-11,10,408837.17,Cash on Delivery,Processing
ORD04899,CST4531,PRD0771,2025-10-13,5,136083.28,Cash on Delivery,Shipped
ORD04900,CST1831,PRD0150,2025-03-22,7,346198.44,Debit Card,Delivered
ORD04901,CST3305,PRD0876,2025-10-31,1,166829.84,Net Banking,Shipped
ORD04902,CST2283,PRD0192,2025-06-25,3,427496.73,Net Banking,Processing
ORD04903,CST1242,PRD0192,2025-03-23,3,427496.73,Net Banking,Processing
ORD04904,CST4978,PRD0172,2025-06-09,9,391302.22,Cash on Delivery,Shipped
ORD04905,CST1794,PRD0566,2025-04-04,4,490663.38,UPI,Cancelled
ORD04906,CST3515,PRD0576,2025-02-06,5,113811.56,Debit Card,Cancelled
ORD04907,CST4965,PRD0425,2025-04-08,9,293030.07,Credit Card,Cancelled
ORD04908,CST4796,PRD0242,2025-01-24,9,96910.37,UPI,Processing
ORD04909,CST0573,PRD0060,2025-07-30,7,201975.51,UPI,Delivered
ORD04910,CST4576,PRD0525,2025-11-20,2,26009.09,Credit Card,Delivered
ORD04911,CST4704,PRD0126,2025-04-20,2,349206.68,Net Banking,Cancelled
ORD04912,CST3759,PRD0964,2025-04-06,3,187879.68,Debit Card,Cancelled
ORD04913,CST4943,PRD0543,2025-04-21,5,113918.93,Credit Card,Processing
ORD04914,CST2449,PRD0538,2025-12-15,10,465957.48,Credit Card,Processing
ORD04915,CST4126,PRD0788,2025-04-19,7,339219.05,Debit Card,Processing
ORD04916,CST3790,PRD0772,2025-11-04,5,435091.54,Cash on Delivery,Processing
ORD04917,CST4955,PRD0378,2025-07-13,9,293062.88,Credit Card,Cancelled
ORD04918,CST2850,PRD0092,2025-11-21,9,134866.12,Credit Card,Shipped
ORD04919,CST1937,PRD0891,2025-08-21,4,418594.65,Cash on Delivery,Shipped
ORD04920,CST4492,PRD0788,2025-08-20,4,339219.05,Net Banking,Delivered
ORD04921,CST1143,PRD0174,2025-08-23,10,468347.49,Cash on Delivery,Delivered
ORD04922,CST3979,PRD0703,2025-04-03,4,100571.39,Credit Card,Processing
ORD04923,CST4092,PRD0964,2025-02-18,4,187879.68,Credit Card,Delivered
ORD04924,CST2523,PRD0635,2025-12-03,1,396531.33,Credit Card,Cancelled
ORD04925,CST4260,PRD0149,2025-09-23,6,335999.71,Net Banking,Processing
ORD04926,CST0271,PRD0003,2025-09-18,9,220983.37,Net Banking,Cancelled
ORD04927,CST4284,PRD0761,2025-09-02,5,358469.67,Credit Card,Cancelled
ORD04928,CST4761,PRD0752,2025-10-17,2,482253.43,Cash on Delivery,Shipped
ORD04929,CST4870,PRD0451,2025-09-15,2,381328.13,Debit Card,Shipped
ORD04930,CST4609,PRD0871,2025-12-25,1,29060.59,Cash on Delivery,Processing
ORD04931,CST1507,PRD0117,2025-10-16,9,233957.85,UPI,Cancelled
ORD04932,CST1399,PRD0870,2025-04-16,2,134831.47,Credit Card,Cancelled
ORD04933,CST1311,PRD0891,2025-04-01,4,418594.65,Debit Card,Cancelled
ORD04934,CST1932,PRD0693,2025-11-26,5,140415.56,Debit Card,Cancelled
ORD04935,CST0353,PRD0052,2025-07-22,1,5013.37,Credit Card,Shipped
ORD04936,CST1260,PRD0278,2025-12-09,5,183143.31,Net Banking,Cancelled
ORD04937,CST4135,PRD0291,2025-10-22,3,86034.61,Debit Card,Processing
ORD04938,CST0741,PRD0406,2025-12-13,1,383243.16,Credit Card,Shipped
ORD04939,CST1456,PRD0842,2025-05-26,4,48063.13,Cash on Delivery,Shipped
ORD04940,CST2333,PRD0889,2025-07-01,9,6877.23,Credit Card,Shipped
ORD04941,CST2207,PRD0752,2025-08-18,2,482253.43,Net Banking,Cancelled
ORD04942,CST1640,PRD0569,2025-10-26,1,131038.86,Debit Card,Cancelled
ORD04943,CST4908,PRD0592,2025-04-15,10,289106.2,Net Banking,Cancelled
ORD04944,CST2679,PRD0439,2025-01-14,10,92425.6,Credit Card,Cancelled
ORD04945,CST1967,PRD0095,2025-05-07,6,223259.72,Credit Card,Cancelled
ORD04946,CST1064,PRD0109,2025-07-05,3,265195.53,Net Banking,Processing
ORD04947,CST4652,PRD0555,2025-09-10,3,237730.62,Net Banking,Delivered
ORD04948,CST4384,PRD0904,2025-10-22,3,78739.38,Net Banking,Delivered
ORD04949,CST1762,PRD0574,2025-09-02,9,402163.07,Net Banking,Processing
ORD04950,CST4626,PRD0290,2025-01-10,10,319785.27,Cash on Delivery,Shipped
ORD04951,CST3612,PRD0441,2025-05-19,6,402206.34,Cash on Delivery,Delivered
ORD04952,CST3484,PRD0848,2025-10-30,1,334862.88,UPI,Processing
ORD04953,CST2908,PRD0072,2025-03-26,5,177782.5,Credit Card,Cancelled
ORD04954,CST0533,PRD0443,2025-02-06,6,450257.21,Debit Card,Shipped
ORD04955,CST0560,PRD0502,2025-08-03,10,38772.73,Cash on Delivery,Shipped
ORD04956,CST4576,PRD0793,2025-04-21,1,410776.66,Net Banking,Cancelled
ORD04957,CST1890,PRD0977,2025-09-13,1,451766.81,UPI,Shipped
ORD04958,CST1129,PRD0459,2025-11-04,3,423565.32,Debit Card,Processing
ORD04959,CST0465,PRD0099,2025-06-11,1,130423.59,Credit Card,Cancelled
ORD04960,CST0082,PRD0793,2025-07-22,1,410776.66,UPI,Shipped
ORD04961,CST2873,PRD0541,2025-12-31,6,164140.75,Credit Card,Cancelled
ORD04962,CST2768,PRD0642,2025-01-02,10,18027.53,Net Banking,Cancelled
ORD04963,CST3260,PRD0900,2025-12-20,4,96474.22,Net Banking,Shipped
ORD04964,CST2003,PRD0130,2025-11-21,6,284873.13,Cash on Delivery,Processing
ORD04965,CST4171,PRD0095,2025-09-14,1,223259.72,Credit Card,Processing
ORD04966,CST1167,PRD0092,2025-04-10,7,134866.12,Cash on Delivery,Processing
ORD04967,CST2658,PRD0025,2025-01-15,10,229608.54,Net Banking,Delivered
ORD04968,CST3075,PRD0503,2025-09-18,1,116478.25,Cash on Delivery,Delivered
ORD04969,CST4451,PRD0111,2025-12-22,4,203119.11,UPI,Processing
ORD04970,CST1458,PRD0865,2025-06-26,1,470825.36,Debit Card,Shipped
ORD04971,CST0750,PRD0047,2025-03-07,9,135167.95,Credit Card,Processing
ORD04972,CST0979,PRD0927,2025-04-09,7,449252.77,Net Banking,Cancelled
ORD04973,CST3846,PRD0360,2025-03-23,9,288846.93,Credit Card,Processing
ORD04974,CST4704,PRD0257,2025-09-12,2,25097.81,Credit Card,Shipped
ORD04975,CST4827,PRD0820,2025-12-29,10,278988.57,Credit Card,Delivered
ORD04976,CST0995,PRD0437,2025-09-07,8,278819.26,Credit Card,Shipped
ORD04977,CST1076,PRD0147,2025-11-29,6,368957.79,UPI,Cancelled
ORD04978,CST0093,PRD0756,2025-01-31,8,183854.89,UPI,Cancelled
ORD04979,CST0676,PRD0419,2025-10-30,10,440720.8,Cash on Delivery,Delivered
ORD04980,CST4495,PRD0804,2025-08-27,8,497620.57,Debit Card,Cancelled
ORD04981,CST2630,PRD0147,2025-02-05,2,368957.79,Debit Card,Delivered
ORD04982,CST1710,PRD0251,2025-04-16,3,17635.27,UPI,Delivered
ORD04983,CST0791,PRD0790,2025-09-01,10,300129.97,UPI,Delivered
ORD04984,CST4530,PRD0155,2025-07-03,1,311483.01,Cash on Delivery,Processing
ORD04985,CST4823,PRD0301,2025-08-04,3,7480.96,Debit Card,Shipped
ORD04986,CST3276,PRD0337,2025-05-16,1,250697.44,Cash on Delivery,Delivered
ORD04987,CST4742,PRD0189,2025-10-30,7,292337.81,Cash on Delivery,Delivered
ORD04988,CST1391,PRD0002,2025-02-20,5,200708.22,Cash on Delivery,Delivered
ORD04989,CST3499,PRD0087,2025-06-08,7,391867.7,Credit Card,Delivered
ORD04990,CST3786,PRD0807,2025-08-04,3,66922.99,Debit Card,Processing
ORD04991,CST4482,PRD0285,2025-02-03,8,53234.0,UPI,Shipped
ORD04992,CST3118,PRD0973,2025-09-06,2,182634.21,Net Banking,Cancelled
ORD04993,CST4834,PRD0966,2025-10-17,5,492739.35,Cash on Delivery,Cancelled
ORD04994,CST3515,PRD0043,2025-07-14,1,267712.35,Cash on Delivery,Cancelled
ORD04995,CST4283,PRD0640,2025-06-15,4,61100.99,Cash on Delivery,Processing
ORD04996,CST2489,PRD0525,2025-02-27,9,26009.09,Credit Card,Cancelled
ORD04997,CST1228,PRD0305,2025-09-23,5,28514.31,Credit Card,Shipped
ORD04998,CST4482,PRD0215,2025-06-23,6,424237.74,Cash on Delivery,Cancelled
ORD04999,CST2370,PRD0116,2025-03-25,9,405121.15,Net Banking,Processing
ORD05000,CST1788,PRD0704,2025-12-04,4,133128.92,Debit Card,Shipped
ORD05001,CST2859,PRD0478,2025-06-13,2,306836.42,UPI,Processing
ORD05002,CST3385,PRD0052,2025-07-25,6,5013.37,Cash on Delivery,Shipped
ORD05003,CST1979,PRD0114,2025-09-13,2,112637.36,Credit Card,Delivered
ORD05004,CST2498,PRD0458,2025-06-27,10,204299.89,Cash on Delivery,Processing
ORD05005,CST3661,PRD0955,2025-01-31,4,148075.82,Debit Card,Processing
ORD05006,CST4344,PRD0163,2025-11-17,1,396894.78,Cash on Delivery,Cancelled
ORD05007,CST2584,PRD0148,2025-06-02,1,27874.16,UPI,Processing
ORD05008,CST0234,PRD0478,2025-04-11,3,306836.42,UPI,Processing
ORD05009,CST0101,PRD0235,2025-02-19,7,184210.51,Credit Card,Shipped
ORD05010,CST3012,PRD0708,2025-07-09,10,464842.07,Net Banking,Cancelled
ORD05011,CST1744,PRD0065,2025-12-27,10,316183.24,Credit Card,Cancelled
ORD05012,CST0824,PRD0214,2025-11-23,4,336553.54,UPI,Delivered
ORD05013,CST2067,PRD0113,2025-01-24,4,480366.85,Net Banking,Cancelled
ORD05014,CST1400,PRD0784,2025-04-27,7,32875.71,Net Banking,Delivered
ORD05015,CST3118,PRD0752,2025-05-19,10,482253.43,Cash on Delivery,Cancelled
ORD05016,CST3249,PRD0924,2025-07-04,7,445303.78,UPI,Cancelled
ORD05017,CST1107,PRD0644,2025-06-27,9,363392.56,UPI,Shipped
ORD05018,CST2431,PRD0588,2025-10-28,9,116222.78,Net Banking,Shipped
ORD05019,CST2172,PRD0558,2025-09-08,6,387479.9,Debit Card,Delivered
ORD05020,CST3866,PRD0889,2025-05-20,6,6877.23,UPI,Delivered
ORD05021,CST0784,PRD0976,2025-01-06,9,245373.68,Net Banking,Cancelled
ORD05022,CST1563,PRD0437,2025-06-20,6,278819.26,UPI,Cancelled
ORD05023,CST1752,PRD0347,2025-10-11,9,316813.1,UPI,Processing
ORD05024,CST4348,PRD0649,2025-02-07,9,393228.12,Credit Card,Cancelled
ORD05025,CST1009,PRD0194,2025-08-23,2,446793.8,UPI,Shipped
ORD05026,CST4572,PRD0407,2025-04-04,3,112818.92,Debit Card,Delivered
ORD05027,CST2433,PRD0351,2025-06-21,2,213059.7,Cash on Delivery,Shipped
ORD05028,CST1260,PRD0714,2025-04-04,1,467189.58,Credit Card,Delivered
ORD05029,CST2562,PRD0808,2025-09-12,1,305918.21,Credit Card,Cancelled
ORD05030,CST1166,PRD0172,2025-12-26,1,391302.22,UPI,Delivered
ORD05031,CST2879,PRD0678,2025-09-11,5,49411.74,Credit Card,Cancelled
ORD05032,CST3091,PRD0985,2025-05-08,9,201601.85,Debit Card,Processing
ORD05033,CST1764,PRD0400,2025-09-16,7,236491.91,Debit Card,Delivered
ORD05034,CST1125,PRD0968,2025-01-03,3,475811.38,Net Banking,Processing
ORD05035,CST1026,PRD0307,2025-06-16,2,126220.86,Credit Card,Processing
ORD05036,CST0445,PRD0391,2025-06-14,5,126891.71,Debit Card,Shipped
ORD05037,CST3483,PRD0340,2025-12-22,9,61873.66,UPI,Delivered
ORD05038,CST3408,PRD0557,2025-07-02,7,145982.77,Debit Card,Cancelled
ORD05039,CST3755,PRD0255,2025-04-19,2,161716.33,Debit Card,Delivered
ORD05040,CST1595,PRD0598,2025-02-26,1,307146.21,Cash on Delivery,Processing
ORD05041,CST4952,PRD0187,2025-11-15,1,459959.6,Cash on Delivery,Processing
ORD05042,CST1725,PRD0739,2025-10-05,4,473672.61,Net Banking,Cancelled
ORD05043,CST3768,PRD0533,2025-10-13,8,296250.41,Credit Card,Processing
ORD05044,CST0435,PRD0182,2025-11-30,7,384713.55,Credit Card,Processing
ORD05045,CST1552,PRD0033,2025-06-29,4,46608.17,Credit Card,Cancelled
ORD05046,CST1461,PRD0900,2025-11-06,3,96474.22,Credit Card,Processing
ORD05047,CST4015,PRD0050,2025-10-22,2,169074.76,Credit Card,Shipped
ORD05048,CST1599,PRD0094,2025-04-19,3,193799.52,Net Banking,Shipped
ORD05049,CST3091,PRD0133,2025-05-01,7,470196.95,Credit Card,Processing
ORD05050,CST4041,PRD0654,2025-01-11,10,204830.02,Cash on Delivery,Delivered
ORD05051,CST3306,PRD0704,2025-11-22,4,133128.92,Net Banking,Processing
ORD05052,CST3362,PRD0073,2025-09-06,7,207272.6,Cash on Delivery,Shipped
ORD05053,CST2513,PRD0313,2025-04-20,8,248044.63,Cash on Delivery,Cancelled
ORD05054,CST3232,PRD0396,2025-11-05,6,389374.75,UPI,Shipped
ORD05055,CST1615,PRD0484,2025-08-16,1,411674.03,Cash on Delivery,Shipped
ORD05056,CST0130,PRD0370,2025-08-06,8,394986.76,Debit Card,Processing
ORD05057,CST3812,PRD0191,2025-07-09,9,341365.94,Net Banking,Delivered
ORD05058,CST2316,PRD0363,2025-03-20,8,332049.21,Debit Card,Shipped
ORD05059,CST3169,PRD0031,2025-01-11,2,309375.26,UPI,Processing
ORD05060,CST0026,PRD0181,2025-10-20,10,182672.1,Cash on Delivery,Processing
ORD05061,CST3975,PRD0937,2025-04-09,1,12173.96,Cash on Delivery,Cancelled
ORD05062,CST4421,PRD0707,2025-03-06,1,269484.59,Debit Card,Delivered
ORD05063,CST3899,PRD0598,2025-04-06,5,307146.21,Debit Card,Processing
ORD05064,CST2470,PRD0232,2025-05-29,1,432129.02,Net Banking,Processing
ORD05065,CST4544,PRD0009,2025-07-06,5,343974.7,UPI,Cancelled
ORD05066,CST1756,PRD0445,2025-04-29,8,432469.59,Cash on Delivery,Shipped
ORD05067,CST1613,PRD0787,2025-05-15,6,196082.64,Net Banking,Shipped
ORD05068,CST2329,PRD0042,2025-08-14,7,404782.24,Credit Card,Cancelled
ORD05069,CST4773,PRD0089,2025-08-10,4,305458.21,Credit Card,Processing
ORD05070,CST4724,PRD0530,2025-07-01,8,146632.15,UPI,Cancelled
ORD05071,CST1412,PRD0830,2025-11-01,4,69014.21,Cash on Delivery,Processing
ORD05072,CST2591,PRD0741,2025-06-06,3,138309.77,Cash on Delivery,Delivered
ORD05073,CST0942,PRD0381,2025-06-28,10,418034.68,Net Banking,Processing
ORD05074,CST0062,PRD0273,2025-01-05,3,254883.09,Credit Card,Processing
ORD05075,CST0202,PRD0991,2025-10-02,6,372709.84,Cash on Delivery,Cancelled
ORD05076,CST0221,PRD0844,2025-04-14,1,490284.24,Net Banking,Shipped
ORD05077,CST4299,PRD0663,2025-08-27,8,356385.74,Debit Card,Shipped
ORD05078,CST0105,PRD0471,2025-10-12,3,216734.98,Credit Card,Cancelled
ORD05079,CST3765,PRD0114,2025-04-13,10,112637.36,Debit Card,Shipped
ORD05080,CST3050,PRD0723,2025-10-11,3,30682.04,Net Banking,Cancelled
ORD05081,CST0877,PRD0035,2025-09-22,6,435053.37,UPI,Processing
ORD05082,CST3883,PRD0320,2025-05-14,7,34695.8,Net Banking,Delivered
ORD05083,CST3153,PRD0733,2025-06-05,7,245927.76,Debit Card,Cancelled
ORD05084,CST1538,PRD0170,2025-08-07,4,304034.45,UPI,Processing
ORD05085,CST1520,PRD0596,2025-02-27,3,194895.06,UPI,Shipped
ORD05086,CST3973,PRD0765,2025-11-07,2,490611.22,Debit Card,Delivered
ORD05087,CST0229,PRD0769,2025-05-30,9,16390.65,Net Banking,Delivered
ORD05088,CST1482,PRD0527,2025-11-12,1,81723.08,Net Banking,Shipped
ORD05089,CST0651,PRD0500,2025-10-22,6,127359.0,UPI,Cancelled
ORD05090,CST2196,PRD0309,2025-09-22,1,36029.14,Credit Card,Shipped
ORD05091,CST3818,PRD0208,2025-07-05,4,63766.87,UPI,Processing
ORD05092,CST3373,PRD0743,2025-04-05,6,4504.46,UPI,Processing
ORD05093,CST3985,PRD0867,2025-10-09,2,131817.83,Debit Card,Shipped
ORD05094,CST2659,PRD0808,2025-03-27,4,305918.21,Credit Card,Cancelled
ORD05095,CST4495,PRD0971,2025-11-12,3,267389.88,UPI,Delivered
ORD05096,CST1199,PRD0491,2025-07-20,8,169339.24,UPI,Processing
ORD05097,CST4311,PRD0092,2025-01-14,3,134866.12,Debit Card,Delivered
ORD05098,CST0903,PRD0570,2025-09-18,3,251170.4,Debit Card,Cancelled
ORD05099,CST2991,PRD0043,2025-10-15,1,267712.35,Net Banking,Processing
ORD05100,CST2221,PRD0181,2025-05-03,5,182672.1,Credit Card,Cancelled
ORD05101,CST1781,PRD0189,2025-03-07,3,292337.81,Cash on Delivery,Delivered
ORD05102,CST1342,PRD0078,2025-07-21,7,377438.99,Debit Card,Delivered
ORD05103,CST2222,PRD0291,2025-05-14,8,86034.61,Credit Card,Shipped
ORD05104,CST2374,PRD0772,2025-05-12,6,435091.54,Debit Card,Processing
ORD05105,CST1811,PRD0311,2025-11-12,1,76425.13,Credit Card,Delivered
ORD05106,CST4366,PRD0973,2025-11-29,8,182634.21,UPI,Cancelled
ORD05107,CST4348,PRD0434,2025-10-16,10,354742.21,Credit Card,Delivered
ORD05108,CST3610,PRD0212,2025-02-16,9,251709.96,Debit Card,Cancelled
ORD05109,CST2087,PRD0681,2025-10-22,8,99107.84,Cash on Delivery,Shipped
ORD05110,CST3008,PRD0233,2025-10-28,8,444388.32,UPI,Delivered
ORD05111,CST4434,PRD0907,2025-11-16,8,403605.91,Net Banking,Shipped
ORD05112,CST2206,PRD0770,2025-08-08,3,380657.0,Debit Card,Cancelled
ORD05113,CST4901,PRD0094,2025-03-20,4,193799.52,Debit Card,Shipped
ORD05114,CST0020,PRD0891,2025-03-01,5,418594.65,Credit Card,Delivered
ORD05115,CST4883,PRD0795,2025-05-20,9,85392.09,Cash on Delivery,Processing
ORD05116,CST4157,PRD0559,2025-05-29,3,412806.94,Credit Card,Cancelled
ORD05117,CST0921,PRD0607,2025-06-19,8,257511.87,Cash on Delivery,Processing
ORD05118,CST0171,PRD0452,2025-01-21,6,304815.69,Credit Card,Cancelled
ORD05119,CST1374,PRD0386,2025-03-03,6,381716.79,Credit Card,Processing
ORD05120,CST0999,PRD0327,2025-08-13,6,127706.45,Credit Card,Processing
ORD05121,CST4742,PRD0815,2025-09-15,3,415420.26,UPI,Processing
ORD05122,CST1255,PRD0138,2025-03-25,10,135488.73,Credit Card,Cancelled
ORD05123,CST4445,PRD0741,2025-03-07,4,138309.77,Debit Card,Shipped
ORD05124,CST1944,PRD0820,2025-04-05,10,278988.57,UPI,Processing
ORD05125,CST2805,PRD0421,2025-07-06,10,119515.57,Net Banking,Processing
ORD05126,CST4979,PRD0555,2025-09-02,7,237730.62,Cash on Delivery,Cancelled
ORD05127,CST3009,PRD0159,2025-04-01,3,486431.31,UPI,Delivered
ORD05128,CST3711,PRD0318,2025-12-04,1,13345.53,Cash on Delivery,Delivered
ORD05129,CST2429,PRD0638,2025-03-26,8,205679.69,UPI,Cancelled
ORD05130,CST0669,PRD0718,2025-05-09,9,276001.51,UPI,Processing
ORD05131,CST4835,PRD0972,2025-09-11,5,199305.11,Cash on Delivery,Delivered
ORD05132,CST0734,PRD0712,2025-09-15,2,454541.81,Debit Card,Shipped
ORD05133,CST3732,PRD0710,2025-12-15,1,402633.23,Debit Card,Shipped
ORD05134,CST3518,PRD0136,2025-05-10,10,417077.04,UPI,Delivered
ORD05135,CST3158,PRD0735,2025-05-03,10,219840.8,Net Banking,Cancelled
ORD05136,CST0221,PRD0880,2025-03-23,1,63863.81,Cash on Delivery,Cancelled
ORD05137,CST3393,PRD0775,2025-03-13,10,370470.97,Cash on Delivery,Cancelled
ORD05138,CST1758,PRD0793,2025-10-24,7,410776.66,UPI,Cancelled
ORD05139,CST3504,PRD0161,2025-07-22,7,2513.58,Credit Card,Shipped
ORD05140,CST2051,PRD0459,2025-12-12,2,423565.32,Net Banking,Cancelled
ORD05141,CST4909,PRD0040,2025-02-04,1,258289.75,Cash on Delivery,Shipped
ORD05142,CST4169,PRD0922,2025-12-23,6,219694.88,Cash on Delivery,Shipped
ORD05143,CST3642,PRD0591,2025-12-25,9,278924.26,Net Banking,Cancelled
ORD05144,CST0990,PRD0542,2025-05-22,4,376244.05,Cash on Delivery,Processing
ORD05145,CST0048,PRD0338,2025-03-28,4,195645.41,UPI,Cancelled
ORD05146,CST0813,PRD0046,2025-03-06,4,299475.4,Net Banking,Delivered
ORD05147,CST2614,PRD0830,2025-03-20,10,69014.21,Debit Card,Delivered
ORD05148,CST1856,PRD0424,2025-01-15,10,244732.68,Credit Card,Cancelled
ORD05149,CST4721,PRD0566,2025-04-11,10,490663.38,Credit Card,Processing
ORD05150,CST0239,PRD0533,2025-06-15,5,296250.41,Net Banking,Shipped
ORD05151,CST2979,PRD0748,2025-03-17,4,198355.08,Cash on Delivery,Cancelled
ORD05152,CST4907,PRD0645,2025-01-31,2,276590.34,Net Banking,Processing
ORD05153,CST3864,PRD0864,2025-11-21,3,314562.72,Debit Card,Shipped
ORD05154,CST0081,PRD0030,2025-10-28,6,135855.72,Net Banking,Delivered
ORD05155,CST2546,PRD0620,2025-09-12,7,383111.41,Credit Card,Delivered
ORD05156,CST1362,PRD0193,2025-08-19,1,367591.73,Credit Card,Shipped
ORD05157,CST1976,PRD0566,2025-08-17,8,490663.38,Credit Card,Cancelled
ORD05158,CST1431,PRD0146,2025-02-18,7,404258.53,Debit Card,Cancelled
ORD05159,CST4348,PRD0114,2025-11-19,9,112637.36,Net Banking,Delivered
ORD05160,CST1798,PRD0860,2025-06-27,9,185401.93,Debit Card,Cancelled
ORD05161,CST4081,PRD0161,2025-04-03,4,2513.58,Debit Card,Shipped
ORD05162,CST2029,PRD0392,2025-07-21,2,249841.7,UPI,Cancelled
ORD05163,CST0881,PRD0212,2025-09-02,6,251709.96,Credit Card,Shipped
ORD05164,CST0570,PRD0403,2025-08-30,8,277773.89,Debit Card,Processing
ORD05165,CST0129,PRD0354,2025-11-09,7,484265.29,UPI,Cancelled
ORD05166,CST1176,PRD0026,2025-11-28,1,332620.96,Cash on Delivery,Delivered
ORD05167,CST2110,PRD0494,2025-11-17,7,486472.9,UPI,Processing
ORD05168,CST2583,PRD0158,2025-06-17,2,167900.97,Net Banking,Shipped
ORD05169,CST1488,PRD0735,2025-04-29,5,219840.8,Cash on Delivery,Cancelled
ORD05170,CST4256,PRD0605,2025-02-26,3,264670.42,Cash on Delivery,Delivered
ORD05171,CST4262,PRD0556,2025-10-26,2,157872.38,Debit Card,Cancelled
ORD05172,CST4020,PRD0792,2025-02-04,9,219724.52,Net Banking,Cancelled
ORD05173,CST3605,PRD0079,2025-01-09,10,52375.45,Debit Card,Delivered
ORD05174,CST0954,PRD0278,2025-12-15,2,183143.31,Net Banking,Processing
ORD05175,CST0446,PRD0025,2025-04-04,9,229608.54,Debit Card,Delivered
ORD05176,CST2305,PRD0767,2025-06-04,1,333590.31,UPI,Cancelled
ORD05177,CST1338,PRD0589,2025-11-13,10,497145.92,Credit Card,Cancelled
ORD05178,CST4523,PRD0830,2025-04-03,10,69014.21,Net Banking,Cancelled
ORD05179,CST1259,PRD0943,2025-12-06,7,470076.43,Debit Card,Shipped
ORD05180,CST0013,PRD0485,2025-11-30,9,32645.18,Net Banking,Shipped
ORD05181,CST0284,PRD0178,2025-12-23,4,92916.82,Cash on Delivery,Cancelled
ORD05182,CST0008,PRD0924,2025-04-17,5,445303.78,Net Banking,Delivered
ORD05183,CST2996,PRD0096,2025-01-18,7,279302.34,Credit Card,Cancelled
ORD05184,CST1944,PRD0072,2025-02-01,1,177782.5,Debit Card,Cancelled
ORD05185,CST3750,PRD0551,2025-01-15,4,150040.96,Debit Card,Processing
ORD05186,CST0970,PRD0871,2025-12-19,2,29060.59,Credit Card,Cancelled
ORD05187,CST0757,PRD0117,2025-05-06,3,233957.85,Debit Card,Shipped
ORD05188,CST0718,PRD0872,2025-05-25,10,429650.41,Net Banking,Processing
ORD05189,CST2656,PRD0426,2025-08-24,4,455425.53,Net Banking,Shipped
ORD05190,CST3870,PRD0804,2025-04-17,2,497620.57,Net Banking,Delivered
ORD05191,CST0640,PRD0629,2025-07-21,5,197064.56,Cash on Delivery,Delivered
ORD05192,CST1764,PRD0358,2025-05-17,10,56119.57,Cash on Delivery,Delivered
ORD05193,CST2224,PRD0262,2025-06-12,5,71701.07,Cash on Delivery,Processing
ORD05194,CST0063,PRD0663,2025-06-23,10,356385.74,Cash on Delivery,Cancelled
ORD05195,CST2554,PRD0393,2025-08-09,9,132764.27,Debit Card,Processing
ORD05196,CST2469,PRD0340,2025-06-20,9,61873.66,UPI,Delivered
ORD05197,CST3143,PRD0696,2025-12-03,6,228766.83,UPI,Cancelled
ORD05198,CST4339,PRD0912,2025-12-24,2,3636.86,Credit Card,Processing
ORD05199,CST3603,PRD0186,2025-11-17,9,153989.47,Credit Card,Processing
ORD05200,CST2999,PRD0159,2025-09-23,6,486431.31,Credit Card,Cancelled
ORD05201,CST2135,PRD0829,2025-11-07,1,273143.16,Debit Card,Shipped
ORD05202,CST0711,PRD0648,2025-10-30,4,146050.1,Debit Card,Processing
ORD05203,CST4974,PRD0487,2025-04-05,8,417899.62,UPI,Delivered
ORD05204,CST1053,PRD0150,2025-04-18,6,346198.44,Debit Card,Processing
ORD05205,CST2681,PRD0582,2025-11-11,4,93486.1,Cash on Delivery,Cancelled
ORD05206,CST1156,PRD0485,2025-06-28,8,32645.18,Cash on Delivery,Processing
ORD05207,CST0764,PRD0068,2025-10-10,6,396547.89,UPI,Shipped
ORD05208,CST3806,PRD0331,2025-09-21,6,268421.48,Net Banking,Processing
ORD05209,CST2321,PRD0245,2025-12-14,4,141293.88,Debit Card,Shipped
ORD05210,CST0427,PRD0828,2025-01-04,5,49709.0,Net Banking,Shipped
ORD05211,CST4619,PRD0907,2025-01-25,7,403605.91,Debit Card,Shipped
ORD05212,CST0556,PRD0493,2025-10-10,9,463630.33,Cash on Delivery,Delivered
ORD05213,CST3699,PRD0601,2025-07-09,10,188003.12,Credit Card,Delivered
ORD05214,CST4255,PRD0358,2025-06-26,9,56119.57,UPI,Processing
ORD05215,CST1987,PRD0529,2025-01-02,4,178140.65,Credit Card,Processing
ORD05216,CST0494,PRD0684,2025-02-10,6,468185.59,Debit Card,Cancelled
ORD05217,CST3809,PRD0795,2025-02-10,3,85392.09,UPI,Delivered
ORD05218,CST1335,PRD0661,2025-10-16,1,451325.3,Cash on Delivery,Processing
ORD05219,CST3541,PRD0782,2025-08-20,3,96160.12,Cash on Delivery,Processing
ORD05220,CST4593,PRD0948,2025-09-18,7,183460.79,Cash on Delivery,Shipped
ORD05221,CST2944,PRD0066,2025-12-28,5,312144.24,Credit Card,Processing
ORD05222,CST4061,PRD0143,2025-05-14,5,320682.49,Cash on Delivery,Cancelled
ORD05223,CST4102,PRD0436,2025-10-02,5,8224.67,Debit Card,Delivered
ORD05224,CST2556,PRD0686,2025-03-23,9,450728.25,Credit Card,Delivered
ORD05225,CST3802,PRD0357,2025-02-16,1,22283.08,Cash on Delivery,Delivered
ORD05226,CST2502,PRD0324,2025-06-06,4,437135.04,Net Banking,Delivered
ORD05227,CST1880,PRD0331,2025-04-02,7,268421.48,Net Banking,Shipped
ORD05228,CST0962,PRD0963,2025-11-22,8,363912.08,Debit Card,Processing
ORD05229,CST2816,PRD0983,2025-09-27,6,270040.45,Credit Card,Shipped
ORD05230,CST4454,PRD0573,2025-01-26,7,175769.62,Cash on Delivery,Cancelled
ORD05231,CST2661,PRD0900,2025-01-05,7,96474.22,UPI,Cancelled
ORD05232,CST3384,PRD0507,2025-06-18,3,191744.36,Credit Card,Cancelled
ORD05233,CST1776,PRD0025,2025-09-26,7,229608.54,Credit Card,Delivered
ORD05234,CST2874,PRD0513,2025-09-17,1,20899.02,Credit Card,Cancelled
ORD05235,CST0611,PRD0948,2025-02-10,8,183460.79,Debit Card,Processing
ORD05236,CST3745,PRD0741,2025-08-18,4,138309.77,Debit Card,Processing
ORD05237,CST2062,PRD0688,2025-10-19,4,84303.13,Debit Card,Processing
ORD05238,CST0667,PRD0784,2025-09-22,9,32875.71,UPI,Shipped
ORD05239,CST3199,PRD0411,2025-07-22,4,314582.0,Cash on Delivery,Cancelled
ORD05240,CST2423,PRD0677,2025-06-26,2,446295.41,Net Banking,Shipped
ORD05241,CST2664,PRD0503,2025-06-01,3,116478.25,UPI,Cancelled
ORD05242,CST3337,PRD0476,2025-10-16,9,133928.89,Net Banking,Cancelled
ORD05243,CST3183,PRD0970,2025-12-29,9,39467.04,Debit Card,Delivered
ORD05244,CST1002,PRD0781,2025-12-21,7,401973.77,UPI,Shipped
ORD05245,CST3132,PRD0153,2025-11-29,2,333176.44,Cash on Delivery,Delivered
ORD05246,CST3747,PRD0743,2025-04-12,10,4504.46,Net Banking,Delivered
ORD05247,CST1640,PRD0620,2025-03-25,1,383111.41,Cash on Delivery,Processing
ORD05248,CST3364,PRD0767,2025-04-07,8,333590.31,UPI,Delivered
ORD05249,CST1765,PRD0267,2025-03-11,8,31656.61,UPI,Delivered
ORD05250,CST1433,PRD0921,2025-01-31,9,328293.69,UPI,Processing
ORD05251,CST1101,PRD0156,2025-03-07,2,259678.66,Net Banking,Shipped
ORD05252,CST4944,PRD0732,2025-06-09,4,143168.86,Cash on Delivery,Shipped
ORD05253,CST3446,PRD0143,2025-10-31,8,320682.49,UPI,Processing
ORD05254,CST0799,PRD0338,2025-05-24,10,195645.41,Credit Card,Shipped
ORD05255,CST2052,PRD0039,2025-06-26,10,404.11,UPI,Processing
ORD05256,CST1049,PRD0205,2025-11-11,1,440932.13,Net Banking,Cancelled
ORD05257,CST2270,PRD0547,2025-09-19,6,247215.84,Net Banking,Shipped
ORD05258,CST0039,PRD0607,2025-05-03,1,257511.87,UPI,Processing
ORD05259,CST0732,PRD0846,2025-03-15,5,476384.69,Credit Card,Cancelled
ORD05260,CST4956,PRD0968,2025-01-18,9,475811.38,Credit Card,Shipped
ORD05261,CST2311,PRD0456,2025-12-02,9,256185.33,UPI,Cancelled
ORD05262,CST1193,PRD0285,2025-09-03,8,53234.0,Cash on Delivery,Cancelled
ORD05263,CST2116,PRD0815,2025-07-14,2,415420.26,Credit Card,Shipped
ORD05264,CST2736,PRD0496,2025-02-14,5,76825.62,UPI,Delivered
ORD05265,CST2441,PRD0646,2025-08-04,4,352863.86,Credit Card,Delivered
ORD05266,CST3735,PRD0922,2025-04-29,6,219694.88,Cash on Delivery,Cancelled
ORD05267,CST1869,PRD0719,2025-01-31,10,17231.59,Net Banking,Shipped
ORD05268,CST3802,PRD0615,2025-06-16,1,309771.57,Debit Card,Cancelled
ORD05269,CST2478,PRD0711,2025-12-22,4,80496.35,Cash on Delivery,Delivered
ORD05270,CST4974,PRD0956,2025-11-04,7,224543.72,Debit Card,Processing
ORD05271,CST2125,PRD0040,2025-07-04,10,258289.75,Cash on Delivery,Delivered
ORD05272,CST0650,PRD0048,2025-03-15,2,388284.84,UPI,Processing
ORD05273,CST3700,PRD0100,2025-08-11,5,274137.65,Debit Card,Cancelled
ORD05274,CST2168,PRD0568,2025-09-23,4,289859.5,Net Banking,Delivered
ORD05275,CST1149,PRD0853,2025-05-26,2,20006.07,Debit Card,Cancelled
ORD05276,CST4106,PRD0128,2025-10-26,8,488283.83,UPI,Shipped
ORD05277,CST2367,PRD0737,2025-07-01,10,173564.73,Debit Card,Cancelled
ORD05278,CST4422,PRD0563,2025-11-11,7,481029.59,UPI,Cancelled
ORD05279,CST4325,PRD0624,2025-10-25,4,16372.79,UPI,Delivered
ORD05280,CST2851,PRD0531,2025-08-08,7,128420.53,Cash on Delivery,Cancelled
ORD05281,CST2681,PRD0494,2025-10-19,7,486472.9,Credit Card,Cancelled
ORD05282,CST0653,PRD0759,2025-10-06,6,456922.95,Cash on Delivery,Cancelled
ORD05283,CST0043,PRD0864,2025-07-22,8,314562.72,Credit Card,Shipped
ORD05284,CST0160,PRD0493,2025-07-25,10,463630.33,UPI,Processing
ORD05285,CST3902,PRD0489,2025-01-19,9,18581.92,Cash on Delivery,Processing
ORD05286,CST1969,PRD0475,2025-01-12,1,187942.29,Credit Card,Delivered
ORD05287,CST3977,PRD0995,2025-03-25,1,431144.63,Cash on Delivery,Cancelled
ORD05288,CST0881,PRD0784,2025-11-14,5,32875.71,Debit Card,Shipped
ORD05289,CST3046,PRD0193,2025-06-22,1,367591.73,Net Banking,Processing
ORD05290,CST4367,PRD0244,2025-12-23,10,253186.64,UPI,Shipped
ORD05291,CST2690,PRD0522,2025-12-06,10,328180.65,Cash on Delivery,Delivered
ORD05292,CST3570,PRD0663,2025-05-09,6,356385.74,Debit Card,Delivered
ORD05293,CST4893,PRD0030,2025-10-23,8,135855.72,UPI,Delivered
ORD05294,CST2274,PRD0032,2025-08-29,3,440662.44,Cash on Delivery,Delivered
ORD05295,CST0449,PRD0119,2025-11-24,7,203981.61,UPI,Processing
ORD05296,CST0328,PRD0483,2025-07-13,6,457217.05,UPI,Delivered
ORD05297,CST1214,PRD0282,2025-11-11,4,313838.55,UPI,Shipped
ORD05298,CST2588,PRD0125,2025-04-28,8,118921.52,Debit Card,Cancelled
ORD05299,CST1447,PRD0076,2025-01-07,5,408837.17,UPI,Shipped
ORD05300,CST2116,PRD0079,2025-11-09,3,52375.45,Credit Card,Cancelled
ORD05301,CST3435,PRD0573,2025-04-15,1,175769.62,Net Banking,Processing
ORD05302,CST1530,PRD0393,2025-05-16,7,132764.27,UPI,Delivered
ORD05303,CST1069,PRD0549,2025-02-11,2,278574.72,UPI,Cancelled
ORD05304,CST1246,PRD0227,2025-07-31,2,233563.85,Credit Card,Shipped
ORD05305,CST4205,PRD0932,2025-10-09,10,429450.45,Debit Card,Cancelled
ORD05306,CST3053,PRD0936,2025-11-23,7,260392.6,Credit Card,Shipped
ORD05307,CST0039,PRD0237,2025-02-27,10,45392.84,Debit Card,Processing
ORD05308,CST3686,PRD0899,2025-03-16,8,470538.02,Cash on Delivery,Delivered
ORD05309,CST2081,PRD0435,2025-11-27,10,396485.92,Net Banking,Processing
ORD05310,CST4479,PRD0277,2025-02-02,10,219021.68,Cash on Delivery,Cancelled
ORD05311,CST2359,PRD0443,2025-06-08,9,450257.21,Credit Card,Processing
ORD05312,CST0014,PRD0400,2025-01-19,4,236491.91,Net Banking,Delivered
ORD05313,CST3161,PRD0325,2025-02-02,8,311343.01,Credit Card,Processing
ORD05314,CST2595,PRD0851,2025-10-05,8,246081.75,Net Banking,Delivered
ORD05315,CST0387,PRD0414,2025-09-01,5,404646.47,Credit Card,Processing
ORD05316,CST2666,PRD0873,2025-08-17,3,236000.43,Cash on Delivery,Delivered
ORD05317,CST1779,PRD0862,2025-01-11,5,492770.38,Credit Card,Delivered
ORD05318,CST1113,PRD0572,2025-02-14,10,448724.27,UPI,Processing
ORD05319,CST1218,PRD0240,2025-10-11,6,134506.53,Credit Card,Processing
ORD05320,CST2725,PRD0895,2025-02-10,10,248626.16,Debit Card,Delivered
ORD05321,CST1117,PRD0643,2025-08-28,8,188252.52,Debit Card,Delivered
ORD05322,CST1976,PRD0011,2025-05-21,3,50487.59,Debit Card,Shipped
ORD05323,CST1161,PRD0436,2025-12-29,4,8224.67,UPI,Cancelled
ORD05324,CST0002,PRD0326,2025-06-12,1,420915.05,Net Banking,Delivered
ORD05325,CST3124,PRD0214,2025-09-02,6,336553.54,Net Banking,Processing
ORD05326,CST2174,PRD0639,2025-06-02,10,373533.47,Cash on Delivery,Cancelled
ORD05327,CST4355,PRD0682,2025-02-05,8,213214.35,Debit Card,Cancelled
ORD05328,CST2881,PRD0349,2025-04-18,2,347263.57,UPI,Shipped
ORD05329,CST2479,PRD0947,2025-08-31,6,221512.92,Debit Card,Shipped
ORD05330,CST0899,PRD0557,2025-01-24,9,145982.77,Cash on Delivery,Shipped
ORD05331,CST3697,PRD0867,2025-02-03,10,131817.83,Net Banking,Delivered
ORD05332,CST1427,PRD0414,2025-06-27,4,404646.47,UPI,Cancelled
ORD05333,CST3185,PRD0246,2025-12-10,6,244876.34,Cash on Delivery,Cancelled
ORD05334,CST3262,PRD0669,2025-07-07,4,291695.08,Net Banking,Cancelled
ORD05335,CST2884,PRD0895,2025-08-23,5,248626.16,Net Banking,Delivered
ORD05336,CST4669,PRD0959,2025-06-13,2,60127.04,UPI,Processing
ORD05337,CST2014,PRD0113,2025-12-28,4,480366.85,UPI,Shipped
ORD05338,CST0451,PRD0597,2025-05-04,8,63537.83,UPI,Shipped
ORD05339,CST2914,PRD0370,2025-08-30,9,394986.76,Credit Card,Delivered
ORD05340,CST0984,PRD0592,2025-12-10,1,289106.2,Cash on Delivery,Cancelled
ORD05341,CST4827,PRD0730,2025-09-24,6,133552.82,Debit Card,Processing
ORD05342,CST0623,PRD0242,2025-09-21,7,96910.37,Net Banking,Cancelled
ORD05343,CST3510,PRD0885,2025-11-20,5,408180.23,Debit Card,Processing
ORD05344,CST2599,PRD0435,2025-02-08,4,396485.92,Net Banking,Processing
ORD05345,CST3594,PRD0292,2025-06-29,2,470579.02,UPI,Delivered
ORD05346,CST1255,PRD0042,2025-04-18,5,404782.24,Cash on Delivery,Delivered
ORD05347,CST1576,PRD0481,2025-08-12,4,259575.52,Debit Card,Shipped
ORD05348,CST2187,PRD0420,2025-06-02,1,151431.53,Debit Card,Delivered
ORD05349,CST3799,PRD0702,2025-03-04,6,198303.77,Debit Card,Cancelled
ORD05350,CST4286,PRD0082,2025-05-29,9,483055.39,UPI,Processing
ORD05351,CST2681,PRD0428,2025-09-29,1,80981.76,Credit Card,Delivered
ORD05352,CST1873,PRD0414,2025-10-17,4,404646.47,Cash on Delivery,Shipped
ORD05353,CST1443,PRD0581,2025-07-15,10,181384.25,Debit Card,Shipped
ORD05354,CST0631,PRD0785,2025-04-14,6,234786.7,Debit Card,Processing
ORD05355,CST3932,PRD0582,2025-03-03,1,93486.1,UPI,Shipped
ORD05356,CST3384,PRD0712,2025-11-29,9,454541.81,UPI,Cancelled
ORD05357,CST0021,PRD0623,2025-04-08,3,440872.68,UPI,Delivered
ORD05358,CST2177,PRD0875,2025-12-11,4,299797.18,Cash on Delivery,Delivered
ORD05359,CST3033,PRD0471,2025-01-09,10,216734.98,Cash on Delivery,Cancelled
ORD05360,CST1185,PRD0537,2025-04-29,7,130415.94,Cash on Delivery,Shipped
ORD05361,CST1646,PRD0175,2025-12-10,1,64060.28,Cash on Delivery,Shipped
ORD05362,CST0884,PRD0972,2025-05-02,8,199305.11,Net Banking,Cancelled
ORD05363,CST2430,PRD0825,2025-09-15,6,426105.92,Net Banking,Cancelled
ORD05364,CST1169,PRD0913,2025-03-28,3,447795.49,Net Banking,Shipped
ORD05365,CST1071,PRD0489,2025-07-02,4,18581.92,Cash on Delivery,Delivered
ORD05366,CST2442,PRD0663,2025-03-06,2,356385.74,Credit Card,Processing
ORD05367,CST4264,PRD0990,2025-07-09,10,256089.23,UPI,Cancelled
ORD05368,CST1695,PRD0208,2025-08-04,6,63766.87,Cash on Delivery,Processing
ORD05369,CST3411,PRD0595,2025-02-16,5,68955.26,Credit Card,Cancelled
ORD05370,CST1016,PRD0610,2025-05-11,4,479504.43,Debit Card,Shipped
ORD05371,CST2943,PRD0798,2025-09-16,5,116128.41,UPI,Delivered
ORD05372,CST3771,PRD0872,2025-09-08,7,429650.41,UPI,Delivered
ORD05373,CST1072,PRD0753,2025-08-16,9,405386.83,Cash on Delivery,Processing
ORD05374,CST4272,PRD0730,2025-05-21,2,133552.82,Credit Card,Shipped
ORD05375,CST2314,PRD0478,2025-11-03,7,306836.42,Credit Card,Cancelled
ORD05376,CST0085,PRD0365,2025-01-20,8,74809.6,Debit Card,Processing
ORD05377,CST3997,PRD0189,2025-01-14,2,292337.81,Credit Card,Processing
ORD05378,CST1834,PRD0040,2025-07-29,9,258289.75,Debit Card,Delivered
ORD05379,CST0068,PRD0746,2025-10-11,6,325252.45,Cash on Delivery,Processing
ORD05380,CST0010,PRD0462,2025-09-08,10,156105.69,Credit Card,Delivered
ORD05381,CST0870,PRD0502,2025-04-14,6,38772.73,UPI,Processing
ORD05382,CST2872,PRD0038,2025-05-25,2,475755.84,Net Banking,Delivered
ORD05383,CST2943,PRD0115,2025-10-03,8,375816.78,Debit Card,Processing
ORD05384,CST0255,PRD0046,2025-10-12,8,299475.4,Cash on Delivery,Cancelled
ORD05385,CST4755,PRD0127,2025-02-12,3,497967.67,Cash on Delivery,Shipped
ORD05386,CST4428,PRD0956,2025-07-16,7,224543.72,Credit Card,Cancelled
ORD05387,CST1420,PRD0015,2025-10-30,6,77541.35,UPI,Delivered
ORD05388,CST2344,PRD0988,2025-10-11,4,269507.5,Cash on Delivery,Shipped
ORD05389,CST1226,PRD0998,2025-10-24,3,13465.51,Cash on Delivery,Delivered
ORD05390,CST1511,PRD0659,2025-01-17,7,138334.77,UPI,Cancelled
ORD05391,CST4734,PRD0263,2025-10-21,3,325576.25,Debit Card,Shipped
ORD05392,CST1071,PRD0376,2025-07-23,3,50601.95,Credit Card,Delivered
ORD05393,CST4236,PRD0863,2025-05-18,7,338633.51,Net Banking,Delivered
ORD05394,CST4236,PRD0170,2025-12-23,4,304034.45,UPI,Processing
ORD05395,CST2731,PRD0971,2025-08-28,2,267389.88,Cash on Delivery,Delivered
ORD05396,CST1255,PRD0414,2025-10-04,2,404646.47,Credit Card,Processing
ORD05397,CST3409,PRD0870,2025-08-17,4,134831.47,Debit Card,Delivered
ORD05398,CST2105,PRD0002,2025-03-20,7,200708.22,Credit Card,Processing
ORD05399,CST3738,PRD0756,2025-05-26,4,183854.89,UPI,Shipped
ORD05400,CST3382,PRD0143,2025-03-17,4,320682.49,Debit Card,Delivered
ORD05401,CST2247,PRD0129,2025-08-10,4,48659.49,Debit Card,Shipped
ORD05402,CST2457,PRD0452,2025-01-30,9,304815.69,Debit Card,Processing
ORD05403,CST3484,PRD0177,2025-09-03,10,416799.81,Debit Card,Cancelled
ORD05404,CST0599,PRD0033,2025-12-09,2,46608.17,Cash on Delivery,Cancelled
ORD05405,CST3466,PRD0273,2025-07-06,8,254883.09,UPI,Shipped
ORD05406,CST3611,PRD0762,2025-06-13,4,380190.91,Debit Card,Processing
ORD05407,CST0814,PRD0903,2025-08-04,4,337342.57,Credit Card,Processing
ORD05408,CST4290,PRD0585,2025-02-10,7,403663.15,Net Banking,Cancelled
ORD05409,CST1702,PRD0858,2025-01-05,6,364896.12,Net Banking,Cancelled
ORD05410,CST4692,PRD0414,2025-10-15,3,404646.47,UPI,Shipped
ORD05411,CST4279,PRD0369,2025-07-28,4,217054.57,Debit Card,Cancelled
ORD05412,CST2516,PRD0291,2025-11-12,1,86034.61,Net Banking,Delivered
ORD05413,CST0731,PRD0965,2025-04-28,2,334344.01,Net Banking,Delivered
ORD05414,CST4805,PRD0132,2025-07-25,10,428887.21,Credit Card,Delivered
ORD05415,CST3557,PRD0658,2025-01-25,5,55260.32,Credit Card,Processing
ORD05416,CST0410,PRD0771,2025-12-05,4,136083.28,UPI,Cancelled
ORD05417,CST0831,PRD0710,2025-03-19,1,402633.23,Net Banking,Shipped
ORD05418,CST4610,PRD0383,2025-09-12,2,419182.0,Debit Card,Shipped
ORD05419,CST4400,PRD0953,2025-01-07,9,336157.84,Credit Card,Cancelled
ORD05420,CST0988,PRD0939,2025-04-09,2,137483.62,Cash on Delivery,Cancelled
ORD05421,CST1836,PRD0551,2025-12-02,4,150040.96,UPI,Shipped
ORD05422,CST2231,PRD0810,2025-09-25,9,150869.36,Debit Card,Cancelled
ORD05423,CST1604,PRD0905,2025-11-12,2,425456.72,UPI,Shipped
ORD05424,CST1640,PRD0843,2025-10-06,2,215724.84,Net Banking,Shipped
ORD05425,CST2679,PRD0576,2025-07-21,2,113811.56,Credit Card,Shipped
ORD05426,CST0988,PRD0739,2025-12-18,7,473672.61,Debit Card,Cancelled
ORD05427,CST1670,PRD0384,2025-06-25,8,402804.3,Cash on Delivery,Shipped
ORD05428,CST4251,PRD0940,2025-09-02,2,467460.43,Debit Card,Shipped
ORD05429,CST0142,PRD0134,2025-03-30,5,320861.2,Credit Card,Processing
ORD05430,CST2561,PRD0806,2025-01-29,3,58673.67,Net Banking,Cancelled
ORD05431,CST2877,PRD0271,2025-09-17,4,482671.43,Debit Card,Cancelled
ORD05432,CST0486,PRD0836,2025-01-09,4,399271.45,Credit Card,Delivered
ORD05433,CST4751,PRD0340,2025-09-23,6,61873.66,Credit Card,Delivered
ORD05434,CST3278,PRD0281,2025-08-24,7,43878.01,Cash on Delivery,Cancelled
ORD05435,CST2756,PRD0436,2025-11-24,10,8224.67,UPI,Cancelled
ORD05436,CST2347,PRD0487,2025-08-27,2,417899.62,UPI,Processing
ORD05437,CST4833,PRD0846,2025-12-31,1,476384.69,Cash on Delivery,Processing
ORD05438,CST1874,PRD0077,2025-09-04,10,46386.65,Net Banking,Shipped
ORD05439,CST1473,PRD0396,2025-08-29,7,389374.75,Cash on Delivery,Shipped
ORD05440,CST0733,PRD0348,2025-03-22,3,49503.5,UPI,Delivered
ORD05441,CST4739,PRD0462,2025-12-20,3,156105.69,Debit Card,Delivered
ORD05442,CST1535,PRD0229,2025-12-05,2,222489.98,Credit Card,Shipped
ORD05443,CST2992,PRD0238,2025-09-02,3,208151.04,UPI,Processing
ORD05444,CST0057,PRD0197,2025-09-16,3,217469.36,Cash on Delivery,Cancelled
ORD05445,CST0138,PRD0750,2025-07-28,6,363202.4,Credit Card,Shipped
ORD05446,CST1259,PRD0786,2025-10-24,2,79605.99,Net Banking,Delivered
ORD05447,CST1541,PRD0832,2025-03-31,8,72199.23,Credit Card,Cancelled
ORD05448,CST0523,PRD0043,2025-07-02,5,267712.35,Debit Card,Processing
ORD05449,CST0676,PRD0412,2025-05-11,9,332209.89,Net Banking,Processing
ORD05450,CST0039,PRD0548,2025-09-13,8,466203.13,Debit Card,Processing
ORD05451,CST1229,PRD0538,2025-08-12,5,465957.48,UPI,Processing
ORD05452,CST1947,PRD0741,2025-07-27,3,138309.77,Debit Card,Delivered
ORD05453,CST3026,PRD0001,2025-07-25,8,442722.82,Credit Card,Delivered
ORD05454,CST2093,PRD0065,2025-09-05,1,316183.24,UPI,Delivered
ORD05455,CST0866,PRD0568,2025-05-27,9,289859.5,Cash on Delivery,Cancelled
ORD05456,CST4958,PRD0929,2025-07-24,10,389459.45,Net Banking,Delivered
ORD05457,CST3947,PRD0058,2025-05-14,6,274202.64,Credit Card,Delivered
ORD05458,CST3235,PRD0267,2025-09-08,5,31656.61,Net Banking,Shipped
ORD05459,CST4246,PRD0869,2025-06-24,3,357955.67,Net Banking,Processing
ORD05460,CST4083,PRD0797,2025-01-13,2,442613.4,Credit Card,Delivered
ORD05461,CST3540,PRD0564,2025-07-13,7,429791.63,Debit Card,Shipped
ORD05462,CST4203,PRD0186,2025-01-15,5,153989.47,Debit Card,Shipped
ORD05463,CST0301,PRD0515,2025-01-27,5,140795.33,Debit Card,Cancelled
ORD05464,CST0011,PRD0086,2025-06-30,3,29313.76,Net Banking,Cancelled
ORD05465,CST1235,PRD0196,2025-01-22,9,154052.13,Cash on Delivery,Delivered
ORD05466,CST3469,PRD0493,2025-01-28,1,463630.33,Debit Card,Shipped
ORD05467,CST4499,PRD0604,2025-01-22,10,55662.65,Cash on Delivery,Delivered
ORD05468,CST3681,PRD0542,2025-03-17,5,376244.05,Net Banking,Shipped
ORD05469,CST4765,PRD0264,2025-05-13,9,284299.65,UPI,Processing
ORD05470,CST4313,PRD0824,2025-07-18,6,182628.31,Debit Card,Delivered
ORD05471,CST2134,PRD0880,2025-06-15,8,63863.81,UPI,Processing
ORD05472,CST0494,PRD0372,2025-09-27,2,11186.02,Debit Card,Shipped
ORD05473,CST0397,PRD0445,2025-08-05,6,432469.59,Cash on Delivery,Shipped
ORD05474,CST1853,PRD0625,2025-09-25,10,112489.78,Cash on Delivery,Delivered
ORD05475,CST0899,PRD0400,2025-12-03,6,236491.91,Debit Card,Cancelled
ORD05476,CST4835,PRD0775,2025-12-15,4,370470.97,Net Banking,Shipped
ORD05477,CST4963,PRD0317,2025-03-23,7,246252.59,Credit Card,Cancelled
ORD05478,CST2223,PRD0731,2025-12-31,3,440236.74,UPI,Delivered
ORD05479,CST3744,PRD0867,2025-01-01,8,131817.83,UPI,Shipped
ORD05480,CST0652,PRD0582,2025-02-02,6,93486.1,Credit Card,Delivered
ORD05481,CST1268,PRD0925,2025-11-04,4,145643.55,Debit Card,Processing
ORD05482,CST2171,PRD0329,2025-05-03,3,40263.52,Cash on Delivery,Delivered
ORD05483,CST4688,PRD0819,2025-05-21,4,149969.04,Net Banking,Cancelled
ORD05484,CST4820,PRD0634,2025-04-29,5,87769.43,UPI,Shipped
ORD05485,CST0879,PRD0053,2025-01-31,3,219816.79,Credit Card,Processing
ORD05486,CST3042,PRD0406,2025-03-26,8,383243.16,Credit Card,Delivered
ORD05487,CST0516,PRD0098,2025-08-02,1,91723.55,UPI,Cancelled
ORD05488,CST2148,PRD0725,2025-12-04,10,197882.65,Debit Card,Shipped
ORD05489,CST1559,PRD0839,2025-11-11,8,14178.61,Cash on Delivery,Shipped
ORD05490,CST0725,PRD0757,2025-04-20,5,417195.69,Cash on Delivery,Shipped
ORD05491,CST0340,PRD0391,2025-10-29,5,126891.71,UPI,Shipped
ORD05492,CST3628,PRD0092,2025-12-27,2,134866.12,Debit Card,Delivered
ORD05493,CST4513,PRD0135,2025-02-12,4,338060.45,Debit Card,Shipped
ORD05494,CST2217,PRD0079,2025-09-19,6,52375.45,Debit Card,Cancelled
ORD05495,CST4253,PRD0948,2025-08-29,4,183460.79,UPI,Delivered
ORD05496,CST1257,PRD0260,2025-01-21,5,251438.98,Net Banking,Delivered
ORD05497,CST4560,PRD0553,2025-06-22,9,110626.35,Net Banking,Processing
ORD05498,CST3231,PRD0560,2025-08-22,1,268038.22,Cash on Delivery,Shipped
ORD05499,CST1148,PRD0374,2025-11-14,10,182867.71,UPI,Processing
ORD05500,CST4289,PRD0009,2025-11-18,7,343974.7,UPI,Processing
ORD05501,CST4081,PRD0972,2025-09-08,2,199305.11,Cash on Delivery,Delivered
ORD05502,CST0991,PRD0548,2025-12-26,9,466203.13,Net Banking,Processing
ORD05503,CST2804,PRD0945,2025-03-30,3,350844.39,Debit Card,Delivered
ORD05504,CST4144,PRD0328,2025-12-15,5,61902.25,Cash on Delivery,Delivered
ORD05505,CST3617,PRD0735,2025-07-01,8,219840.8,UPI,Delivered
ORD05506,CST1707,PRD0648,2025-09-30,3,146050.1,Credit Card,Delivered
ORD05507,CST2359,PRD0163,2025-01-12,8,396894.78,Net Banking,Processing
ORD05508,CST0230,PRD0717,2025-01-30,7,184847.94,Credit Card,Delivered
ORD05509,CST3296,PRD0379,2025-12-01,7,7566.07,Debit Card,Cancelled
ORD05510,CST4990,PRD0193,2025-12-29,1,367591.73,UPI,Processing
ORD05511,CST2119,PRD0698,2025-06-14,5,492296.62,UPI,Cancelled
ORD05512,CST1198,PRD0421,2025-09-01,5,119515.57,Credit Card,Processing
ORD05513,CST1661,PRD0932,2025-08-29,8,429450.45,Cash on Delivery,Shipped
ORD05514,CST3228,PRD0175,2025-01-15,3,64060.28,UPI,Cancelled
ORD05515,CST4816,PRD0539,2025-07-06,9,57940.75,Credit Card,Cancelled
ORD05516,CST2803,PRD0118,2025-01-26,1,283836.47,Cash on Delivery,Processing
ORD05517,CST4186,PRD0682,2025-12-15,10,213214.35,Net Banking,Cancelled
ORD05518,CST3281,PRD0174,2025-02-09,7,468347.49,Cash on Delivery,Delivered
ORD05519,CST1480,PRD0222,2025-04-19,1,495711.35,Debit Card,Shipped
ORD05520,CST3892,PRD0934,2025-08-03,7,376068.76,Credit Card,Shipped
ORD05521,CST1919,PRD0480,2025-02-26,4,192534.51,UPI,Delivered
ORD05522,CST2434,PRD0716,2025-03-24,2,340135.32,Debit Card,Delivered
ORD05523,CST1530,PRD0885,2025-11-04,8,408180.23,Credit Card,Processing
ORD05524,CST4014,PRD0492,2025-09-08,7,484004.12,Net Banking,Shipped
ORD05525,CST4580,PRD0720,2025-07-21,6,380535.49,Cash on Delivery,Cancelled
ORD05526,CST3601,PRD0163,2025-02-24,7,396894.78,Cash on Delivery,Cancelled
ORD05527,CST0328,PRD0359,2025-05-25,1,223411.48,Debit Card,Cancelled
ORD05528,CST2799,PRD0032,2025-12-05,3,440662.44,Debit Card,Shipped
ORD05529,CST0577,PRD0172,2025-04-28,3,391302.22,UPI,Delivered
ORD05530,CST0465,PRD0462,2025-09-23,4,156105.69,Net Banking,Cancelled
ORD05531,CST4138,PRD0950,2025-07-01,3,376344.04,Cash on Delivery,Delivered
ORD05532,CST0672,PRD0554,2025-08-20,1,397170.23,Credit Card,Processing
ORD05533,CST0561,PRD0224,2025-01-09,5,140719.79,Credit Card,Delivered
ORD05534,CST1978,PRD0929,2025-06-03,3,389459.45,Debit Card,Cancelled
ORD05535,CST1908,PRD0608,2025-02-05,2,283793.04,Debit Card,Cancelled
ORD05536,CST1765,PRD0792,2025-05-03,7,219724.52,UPI,Delivered
ORD05537,CST2434,PRD0569,2025-11-29,4,131038.86,Credit Card,Processing
ORD05538,CST3465,PRD0317,2025-08-01,6,246252.59,Net Banking,Processing
ORD05539,CST1397,PRD0877,2025-12-19,4,356637.62,Debit Card,Cancelled
ORD05540,CST4718,PRD0600,2025-06-10,1,381581.84,Debit Card,Processing
ORD05541,CST0942,PRD0231,2025-04-04,10,212707.32,Credit Card,Processing
ORD05542,CST1860,PRD0956,2025-10-18,1,224543.72,Debit Card,Delivered
ORD05543,CST0771,PRD0530,2025-07-10,8,146632.15,Credit Card,Delivered
ORD05544,CST2391,PRD0787,2025-07-10,7,196082.64,Net Banking,Processing
ORD05545,CST0483,PRD0001,2025-05-17,9,442722.82,Net Banking,Shipped
ORD05546,CST2137,PRD0278,2025-11-02,7,183143.31,Net Banking,Processing
ORD05547,CST1215,PRD0425,2025-03-23,5,293030.07,Cash on Delivery,Cancelled
ORD05548,CST1830,PRD0703,2025-03-01,7,100571.39,Debit Card,Cancelled
ORD05549,CST4581,PRD0647,2025-03-25,3,358716.62,Debit Card,Shipped
ORD05550,CST0036,PRD0144,2025-11-04,2,365322.18,Credit Card,Delivered
ORD05551,CST3131,PRD0209,2025-09-03,4,428885.9,Net Banking,Delivered
ORD05552,CST1963,PRD0599,2025-04-26,7,143786.53,Net Banking,Cancelled
ORD05553,CST4061,PRD0356,2025-02-14,9,447445.45,Credit Card,Delivered
ORD05554,CST1887,PRD0497,2025-03-11,4,407483.68,Debit Card,Shipped
ORD05555,CST3602,PRD0517,2025-12-30,3,207791.06,Credit Card,Processing
ORD05556,CST1255,PRD0759,2025-03-23,1,456922.95,Net Banking,Cancelled
ORD05557,CST2325,PRD0643,2025-04-13,6,188252.52,Credit Card,Shipped
ORD05558,CST3249,PRD0604,2025-06-06,3,55662.65,Net Banking,Cancelled
ORD05559,CST0267,PRD0326,2025-06-05,2,420915.05,Net Banking,Delivered
ORD05560,CST1081,PRD0128,2025-07-15,1,488283.83,Cash on Delivery,Delivered
ORD05561,CST4780,PRD0277,2025-03-22,7,219021.68,Net Banking,Cancelled
ORD05562,CST2320,PRD0217,2025-01-25,2,291586.72,Net Banking,Delivered
ORD05563,CST4913,PRD0105,2025-12-02,6,372421.86,UPI,Processing
ORD05564,CST2922,PRD0996,2025-06-01,10,263832.1,UPI,Cancelled
ORD05565,CST2232,PRD0096,2025-08-12,3,279302.34,UPI,Processing
ORD05566,CST0654,PRD0326,2025-12-26,4,420915.05,Cash on Delivery,Shipped
ORD05567,CST0953,PRD0015,2025-04-11,10,77541.35,Debit Card,Cancelled
ORD05568,CST0405,PRD0334,2025-07-18,7,395182.8,Credit Card,Delivered
ORD05569,CST0769,PRD0398,2025-03-15,4,297600.12,Credit Card,Cancelled
ORD05570,CST1065,PRD0876,2025-10-07,1,166829.84,Credit Card,Cancelled
ORD05571,CST1148,PRD0619,2025-04-02,5,237298.04,Credit Card,Cancelled
ORD05572,CST2307,PRD0183,2025-11-17,9,442712.73,Debit Card,Processing
ORD05573,CST2729,PRD0701,2025-04-04,2,153776.2,Cash on Delivery,Cancelled
ORD05574,CST0172,PRD0289,2025-07-26,2,484419.64,Debit Card,Cancelled
ORD05575,CST1199,PRD0666,2025-12-01,3,3046.53,UPI,Cancelled
ORD05576,CST2288,PRD0884,2025-02-21,1,87645.2,Debit Card,Processing
ORD05577,CST2736,PRD0512,2025-01-01,5,387150.71,UPI,Shipped
ORD05578,CST3719,PRD0485,2025-06-04,9,32645.18,Cash on Delivery,Delivered
ORD05579,CST3424,PRD0084,2025-12-19,3,349448.73,UPI,Shipped
ORD05580,CST0572,PRD0936,2025-11-14,4,260392.6,Net Banking,Cancelled
ORD05581,CST3641,PRD0145,2025-07-16,2,453082.61,Debit Card,Delivered
ORD05582,CST3806,PRD0060,2025-01-01,8,201975.51,Debit Card,Processing
ORD05583,CST1608,PRD0729,2025-02-27,5,239751.24,Net Banking,Cancelled
ORD05584,CST0999,PRD0152,2025-03-03,6,496559.29,Net Banking,Processing
ORD05585,CST0610,PRD0930,2025-08-08,6,43094.6,Net Banking,Cancelled
ORD05586,CST1936,PRD0932,2025-06-06,3,429450.45,UPI,Processing
ORD05587,CST1585,PRD0922,2025-06-29,6,219694.88,Debit Card,Delivered
ORD05588,CST2878,PRD0977,2025-02-05,3,451766.81,Cash on Delivery,Processing
ORD05589,CST4683,PRD0167,2025-05-12,2,187116.23,Credit Card,Delivered
ORD05590,CST3750,PRD0115,2025-07-10,2,375816.78,Credit Card,Cancelled
ORD05591,CST0904,PRD0143,2025-10-20,2,320682.49,Net Banking,Processing
ORD05592,CST3363,PRD0261,2025-07-31,10,262484.66,Debit Card,Cancelled
ORD05593,CST3542,PRD0281,2025-05-17,8,43878.01,Cash on Delivery,Delivered
ORD05594,CST1495,PRD0075,2025-09-29,3,178067.75,Credit Card,Processing
ORD05595,CST4115,PRD0561,2025-09-27,3,117963.58,UPI,Processing
ORD05596,CST3337,PRD0517,2025-05-11,1,207791.06,Credit Card,Shipped
ORD05597,CST3013,PRD0697,2025-03-14,5,362110.12,Credit Card,Processing
ORD05598,CST1706,PRD0590,2025-08-17,6,27079.31,Credit Card,Processing
ORD05599,CST1775,PRD0309,2025-08-07,8,36029.14,Credit Card,Cancelled
ORD05600,CST3393,PRD0336,2025-01-21,7,304544.51,Net Banking,Delivered
ORD05601,CST1067,PRD0184,2025-10-13,9,199268.22,Net Banking,Shipped
ORD05602,CST1332,PRD0043,2025-01-05,6,267712.35,UPI,Shipped
ORD05603,CST2453,PRD0158,2025-06-06,4,167900.97,Net Banking,Delivered
ORD05604,CST3610,PRD0888,2025-12-07,1,325219.21,Net Banking,Processing
ORD05605,CST1872,PRD0909,2025-08-26,5,278679.94,Cash on Delivery,Delivered
ORD05606,CST2358,PRD0526,2025-12-11,9,341793.28,Cash on Delivery,Cancelled
ORD05607,CST1643,PRD0031,2025-06-22,10,309375.26,Debit Card,Shipped
ORD05608,CST4145,PRD0410,2025-02-13,9,375658.1,Cash on Delivery,Cancelled
ORD05609,CST2857,PRD0104,2025-01-30,10,343413.97,UPI,Processing
ORD05610,CST4000,PRD0853,2025-10-29,3,20006.07,Credit Card,Shipped
ORD05611,CST0703,PRD0411,2025-02-13,8,314582.0,Credit Card,Cancelled
ORD05612,CST4314,PRD0832,2025-01-11,2,72199.23,Credit Card,Shipped
ORD05613,CST0559,PRD0122,2025-09-12,3,58233.85,Debit Card,Processing
ORD05614,CST3440,PRD0496,2025-11-29,2,76825.62,UPI,Shipped
ORD05615,CST4351,PRD0163,2025-03-01,5,396894.78,UPI,Processing
ORD05616,CST2415,PRD0522,2025-09-26,7,328180.65,Net Banking,Delivered
ORD05617,CST3218,PRD0003,2025-05-31,8,220983.37,Credit Card,Delivered
ORD05618,CST0903,PRD0476,2025-10-11,1,133928.89,Cash on Delivery,Cancelled
ORD05619,CST1823,PRD0998,2025-07-20,9,13465.51,Net Banking,Shipped
ORD05620,CST2473,PRD0657,2025-10-10,6,392866.18,UPI,Delivered
ORD05621,CST3725,PRD0616,2025-01-31,8,19332.36,Cash on Delivery,Processing
ORD05622,CST3340,PRD0043,2025-04-01,9,267712.35,UPI,Shipped
ORD05623,CST4337,PRD0899,2025-06-29,3,470538.02,Cash on Delivery,Processing
ORD05624,CST3558,PRD0465,2025-02-17,2,449306.88,Credit Card,Delivered
ORD05625,CST1274,PRD0564,2025-08-14,7,429791.63,Net Banking,Shipped
ORD05626,CST1548,PRD0093,2025-06-17,5,263627.73,Debit Card,Delivered
ORD05627,CST4699,PRD0078,2025-06-10,6,377438.99,Net Banking,Processing
ORD05628,CST0833,PRD0054,2025-10-19,6,403175.85,UPI,Processing
ORD05629,CST1351,PRD0326,2025-01-19,5,420915.05,Cash on Delivery,Cancelled
ORD05630,CST2394,PRD0415,2025-02-28,4,379456.13,Cash on Delivery,Cancelled
ORD05631,CST4267,PRD0165,2025-03-10,10,41259.55,Credit Card,Processing
ORD05632,CST4895,PRD0799,2025-07-19,2,265235.57,Net Banking,Cancelled
ORD05633,CST4583,PRD0262,2025-11-30,1,71701.07,Cash on Delivery,Processing
ORD05634,CST0753,PRD0225,2025-02-28,2,36390.54,Cash on Delivery,Cancelled
ORD05635,CST0727,PRD0627,2025-12-19,4,393537.09,Credit Card,Cancelled
ORD05636,CST1053,PRD0039,2025-02-24,7,404.11,Cash on Delivery,Processing
ORD05637,CST3742,PRD0441,2025-06-06,9,402206.34,Cash on Delivery,Processing
ORD05638,CST2727,PRD0198,2025-05-13,10,126993.94,Debit Card,Shipped
ORD05639,CST3456,PRD0148,2025-03-27,6,27874.16,Cash on Delivery,Processing
ORD05640,CST1596,PRD0530,2025-10-20,4,146632.15,Debit Card,Delivered
ORD05641,CST2428,PRD0560,2025-06-28,4,268038.22,Cash on Delivery,Delivered
ORD05642,CST1956,PRD0748,2025-05-28,8,198355.08,Debit Card,Shipped
ORD05643,CST2297,PRD0776,2025-09-26,7,269325.44,Debit Card,Cancelled
ORD05644,CST4568,PRD0669,2025-04-04,8,291695.08,UPI,Processing
ORD05645,CST0525,PRD0118,2025-07-08,4,283836.47,Credit Card,Cancelled
ORD05646,CST0017,PRD0621,2025-04-20,4,467827.37,UPI,Delivered
ORD05647,CST1801,PRD0206,2025-07-16,2,197179.77,Net Banking,Delivered
ORD05648,CST2527,PRD0123,2025-09-14,5,404763.53,UPI,Cancelled
ORD05649,CST4440,PRD0900,2025-01-31,1,96474.22,Credit Card,Shipped
ORD05650,CST1524,PRD0047,2025-06-15,4,135167.95,Cash on Delivery,Processing
ORD05651,CST4513,PRD0890,2025-08-18,6,56950.1,Debit Card,Shipped
ORD05652,CST4850,PRD0236,2025-12-10,2,91060.8,Debit Card,Shipped
ORD05653,CST0756,PRD0496,2025-07-13,2,76825.62,Debit Card,Shipped
ORD05654,CST1675,PRD0889,2025-04-10,10,6877.23,Credit Card,Processing
ORD05655,CST3294,PRD0843,2025-09-08,9,215724.84,Cash on Delivery,Shipped
ORD05656,CST2915,PRD0157,2025-12-16,5,75831.01,Debit Card,Cancelled
ORD05657,CST2578,PRD0481,2025-10-14,7,259575.52,Credit Card,Delivered
ORD05658,CST1499,PRD0401,2025-10-21,7,3225.61,Cash on Delivery,Delivered
ORD05659,CST3898,PRD0593,2025-07-08,6,152240.31,UPI,Shipped
ORD05660,CST3091,PRD0541,2025-04-25,6,164140.75,Credit Card,Delivered
ORD05661,CST4144,PRD0688,2025-07-29,2,84303.13,Credit Card,Processing
ORD05662,CST2236,PRD0670,2025-06-02,9,186336.51,Net Banking,Processing
ORD05663,CST2875,PRD0385,2025-10-20,3,282887.49,Debit Card,Processing
ORD05664,CST1260,PRD0975,2025-04-11,10,440094.91,Debit Card,Processing
ORD05665,CST2734,PRD0155,2025-08-30,6,311483.01,Debit Card,Processing
ORD05666,CST2132,PRD0932,2025-10-28,10,429450.45,UPI,Cancelled
ORD05667,CST4989,PRD0154,2025-09-10,7,209673.07,Credit Card,Delivered
ORD05668,CST4517,PRD0619,2025-10-01,3,237298.04,Debit Card,Shipped
ORD05669,CST0496,PRD0588,2025-03-29,3,116222.78,UPI,Processing
ORD05670,CST4846,PRD0251,2025-06-05,4,17635.27,Cash on Delivery,Processing
ORD05671,CST0989,PRD0816,2025-09-11,4,374296.8,Debit Card,Shipped
ORD05672,CST4607,PRD0503,2025-09-08,3,116478.25,Net Banking,Delivered
ORD05673,CST1439,PRD0434,2025-03-25,5,354742.21,Debit Card,Processing
ORD05674,CST3330,PRD0854,2025-07-30,6,421187.49,Credit Card,Processing
ORD05675,CST0700,PRD0031,2025-01-01,2,309375.26,Cash on Delivery,Processing
ORD05676,CST0119,PRD0302,2025-06-07,9,429435.64,Credit Card,Cancelled
ORD05677,CST2080,PRD0843,2025-12-13,2,215724.84,Credit Card,Delivered
ORD05678,CST0946,PRD0880,2025-02-24,8,63863.81,Credit Card,Cancelled
ORD05679,CST0887,PRD0807,2025-12-16,1,66922.99,UPI,Processing
ORD05680,CST2072,PRD0915,2025-04-03,8,459840.95,Debit Card,Shipped
ORD05681,CST2660,PRD0346,2025-05-26,4,489236.03,Debit Card,Cancelled
ORD05682,CST2376,PRD0871,2025-09-22,9,29060.59,UPI,Shipped
ORD05683,CST4850,PRD0600,2025-03-30,1,381581.84,Net Banking,Cancelled
ORD05684,CST0296,PRD0501,2025-10-10,1,174065.87,Cash on Delivery,Delivered
ORD05685,CST0580,PRD0295,2025-02-20,9,248395.69,Cash on Delivery,Delivered
ORD05686,CST0081,PRD0991,2025-06-04,8,372709.84,Net Banking,Delivered
ORD05687,CST4595,PRD0289,2025-04-27,4,484419.64,Credit Card,Shipped
ORD05688,CST0822,PRD0251,2025-08-30,2,17635.27,Cash on Delivery,Delivered
ORD05689,CST3149,PRD0803,2025-03-11,10,424917.53,Debit Card,Processing
ORD05690,CST4254,PRD0368,2025-09-25,8,41428.07,Credit Card,Processing
ORD05691,CST0637,PRD0411,2025-02-21,4,314582.0,Cash on Delivery,Processing
ORD05692,CST0701,PRD0995,2025-01-31,10,431144.63,Credit Card,Delivered
ORD05693,CST2157,PRD0419,2025-04-30,2,440720.8,Credit Card,Cancelled
ORD05694,CST3091,PRD0258,2025-09-01,1,120169.47,UPI,Delivered
ORD05695,CST1945,PRD0596,2025-01-27,5,194895.06,Debit Card,Delivered
ORD05696,CST1911,PRD0258,2025-03-01,10,120169.47,Cash on Delivery,Cancelled
ORD05697,CST3803,PRD0515,2025-05-14,2,140795.33,Cash on Delivery,Processing
ORD05698,CST2261,PRD0282,2025-10-12,3,313838.55,Cash on Delivery,Shipped
ORD05699,CST2936,PRD0579,2025-05-28,6,163261.73,UPI,Shipped
ORD05700,CST0220,PRD0858,2025-08-18,7,364896.12,UPI,Shipped
ORD05701,CST3188,PRD0772,2025-08-18,3,435091.54,UPI,Processing
ORD05702,CST4388,PRD0016,2025-04-27,10,367901.61,Credit Card,Processing
ORD05703,CST4869,PRD0561,2025-04-13,5,117963.58,Debit Card,Processing
ORD05704,CST1435,PRD0991,2025-01-14,10,372709.84,Cash on Delivery,Cancelled
ORD05705,CST2245,PRD0434,2025-05-31,6,354742.21,Debit Card,Shipped
ORD05706,CST0697,PRD0729,2025-12-17,5,239751.24,Cash on Delivery,Processing
ORD05707,CST3709,PRD0299,2025-08-29,6,323143.26,Net Banking,Cancelled
ORD05708,CST3878,PRD0185,2025-01-17,5,382123.7,Debit Card,Processing
ORD05709,CST1903,PRD0473,2025-08-02,7,479726.66,Debit Card,Shipped
ORD05710,CST1226,PRD0172,2025-07-07,1,391302.22,Cash on Delivery,Processing
ORD05711,CST0681,PRD0998,2025-02-05,7,13465.51,Cash on Delivery,Shipped
ORD05712,CST1843,PRD0867,2025-08-20,2,131817.83,UPI,Processing
ORD05713,CST3426,PRD0646,2025-03-12,10,352863.86,Cash on Delivery,Cancelled
ORD05714,CST2748,PRD0934,2025-04-16,1,376068.76,Cash on Delivery,Delivered
ORD05715,CST4221,PRD0212,2025-04-09,3,251709.96,Cash on Delivery,Cancelled
ORD05716,CST2303,PRD0256,2025-02-03,8,469841.46,Net Banking,Cancelled
ORD05717,CST0675,PRD0031,2025-06-20,8,309375.26,Debit Card,Processing
ORD05718,CST4716,PRD0817,2025-10-08,6,389232.75,Credit Card,Shipped
ORD05719,CST0023,PRD0085,2025-11-26,6,430414.2,Net Banking,Processing
ORD05720,CST0172,PRD0310,2025-11-25,5,91658.23,Debit Card,Delivered
ORD05721,CST0128,PRD0441,2025-08-02,3,402206.34,Debit Card,Processing
ORD05722,CST4508,PRD0948,2025-08-04,6,183460.79,Net Banking,Processing
ORD05723,CST4773,PRD0236,2025-12-18,8,91060.8,Credit Card,Processing
ORD05724,CST1205,PRD0462,2025-03-25,6,156105.69,Credit Card,Processing
ORD05725,CST1764,PRD0575,2025-09-16,6,325253.23,Credit Card,Shipped
ORD05726,CST1979,PRD0499,2025-09-10,3,115477.15,Credit Card,Processing
ORD05727,CST0085,PRD0623,2025-08-07,9,440872.68,Net Banking,Shipped
ORD05728,CST4254,PRD0557,2025-08-21,6,145982.77,UPI,Processing
ORD05729,CST3798,PRD0408,2025-05-31,8,379974.0,Net Banking,Shipped
ORD05730,CST3099,PRD0156,2025-11-08,10,259678.66,Net Banking,Shipped
ORD05731,CST4552,PRD0132,2025-06-26,7,428887.21,Debit Card,Processing
ORD05732,CST3537,PRD0292,2025-04-12,10,470579.02,Debit Card,Delivered
ORD05733,CST0685,PRD0888,2025-01-11,3,325219.21,Debit Card,Shipped
ORD05734,CST2148,PRD0513,2025-07-31,1,20899.02,Net Banking,Cancelled
ORD05735,CST0003,PRD0273,2025-09-14,8,254883.09,UPI,Delivered
ORD05736,CST1426,PRD0395,2025-11-27,10,499741.53,Credit Card,Shipped
ORD05737,CST2911,PRD0509,2025-04-19,9,449794.29,UPI,Processing
ORD05738,CST0714,PRD0460,2025-12-22,6,161927.39,Debit Card,Processing
ORD05739,CST4008,PRD0281,2025-01-29,8,43878.01,Debit Card,Shipped
ORD05740,CST4194,PRD0249,2025-03-20,5,486760.78,Net Banking,Processing
ORD05741,CST2627,PRD0991,2025-11-17,10,372709.84,Net Banking,Processing
ORD05742,CST3409,PRD0964,2025-01-13,9,187879.68,Credit Card,Processing
ORD05743,CST0894,PRD0110,2025-08-27,8,476684.32,UPI,Processing
ORD05744,CST3501,PRD0751,2025-10-18,5,272483.38,Cash on Delivery,Processing
ORD05745,CST4008,PRD0453,2025-05-02,3,262280.87,Net Banking,Cancelled
ORD05746,CST2441,PRD0352,2025-01-25,2,107362.57,UPI,Cancelled
ORD05747,CST1795,PRD0625,2025-06-18,1,112489.78,Credit Card,Processing
ORD05748,CST4174,PRD0850,2025-05-01,4,313768.36,Credit Card,Cancelled
ORD05749,CST0606,PRD0415,2025-06-08,6,379456.13,Debit Card,Delivered
ORD05750,CST1037,PRD0437,2025-03-29,6,278819.26,Net Banking,Cancelled
ORD05751,CST4293,PRD0297,2025-01-15,1,122519.49,Credit Card,Processing
ORD05752,CST0583,PRD0431,2025-06-22,7,180900.9,Debit Card,Cancelled
ORD05753,CST1854,PRD0617,2025-12-17,8,272889.15,Cash on Delivery,Delivered
ORD05754,CST4799,PRD0567,2025-01-06,4,240435.35,Debit Card,Delivered
ORD05755,CST3246,PRD0335,2025-12-18,4,120356.18,Debit Card,Processing
ORD05756,CST3140,PRD0220,2025-12-03,10,217566.6,Net Banking,Cancelled
ORD05757,CST0621,PRD0123,2025-02-27,6,404763.53,UPI,Shipped
ORD05758,CST3595,PRD0286,2025-02-22,10,271113.95,UPI,Delivered
ORD05759,CST2778,PRD0221,2025-08-26,4,497286.65,Debit Card,Processing
ORD05760,CST4694,PRD0563,2025-02-01,7,481029.59,Credit Card,Delivered
ORD05761,CST2562,PRD0535,2025-06-18,4,159300.04,Cash on Delivery,Shipped
ORD05762,CST4802,PRD0799,2025-06-04,6,265235.57,Net Banking,Delivered
ORD05763,CST3580,PRD0984,2025-11-30,4,292739.92,Credit Card,Delivered
ORD05764,CST0905,PRD0911,2025-10-11,9,473498.03,Cash on Delivery,Delivered
ORD05765,CST1954,PRD0848,2025-08-13,6,334862.88,Debit Card,Delivered
ORD05766,CST3161,PRD0557,2025-11-17,3,145982.77,Net Banking,Processing
ORD05767,CST2575,PRD0347,2025-09-15,5,316813.1,Net Banking,Delivered
ORD05768,CST3879,PRD0502,2025-11-14,4,38772.73,Credit Card,Processing
ORD05769,CST1968,PRD0902,2025-09-20,9,430847.47,Credit Card,Shipped
ORD05770,CST4381,PRD0963,2025-12-17,6,363912.08,Cash on Delivery,Cancelled
ORD05771,CST3039,PRD0780,2025-03-20,2,184102.36,Net Banking,Cancelled
ORD05772,CST2513,PRD0020,2025-04-09,7,62425.19,Net Banking,Delivered
ORD05773,CST4329,PRD0149,2025-09-23,1,335999.71,Credit Card,Delivered
ORD05774,CST2297,PRD0753,2025-09-05,6,405386.83,Debit Card,Delivered
ORD05775,CST0449,PRD0301,2025-05-15,8,7480.96,Net Banking,Delivered
ORD05776,CST0821,PRD0949,2025-03-26,10,24389.77,Cash on Delivery,Shipped
ORD05777,CST2462,PRD0427,2025-05-21,10,62385.96,Credit Card,Processing
ORD05778,CST1646,PRD0405,2025-10-22,8,171605.92,Credit Card,Delivered
ORD05779,CST0262,PRD0846,2025-06-14,10,476384.69,Debit Card,Delivered
ORD05780,CST4147,PRD0974,2025-12-10,2,1374.39,Cash on Delivery,Cancelled
ORD05781,CST0517,PRD0023,2025-06-08,10,317209.45,Credit Card,Processing
ORD05782,CST3679,PRD0232,2025-11-07,5,432129.02,Cash on Delivery,Cancelled
ORD05783,CST0862,PRD0113,2025-04-24,10,480366.85,Cash on Delivery,Delivered
ORD05784,CST1392,PRD0240,2025-07-20,6,134506.53,Cash on Delivery,Shipped
ORD05785,CST4664,PRD0604,2025-04-05,1,55662.65,UPI,Shipped
ORD05786,CST3131,PRD0784,2025-04-09,1,32875.71,UPI,Shipped
ORD05787,CST1523,PRD0562,2025-05-25,5,372541.47,Debit Card,Cancelled
ORD05788,CST4247,PRD0835,2025-02-17,1,454163.09,Debit Card,Cancelled
ORD05789,CST4375,PRD0938,2025-08-24,10,418105.61,Net Banking,Delivered
ORD05790,CST0293,PRD0503,2025-02-13,5,116478.25,Net Banking,Delivered
ORD05791,CST2715,PRD0972,2025-07-22,6,199305.11,Net Banking,Delivered
ORD05792,CST1690,PRD0709,2025-01-09,10,58944.78,Credit Card,Delivered
ORD05793,CST3376,PRD0540,2025-08-09,6,241914.95,UPI,Shipped
ORD05794,CST3522,PRD0931,2025-11-18,7,222034.09,Credit Card,Cancelled
ORD05795,CST3905,PRD0450,2025-02-14,7,418012.85,Cash on Delivery,Shipped
ORD05796,CST1764,PRD0300,2025-10-29,2,417802.54,UPI,Delivered
ORD05797,CST3046,PRD0823,2025-04-16,5,357967.29,UPI,Cancelled
ORD05798,CST1969,PRD0223,2025-03-19,5,463774.72,Net Banking,Cancelled
ORD05799,CST0833,PRD0777,2025-11-21,5,225979.16,Cash on Delivery,Processing
ORD05800,CST2097,PRD0682,2025-01-03,8,213214.35,Credit Card,Shipped
ORD05801,CST2424,PRD0401,2025-03-31,3,3225.61,UPI,Processing
ORD05802,CST2042,PRD0442,2025-10-01,9,465783.01,UPI,Processing
ORD05803,CST2951,PRD0125,2025-02-07,9,118921.52,Cash on Delivery,Processing
ORD05804,CST4859,PRD0955,2025-07-07,7,148075.82,Debit Card,Delivered
ORD05805,CST0164,PRD0048,2025-12-15,1,388284.84,Debit Card,Delivered
ORD05806,CST4768,PRD0487,2025-07-03,6,417899.62,Debit Card,Delivered
ORD05807,CST2959,PRD0280,2025-03-12,10,475659.52,Cash on Delivery,Processing
ORD05808,CST2175,PRD0253,2025-03-11,10,370166.52,Net Banking,Shipped
ORD05809,CST2575,PRD0479,2025-10-21,3,382492.46,Credit Card,Shipped
ORD05810,CST4525,PRD0192,2025-07-05,1,427496.73,Credit Card,Shipped
ORD05811,CST1502,PRD0411,2025-04-26,8,314582.0,UPI,Processing
ORD05812,CST3213,PRD0468,2025-10-25,9,464481.36,Net Banking,Shipped
ORD05813,CST2271,PRD0463,2025-06-16,10,24303.03,UPI,Delivered
ORD05814,CST4131,PRD0884,2025-12-12,4,87645.2,Debit Card,Shipped
ORD05815,CST2365,PRD0696,2025-12-29,7,228766.83,Cash on Delivery,Processing
ORD05816,CST4439,PRD0085,2025-10-19,10,430414.2,Debit Card,Shipped
ORD05817,CST0321,PRD0975,2025-11-13,6,440094.91,Cash on Delivery,Cancelled
ORD05818,CST2606,PRD0808,2025-06-06,5,305918.21,Net Banking,Processing
ORD05819,CST0083,PRD0463,2025-01-15,6,24303.03,Debit Card,Processing
ORD05820,CST4684,PRD0998,2025-06-28,8,13465.51,UPI,Cancelled
ORD05821,CST0838,PRD0166,2025-08-28,2,482339.14,Net Banking,Processing
ORD05822,CST1561,PRD0406,2025-02-24,8,383243.16,Credit Card,Shipped
ORD05823,CST0647,PRD0616,2025-08-29,10,19332.36,UPI,Cancelled
ORD05824,CST3032,PRD0852,2025-10-13,2,335708.72,Net Banking,Delivered
ORD05825,CST1296,PRD0806,2025-12-12,6,58673.67,UPI,Processing
ORD05826,CST0046,PRD0577,2025-09-18,4,146349.52,Net Banking,Cancelled
ORD05827,CST3972,PRD0176,2025-12-16,7,62187.17,UPI,Delivered
ORD05828,CST3229,PRD0109,2025-01-19,4,265195.53,Cash on Delivery,Processing
ORD05829,CST0956,PRD0776,2025-10-07,4,269325.44,Cash on Delivery,Processing
ORD05830,CST2400,PRD0783,2025-04-17,2,18194.12,Net Banking,Cancelled
ORD05831,CST2872,PRD0918,2025-09-11,3,181510.8,Debit Card,Processing
ORD05832,CST3201,PRD0753,2025-03-27,6,405386.83,UPI,Cancelled
ORD05833,CST0688,PRD0610,2025-07-19,1,479504.43,Debit Card,Cancelled
ORD05834,CST4616,PRD0178,2025-05-06,5,92916.82,Cash on Delivery,Delivered
ORD05835,CST0539,PRD0916,2025-08-14,7,388891.05,Credit Card,Shipped
ORD05836,CST3220,PRD0166,2025-03-05,3,482339.14,Cash on Delivery,Shipped
ORD05837,CST0488,PRD0620,2025-10-04,8,383111.41,Cash on Delivery,Processing
ORD05838,CST2471,PRD0726,2025-09-02,4,123657.51,Net Banking,Processing
ORD05839,CST2177,PRD0119,2025-09-25,9,203981.61,UPI,Cancelled
ORD05840,CST1696,PRD0658,2025-01-06,1,55260.32,UPI,Shipped
ORD05841,CST1514,PRD0067,2025-07-29,4,285269.76,Debit Card,Processing
ORD05842,CST1358,PRD0060,2025-09-09,10,201975.51,Credit Card,Shipped
ORD05843,CST2643,PRD0678,2025-04-05,9,49411.74,Cash on Delivery,Cancelled
ORD05844,CST3395,PRD0817,2025-07-10,10,389232.75,Credit Card,Delivered
ORD05845,CST0562,PRD0684,2025-06-18,10,468185.59,UPI,Cancelled
ORD05846,CST1618,PRD0770,2025-04-02,5,380657.0,Cash on Delivery,Processing
ORD05847,CST0740,PRD0581,2025-12-20,3,181384.25,Credit Card,Cancelled
ORD05848,CST0868,PRD0644,2025-08-26,4,363392.56,UPI,Shipped
ORD05849,CST4426,PRD0468,2025-11-10,9,464481.36,Net Banking,Delivered
ORD05850,CST3171,PRD0817,2025-07-02,3,389232.75,Cash on Delivery,Processing
ORD05851,CST1938,PRD0713,2025-01-23,3,85332.13,Net Banking,Cancelled
ORD05852,CST0113,PRD0415,2025-02-15,8,379456.13,UPI,Cancelled
ORD05853,CST1721,PRD0910,2025-10-12,6,289331.06,Cash on Delivery,Delivered
ORD05854,CST3529,PRD0750,2025-08-14,4,363202.4,Cash on Delivery,Cancelled
ORD05855,CST3869,PRD0573,2025-03-12,7,175769.62,Cash on Delivery,Delivered
ORD05856,CST4808,PRD0614,2025-01-21,3,111501.9,UPI,Delivered
ORD05857,CST4769,PRD0582,2025-10-23,10,93486.1,Debit Card,Shipped
ORD05858,CST1904,PRD0596,2025-08-24,1,194895.06,UPI,Shipped
ORD05859,CST4351,PRD0850,2025-01-13,2,313768.36,Debit Card,Processing
ORD05860,CST3643,PRD0485,2025-10-05,9,32645.18,Net Banking,Processing
ORD05861,CST4254,PRD0318,2025-09-20,4,13345.53,Debit Card,Delivered
ORD05862,CST1608,PRD0177,2025-03-21,10,416799.81,Net Banking,Cancelled
ORD05863,CST2252,PRD0966,2025-07-30,8,492739.35,Credit Card,Cancelled
ORD05864,CST2821,PRD0651,2025-07-30,5,6511.35,Credit Card,Delivered
ORD05865,CST2408,PRD0978,2025-09-24,4,262067.23,Net Banking,Shipped
ORD05866,CST2630,PRD0066,2025-09-12,7,312144.24,UPI,Shipped
ORD05867,CST1522,PRD0059,2025-11-29,9,69890.6,Debit Card,Processing
ORD05868,CST1461,PRD0150,2025-11-06,3,346198.44,Debit Card,Delivered
ORD05869,CST0091,PRD0974,2025-12-02,9,1374.39,Credit Card,Shipped
ORD05870,CST0459,PRD0865,2025-01-01,2,470825.36,Debit Card,Shipped
ORD05871,CST0621,PRD0146,2025-09-09,7,404258.53,Credit Card,Delivered
ORD05872,CST1367,PRD0148,2025-12-27,10,27874.16,Cash on Delivery,Shipped
ORD05873,CST1780,PRD0900,2025-08-14,10,96474.22,Cash on Delivery,Delivered
ORD05874,CST0625,PRD0989,2025-07-18,7,417438.58,Debit Card,Delivered
ORD05875,CST4186,PRD0362,2025-09-11,10,486036.29,Debit Card,Cancelled
ORD05876,CST3116,PRD0713,2025-05-28,9,85332.13,Net Banking,Shipped
ORD05877,CST0385,PRD0810,2025-02-07,1,150869.36,Net Banking,Cancelled
ORD05878,CST3364,PRD0320,2025-12-13,2,34695.8,Cash on Delivery,Cancelled
ORD05879,CST1629,PRD0973,2025-09-14,5,182634.21,Cash on Delivery,Processing
ORD05880,CST4181,PRD0433,2025-09-29,9,389553.4,Debit Card,Cancelled
ORD05881,CST4061,PRD0724,2025-11-07,7,312430.82,Debit Card,Processing
ORD05882,CST1309,PRD0746,2025-08-27,6,325252.45,Cash on Delivery,Processing
ORD05883,CST0952,PRD0179,2025-08-24,8,266939.11,Cash on Delivery,Shipped
ORD05884,CST0634,PRD0242,2025-12-16,8,96910.37,Debit Card,Processing
ORD05885,CST2996,PRD0062,2025-05-07,4,7644.0,Debit Card,Processing
ORD05886,CST2031,PRD0743,2025-10-03,2,4504.46,Net Banking,Delivered
ORD05887,CST2738,PRD0401,2025-11-17,10,3225.61,Net Banking,Shipped
ORD05888,CST3787,PRD0548,2025-09-21,8,466203.13,Debit Card,Cancelled
ORD05889,CST4696,PRD0759,2025-07-20,7,456922.95,Cash on Delivery,Shipped
ORD05890,CST1100,PRD0976,2025-12-04,9,245373.68,UPI,Cancelled
ORD05891,CST1922,PRD0944,2025-04-19,10,368941.44,Debit Card,Cancelled
ORD05892,CST2946,PRD0196,2025-04-27,4,154052.13,Cash on Delivery,Processing
ORD05893,CST3764,PRD0594,2025-12-01,3,416705.86,Debit Card,Processing
ORD05894,CST0812,PRD0632,2025-10-18,1,185425.93,Net Banking,Delivered
ORD05895,CST3256,PRD0534,2025-12-01,9,76076.88,Credit Card,Delivered
ORD05896,CST0439,PRD0714,2025-11-01,1,467189.58,Net Banking,Delivered
ORD05897,CST4494,PRD0997,2025-03-06,9,202580.02,Debit Card,Cancelled
ORD05898,CST4977,PRD0362,2025-02-06,9,486036.29,UPI,Delivered
ORD05899,CST3599,PRD0216,2025-06-23,9,499353.57,UPI,Processing
ORD05900,CST3705,PRD0540,2025-08-18,4,241914.95,UPI,Processing
ORD05901,CST4955,PRD0188,2025-09-26,5,319504.96,Debit Card,Processing
ORD05902,CST3521,PRD0429,2025-12-08,3,84478.67,Debit Card,Shipped
ORD05903,CST0611,PRD0760,2025-09-13,1,373507.95,UPI,Processing
ORD05904,CST4385,PRD0707,2025-07-19,7,269484.59,Debit Card,Processing
ORD05905,CST2602,PRD0194,2025-07-28,2,446793.8,Net Banking,Shipped
ORD05906,CST4229,PRD0841,2025-11-23,8,388165.42,UPI,Processing
ORD05907,CST3497,PRD0231,2025-03-07,1,212707.32,Net Banking,Cancelled
ORD05908,CST2504,PRD0122,2025-08-29,8,58233.85,Net Banking,Cancelled
ORD05909,CST4579,PRD0511,2025-06-22,4,303669.84,Credit Card,Delivered
ORD05910,CST1755,PRD0314,2025-09-16,5,145467.21,Credit Card,Cancelled
ORD05911,CST4838,PRD0778,2025-11-26,8,310002.95,UPI,Processing
ORD05912,CST1743,PRD0060,2025-10-10,2,201975.51,Credit Card,Delivered
ORD05913,CST1473,PRD0619,2025-06-13,8,237298.04,Net Banking,Shipped
ORD05914,CST0011,PRD0160,2025-12-19,7,252632.65,Credit Card,Delivered
ORD05915,CST2689,PRD0238,2025-12-05,1,208151.04,Credit Card,Shipped
ORD05916,CST0407,PRD0127,2025-08-24,7,497967.67,Net Banking,Delivered
ORD05917,CST4492,PRD0904,2025-08-07,8,78739.38,Debit Card,Processing
ORD05918,CST1234,PRD0136,2025-04-04,10,417077.04,Credit Card,Shipped
ORD05919,CST4593,PRD0031,2025-11-03,8,309375.26,Debit Card,Cancelled
ORD05920,CST4144,PRD0302,2025-09-11,4,429435.64,Cash on Delivery,Delivered
ORD05921,CST0453,PRD0941,2025-08-18,1,310246.04,Net Banking,Cancelled
ORD05922,CST2954,PRD0446,2025-02-22,3,2640.18,Cash on Delivery,Delivered
ORD05923,CST0647,PRD0127,2025-10-22,5,497967.67,Cash on Delivery,Shipped
ORD05924,CST0228,PRD0789,2025-04-16,4,446137.04,Debit Card,Shipped
ORD05925,CST2390,PRD0379,2025-06-16,5,7566.07,UPI,Cancelled
ORD05926,CST4493,PRD0771,2025-10-11,7,136083.28,UPI,Processing
ORD05927,CST0687,PRD0208,2025-12-26,9,63766.87,UPI,Delivered
ORD05928,CST0411,PRD0871,2025-12-23,6,29060.59,Cash on Delivery,Delivered
ORD05929,CST0869,PRD0700,2025-03-08,7,454233.66,Credit Card,Shipped
ORD05930,CST2224,PRD0127,2025-09-04,3,497967.67,Cash on Delivery,Shipped
ORD05931,CST2617,PRD0025,2025-01-24,9,229608.54,Credit Card,Shipped
ORD05932,CST0220,PRD0119,2025-08-04,9,203981.61,Cash on Delivery,Delivered
ORD05933,CST3029,PRD0029,2025-04-08,6,254739.05,Net Banking,Processing
ORD05934,CST2795,PRD0951,2025-03-05,3,444526.71,Debit Card,Delivered
ORD05935,CST1299,PRD0039,2025-05-13,2,404.11,Net Banking,Delivered
ORD05936,CST2299,PRD0305,2025-02-11,10,28514.31,UPI,Processing
ORD05937,CST4122,PRD0317,2025-01-20,5,246252.59,Credit Card,Shipped
ORD05938,CST2553,PRD0334,2025-04-07,5,395182.8,UPI,Cancelled
ORD05939,CST4940,PRD0439,2025-01-01,4,92425.6,Credit Card,Delivered
ORD05940,CST2477,PRD0483,2025-02-25,1,457217.05,UPI,Cancelled
ORD05941,CST4438,PRD0019,2025-10-27,9,189955.9,Cash on Delivery,Cancelled
ORD05942,CST0464,PRD0990,2025-11-20,8,256089.23,UPI,Processing
ORD05943,CST1539,PRD0704,2025-02-02,10,133128.92,Cash on Delivery,Delivered
ORD05944,CST4900,PRD0464,2025-07-29,8,206183.16,Debit Card,Delivered
ORD05945,CST4589,PRD0110,2025-12-12,8,476684.32,Cash on Delivery,Delivered
ORD05946,CST0316,PRD0853,2025-10-21,1,20006.07,Credit Card,Delivered
ORD05947,CST0929,PRD0454,2025-06-15,9,74767.36,Net Banking,Cancelled
ORD05948,CST3126,PRD0825,2025-11-10,2,426105.92,Debit Card,Shipped
ORD05949,CST0103,PRD0099,2025-09-10,8,130423.59,Credit Card,Cancelled
ORD05950,CST0729,PRD0333,2025-02-27,7,251005.81,UPI,Cancelled
ORD05951,CST1507,PRD0743,2025-04-13,1,4504.46,Cash on Delivery,Cancelled
ORD05952,CST1116,PRD0787,2025-05-22,5,196082.64,Debit Card,Delivered
ORD05953,CST4099,PRD0061,2025-06-27,8,280078.39,Credit Card,Shipped
ORD05954,CST1840,PRD0324,2025-06-01,9,437135.04,Net Banking,Shipped
ORD05955,CST3531,PRD0848,2025-12-10,3,334862.88,Cash on Delivery,Delivered
ORD05956,CST2904,PRD0208,2025-07-06,5,63766.87,Cash on Delivery,Delivered
ORD05957,CST0639,PRD0256,2025-08-20,6,469841.46,Debit Card,Cancelled
ORD05958,CST0053,PRD0825,2025-10-02,5,426105.92,Debit Card,Shipped
ORD05959,CST1777,PRD0374,2025-03-05,8,182867.71,Cash on Delivery,Cancelled
ORD05960,CST2218,PRD0621,2025-05-29,10,467827.37,Credit Card,Shipped
ORD05961,CST0503,PRD0865,2025-03-16,2,470825.36,UPI,Shipped
ORD05962,CST4450,PRD0695,2025-01-25,4,213789.7,Credit Card,Delivered
ORD05963,CST4620,PRD0559,2025-06-26,7,412806.94,Credit Card,Shipped
ORD05964,CST2944,PRD0858,2025-11-21,1,364896.12,Credit Card,Shipped
ORD05965,CST1049,PRD0058,2025-09-15,1,274202.64,Debit Card,Processing
ORD05966,CST1425,PRD0989,2025-12-31,2,417438.58,Credit Card,Cancelled
ORD05967,CST4723,PRD0323,2025-06-21,7,171393.79,Debit Card,Processing
ORD05968,CST2388,PRD0510,2025-04-17,10,343463.54,Debit Card,Delivered
ORD05969,CST2299,PRD0097,2025-09-11,6,20682.57,UPI,Shipped
ORD05970,CST3328,PRD0019,2025-01-19,9,189955.9,Net Banking,Processing
ORD05971,CST3990,PRD0201,2025-10-22,9,183966.16,Debit Card,Cancelled
ORD05972,CST3545,PRD0240,2025-10-16,7,134506.53,Cash on Delivery,Cancelled
ORD05973,CST4548,PRD0011,2025-03-11,8,50487.59,Net Banking,Delivered
ORD05974,CST0973,PRD0898,2025-07-23,4,488851.36,Credit Card,Delivered
ORD05975,CST3951,PRD0480,2025-02-17,8,192534.51,Cash on Delivery,Processing
ORD05976,CST3638,PRD0830,2025-06-09,4,69014.21,Net Banking,Delivered
ORD05977,CST2967,PRD0433,2025-05-21,3,389553.4,Debit Card,Delivered
ORD05978,CST0528,PRD0630,2025-08-03,7,186659.87,Net Banking,Shipped
ORD05979,CST1104,PRD0519,2025-09-15,6,281491.29,Credit Card,Processing
ORD05980,CST4845,PRD0823,2025-02-28,6,357967.29,Cash on Delivery,Processing
ORD05981,CST2788,PRD0694,2025-12-29,5,157260.4,Credit Card,Processing
ORD05982,CST2089,PRD0811,2025-03-25,3,154268.56,Net Banking,Delivered
ORD05983,CST1192,PRD0673,2025-10-23,2,387197.85,Net Banking,Processing
ORD05984,CST0876,PRD0110,2025-03-07,5,476684.32,Credit Card,Processing
ORD05985,CST4754,PRD0299,2025-11-11,9,323143.26,Debit Card,Delivered
ORD05986,CST1803,PRD0096,2025-04-09,3,279302.34,UPI,Shipped
ORD05987,CST0809,PRD0877,2025-05-21,8,356637.62,Credit Card,Delivered
ORD05988,CST4834,PRD0370,2025-11-12,2,394986.76,Net Banking,Cancelled
ORD05989,CST3727,PRD0603,2025-02-09,5,338163.18,Net Banking,Shipped
ORD05990,CST4223,PRD0912,2025-06-22,1,3636.86,Cash on Delivery,Processing
ORD05991,CST3558,PRD0199,2025-03-08,6,450827.42,Credit Card,Shipped
ORD05992,CST3684,PRD0855,2025-03-31,7,138698.66,Cash on Delivery,Cancelled
ORD05993,CST1338,PRD0410,2025-03-17,9,375658.1,Cash on Delivery,Delivered
ORD05994,CST2002,PRD0340,2025-04-06,10,61873.66,UPI,Cancelled
ORD05995,CST3075,PRD0616,2025-12-15,8,19332.36,Cash on Delivery,Shipped
ORD05996,CST0936,PRD0498,2025-09-20,6,137312.73,Net Banking,Cancelled
ORD05997,CST4622,PRD0675,2025-10-20,5,298321.19,Cash on Delivery,Shipped
ORD05998,CST2225,PRD0524,2025-06-30,1,312738.42,UPI,Processing
ORD05999,CST1260,PRD0372,2025-11-14,5,11186.02,Credit Card,Shipped
ORD06000,CST2107,PRD0788,2025-07-06,7,339219.05,Credit Card,Shipped
ORD06001,CST0248,PRD0344,2025-02-21,2,71241.49,UPI,Shipped
ORD06002,CST0843,PRD0659,2025-11-25,3,138334.77,UPI,Shipped
ORD06003,CST3772,PRD0010,2025-10-22,6,384455.08,Cash on Delivery,Shipped
ORD06004,CST1242,PRD0789,2025-07-25,1,446137.04,Debit Card,Shipped
ORD06005,CST1149,PRD0079,2025-12-05,8,52375.45,Debit Card,Shipped
ORD06006,CST2747,PRD0338,2025-03-13,3,195645.41,Cash on Delivery,Shipped
ORD06007,CST4269,PRD0786,2025-09-01,7,79605.99,Credit Card,Processing
ORD06008,CST2430,PRD0243,2025-07-27,7,126540.73,Credit Card,Processing
ORD06009,CST2285,PRD0503,2025-12-25,5,116478.25,Debit Card,Processing
ORD06010,CST1125,PRD0347,2025-11-21,4,316813.1,Cash on Delivery,Shipped
ORD06011,CST1595,PRD0407,2025-06-15,8,112818.92,Credit Card,Shipped
ORD06012,CST1914,PRD0434,2025-05-12,5,354742.21,Net Banking,Cancelled
ORD06013,CST2214,PRD0341,2025-08-04,1,328048.48,Debit Card,Processing
ORD06014,CST4663,PRD0396,2025-08-19,4,389374.75,Cash on Delivery,Delivered
ORD06015,CST2805,PRD0562,2025-11-13,1,372541.47,Cash on Delivery,Cancelled
ORD06016,CST4038,PRD0987,2025-07-16,9,447689.57,Debit Card,Shipped
ORD06017,CST2038,PRD0148,2025-07-08,2,27874.16,Credit Card,Processing
ORD06018,CST2080,PRD0365,2025-05-27,4,74809.6,Credit Card,Cancelled
ORD06019,CST0678,PRD0749,2025-01-08,6,396097.6,UPI,Cancelled
ORD06020,CST1269,PRD0845,2025-10-15,5,228106.59,UPI,Cancelled
ORD06021,CST0706,PRD0450,2025-04-11,5,418012.85,UPI,Processing
ORD06022,CST1411,PRD0668,2025-06-18,3,487946.19,Credit Card,Processing
ORD06023,CST4122,PRD0452,2025-08-27,9,304815.69,Net Banking,Shipped
ORD06024,CST4098,PRD0880,2025-12-05,6,63863.81,Credit Card,Shipped
ORD06025,CST1126,PRD0990,2025-03-24,7,256089.23,Credit Card,Delivered
ORD06026,CST3660,PRD0675,2025-02-24,8,298321.19,Net Banking,Cancelled
ORD06027,CST2791,PRD0254,2025-10-12,5,401443.93,Cash on Delivery,Shipped
ORD06028,CST2254,PRD0562,2025-12-14,3,372541.47,Credit Card,Processing
ORD06029,CST3453,PRD0182,2025-10-24,7,384713.55,Credit Card,Processing
ORD06030,CST1928,PRD0408,2025-10-28,10,379974.0,Net Banking,Processing
ORD06031,CST2286,PRD0773,2025-11-29,2,105070.58,Net Banking,Cancelled
ORD06032,CST1560,PRD0693,2025-04-06,8,140415.56,Net Banking,Delivered
ORD06033,CST3221,PRD0412,2025-03-29,6,332209.89,Debit Card,Cancelled
ORD06034,CST3219,PRD0971,2025-06-26,3,267389.88,Debit Card,Delivered
ORD06035,CST4005,PRD0410,2025-10-07,7,375658.1,Debit Card,Cancelled
ORD06036,CST4162,PRD0707,2025-01-08,9,269484.59,Net Banking,Cancelled
ORD06037,CST3794,PRD0787,2025-02-13,5,196082.64,UPI,Shipped
ORD06038,CST3340,PRD0492,2025-11-14,10,484004.12,Net Banking,Processing
ORD06039,CST0721,PRD0251,2025-12-01,10,17635.27,Debit Card,Cancelled
ORD06040,CST2445,PRD0634,2025-04-05,6,87769.43,Cash on Delivery,Shipped
ORD06041,CST4707,PRD0794,2025-07-12,1,218172.91,UPI,Processing
ORD06042,CST0964,PRD0097,2025-05-28,4,20682.57,Cash on Delivery,Processing
ORD06043,CST3933,PRD0038,2025-03-13,4,475755.84,UPI,Delivered
ORD06044,CST4672,PRD0960,2025-11-28,6,137594.88,UPI,Cancelled
ORD06045,CST3493,PRD0284,2025-11-26,1,309320.21,UPI,Delivered
ORD06046,CST1918,PRD0670,2025-06-29,5,186336.51,Credit Card,Delivered
ORD06047,CST1415,PRD0656,2025-07-22,2,235339.8,UPI,Processing
ORD06048,CST0300,PRD0151,2025-12-23,9,262566.67,UPI,Shipped
ORD06049,CST1334,PRD0586,2025-03-14,1,454851.53,Cash on Delivery,Delivered
ORD06050,CST4915,PRD0982,2025-02-15,6,227177.39,Net Banking,Processing
ORD06051,CST3800,PRD0245,2025-01-19,10,141293.88,Net Banking,Shipped
ORD06052,CST0958,PRD0866,2025-04-08,9,232224.0,Net Banking,Processing
ORD06053,CST1662,PRD0337,2025-07-09,5,250697.44,Cash on Delivery,Cancelled
ORD06054,CST0421,PRD0683,2025-08-02,6,465400.22,Debit Card,Processing
ORD06055,CST3999,PRD0962,2025-05-31,10,177543.33,UPI,Delivered
ORD06056,CST4702,PRD0055,2025-11-19,7,144415.29,Cash on Delivery,Shipped
ORD06057,CST0742,PRD0677,2025-10-24,3,446295.41,Credit Card,Shipped
ORD06058,CST2823,PRD0533,2025-02-11,9,296250.41,Credit Card,Delivered
ORD06059,CST2208,PRD0167,2025-07-02,7,187116.23,Debit Card,Delivered
ORD06060,CST1243,PRD0905,2025-07-25,10,425456.72,Credit Card,Processing
ORD06061,CST2965,PRD0047,2025-08-11,5,135167.95,Cash on Delivery,Delivered
ORD06062,CST3350,PRD0763,2025-03-25,4,46865.28,Cash on Delivery,Cancelled
ORD06063,CST2706,PRD0757,2025-08-30,10,417195.69,Net Banking,Shipped
ORD06064,CST1432,PRD0313,2025-03-04,7,248044.63,Cash on Delivery,Cancelled
ORD06065,CST3286,PRD0293,2025-04-27,2,132001.56,Credit Card,Processing
ORD06066,CST2605,PRD0680,2025-01-02,1,109847.73,Net Banking,Shipped
ORD06067,CST3974,PRD0624,2025-03-10,4,16372.79,UPI,Shipped
ORD06068,CST4772,PRD0188,2025-10-09,1,319504.96,Debit Card,Shipped
ORD06069,CST1781,PRD0177,2025-05-27,8,416799.81,Net Banking,Cancelled
ORD06070,CST1741,PRD0400,2025-10-03,7,236491.91,Debit Card,Processing
ORD06071,CST1442,PRD0655,2025-05-26,7,268218.84,Cash on Delivery,Delivered
ORD06072,CST2168,PRD0587,2025-10-10,1,134463.91,UPI,Processing
ORD06073,CST4740,PRD0128,2025-06-17,3,488283.83,Debit Card,Shipped
ORD06074,CST1023,PRD0651,2025-06-05,3,6511.35,Net Banking,Cancelled
ORD06075,CST0481,PRD0597,2025-05-29,6,63537.83,Cash on Delivery,Processing
ORD06076,CST1041,PRD0130,2025-11-29,6,284873.13,Debit Card,Shipped
ORD06077,CST4535,PRD0070,2025-08-15,8,245276.45,UPI,Processing
ORD06078,CST3689,PRD0508,2025-11-28,10,35470.73,Net Banking,Processing
ORD06079,CST1340,PRD0353,2025-10-01,4,283640.21,Debit Card,Shipped
ORD06080,CST2742,PRD0780,2025-05-07,3,184102.36,Net Banking,Processing
ORD06081,CST2654,PRD0300,2025-08-03,4,417802.54,Net Banking,Processing
ORD06082,CST2690,PRD0292,2025-08-10,4,470579.02,Net Banking,Processing
ORD06083,CST3256,PRD0839,2025-04-01,8,14178.61,Debit Card,Delivered
ORD06084,CST0345,PRD0302,2025-12-26,6,429435.64,Debit Card,Delivered
ORD06085,CST4695,PRD0881,2025-02-20,4,23942.0,Net Banking,Processing
ORD06086,CST1888,PRD0263,2025-05-21,7,325576.25,Net Banking,Cancelled
ORD06087,CST1110,PRD0203,2025-10-23,4,17047.79,Debit Card,Cancelled
ORD06088,CST2829,PRD0196,2025-10-29,6,154052.13,Cash on Delivery,Delivered
ORD06089,CST1552,PRD0886,2025-04-15,7,149416.36,Debit Card,Cancelled
ORD06090,CST3919,PRD0449,2025-11-21,4,369055.1,Debit Card,Shipped
ORD06091,CST2572,PRD0613,2025-04-29,8,34557.59,Debit Card,Shipped
ORD06092,CST1560,PRD0094,2025-03-16,10,193799.52,UPI,Cancelled
ORD06093,CST4520,PRD0391,2025-08-02,4,126891.71,UPI,Delivered
ORD06094,CST4866,PRD0121,2025-11-17,3,275088.86,Net Banking,Processing
ORD06095,CST4339,PRD0894,2025-10-05,9,153484.23,UPI,Cancelled
ORD06096,CST3176,PRD0712,2025-05-10,2,454541.81,Credit Card,Processing
ORD06097,CST2291,PRD0420,2025-05-19,3,151431.53,UPI,Delivered
ORD06098,CST4845,PRD0420,2025-02-24,7,151431.53,UPI,Delivered
ORD06099,CST3261,PRD0571,2025-01-27,7,476165.3,UPI,Processing
ORD06100,CST3600,PRD0333,2025-04-17,3,251005.81,UPI,Shipped
ORD06101,CST0870,PRD0782,2025-05-02,1,96160.12,Cash on Delivery,Shipped
ORD06102,CST0262,PRD0815,2025-09-29,3,415420.26,UPI,Shipped
ORD06103,CST4406,PRD0815,2025-08-21,9,415420.26,Debit Card,Cancelled
ORD06104,CST4895,PRD0121,2025-04-30,5,275088.86,Net Banking,Cancelled
ORD06105,CST4729,PRD0555,2025-07-15,3,237730.62,Cash on Delivery,Processing
ORD06106,CST3308,PRD0812,2025-12-14,7,170808.44,Credit Card,Delivered
ORD06107,CST0679,PRD0479,2025-12-16,2,382492.46,Net Banking,Shipped
ORD06108,CST3183,PRD0724,2025-10-23,4,312430.82,Net Banking,Cancelled
ORD06109,CST4111,PRD0156,2025-01-03,10,259678.66,Cash on Delivery,Shipped
ORD06110,CST0034,PRD0633,2025-04-01,6,284414.07,Debit Card,Delivered
ORD06111,CST3437,PRD0130,2025-08-24,5,284873.13,Cash on Delivery,Shipped
ORD06112,CST1081,PRD0036,2025-10-22,9,14285.8,Debit Card,Cancelled
ORD06113,CST2414,PRD0133,2025-12-10,9,470196.95,Net Banking,Delivered
ORD06114,CST2686,PRD0259,2025-11-03,4,158482.78,UPI,Processing
ORD06115,CST1235,PRD0368,2025-12-27,2,41428.07,Debit Card,Processing
ORD06116,CST1021,PRD0701,2025-03-15,9,153776.2,Net Banking,Cancelled
ORD06117,CST3350,PRD0086,2025-10-30,9,29313.76,Cash on Delivery,Processing
ORD06118,CST0012,PRD0567,2025-02-16,3,240435.35,Cash on Delivery,Processing
ORD06119,CST4142,PRD0691,2025-09-20,5,364853.04,Cash on Delivery,Delivered
ORD06120,CST4332,PRD0837,2025-08-26,1,454982.05,UPI,Processing
ORD06121,CST4587,PRD0733,2025-07-04,5,245927.76,Cash on Delivery,Processing
ORD06122,CST2306,PRD0379,2025-12-22,7,7566.07,Cash on Delivery,Shipped
ORD06123,CST0193,PRD0974,2025-09-25,6,1374.39,Cash on Delivery,Cancelled
ORD06124,CST1534,PRD0487,2025-03-25,6,417899.62,Credit Card,Cancelled
ORD06125,CST1891,PRD0317,2025-11-25,2,246252.59,UPI,Cancelled
ORD06126,CST0843,PRD0220,2025-03-22,5,217566.6,UPI,Delivered
ORD06127,CST1267,PRD0795,2025-05-11,6,85392.09,Debit Card,Delivered
ORD06128,CST3962,PRD0989,2025-04-05,2,417438.58,Cash on Delivery,Shipped
ORD06129,CST3914,PRD0226,2025-07-09,8,473556.93,Cash on Delivery,Processing
ORD06130,CST3590,PRD0477,2025-08-20,3,229713.94,Debit Card,Delivered
ORD06131,CST2201,PRD0054,2025-11-12,4,403175.85,Credit Card,Cancelled
ORD06132,CST3760,PRD0568,2025-12-23,6,289859.5,Debit Card,Cancelled
ORD06133,CST3104,PRD0116,2025-10-11,3,405121.15,Net Banking,Cancelled
ORD06134,CST1296,PRD0835,2025-08-22,2,454163.09,Net Banking,Cancelled
ORD06135,CST1906,PRD0873,2025-08-16,2,236000.43,Debit Card,Cancelled
ORD06136,CST4411,PRD0871,2025-08-22,6,29060.59,Cash on Delivery,Processing
ORD06137,CST2026,PRD0425,2025-11-15,9,293030.07,Net Banking,Delivered
ORD06138,CST4781,PRD0334,2025-09-08,10,395182.8,UPI,Shipped
ORD06139,CST3924,PRD0145,2025-03-12,4,453082.61,Net Banking,Shipped
ORD06140,CST2588,PRD0505,2025-02-19,1,261980.31,Credit Card,Shipped
ORD06141,CST2591,PRD0013,2025-04-26,2,291862.99,Debit Card,Delivered
ORD06142,CST2951,PRD0101,2025-12-28,5,167119.54,UPI,Cancelled
ORD06143,CST3104,PRD0739,2025-08-14,1,473672.61,Credit Card,Processing
ORD06144,CST0894,PRD0831,2025-01-10,9,220638.31,UPI,Cancelled
ORD06145,CST1792,PRD0155,2025-04-19,8,311483.01,UPI,Delivered
ORD06146,CST3069,PRD0308,2025-11-09,6,70787.83,UPI,Processing
ORD06147,CST3927,PRD0719,2025-05-13,8,17231.59,Cash on Delivery,Shipped
ORD06148,CST3718,PRD0097,2025-11-03,1,20682.57,UPI,Processing
ORD06149,CST1806,PRD0185,2025-07-28,1,382123.7,Credit Card,Processing
ORD06150,CST4398,PRD0533,2025-06-16,7,296250.41,Net Banking,Processing
ORD06151,CST4853,PRD0705,2025-07-26,8,176989.83,Debit Card,Shipped
ORD06152,CST2063,PRD0808,2025-06-17,5,305918.21,UPI,Shipped
ORD06153,CST3544,PRD0137,2025-09-05,4,446911.84,Credit Card,Cancelled
ORD06154,CST2139,PRD0136,2025-07-12,6,417077.04,Debit Card,Processing
ORD06155,CST0717,PRD0854,2025-06-07,8,421187.49,UPI,Processing
ORD06156,CST1700,PRD0118,2025-10-12,7,283836.47,Credit Card,Delivered
ORD06157,CST0013,PRD0213,2025-09-02,7,455938.82,Net Banking,Delivered
ORD06158,CST4135,PRD0040,2025-09-20,3,258289.75,Credit Card,Delivered
ORD06159,CST3666,PRD0949,2025-02-01,1,24389.77,Credit Card,Cancelled
ORD06160,CST3163,PRD0167,2025-09-01,4,187116.23,UPI,Delivered
ORD06161,CST0620,PRD0909,2025-02-28,3,278679.94,Debit Card,Delivered
ORD06162,CST2822,PRD0412,2025-09-13,7,332209.89,Net Banking,Shipped
ORD06163,CST3142,PRD0441,2025-10-10,5,402206.34,Net Banking,Processing
ORD06164,CST3551,PRD0223,2025-09-15,1,463774.72,UPI,Processing
ORD06165,CST0360,PRD0658,2025-03-25,4,55260.32,UPI,Processing
ORD06166,CST1417,PRD0483,2025-01-12,8,457217.05,Net Banking,Delivered
ORD06167,CST3324,PRD0773,2025-04-08,5,105070.58,Net Banking,Processing
ORD06168,CST4159,PRD0312,2025-01-17,5,309777.57,Cash on Delivery,Shipped
ORD06169,CST3137,PRD0825,2025-02-13,3,426105.92,Credit Card,Shipped
ORD06170,CST3730,PRD0233,2025-03-15,3,444388.32,Net Banking,Processing
ORD06171,CST4233,PRD0824,2025-11-08,9,182628.31,Debit Card,Shipped
ORD06172,CST1840,PRD0986,2025-01-12,7,70647.16,Net Banking,Processing
ORD06173,CST0724,PRD0998,2025-12-17,9,13465.51,UPI,Shipped
ORD06174,CST2229,PRD0309,2025-10-01,8,36029.14,UPI,Cancelled
ORD06175,CST3841,PRD0365,2025-09-23,3,74809.6,Debit Card,Cancelled
ORD06176,CST3748,PRD0434,2025-02-12,3,354742.21,UPI,Cancelled
ORD06177,CST2424,PRD0105,2025-09-19,8,372421.86,Debit Card,Shipped
ORD06178,CST1183,PRD0626,2025-01-06,4,107714.25,Cash on Delivery,Shipped
ORD06179,CST3838,PRD0922,2025-03-02,3,219694.88,UPI,Processing
ORD06180,CST2028,PRD0530,2025-07-10,9,146632.15,UPI,Processing
ORD06181,CST1237,PRD0779,2025-06-08,7,144619.96,Net Banking,Shipped
ORD06182,CST3323,PRD0200,2025-04-15,6,447222.3,UPI,Processing
ORD06183,CST1048,PRD0007,2025-10-18,9,56943.72,Cash on Delivery,Shipped
ORD06184,CST0766,PRD0410,2025-03-28,8,375658.1,Debit Card,Shipped
ORD06185,CST0079,PRD1000,2025-06-23,8,378391.72,Debit Card,Cancelled
ORD06186,CST3139,PRD0409,2025-09-13,9,141151.06,UPI,Processing
ORD06187,CST1796,PRD0770,2025-09-29,10,380657.0,Credit Card,Processing
ORD06188,CST2791,PRD0048,2025-10-29,8,388284.84,Debit Card,Shipped
ORD06189,CST1363,PRD0829,2025-03-21,2,273143.16,Credit Card,Processing
ORD06190,CST2806,PRD0323,2025-04-11,9,171393.79,Credit Card,Processing
ORD06191,CST1897,PRD0392,2025-09-25,3,249841.7,UPI,Shipped
ORD06192,CST3896,PRD0180,2025-01-12,5,110455.66,Debit Card,Shipped
ORD06193,CST1641,PRD0107,2025-01-15,8,234275.96,Credit Card,Shipped
ORD06194,CST2543,PRD0805,2025-10-05,1,466760.39,Net Banking,Shipped
ORD06195,CST4891,PRD0855,2025-10-19,7,138698.66,Debit Card,Delivered
ORD06196,CST3713,PRD0998,2025-02-03,4,13465.51,UPI,Processing
ORD06197,CST0387,PRD0635,2025-05-09,8,396531.33,UPI,Processing
ORD06198,CST0100,PRD0605,2025-06-16,2,264670.42,Cash on Delivery,Delivered
ORD06199,CST4825,PRD0327,2025-02-04,3,127706.45,Net Banking,Processing
ORD06200,CST4080,PRD0367,2025-03-19,3,259157.27,Debit Card,Cancelled
ORD06201,CST4547,PRD0264,2025-09-16,3,284299.65,Net Banking,Shipped
ORD06202,CST2079,PRD0138,2025-08-21,1,135488.73,UPI,Delivered
ORD06203,CST0563,PRD0227,2025-10-24,10,233563.85,Cash on Delivery,Shipped
ORD06204,CST4232,PRD0005,2025-12-28,10,225689.16,Cash on Delivery,Shipped
ORD06205,CST4824,PRD0228,2025-08-08,6,28490.37,UPI,Processing
ORD06206,CST2319,PRD0456,2025-02-18,3,256185.33,Cash on Delivery,Delivered
ORD06207,CST2164,PRD0196,2025-07-26,4,154052.13,Debit Card,Cancelled
ORD06208,CST3683,PRD0464,2025-03-10,3,206183.16,Cash on Delivery,Shipped
ORD06209,CST2390,PRD0625,2025-11-01,8,112489.78,Cash on Delivery,Delivered
ORD06210,CST4668,PRD0896,2025-11-13,5,435081.93,Net Banking,Delivered
ORD06211,CST3937,PRD0327,2025-01-23,2,127706.45,Debit Card,Delivered
ORD06212,CST4740,PRD0489,2025-06-09,3,18581.92,Cash on Delivery,Cancelled
ORD06213,CST2555,PRD0750,2025-12-19,1,363202.4,Net Banking,Delivered
ORD06214,CST4236,PRD0057,2025-02-14,1,436271.34,UPI,Shipped
ORD06215,CST2022,PRD0921,2025-10-29,10,328293.69,Debit Card,Processing
ORD06216,CST2942,PRD0577,2025-01-12,10,146349.52,Cash on Delivery,Cancelled
ORD06217,CST0934,PRD0375,2025-02-10,10,338428.64,Net Banking,Processing
ORD06218,CST0878,PRD0135,2025-03-18,8,338060.45,Net Banking,Processing
ORD06219,CST2835,PRD0159,2025-09-05,2,486431.31,Net Banking,Processing
ORD06220,CST2103,PRD0612,2025-11-21,6,357151.54,Cash on Delivery,Cancelled
ORD06221,CST3891,PRD0573,2025-01-13,1,175769.62,UPI,Cancelled
ORD06222,CST1018,PRD0539,2025-01-02,9,57940.75,UPI,Shipped
ORD06223,CST2379,PRD0254,2025-07-28,1,401443.93,Net Banking,Cancelled
ORD06224,CST3052,PRD0893,2025-07-22,9,493962.8,Credit Card,Cancelled
ORD06225,CST2315,PRD0670,2025-10-15,5,186336.51,Cash on Delivery,Cancelled
ORD06226,CST2785,PRD0923,2025-03-26,3,144000.38,UPI,Processing
ORD06227,CST3198,PRD0767,2025-03-18,10,333590.31,Cash on Delivery,Processing
ORD06228,CST2163,PRD0603,2025-08-16,10,338163.18,UPI,Cancelled
ORD06229,CST1482,PRD0444,2025-09-10,1,244857.38,Net Banking,Processing
ORD06230,CST1341,PRD0793,2025-09-15,8,410776.66,Debit Card,Shipped
ORD06231,CST0911,PRD0405,2025-03-25,2,171605.92,Credit Card,Delivered
ORD06232,CST3475,PRD0613,2025-05-18,1,34557.59,UPI,Processing
ORD06233,CST0820,PRD0800,2025-04-09,8,429133.17,Net Banking,Shipped
ORD06234,CST0735,PRD0225,2025-05-22,1,36390.54,Net Banking,Cancelled
ORD06235,CST3719,PRD0368,2025-12-11,1,41428.07,UPI,Shipped
ORD06236,CST2410,PRD0180,2025-07-08,8,110455.66,Debit Card,Delivered
ORD06237,CST1099,PRD0644,2025-05-30,2,363392.56,Cash on Delivery,Processing
ORD06238,CST3965,PRD0995,2025-05-16,4,431144.63,Net Banking,Shipped
ORD06239,CST4282,PRD0420,2025-09-28,7,151431.53,Net Banking,Processing
ORD06240,CST4949,PRD0671,2025-05-10,8,299559.74,UPI,Delivered
ORD06241,CST3185,PRD0847,2025-02-26,4,30266.3,Cash on Delivery,Shipped
ORD06242,CST3858,PRD0302,2025-09-08,9,429435.64,Net Banking,Shipped
ORD06243,CST4945,PRD0416,2025-06-29,8,245397.38,UPI,Shipped
ORD06244,CST3210,PRD0168,2025-09-29,8,322768.56,Net Banking,Processing
ORD06245,CST4459,PRD0229,2025-08-17,10,222489.98,Net Banking,Shipped
ORD06246,CST0878,PRD0031,2025-11-16,9,309375.26,Cash on Delivery,Cancelled
ORD06247,CST2518,PRD0917,2025-06-13,2,253971.7,Debit Card,Shipped
ORD06248,CST1272,PRD0645,2025-03-10,3,276590.34,Cash on Delivery,Cancelled
ORD06249,CST2786,PRD0722,2025-12-15,10,354547.31,Credit Card,Cancelled
ORD06250,CST3625,PRD0624,2025-01-30,10,16372.79,Cash on Delivery,Cancelled
ORD06251,CST2000,PRD0774,2025-04-17,4,193169.88,Cash on Delivery,Cancelled
ORD06252,CST1648,PRD0566,2025-07-15,1,490663.38,Credit Card,Processing
ORD06253,CST0354,PRD0758,2025-03-14,7,17335.43,UPI,Delivered
ORD06254,CST0718,PRD0921,2025-08-16,2,328293.69,Net Banking,Delivered
ORD06255,CST2816,PRD0690,2025-04-08,2,82263.03,Net Banking,Delivered
ORD06256,CST2640,PRD0565,2025-01-10,6,336181.09,Debit Card,Processing
ORD06257,CST0176,PRD0362,2025-10-19,8,486036.29,UPI,Processing
ORD06258,CST3600,PRD0803,2025-05-17,6,424917.53,UPI,Processing
ORD06259,CST0475,PRD0491,2025-01-17,6,169339.24,Debit Card,Shipped
ORD06260,CST2747,PRD0323,2025-04-21,9,171393.79,Net Banking,Cancelled
ORD06261,CST3080,PRD0428,2025-08-23,5,80981.76,Cash on Delivery,Processing
ORD06262,CST4018,PRD0285,2025-07-02,9,53234.0,Net Banking,Cancelled
ORD06263,CST3932,PRD0763,2025-11-14,2,46865.28,Cash on Delivery,Shipped
ORD06264,CST2640,PRD0218,2025-12-20,8,80392.41,Net Banking,Cancelled
ORD06265,CST1699,PRD0370,2025-02-16,5,394986.76,Cash on Delivery,Delivered
ORD06266,CST1855,PRD0826,2025-08-28,5,318147.75,Net Banking,Delivered
ORD06267,CST4922,PRD0304,2025-10-30,1,150917.76,Net Banking,Cancelled
ORD06268,CST1486,PRD0367,2025-02-15,10,259157.27,Credit Card,Shipped
ORD06269,CST4666,PRD0325,2025-06-01,2,311343.01,Cash on Delivery,Delivered
ORD06270,CST4581,PRD0231,2025-04-02,5,212707.32,Cash on Delivery,Cancelled
ORD06271,CST4279,PRD0882,2025-08-26,3,51336.94,UPI,Cancelled
ORD06272,CST1653,PRD0334,2025-06-16,8,395182.8,Credit Card,Delivered
ORD06273,CST3128,PRD0017,2025-04-03,10,60245.72,Net Banking,Processing
ORD06274,CST0684,PRD0201,2025-02-22,7,183966.16,Cash on Delivery,Delivered
ORD06275,CST3626,PRD0188,2025-04-24,4,319504.96,Credit Card,Shipped
ORD06276,CST2358,PRD0466,2025-08-30,3,135125.57,UPI,Delivered
ORD06277,CST2797,PRD0210,2025-11-28,7,417928.44,UPI,Cancelled
ORD06278,CST4725,PRD0623,2025-02-13,8,440872.68,UPI,Processing
ORD06279,CST4757,PRD0346,2025-06-12,5,489236.03,Debit Card,Delivered
ORD06280,CST1183,PRD0659,2025-12-12,5,138334.77,Credit Card,Cancelled
ORD06281,CST1355,PRD0965,2025-04-08,3,334344.01,Credit Card,Shipped
ORD06282,CST1430,PRD0739,2025-01-27,4,473672.61,Debit Card,Shipped
ORD06283,CST3093,PRD0570,2025-05-14,2,251170.4,Net Banking,Delivered
ORD06284,CST2155,PRD0758,2025-11-26,2,17335.43,Net Banking,Processing
ORD06285,CST2271,PRD0580,2025-11-14,10,391109.22,Debit Card,Shipped
ORD06286,CST0644,PRD0964,2025-05-02,4,187879.68,Debit Card,Processing
ORD06287,CST3603,PRD0646,2025-05-29,5,352863.86,UPI,Shipped
ORD06288,CST2627,PRD0594,2025-01-24,7,416705.86,Debit Card,Shipped
ORD06289,CST0726,PRD0959,2025-06-24,5,60127.04,Cash on Delivery,Delivered
ORD06290,CST2328,PRD0924,2025-09-01,10,445303.78,Credit Card,Cancelled
ORD06291,CST2769,PRD0472,2025-10-30,8,432456.94,Debit Card,Delivered
ORD06292,CST2298,PRD0111,2025-03-04,3,203119.11,Cash on Delivery,Processing
ORD06293,CST1964,PRD0713,2025-03-30,7,85332.13,UPI,Processing
ORD06294,CST4020,PRD0063,2025-08-16,2,392027.06,Credit Card,Delivered
ORD06295,CST3671,PRD0674,2025-04-22,8,208484.37,Cash on Delivery,Shipped
ORD06296,CST4093,PRD0425,2025-05-10,8,293030.07,UPI,Shipped
ORD06297,CST3189,PRD0428,2025-07-18,6,80981.76,Cash on Delivery,Shipped
ORD06298,CST2332,PRD0090,2025-12-26,7,125416.0,Credit Card,Delivered
ORD06299,CST1909,PRD0446,2025-11-17,2,2640.18,Cash on Delivery,Delivered
ORD06300,CST1480,PRD0390,2025-05-26,7,401986.29,Net Banking,Processing
ORD06301,CST0039,PRD0506,2025-05-14,9,386595.81,Net Banking,Delivered
ORD06302,CST3504,PRD0286,2025-11-09,4,271113.95,UPI,Shipped
ORD06303,CST3499,PRD0990,2025-03-22,4,256089.23,Net Banking,Shipped
ORD06304,CST0429,PRD0678,2025-01-19,4,49411.74,Debit Card,Shipped
ORD06305,CST4482,PRD0531,2025-06-27,1,128420.53,Debit Card,Delivered
ORD06306,CST3167,PRD0370,2025-09-20,4,394986.76,Debit Card,Shipped
ORD06307,CST2384,PRD0214,2025-02-27,3,336553.54,Cash on Delivery,Delivered
ORD06308,CST1081,PRD0218,2025-02-26,3,80392.41,Debit Card,Delivered
ORD06309,CST2162,PRD0447,2025-02-05,3,344400.91,Debit Card,Cancelled
ORD06310,CST4383,PRD0699,2025-10-01,9,394615.9,Debit Card,Processing
ORD06311,CST3850,PRD0002,2025-08-13,3,200708.22,Net Banking,Processing
ORD06312,CST1940,PRD0260,2025-08-23,10,251438.98,Credit Card,Shipped
ORD06313,CST1247,PRD0902,2025-04-11,1,430847.47,Net Banking,Delivered
ORD06314,CST3099,PRD0387,2025-02-22,4,369271.77,Net Banking,Shipped
ORD06315,CST4899,PRD0016,2025-03-06,3,367901.61,Net Banking,Shipped
ORD06316,CST1568,PRD0001,2025-04-16,4,442722.82,UPI,Cancelled
ORD06317,CST4871,PRD0975,2025-08-02,9,440094.91,Debit Card,Processing
ORD06318,CST0486,PRD0082,2025-08-30,1,483055.39,Net Banking,Processing
ORD06319,CST0095,PRD0225,2025-12-07,6,36390.54,Cash on Delivery,Shipped
ORD06320,CST3175,PRD0689,2025-01-26,3,236824.36,Net Banking,Shipped
ORD06321,CST2846,PRD0326,2025-05-09,10,420915.05,Credit Card,Cancelled
ORD06322,CST4572,PRD0179,2025-03-15,9,266939.11,Cash on Delivery,Processing
ORD06323,CST1517,PRD0746,2025-04-17,2,325252.45,UPI,Shipped
ORD06324,CST4765,PRD0255,2025-12-02,10,161716.33,Credit Card,Processing
ORD06325,CST3150,PRD0174,2025-09-17,1,468347.49,Cash on Delivery,Processing
ORD06326,CST3026,PRD0535,2025-05-23,9,159300.04,Net Banking,Cancelled
ORD06327,CST2790,PRD0311,2025-10-24,3,76425.13,Cash on Delivery,Processing
ORD06328,CST1869,PRD0850,2025-08-07,5,313768.36,Credit Card,Delivered
ORD06329,CST4669,PRD0973,2025-02-13,3,182634.21,Net Banking,Shipped
ORD06330,CST0082,PRD0512,2025-06-25,1,387150.71,Cash on Delivery,Delivered
ORD06331,CST4240,PRD0891,2025-08-12,10,418594.65,Net Banking,Processing
ORD06332,CST2185,PRD0836,2025-09-30,4,399271.45,Net Banking,Shipped
ORD06333,CST4193,PRD0135,2025-12-12,10,338060.45,Cash on Delivery,Delivered
ORD06334,CST4417,PRD0998,2025-02-17,9,13465.51,Cash on Delivery,Processing
ORD06335,CST2602,PRD0541,2025-12-11,7,164140.75,Debit Card,Processing
ORD06336,CST2004,PRD0752,2025-10-29,8,482253.43,Credit Card,Processing
ORD06337,CST0935,PRD0018,2025-09-10,1,253744.03,Credit Card,Shipped
ORD06338,CST4801,PRD0361,2025-06-03,1,365624.7,UPI,Processing
ORD06339,CST1088,PRD0040,2025-06-27,1,258289.75,Cash on Delivery,Cancelled
ORD06340,CST0609,PRD0563,2025-10-22,8,481029.59,Credit Card,Shipped
ORD06341,CST2127,PRD0783,2025-04-22,5,18194.12,UPI,Shipped
ORD06342,CST2585,PRD0620,2025-07-17,1,383111.41,UPI,Delivered
ORD06343,CST2201,PRD0993,2025-03-30,2,96660.13,UPI,Processing
ORD06344,CST4960,PRD0181,2025-08-19,4,182672.1,Debit Card,Processing
ORD06345,CST4831,PRD0990,2025-10-03,6,256089.23,UPI,Delivered
ORD06346,CST1043,PRD0533,2025-10-22,3,296250.41,Net Banking,Delivered
ORD06347,CST4643,PRD0639,2025-08-25,1,373533.47,Cash on Delivery,Shipped
ORD06348,CST4505,PRD0109,2025-06-23,8,265195.53,Credit Card,Processing
ORD06349,CST3129,PRD0064,2025-09-22,8,353042.17,Debit Card,Shipped
ORD06350,CST1716,PRD0641,2025-03-19,2,8698.24,Debit Card,Shipped
ORD06351,CST1384,PRD0915,2025-07-10,1,459840.95,UPI,Shipped
ORD06352,CST1305,PRD0856,2025-02-13,4,370444.62,Cash on Delivery,Shipped
ORD06353,CST1713,PRD0409,2025-08-01,5,141151.06,UPI,Processing
ORD06354,CST0182,PRD0203,2025-10-06,4,17047.79,Debit Card,Shipped
ORD06355,CST0295,PRD0188,2025-04-25,7,319504.96,UPI,Shipped
ORD06356,CST4002,PRD0878,2025-05-16,2,287146.69,Cash on Delivery,Shipped
ORD06357,CST2244,PRD0679,2025-06-07,2,33679.85,Debit Card,Cancelled
ORD06358,CST3372,PRD0835,2025-03-30,6,454163.09,UPI,Delivered
ORD06359,CST1628,PRD0003,2025-04-05,1,220983.37,UPI,Processing
ORD06360,CST0435,PRD0408,2025-06-05,8,379974.0,Credit Card,Delivered
ORD06361,CST0240,PRD0703,2025-04-01,8,100571.39,Net Banking,Delivered
ORD06362,CST4731,PRD0915,2025-04-25,1,459840.95,UPI,Processing
ORD06363,CST0782,PRD0679,2025-05-04,9,33679.85,Net Banking,Cancelled
ORD06364,CST1578,PRD0996,2025-01-20,6,263832.1,Net Banking,Processing
ORD06365,CST0822,PRD0329,2025-08-21,5,40263.52,UPI,Shipped
ORD06366,CST1273,PRD0328,2025-01-14,10,61902.25,Net Banking,Processing
ORD06367,CST3742,PRD0736,2025-08-25,1,404198.05,Net Banking,Cancelled
ORD06368,CST2733,PRD0491,2025-12-15,5,169339.24,Credit Card,Delivered
ORD06369,CST0561,PRD0838,2025-10-17,8,212633.17,Cash on Delivery,Cancelled
ORD06370,CST4493,PRD0662,2025-05-12,6,382925.6,Credit Card,Cancelled
ORD06371,CST2269,PRD0747,2025-11-26,10,12216.72,Credit Card,Processing
ORD06372,CST1735,PRD0102,2025-04-11,2,448601.47,UPI,Delivered
ORD06373,CST3845,PRD0958,2025-04-08,9,95954.81,Debit Card,Cancelled
ORD06374,CST3576,PRD0724,2025-12-01,3,312430.82,Credit Card,Shipped
ORD06375,CST1750,PRD0016,2025-06-06,7,367901.61,Cash on Delivery,Cancelled
ORD06376,CST3379,PRD0572,2025-01-03,4,448724.27,UPI,Delivered
ORD06377,CST4156,PRD0520,2025-11-16,1,42374.24,Debit Card,Shipped
ORD06378,CST0953,PRD0699,2025-01-14,3,394615.9,Net Banking,Cancelled
ORD06379,CST0105,PRD0409,2025-10-14,6,141151.06,Debit Card,Shipped
ORD06380,CST2368,PRD0305,2025-11-17,4,28514.31,Net Banking,Delivered
ORD06381,CST2842,PRD0026,2025-01-17,9,332620.96,Net Banking,Processing
ORD06382,CST4052,PRD0590,2025-05-21,3,27079.31,Credit Card,Processing
ORD06383,CST1980,PRD0255,2025-03-29,8,161716.33,Net Banking,Shipped
ORD06384,CST1763,PRD0209,2025-06-01,8,428885.9,Debit Card,Delivered
ORD06385,CST2211,PRD0931,2025-01-18,10,222034.09,Cash on Delivery,Cancelled
ORD06386,CST3484,PRD0740,2025-09-14,4,456634.56,UPI,Delivered
ORD06387,CST4579,PRD0099,2025-10-27,1,130423.59,UPI,Processing
ORD06388,CST3054,PRD0461,2025-02-11,10,289926.23,Net Banking,Cancelled
ORD06389,CST0287,PRD0487,2025-12-03,9,417899.62,Net Banking,Processing
ORD06390,CST4702,PRD0055,2025-03-04,6,144415.29,Debit Card,Shipped
ORD06391,CST0855,PRD0120,2025-11-08,6,280532.71,UPI,Processing
ORD06392,CST1404,PRD0968,2025-02-15,2,475811.38,Net Banking,Cancelled
ORD06393,CST1942,PRD0553,2025-03-25,10,110626.35,Debit Card,Shipped
ORD06394,CST1122,PRD0723,2025-11-08,5,30682.04,Cash on Delivery,Shipped
ORD06395,CST2043,PRD0358,2025-08-02,7,56119.57,Credit Card,Delivered
ORD06396,CST4892,PRD0848,2025-02-03,3,334862.88,Net Banking,Cancelled
ORD06397,CST1590,PRD0439,2025-01-04,7,92425.6,Cash on Delivery,Processing
ORD06398,CST1527,PRD0436,2025-09-28,5,8224.67,UPI,Processing
ORD06399,CST4870,PRD0665,2025-04-03,1,71040.78,Cash on Delivery,Delivered
ORD06400,CST4009,PRD0906,2025-05-28,2,228989.54,Cash on Delivery,Processing
ORD06401,CST4793,PRD0730,2025-04-02,2,133552.82,Cash on Delivery,Processing
ORD06402,CST2130,PRD0819,2025-04-25,7,149969.04,Cash on Delivery,Shipped
ORD06403,CST3623,PRD0316,2025-04-16,2,418760.08,Debit Card,Cancelled
ORD06404,CST1658,PRD0352,2025-11-22,2,107362.57,Cash on Delivery,Cancelled
ORD06405,CST4373,PRD0697,2025-09-30,5,362110.12,UPI,Processing
ORD06406,CST2111,PRD0236,2025-07-24,8,91060.8,Credit Card,Cancelled
ORD06407,CST3885,PRD0512,2025-04-29,7,387150.71,UPI,Processing
ORD06408,CST2618,PRD0541,2025-12-05,4,164140.75,Net Banking,Shipped
ORD06409,CST2110,PRD0076,2025-05-09,8,408837.17,UPI,Delivered
ORD06410,CST1783,PRD0713,2025-03-11,3,85332.13,Cash on Delivery,Processing
ORD06411,CST2935,PRD0052,2025-08-11,9,5013.37,Debit Card,Processing
ORD06412,CST3957,PRD0690,2025-01-27,6,82263.03,UPI,Delivered
ORD06413,CST0475,PRD0050,2025-10-09,2,169074.76,Net Banking,Processing
ORD06414,CST2951,PRD0933,2025-12-16,5,260456.45,Cash on Delivery,Processing
ORD06415,CST0487,PRD0584,2025-12-02,6,336945.29,Net Banking,Cancelled
ORD06416,CST4486,PRD0860,2025-02-27,5,185401.93,Net Banking,Delivered
ORD06417,CST2523,PRD0957,2025-05-12,2,335001.37,UPI,Delivered
ORD06418,CST3902,PRD0733,2025-07-11,5,245927.76,Credit Card,Delivered
ORD06419,CST1382,PRD0552,2025-09-12,4,342875.2,Net Banking,Cancelled
ORD06420,CST4266,PRD0987,2025-01-28,10,447689.57,Net Banking,Delivered
ORD06421,CST0037,PRD0786,2025-10-03,4,79605.99,Credit Card,Processing
ORD06422,CST2698,PRD0179,2025-10-03,3,266939.11,Net Banking,Cancelled
ORD06423,CST3675,PRD0317,2025-11-16,5,246252.59,Debit Card,Cancelled
ORD06424,CST2416,PRD0411,2025-01-23,2,314582.0,Net Banking,Shipped
ORD06425,CST0528,PRD0744,2025-03-08,3,237811.1,Net Banking,Processing
ORD06426,CST1652,PRD0501,2025-10-30,4,174065.87,Credit Card,Shipped
ORD06427,CST1076,PRD0234,2025-05-29,7,43067.33,Net Banking,Processing
ORD06428,CST4492,PRD0463,2025-11-25,4,24303.03,Debit Card,Shipped
ORD06429,CST3195,PRD0347,2025-09-28,8,316813.1,Credit Card,Processing
ORD06430,CST0965,PRD0646,2025-05-29,5,352863.86,Cash on Delivery,Delivered
ORD06431,CST4727,PRD0302,2025-12-14,8,429435.64,Credit Card,Processing
ORD06432,CST1174,PRD0300,2025-08-26,1,417802.54,Credit Card,Processing
ORD06433,CST3762,PRD0639,2025-03-10,6,373533.47,Debit Card,Shipped
ORD06434,CST4349,PRD0352,2025-09-15,8,107362.57,UPI,Delivered
ORD06435,CST4613,PRD0594,2025-01-05,9,416705.86,Net Banking,Shipped
ORD06436,CST4591,PRD0894,2025-12-30,4,153484.23,Debit Card,Processing
ORD06437,CST2949,PRD1000,2025-01-09,1,378391.72,Cash on Delivery,Shipped
ORD06438,CST1635,PRD0149,2025-05-20,9,335999.71,Cash on Delivery,Processing
ORD06439,CST4438,PRD0144,2025-10-30,3,365322.18,Cash on Delivery,Delivered
ORD06440,CST4366,PRD0659,2025-10-01,2,138334.77,Credit Card,Delivered
ORD06441,CST3400,PRD0319,2025-11-20,6,418577.73,Net Banking,Shipped
ORD06442,CST3948,PRD0100,2025-11-12,5,274137.65,UPI,Delivered
ORD06443,CST0183,PRD0626,2025-11-14,7,107714.25,UPI,Processing
ORD06444,CST3454,PRD0173,2025-10-12,5,203316.2,Debit Card,Cancelled
ORD06445,CST3082,PRD0069,2025-02-16,6,12944.23,Debit Card,Delivered
ORD06446,CST4853,PRD0373,2025-11-08,9,129369.28,Cash on Delivery,Delivered
ORD06447,CST2441,PRD0231,2025-07-12,9,212707.32,UPI,Processing
ORD06448,CST3913,PRD0358,2025-06-23,1,56119.57,UPI,Cancelled
ORD06449,CST3981,PRD0010,2025-10-16,10,384455.08,Debit Card,Delivered
ORD06450,CST1397,PRD0678,2025-11-20,5,49411.74,Credit Card,Shipped
ORD06451,CST4514,PRD0324,2025-08-14,2,437135.04,Credit Card,Shipped
ORD06452,CST3976,PRD0499,2025-08-20,2,115477.15,Cash on Delivery,Cancelled
ORD06453,CST4518,PRD0845,2025-09-25,9,228106.59,Net Banking,Shipped
ORD06454,CST0287,PRD0205,2025-08-27,6,440932.13,Cash on Delivery,Processing
ORD06455,CST1855,PRD0436,2025-12-16,6,8224.67,Net Banking,Shipped
ORD06456,CST2959,PRD0592,2025-05-08,8,289106.2,UPI,Processing
ORD06457,CST3605,PRD0695,2025-02-09,4,213789.7,Debit Card,Delivered
ORD06458,CST3446,PRD0241,2025-02-26,10,313050.32,UPI,Delivered
ORD06459,CST2599,PRD0208,2025-09-13,2,63766.87,Credit Card,Processing
ORD06460,CST4994,PRD0108,2025-04-20,2,457847.87,Net Banking,Shipped
ORD06461,CST1411,PRD0409,2025-01-07,6,141151.06,Debit Card,Processing
ORD06462,CST1346,PRD0274,2025-11-23,7,26901.38,UPI,Shipped
ORD06463,CST2901,PRD0633,2025-10-07,8,284414.07,Credit Card,Cancelled
ORD06464,CST3183,PRD0532,2025-04-27,6,111402.44,Cash on Delivery,Shipped
ORD06465,CST2608,PRD0606,2025-12-25,9,58545.66,UPI,Shipped
ORD06466,CST2095,PRD0111,2025-12-15,4,203119.11,UPI,Shipped
ORD06467,CST1086,PRD0173,2025-12-03,6,203316.2,Debit Card,Shipped
ORD06468,CST1642,PRD0494,2025-10-12,8,486472.9,UPI,Cancelled
ORD06469,CST2831,PRD0527,2025-07-06,7,81723.08,UPI,Processing
ORD06470,CST1775,PRD0775,2025-04-25,2,370470.97,UPI,Processing
ORD06471,CST3216,PRD0424,2025-11-07,5,244732.68,Credit Card,Processing
ORD06472,CST0733,PRD0290,2025-05-07,2,319785.27,Net Banking,Shipped
ORD06473,CST1239,PRD0417,2025-07-24,5,320388.29,UPI,Delivered
ORD06474,CST4791,PRD0982,2025-08-21,1,227177.39,UPI,Delivered
ORD06475,CST2892,PRD0707,2025-09-15,8,269484.59,Cash on Delivery,Shipped
ORD06476,CST3978,PRD0544,2025-04-20,2,351498.63,UPI,Cancelled
ORD06477,CST3160,PRD0594,2025-05-29,3,416705.86,Credit Card,Processing
ORD06478,CST0709,PRD0816,2025-02-21,2,374296.8,Credit Card,Cancelled
ORD06479,CST0234,PRD0499,2025-05-29,2,115477.15,UPI,Shipped
ORD06480,CST1498,PRD0663,2025-04-29,4,356385.74,Cash on Delivery,Delivered
ORD06481,CST3985,PRD0893,2025-08-05,8,493962.8,Credit Card,Shipped
ORD06482,CST1898,PRD0026,2025-09-18,3,332620.96,Credit Card,Cancelled
ORD06483,CST1402,PRD0228,2025-12-01,8,28490.37,Debit Card,Cancelled
ORD06484,CST1367,PRD0608,2025-02-07,10,283793.04,Credit Card,Processing
ORD06485,CST0651,PRD0883,2025-06-17,7,40801.61,Cash on Delivery,Processing
ORD06486,CST4172,PRD0741,2025-01-27,2,138309.77,Debit Card,Cancelled
ORD06487,CST4178,PRD0492,2025-01-29,7,484004.12,Debit Card,Delivered
ORD06488,CST4903,PRD0287,2025-12-02,8,20378.33,Credit Card,Delivered
ORD06489,CST1797,PRD0307,2025-12-22,9,126220.86,Cash on Delivery,Delivered
ORD06490,CST2307,PRD0743,2025-02-05,9,4504.46,Net Banking,Cancelled
ORD06491,CST3870,PRD0868,2025-09-10,6,264227.88,Net Banking,Cancelled
ORD06492,CST2306,PRD0144,2025-10-31,10,365322.18,Debit Card,Shipped
ORD06493,CST3358,PRD0380,2025-07-04,7,287266.29,Credit Card,Cancelled
ORD06494,CST2347,PRD0972,2025-01-21,10,199305.11,Net Banking,Delivered
ORD06495,CST3500,PRD0178,2025-06-24,2,92916.82,Cash on Delivery,Cancelled
ORD06496,CST4787,PRD0582,2025-06-04,4,93486.1,Cash on Delivery,Cancelled
ORD06497,CST3499,PRD0503,2025-02-28,2,116478.25,Net Banking,Shipped
ORD06498,CST1017,PRD0226,2025-08-07,9,473556.93,Debit Card,Cancelled
ORD06499,CST1519,PRD0430,2025-10-28,6,100459.99,UPI,Cancelled
ORD06500,CST2374,PRD0349,2025-03-21,8,347263.57,Cash on Delivery,Shipped
ORD06501,CST2620,PRD0844,2025-04-01,8,490284.24,Net Banking,Shipped
ORD06502,CST2923,PRD0195,2025-04-07,6,291033.01,Net Banking,Shipped
ORD06503,CST1775,PRD0432,2025-02-12,4,108369.1,UPI,Cancelled
ORD06504,CST0888,PRD0604,2025-03-10,5,55662.65,Debit Card,Shipped
ORD06505,CST3330,PRD0253,2025-10-29,4,370166.52,Debit Card,Delivered
ORD06506,CST0840,PRD0714,2025-06-22,8,467189.58,Credit Card,Cancelled
ORD06507,CST3248,PRD0375,2025-04-06,8,338428.64,Cash on Delivery,Processing
ORD06508,CST3540,PRD0309,2025-06-18,5,36029.14,UPI,Shipped
ORD06509,CST4298,PRD0173,2025-01-14,4,203316.2,Credit Card,Cancelled
ORD06510,CST4356,PRD0571,2025-09-06,4,476165.3,Cash on Delivery,Cancelled
ORD06511,CST2298,PRD0197,2025-10-10,1,217469.36,Cash on Delivery,Delivered
ORD06512,CST0741,PRD0080,2025-03-24,5,289579.01,UPI,Cancelled
ORD06513,CST4242,PRD0597,2025-10-02,10,63537.83,Net Banking,Cancelled
ORD06514,CST0031,PRD0879,2025-01-19,4,169342.3,UPI,Shipped
ORD06515,CST1944,PRD0937,2025-01-12,7,12173.96,Cash on Delivery,Shipped
ORD06516,CST3013,PRD0360,2025-04-18,6,288846.93,Cash on Delivery,Processing
ORD06517,CST4055,PRD0333,2025-05-07,7,251005.81,Debit Card,Processing
ORD06518,CST3869,PRD0726,2025-06-22,8,123657.51,Debit Card,Delivered
ORD06519,CST0421,PRD0232,2025-08-28,5,432129.02,Debit Card,Delivered
ORD06520,CST3710,PRD0270,2025-07-09,4,59429.4,UPI,Processing
ORD06521,CST4330,PRD0048,2025-03-29,5,388284.84,Net Banking,Processing
ORD06522,CST3017,PRD0741,2025-09-16,10,138309.77,Credit Card,Cancelled
ORD06523,CST4429,PRD0898,2025-01-10,2,488851.36,Credit Card,Cancelled
ORD06524,CST1610,PRD0422,2025-11-06,8,405611.47,UPI,Delivered
ORD06525,CST1706,PRD0835,2025-10-21,2,454163.09,Cash on Delivery,Processing
ORD06526,CST3648,PRD0636,2025-10-31,9,342103.33,Net Banking,Cancelled
ORD06527,CST3680,PRD0288,2025-06-28,7,159225.07,UPI,Cancelled
ORD06528,CST0502,PRD0172,2025-05-12,1,391302.22,Credit Card,Shipped
ORD06529,CST0407,PRD0071,2025-07-14,8,336412.37,Cash on Delivery,Delivered
ORD06530,CST0832,PRD0846,2025-05-10,5,476384.69,Cash on Delivery,Delivered
ORD06531,CST1054,PRD0925,2025-09-23,7,145643.55,Credit Card,Delivered
ORD06532,CST4266,PRD0912,2025-04-07,3,3636.86,Debit Card,Cancelled
ORD06533,CST4089,PRD0202,2025-02-22,3,165292.73,Cash on Delivery,Processing
ORD06534,CST4203,PRD0125,2025-09-03,7,118921.52,Credit Card,Processing
ORD06535,CST3619,PRD0255,2025-03-24,8,161716.33,Net Banking,Cancelled
ORD06536,CST4144,PRD0997,2025-10-14,4,202580.02,Cash on Delivery,Processing
ORD06537,CST0783,PRD0787,2025-07-10,10,196082.64,Net Banking,Cancelled
ORD06538,CST1300,PRD0669,2025-11-27,5,291695.08,Cash on Delivery,Delivered
ORD06539,CST3038,PRD0892,2025-08-20,7,79816.41,UPI,Cancelled
ORD06540,CST1934,PRD0518,2025-04-23,3,474169.56,Net Banking,Processing
ORD06541,CST1936,PRD0073,2025-02-12,3,207272.6,Credit Card,Processing
ORD06542,CST4180,PRD0027,2025-07-20,5,354586.07,UPI,Cancelled
ORD06543,CST4087,PRD0854,2025-05-16,9,421187.49,Net Banking,Processing
ORD06544,CST0048,PRD0245,2025-07-02,2,141293.88,Net Banking,Cancelled
ORD06545,CST1405,PRD0103,2025-08-21,5,477670.48,Credit Card,Shipped
ORD06546,CST2880,PRD0614,2025-03-13,5,111501.9,Net Banking,Cancelled
ORD06547,CST4695,PRD0236,2025-10-15,9,91060.8,Cash on Delivery,Processing
ORD06548,CST4960,PRD0796,2025-09-09,6,188906.88,Credit Card,Processing
ORD06549,CST4901,PRD0910,2025-08-02,8,289331.06,Debit Card,Cancelled
ORD06550,CST4422,PRD0370,2025-12-31,3,394986.76,UPI,Shipped
ORD06551,CST1102,PRD0330,2025-09-20,6,206797.76,UPI,Shipped
ORD06552,CST1711,PRD0115,2025-02-26,2,375816.78,Cash on Delivery,Processing
ORD06553,CST0401,PRD0223,2025-07-05,1,463774.72,UPI,Shipped
ORD06554,CST4722,PRD0766,2025-03-12,9,17048.03,Net Banking,Delivered
ORD06555,CST2029,PRD0930,2025-04-12,4,43094.6,Credit Card,Cancelled
ORD06556,CST4764,PRD0479,2025-02-02,4,382492.46,UPI,Cancelled
ORD06557,CST3902,PRD0242,2025-06-05,1,96910.37,UPI,Processing
ORD06558,CST2257,PRD0558,2025-08-16,7,387479.9,Cash on Delivery,Processing
ORD06559,CST1341,PRD0255,2025-09-13,9,161716.33,Net Banking,Delivered
ORD06560,CST2017,PRD0721,2025-07-19,7,8562.05,Debit Card,Cancelled
ORD06561,CST3169,PRD0808,2025-06-23,8,305918.21,Cash on Delivery,Delivered
ORD06562,CST3311,PRD0377,2025-02-08,4,174466.08,UPI,Shipped
ORD06563,CST1714,PRD0668,2025-06-25,6,487946.19,Cash on Delivery,Processing
ORD06564,CST4774,PRD0342,2025-01-25,3,284358.28,Net Banking,Processing
ORD06565,CST1330,PRD0792,2025-11-08,2,219724.52,UPI,Cancelled
ORD06566,CST0562,PRD0674,2025-12-19,8,208484.37,UPI,Delivered
ORD06567,CST4375,PRD0794,2025-10-28,1,218172.91,UPI,Cancelled
ORD06568,CST3429,PRD0357,2025-08-31,7,22283.08,UPI,Delivered
ORD06569,CST3162,PRD0256,2025-09-10,9,469841.46,Credit Card,Cancelled
ORD06570,CST4115,PRD0075,2025-10-27,10,178067.75,UPI,Cancelled
ORD06571,CST0331,PRD0126,2025-10-01,10,349206.68,UPI,Cancelled
ORD06572,CST1614,PRD0989,2025-04-05,8,417438.58,UPI,Cancelled
ORD06573,CST1037,PRD0368,2025-10-07,5,41428.07,Credit Card,Shipped
ORD06574,CST4602,PRD0953,2025-05-20,3,336157.84,UPI,Shipped
ORD06575,CST2078,PRD0032,2025-01-25,10,440662.44,Net Banking,Processing
ORD06576,CST2764,PRD0509,2025-11-01,10,449794.29,UPI,Shipped
ORD06577,CST3186,PRD0244,2025-02-21,9,253186.64,UPI,Cancelled
ORD06578,CST2420,PRD0044,2025-01-27,1,37639.26,Cash on Delivery,Shipped
ORD06579,CST4353,PRD0089,2025-03-20,2,305458.21,Debit Card,Cancelled
ORD06580,CST0629,PRD0509,2025-09-24,4,449794.29,UPI,Processing
ORD06581,CST3381,PRD0739,2025-02-02,4,473672.61,Cash on Delivery,Shipped
ORD06582,CST1750,PRD0889,2025-08-25,7,6877.23,Debit Card,Delivered
ORD06583,CST4594,PRD0018,2025-12-01,2,253744.03,Cash on Delivery,Processing
ORD06584,CST4893,PRD0351,2025-08-28,10,213059.7,Net Banking,Delivered
ORD06585,CST0867,PRD0974,2025-08-19,2,1374.39,Credit Card,Processing
ORD06586,CST1755,PRD0958,2025-02-24,6,95954.81,Credit Card,Cancelled
ORD06587,CST3439,PRD0893,2025-05-18,9,493962.8,Net Banking,Cancelled
ORD06588,CST0138,PRD0839,2025-07-21,10,14178.61,Debit Card,Delivered
ORD06589,CST0406,PRD0103,2025-12-07,2,477670.48,Cash on Delivery,Cancelled
ORD06590,CST3389,PRD0886,2025-12-12,9,149416.36,UPI,Cancelled
ORD06591,CST1863,PRD0386,2025-01-27,5,381716.79,UPI,Shipped
ORD06592,CST2617,PRD0695,2025-09-17,6,213789.7,Net Banking,Processing
ORD06593,CST3515,PRD0768,2025-05-01,10,200993.95,UPI,Cancelled
ORD06594,CST4062,PRD0639,2025-03-03,3,373533.47,UPI,Shipped
ORD06595,CST2937,PRD0057,2025-09-05,1,436271.34,Debit Card,Cancelled
ORD06596,CST4831,PRD0734,2025-10-09,3,41897.86,Cash on Delivery,Processing
ORD06597,CST1020,PRD0611,2025-01-06,7,193493.54,Credit Card,Cancelled
ORD06598,CST0916,PRD0752,2025-03-17,3,482253.43,Debit Card,Processing
ORD06599,CST2177,PRD0052,2025-01-12,4,5013.37,Net Banking,Delivered
ORD06600,CST3679,PRD0140,2025-12-15,1,431390.62,Net Banking,Shipped
ORD06601,CST3752,PRD0651,2025-08-16,1,6511.35,UPI,Processing
ORD06602,CST2031,PRD0925,2025-11-29,8,145643.55,Net Banking,Shipped
ORD06603,CST0433,PRD0868,2025-03-12,8,264227.88,Credit Card,Processing
ORD06604,CST0586,PRD0908,2025-11-15,6,413157.39,Net Banking,Cancelled
ORD06605,CST0464,PRD0669,2025-10-20,3,291695.08,Net Banking,Delivered
ORD06606,CST2260,PRD0888,2025-04-28,3,325219.21,Credit Card,Shipped
ORD06607,CST4366,PRD0874,2025-10-20,7,406067.33,Credit Card,Shipped
ORD06608,CST0869,PRD0561,2025-06-03,7,117963.58,Cash on Delivery,Shipped
ORD06609,CST2628,PRD0824,2025-07-16,3,182628.31,Cash on Delivery,Processing
ORD06610,CST1125,PRD0678,2025-10-17,2,49411.74,Cash on Delivery,Delivered
ORD06611,CST2121,PRD0083,2025-02-27,1,393452.44,Net Banking,Shipped
ORD06612,CST2254,PRD0230,2025-02-12,2,51870.69,Debit Card,Delivered
ORD06613,CST4864,PRD0048,2025-05-03,8,388284.84,UPI,Delivered
ORD06614,CST1880,PRD0711,2025-06-06,4,80496.35,UPI,Shipped
ORD06615,CST1697,PRD0038,2025-10-02,9,475755.84,Net Banking,Delivered
ORD06616,CST3194,PRD0798,2025-04-16,5,116128.41,Net Banking,Shipped
ORD06617,CST3240,PRD0990,2025-05-20,5,256089.23,Cash on Delivery,Delivered
ORD06618,CST1096,PRD0742,2025-06-29,9,112459.93,Debit Card,Processing
ORD06619,CST4782,PRD0329,2025-05-18,1,40263.52,Net Banking,Delivered
ORD06620,CST2305,PRD0513,2025-12-24,10,20899.02,UPI,Cancelled
ORD06621,CST2102,PRD0379,2025-11-04,4,7566.07,Credit Card,Processing
ORD06622,CST4192,PRD0328,2025-01-12,1,61902.25,Cash on Delivery,Delivered
ORD06623,CST2830,PRD0002,2025-06-21,9,200708.22,Net Banking,Processing
ORD06624,CST1854,PRD0544,2025-08-26,6,351498.63,Cash on Delivery,Processing
ORD06625,CST2731,PRD0685,2025-09-12,4,456765.97,Debit Card,Delivered
ORD06626,CST2523,PRD0988,2025-04-18,4,269507.5,Credit Card,Shipped
ORD06627,CST3600,PRD0734,2025-09-04,7,41897.86,Credit Card,Delivered
ORD06628,CST2875,PRD0643,2025-10-08,10,188252.52,Credit Card,Shipped
ORD06629,CST2262,PRD0385,2025-08-23,5,282887.49,Net Banking,Shipped
ORD06630,CST3702,PRD0669,2025-06-19,6,291695.08,Credit Card,Cancelled
ORD06631,CST3901,PRD0617,2025-09-12,1,272889.15,Debit Card,Cancelled
ORD06632,CST0103,PRD0506,2025-01-22,1,386595.81,UPI,Shipped
ORD06633,CST3865,PRD0740,2025-05-10,7,456634.56,Credit Card,Cancelled
ORD06634,CST2876,PRD0393,2025-08-13,7,132764.27,Credit Card,Processing
ORD06635,CST1339,PRD0571,2025-03-07,5,476165.3,Credit Card,Shipped
ORD06636,CST2833,PRD0506,2025-12-13,7,386595.81,Net Banking,Processing
ORD06637,CST4948,PRD0506,2025-04-05,1,386595.81,Cash on Delivery,Shipped
ORD06638,CST4072,PRD0611,2025-10-05,2,193493.54,Net Banking,Delivered
ORD06639,CST2648,PRD0816,2025-06-16,9,374296.8,Credit Card,Cancelled
ORD06640,CST2761,PRD0602,2025-06-16,7,167614.67,Net Banking,Processing
ORD06641,CST2834,PRD0596,2025-11-21,7,194895.06,Cash on Delivery,Shipped
ORD06642,CST4361,PRD0695,2025-07-31,9,213789.7,Credit Card,Cancelled
ORD06643,CST1488,PRD0517,2025-01-04,7,207791.06,Net Banking,Cancelled
ORD06644,CST0517,PRD0586,2025-01-27,2,454851.53,Credit Card,Cancelled
ORD06645,CST2797,PRD0067,2025-05-22,7,285269.76,UPI,Cancelled
ORD06646,CST0891,PRD0825,2025-07-22,10,426105.92,Cash on Delivery,Delivered
ORD06647,CST2239,PRD0417,2025-01-09,10,320388.29,Net Banking,Shipped
ORD06648,CST3917,PRD0429,2025-04-22,7,84478.67,UPI,Delivered
ORD06649,CST2302,PRD0346,2025-07-11,10,489236.03,Credit Card,Shipped
ORD06650,CST3095,PRD0771,2025-12-03,6,136083.28,Credit Card,Processing
ORD06651,CST0251,PRD0713,2025-07-19,8,85332.13,Debit Card,Shipped
ORD06652,CST1145,PRD0334,2025-05-11,5,395182.8,Debit Card,Processing
ORD06653,CST2017,PRD0449,2025-10-24,8,369055.1,Debit Card,Delivered
ORD06654,CST0330,PRD0920,2025-06-13,4,317825.42,Debit Card,Shipped
ORD06655,CST2152,PRD0896,2025-07-06,1,435081.93,Debit Card,Shipped
ORD06656,CST4878,PRD0528,2025-02-23,10,320836.96,Cash on Delivery,Delivered
ORD06657,CST2566,PRD0750,2025-04-26,6,363202.4,UPI,Shipped
ORD06658,CST1913,PRD0473,2025-07-24,8,479726.66,Debit Card,Delivered
ORD06659,CST3289,PRD0811,2025-03-15,7,154268.56,Cash on Delivery,Processing
ORD06660,CST1584,PRD0773,2025-02-15,10,105070.58,Net Banking,Shipped
ORD06661,CST0385,PRD0726,2025-02-01,3,123657.51,UPI,Shipped
ORD06662,CST2387,PRD0916,2025-07-03,7,388891.05,UPI,Processing
ORD06663,CST1666,PRD0872,2025-10-18,4,429650.41,Cash on Delivery,Processing
ORD06664,CST2415,PRD0011,2025-12-06,9,50487.59,Net Banking,Shipped
ORD06665,CST1533,PRD0825,2025-08-05,7,426105.92,Cash on Delivery,Processing
ORD06666,CST1997,PRD0443,2025-12-22,2,450257.21,Debit Card,Cancelled
ORD06667,CST0785,PRD0191,2025-03-19,6,341365.94,Debit Card,Shipped
ORD06668,CST1787,PRD0086,2025-04-26,3,29313.76,Credit Card,Shipped
ORD06669,CST1806,PRD0735,2025-09-13,3,219840.8,Debit Card,Processing
ORD06670,CST3261,PRD0216,2025-07-29,5,499353.57,Debit Card,Shipped
ORD06671,CST4079,PRD0316,2025-02-20,10,418760.08,Credit Card,Cancelled
ORD06672,CST1653,PRD0994,2025-05-30,8,482813.95,Net Banking,Shipped
ORD06673,CST4919,PRD0303,2025-03-01,7,159069.03,Debit Card,Delivered
ORD06674,CST0426,PRD0659,2025-02-25,1,138334.77,Net Banking,Shipped
ORD06675,CST4796,PRD0625,2025-05-15,3,112489.78,Credit Card,Shipped
ORD06676,CST2449,PRD0705,2025-10-29,9,176989.83,Credit Card,Shipped
ORD06677,CST4117,PRD0075,2025-08-08,9,178067.75,Credit Card,Processing
ORD06678,CST2509,PRD0825,2025-07-01,8,426105.92,Debit Card,Delivered
ORD06679,CST0734,PRD0815,2025-07-13,7,415420.26,Debit Card,Processing
ORD06680,CST1499,PRD0713,2025-08-17,7,85332.13,Debit Card,Shipped
ORD06681,CST0141,PRD0534,2025-07-23,7,76076.88,Cash on Delivery,Shipped
ORD06682,CST3639,PRD0872,2025-01-08,6,429650.41,UPI,Delivered
ORD06683,CST0551,PRD0600,2025-01-05,3,381581.84,Credit Card,Shipped
ORD06684,CST0572,PRD0383,2025-10-13,3,419182.0,Net Banking,Processing
ORD06685,CST4416,PRD0261,2025-07-20,6,262484.66,Net Banking,Delivered
ORD06686,CST4987,PRD0495,2025-08-28,4,290468.87,UPI,Processing
ORD06687,CST0955,PRD0547,2025-08-01,7,247215.84,Debit Card,Delivered
ORD06688,CST0279,PRD0371,2025-11-20,9,80295.28,Net Banking,Delivered
ORD06689,CST3422,PRD0755,2025-02-27,7,338717.02,Cash on Delivery,Shipped
ORD06690,CST4938,PRD0129,2025-12-29,5,48659.49,Cash on Delivery,Delivered
ORD06691,CST0317,PRD0009,2025-05-06,9,343974.7,UPI,Shipped
ORD06692,CST4644,PRD0430,2025-12-20,6,100459.99,Net Banking,Cancelled
ORD06693,CST4092,PRD0258,2025-05-27,2,120169.47,UPI,Cancelled
ORD06694,CST4846,PRD0170,2025-08-05,2,304034.45,Debit Card,Cancelled
ORD06695,CST3035,PRD0258,2025-12-10,7,120169.47,Credit Card,Processing
ORD06696,CST4796,PRD0767,2025-06-06,1,333590.31,Debit Card,Delivered
ORD06697,CST0734,PRD0109,2025-02-11,4,265195.53,Credit Card,Delivered
ORD06698,CST4355,PRD0486,2025-05-23,10,333995.37,Cash on Delivery,Shipped
ORD06699,CST0385,PRD0978,2025-05-26,9,262067.23,UPI,Cancelled
ORD06700,CST4692,PRD0260,2025-01-16,10,251438.98,Cash on Delivery,Shipped
ORD06701,CST4003,PRD0745,2025-07-06,2,189639.44,Cash on Delivery,Delivered
ORD06702,CST3792,PRD0970,2025-08-16,1,39467.04,Cash on Delivery,Delivered
ORD06703,CST4356,PRD0913,2025-08-07,4,447795.49,Net Banking,Shipped
ORD06704,CST0376,PRD0453,2025-04-16,9,262280.87,Credit Card,Delivered
ORD06705,CST0909,PRD0274,2025-04-07,9,26901.38,Cash on Delivery,Shipped
ORD06706,CST4030,PRD0052,2025-01-01,3,5013.37,Debit Card,Delivered
ORD06707,CST3830,PRD0741,2025-12-08,4,138309.77,Net Banking,Delivered
ORD06708,CST2889,PRD0951,2025-05-16,10,444526.71,UPI,Processing
ORD06709,CST0667,PRD0870,2025-11-09,6,134831.47,Net Banking,Shipped
ORD06710,CST1587,PRD0158,2025-10-13,7,167900.97,Credit Card,Processing
ORD06711,CST3516,PRD0289,2025-10-28,9,484419.64,Net Banking,Cancelled
ORD06712,CST1514,PRD0931,2025-08-09,2,222034.09,Cash on Delivery,Cancelled
ORD06713,CST2339,PRD0938,2025-11-25,2,418105.61,Net Banking,Delivered
ORD06714,CST2428,PRD0045,2025-01-24,9,50894.14,Credit Card,Shipped
ORD06715,CST4091,PRD0101,2025-04-21,10,167119.54,Net Banking,Processing
ORD06716,CST2054,PRD0743,2025-07-23,2,4504.46,Net Banking,Delivered
ORD06717,CST4790,PRD0974,2025-09-08,7,1374.39,Debit Card,Delivered
ORD06718,CST3327,PRD0897,2025-08-02,5,185949.46,UPI,Shipped
ORD06719,CST2971,PRD0115,2025-06-01,9,375816.78,Cash on Delivery,Processing
ORD06720,CST4147,PRD0144,2025-07-14,5,365322.18,Credit Card,Shipped
ORD06721,CST1291,PRD0627,2025-01-27,7,393537.09,Net Banking,Processing
ORD06722,CST1018,PRD0723,2025-05-27,6,30682.04,Net Banking,Delivered
ORD06723,CST1052,PRD0556,2025-02-17,8,157872.38,Net Banking,Cancelled
ORD06724,CST3758,PRD0834,2025-12-04,1,259687.06,Debit Card,Shipped
ORD06725,CST3735,PRD0908,2025-08-12,3,413157.39,Credit Card,Processing
ORD06726,CST1411,PRD0508,2025-05-28,9,35470.73,Cash on Delivery,Delivered
ORD06727,CST0739,PRD0969,2025-04-22,5,315284.44,Credit Card,Shipped
ORD06728,CST0124,PRD0903,2025-09-06,3,337342.57,Debit Card,Shipped
ORD06729,CST0850,PRD0798,2025-12-02,5,116128.41,Credit Card,Processing
ORD06730,CST1594,PRD0006,2025-04-14,5,248881.91,Credit Card,Delivered
ORD06731,CST4148,PRD0267,2025-09-12,4,31656.61,Debit Card,Shipped
ORD06732,CST2269,PRD0749,2025-06-21,2,396097.6,UPI,Shipped
ORD06733,CST3823,PRD0594,2025-01-01,4,416705.86,Credit Card,Cancelled
ORD06734,CST1524,PRD0263,2025-04-02,10,325576.25,UPI,Delivered
ORD06735,CST4845,PRD0312,2025-07-21,2,309777.57,UPI,Delivered
ORD06736,CST2729,PRD0038,2025-05-19,4,475755.84,Net Banking,Processing
ORD06737,CST3407,PRD0695,2025-10-26,9,213789.7,UPI,Cancelled
ORD06738,CST4185,PRD0964,2025-05-01,5,187879.68,UPI,Shipped
ORD06739,CST2333,PRD0913,2025-05-31,4,447795.49,Net Banking,Shipped
ORD06740,CST2837,PRD0228,2025-02-26,1,28490.37,Net Banking,Processing
ORD06741,CST4882,PRD0348,2025-06-12,4,49503.5,UPI,Cancelled
ORD06742,CST3318,PRD0173,2025-05-08,9,203316.2,Net Banking,Shipped
ORD06743,CST3036,PRD0981,2025-11-22,10,245722.69,Cash on Delivery,Processing
ORD06744,CST2066,PRD0164,2025-06-15,4,21192.22,Credit Card,Processing
ORD06745,CST2708,PRD0102,2025-11-05,2,448601.47,Credit Card,Shipped
ORD06746,CST3157,PRD0575,2025-10-06,10,325253.23,Credit Card,Processing
ORD06747,CST1042,PRD0677,2025-06-30,6,446295.41,Net Banking,Processing
ORD06748,CST4294,PRD0467,2025-02-26,1,74123.04,Net Banking,Delivered
ORD06749,CST2939,PRD0310,2025-12-01,8,91658.23,Credit Card,Cancelled
ORD06750,CST2934,PRD0378,2025-05-19,6,293062.88,Cash on Delivery,Processing
ORD06751,CST0065,PRD0969,2025-12-17,5,315284.44,Debit Card,Processing
ORD06752,CST2778,PRD0484,2025-03-12,7,411674.03,Debit Card,Shipped
ORD06753,CST1430,PRD0709,2025-06-19,10,58944.78,Debit Card,Delivered
ORD06754,CST0599,PRD0504,2025-10-25,4,151643.81,Debit Card,Processing
ORD06755,CST3253,PRD0451,2025-06-24,6,381328.13,Debit Card,Cancelled
ORD06756,CST2017,PRD0435,2025-03-07,2,396485.92,Credit Card,Processing
ORD06757,CST4364,PRD0937,2025-05-22,8,12173.96,Credit Card,Shipped
ORD06758,CST1724,PRD0064,2025-07-20,8,353042.17,Credit Card,Processing
ORD06759,CST1511,PRD0481,2025-10-28,10,259575.52,Credit Card,Processing
ORD06760,CST0387,PRD0833,2025-01-18,5,25768.5,UPI,Shipped
ORD06761,CST3314,PRD0248,2025-04-11,2,293696.67,Debit Card,Delivered
ORD06762,CST2396,PRD0054,2025-06-10,4,403175.85,Net Banking,Processing
ORD06763,CST2329,PRD0832,2025-12-11,1,72199.23,Credit Card,Processing
ORD06764,CST4282,PRD0151,2025-01-10,10,262566.67,Debit Card,Processing
ORD06765,CST4029,PRD0471,2025-07-24,5,216734.98,Cash on Delivery,Delivered
ORD06766,CST3043,PRD0211,2025-02-18,4,373727.86,Credit Card,Processing
ORD06767,CST0898,PRD0830,2025-09-24,2,69014.21,UPI,Cancelled
ORD06768,CST0307,PRD0332,2025-12-29,3,272249.32,Debit Card,Shipped
ORD06769,CST2893,PRD0019,2025-07-11,2,189955.9,Credit Card,Shipped
ORD06770,CST1190,PRD0484,2025-02-01,4,411674.03,Debit Card,Processing
ORD06771,CST3004,PRD0545,2025-07-21,7,287988.76,UPI,Processing
ORD06772,CST4773,PRD0956,2025-06-23,1,224543.72,Credit Card,Shipped
ORD06773,CST4983,PRD0235,2025-12-30,7,184210.51,Cash on Delivery,Cancelled
ORD06774,CST1077,PRD0059,2025-06-13,10,69890.6,Cash on Delivery,Processing
ORD06775,CST2477,PRD0736,2025-09-01,6,404198.05,Credit Card,Shipped
ORD06776,CST3166,PRD0361,2025-05-09,6,365624.7,Net Banking,Cancelled
ORD06777,CST1208,PRD0528,2025-06-17,9,320836.96,UPI,Cancelled
ORD06778,CST3275,PRD0916,2025-06-12,10,388891.05,Debit Card,Shipped
ORD06779,CST0526,PRD0975,2025-04-07,7,440094.91,UPI,Delivered
ORD06780,CST2376,PRD0348,2025-02-02,8,49503.5,UPI,Shipped
ORD06781,CST3401,PRD0949,2025-02-12,2,24389.77,Credit Card,Cancelled
ORD06782,CST2424,PRD0071,2025-03-12,5,336412.37,Credit Card,Delivered
ORD06783,CST3297,PRD0854,2025-02-19,5,421187.49,Net Banking,Processing
ORD06784,CST2406,PRD0897,2025-08-27,5,185949.46,Net Banking,Shipped
ORD06785,CST1422,PRD0328,2025-01-31,4,61902.25,Net Banking,Delivered
ORD06786,CST3078,PRD0738,2025-08-20,1,247683.34,Credit Card,Cancelled
ORD06787,CST1760,PRD0084,2025-10-12,6,349448.73,Debit Card,Delivered
ORD06788,CST4792,PRD0356,2025-07-18,8,447445.45,Debit Card,Cancelled
ORD06789,CST3132,PRD0664,2025-07-14,5,212635.08,Cash on Delivery,Cancelled
ORD06790,CST2734,PRD0779,2025-02-22,6,144619.96,Cash on Delivery,Cancelled
ORD06791,CST4827,PRD0013,2025-06-01,5,291862.99,Debit Card,Processing
ORD06792,CST1011,PRD0974,2025-10-04,7,1374.39,Credit Card,Processing
ORD06793,CST1162,PRD0200,2025-08-01,6,447222.3,UPI,Delivered
ORD06794,CST0213,PRD0758,2025-12-19,6,17335.43,Net Banking,Shipped
ORD06795,CST3381,PRD0861,2025-05-27,8,335567.25,Debit Card,Cancelled
ORD06796,CST4124,PRD0776,2025-12-22,8,269325.44,Net Banking,Delivered
ORD06797,CST4648,PRD0727,2025-11-18,8,367187.83,Credit Card,Shipped
ORD06798,CST4208,PRD0224,2025-12-01,3,140719.79,UPI,Shipped
ORD06799,CST2416,PRD0986,2025-10-15,6,70647.16,Net Banking,Delivered
ORD06800,CST0368,PRD0012,2025-12-20,1,423350.6,UPI,Processing
ORD06801,CST1053,PRD0670,2025-09-15,4,186336.51,Debit Card,Shipped
ORD06802,CST0747,PRD0732,2025-12-21,3,143168.86,Cash on Delivery,Delivered
ORD06803,CST2403,PRD0779,2025-01-03,1,144619.96,Credit Card,Processing
ORD06804,CST4270,PRD0354,2025-05-29,7,484265.29,Credit Card,Shipped
ORD06805,CST0729,PRD0335,2025-10-22,1,120356.18,Debit Card,Cancelled
ORD06806,CST1967,PRD0875,2025-04-28,10,299797.18,Debit Card,Processing
ORD06807,CST3723,PRD0594,2025-01-26,7,416705.86,Credit Card,Delivered
ORD06808,CST4886,PRD0159,2025-06-14,10,486431.31,Net Banking,Shipped
ORD06809,CST1998,PRD0773,2025-04-03,10,105070.58,Debit Card,Processing
ORD06810,CST2290,PRD0301,2025-06-03,4,7480.96,Net Banking,Processing
ORD06811,CST4196,PRD0679,2025-08-13,8,33679.85,Net Banking,Shipped
ORD06812,CST4342,PRD0112,2025-04-04,6,413623.27,Cash on Delivery,Cancelled
ORD06813,CST2473,PRD0735,2025-02-07,8,219840.8,Net Banking,Cancelled
ORD06814,CST2806,PRD0352,2025-05-04,3,107362.57,Credit Card,Shipped
ORD06815,CST0664,PRD0839,2025-07-18,7,14178.61,Net Banking,Delivered
ORD06816,CST2465,PRD0789,2025-11-04,4,446137.04,Credit Card,Processing
ORD06817,CST4543,PRD0687,2025-10-03,7,358030.85,Net Banking,Delivered
ORD06818,CST4367,PRD0884,2025-03-17,8,87645.2,UPI,Cancelled
ORD06819,CST0725,PRD0324,2025-02-24,4,437135.04,UPI,Delivered
ORD06820,CST0665,PRD0321,2025-02-14,1,37465.87,UPI,Cancelled
ORD06821,CST1464,PRD0110,2025-09-14,9,476684.32,Net Banking,Cancelled
ORD06822,CST2459,PRD0860,2025-02-01,1,185401.93,Net Banking,Processing
ORD06823,CST1457,PRD0559,2025-05-25,6,412806.94,Cash on Delivery,Cancelled
ORD06824,CST1827,PRD0231,2025-07-12,10,212707.32,Debit Card,Processing
ORD06825,CST4170,PRD0553,2025-01-26,2,110626.35,UPI,Processing
ORD06826,CST2160,PRD0173,2025-08-03,1,203316.2,UPI,Cancelled
ORD06827,CST1776,PRD0387,2025-06-28,2,369271.77,Net Banking,Processing
ORD06828,CST4199,PRD0265,2025-01-08,9,276605.28,Cash on Delivery,Delivered
ORD06829,CST2257,PRD0528,2025-08-10,1,320836.96,Cash on Delivery,Delivered
ORD06830,CST0637,PRD0305,2025-05-02,4,28514.31,Debit Card,Shipped
ORD06831,CST3378,PRD0951,2025-05-15,5,444526.71,UPI,Cancelled
ORD06832,CST4905,PRD0670,2025-07-08,5,186336.51,Debit Card,Processing
ORD06833,CST1952,PRD0984,2025-01-22,2,292739.92,Net Banking,Delivered
ORD06834,CST3729,PRD0720,2025-09-08,2,380535.49,Credit Card,Delivered
ORD06835,CST2712,PRD0294,2025-11-10,2,248756.76,Debit Card,Processing
ORD06836,CST0119,PRD0760,2025-05-06,5,373507.95,Net Banking,Shipped
ORD06837,CST2736,PRD0030,2025-12-21,9,135855.72,Credit Card,Shipped
ORD06838,CST1703,PRD0670,2025-12-09,2,186336.51,Net Banking,Cancelled
ORD06839,CST1949,PRD0006,2025-03-03,1,248881.91,Credit Card,Delivered
ORD06840,CST1825,PRD0056,2025-09-14,6,375116.59,Credit Card,Processing
ORD06841,CST3556,PRD0157,2025-07-22,2,75831.01,Net Banking,Delivered
ORD06842,CST0282,PRD0984,2025-04-20,7,292739.92,Debit Card,Processing
ORD06843,CST1437,PRD0582,2025-06-24,2,93486.1,Credit Card,Cancelled
ORD06844,CST3102,PRD0230,2025-08-18,2,51870.69,UPI,Delivered
ORD06845,CST3058,PRD0533,2025-06-20,7,296250.41,UPI,Delivered
ORD06846,CST4432,PRD0954,2025-08-15,10,3228.8,UPI,Processing
ORD06847,CST4219,PRD0304,2025-09-16,2,150917.76,Debit Card,Delivered
ORD06848,CST4671,PRD0839,2025-06-01,9,14178.61,Cash on Delivery,Shipped
ORD06849,CST1086,PRD0094,2025-09-09,8,193799.52,Credit Card,Processing
ORD06850,CST0885,PRD0986,2025-06-21,1,70647.16,Debit Card,Cancelled
ORD06851,CST1585,PRD0464,2025-01-09,10,206183.16,Net Banking,Processing
ORD06852,CST3226,PRD0468,2025-07-25,1,464481.36,UPI,Shipped
ORD06853,CST3855,PRD0014,2025-02-06,3,456289.05,Debit Card,Cancelled
ORD06854,CST3699,PRD0345,2025-01-24,10,481363.4,UPI,Shipped
ORD06855,CST2506,PRD0533,2025-03-28,10,296250.41,Net Banking,Shipped
ORD06856,CST4318,PRD0280,2025-12-16,2,475659.52,Net Banking,Shipped
ORD06857,CST3778,PRD0304,2025-09-11,2,150917.76,Cash on Delivery,Cancelled
ORD06858,CST2358,PRD0992,2025-04-17,8,394941.19,UPI,Shipped
ORD06859,CST3538,PRD0742,2025-08-04,7,112459.93,Credit Card,Processing
ORD06860,CST2725,PRD0509,2025-07-05,1,449794.29,Cash on Delivery,Cancelled
ORD06861,CST2963,PRD0623,2025-11-24,6,440872.68,UPI,Shipped
ORD06862,CST4757,PRD0090,2025-02-14,7,125416.0,Debit Card,Shipped
ORD06863,CST1217,PRD0580,2025-12-02,7,391109.22,Debit Card,Processing
ORD06864,CST3360,PRD0229,2025-10-24,9,222489.98,Net Banking,Cancelled
ORD06865,CST4431,PRD0513,2025-02-27,8,20899.02,Credit Card,Processing
ORD06866,CST4944,PRD0249,2025-08-17,2,486760.78,Cash on Delivery,Cancelled
ORD06867,CST0428,PRD0859,2025-06-30,4,117694.09,Net Banking,Delivered
ORD06868,CST3845,PRD0162,2025-10-24,7,359243.43,Net Banking,Processing
ORD06869,CST0118,PRD0579,2025-02-04,3,163261.73,Credit Card,Processing
ORD06870,CST3101,PRD0675,2025-01-09,5,298321.19,Net Banking,Delivered
ORD06871,CST0186,PRD0147,2025-07-17,5,368957.79,Cash on Delivery,Shipped
ORD06872,CST0068,PRD0876,2025-01-26,1,166829.84,Credit Card,Cancelled
ORD06873,CST3013,PRD0016,2025-08-09,9,367901.61,Credit Card,Shipped
ORD06874,CST1742,PRD0832,2025-10-10,8,72199.23,Cash on Delivery,Processing
ORD06875,CST1976,PRD0181,2025-06-30,6,182672.1,Cash on Delivery,Delivered
ORD06876,CST4549,PRD0207,2025-07-16,4,343998.24,UPI,Processing
ORD06877,CST1519,PRD0945,2025-05-03,8,350844.39,UPI,Delivered
ORD06878,CST2727,PRD0978,2025-07-16,9,262067.23,Cash on Delivery,Shipped
ORD06879,CST2782,PRD0655,2025-06-03,6,268218.84,Net Banking,Cancelled
ORD06880,CST3494,PRD0277,2025-08-26,4,219021.68,Debit Card,Processing
ORD06881,CST0689,PRD0243,2025-02-13,9,126540.73,Net Banking,Cancelled
ORD06882,CST2630,PRD0145,2025-12-27,1,453082.61,Cash on Delivery,Cancelled
ORD06883,CST2999,PRD0788,2025-04-20,2,339219.05,UPI,Cancelled
ORD06884,CST1332,PRD0337,2025-03-16,10,250697.44,Cash on Delivery,Processing
ORD06885,CST4855,PRD0292,2025-03-19,8,470579.02,Debit Card,Shipped
ORD06886,CST2326,PRD0347,2025-01-19,9,316813.1,Cash on Delivery,Shipped
ORD06887,CST2500,PRD0868,2025-04-27,3,264227.88,Net Banking,Delivered
ORD06888,CST4606,PRD0083,2025-01-19,6,393452.44,Credit Card,Processing
ORD06889,CST0486,PRD0865,2025-05-21,7,470825.36,Cash on Delivery,Delivered
ORD06890,CST4325,PRD0852,2025-10-04,2,335708.72,Net Banking,Cancelled
ORD06891,CST2302,PRD0391,2025-05-21,5,126891.71,Credit Card,Processing
ORD06892,CST4682,PRD0009,2025-04-14,7,343974.7,Credit Card,Processing
ORD06893,CST1430,PRD0091,2025-11-14,4,252674.36,Credit Card,Cancelled
ORD06894,CST0024,PRD0210,2025-07-31,6,417928.44,UPI,Delivered
ORD06895,CST0356,PRD0019,2025-03-29,4,189955.9,Credit Card,Shipped
ORD06896,CST0007,PRD0408,2025-04-21,1,379974.0,Cash on Delivery,Processing
ORD06897,CST4348,PRD0759,2025-05-02,4,456922.95,UPI,Processing
ORD06898,CST2630,PRD0240,2025-09-17,9,134506.53,Net Banking,Processing
ORD06899,CST2808,PRD0884,2025-05-13,10,87645.2,UPI,Processing
ORD06900,CST4331,PRD0893,2025-03-20,2,493962.8,Debit Card,Shipped
ORD06901,CST2914,PRD0915,2025-02-15,2,459840.95,Credit Card,Delivered
ORD06902,CST2219,PRD0307,2025-08-10,2,126220.86,Debit Card,Shipped
ORD06903,CST4183,PRD0845,2025-04-02,6,228106.59,Cash on Delivery,Cancelled
ORD06904,CST3390,PRD0111,2025-01-30,1,203119.11,Cash on Delivery,Processing
ORD06905,CST1603,PRD0367,2025-01-23,7,259157.27,UPI,Shipped
ORD06906,CST0596,PRD0382,2025-10-10,1,457969.15,Debit Card,Processing
ORD06907,CST1493,PRD0632,2025-08-23,5,185425.93,Credit Card,Shipped
ORD06908,CST4488,PRD0430,2025-07-28,4,100459.99,Cash on Delivery,Shipped
ORD06909,CST0495,PRD0026,2025-02-24,1,332620.96,Credit Card,Cancelled
ORD06910,CST1631,PRD0008,2025-08-05,1,132027.03,Credit Card,Delivered
ORD06911,CST2539,PRD0719,2025-08-31,3,17231.59,Cash on Delivery,Cancelled
ORD06912,CST4496,PRD0102,2025-10-30,2,448601.47,UPI,Shipped
ORD06913,CST4205,PRD0551,2025-09-21,8,150040.96,UPI,Cancelled
ORD06914,CST2428,PRD0997,2025-05-04,5,202580.02,Net Banking,Delivered
ORD06915,CST1533,PRD0231,2025-08-11,5,212707.32,Cash on Delivery,Shipped
ORD06916,CST0189,PRD0617,2025-01-11,8,272889.15,Debit Card,Cancelled
ORD06917,CST1699,PRD0055,2025-11-04,10,144415.29,UPI,Delivered
ORD06918,CST4900,PRD0717,2025-10-03,4,184847.94,Cash on Delivery,Delivered
ORD06919,CST3891,PRD0249,2025-02-07,5,486760.78,Credit Card,Processing
ORD06920,CST1239,PRD0175,2025-02-03,6,64060.28,Cash on Delivery,Cancelled
ORD06921,CST4903,PRD0562,2025-07-02,8,372541.47,UPI,Processing
ORD06922,CST3927,PRD0108,2025-07-13,5,457847.87,Debit Card,Shipped
ORD06923,CST4551,PRD0887,2025-08-02,10,82722.19,Credit Card,Cancelled
ORD06924,CST4397,PRD0942,2025-03-20,5,275839.78,UPI,Cancelled
ORD06925,CST1547,PRD0524,2025-03-19,3,312738.42,Cash on Delivery,Processing
ORD06926,CST2639,PRD0683,2025-08-02,7,465400.22,Net Banking,Delivered
ORD06927,CST1019,PRD0795,2025-09-16,2,85392.09,Cash on Delivery,Cancelled
ORD06928,CST3399,PRD0886,2025-08-05,8,149416.36,UPI,Processing
ORD06929,CST3668,PRD0566,2025-11-15,4,490663.38,Credit Card,Delivered
ORD06930,CST2587,PRD0532,2025-02-25,5,111402.44,Net Banking,Shipped
ORD06931,CST4310,PRD0297,2025-12-14,4,122519.49,Cash on Delivery,Delivered
ORD06932,CST0899,PRD0779,2025-12-24,4,144619.96,Credit Card,Processing
ORD06933,CST4903,PRD0701,2025-02-10,3,153776.2,Credit Card,Processing
ORD06934,CST2023,PRD0394,2025-02-27,4,278794.33,Debit Card,Shipped
ORD06935,CST0661,PRD0104,2025-07-08,9,343413.97,Cash on Delivery,Cancelled
ORD06936,CST4106,PRD0241,2025-08-21,8,313050.32,Cash on Delivery,Shipped
ORD06937,CST3753,PRD0483,2025-07-18,10,457217.05,Credit Card,Shipped
ORD06938,CST2106,PRD0273,2025-07-19,1,254883.09,Debit Card,Cancelled
ORD06939,CST4344,PRD0159,2025-03-15,3,486431.31,Net Banking,Processing
ORD06940,CST0098,PRD0171,2025-02-01,7,244653.73,Debit Card,Processing
ORD06941,CST0715,PRD0341,2025-01-09,5,328048.48,UPI,Processing
ORD06942,CST2766,PRD0993,2025-04-06,10,96660.13,Credit Card,Cancelled
ORD06943,CST2235,PRD0387,2025-06-23,5,369271.77,Cash on Delivery,Delivered
ORD06944,CST4328,PRD0412,2025-11-11,4,332209.89,Net Banking,Processing
ORD06945,CST4171,PRD0373,2025-10-30,7,129369.28,Debit Card,Delivered
ORD06946,CST2719,PRD0573,2025-10-13,4,175769.62,Debit Card,Shipped
ORD06947,CST0931,PRD0826,2025-03-06,8,318147.75,Debit Card,Cancelled
ORD06948,CST0103,PRD0355,2025-08-21,2,328218.0,Net Banking,Shipped
ORD06949,CST1595,PRD0150,2025-03-11,2,346198.44,Net Banking,Shipped
ORD06950,CST0460,PRD0998,2025-01-05,10,13465.51,Net Banking,Processing
ORD06951,CST3710,PRD0884,2025-05-27,4,87645.2,UPI,Delivered
ORD06952,CST4322,PRD0463,2025-02-21,6,24303.03,Credit Card,Shipped
ORD06953,CST1077,PRD0956,2025-01-12,3,224543.72,Net Banking,Cancelled
ORD06954,CST0924,PRD0309,2025-12-06,8,36029.14,Cash on Delivery,Delivered
ORD06955,CST2415,PRD0400,2025-06-26,2,236491.91,UPI,Processing
ORD06956,CST3482,PRD0622,2025-02-28,1,94697.55,Cash on Delivery,Delivered
ORD06957,CST4921,PRD0352,2025-10-27,2,107362.57,Cash on Delivery,Processing
ORD06958,CST1120,PRD0105,2025-03-15,5,372421.86,Debit Card,Processing
ORD06959,CST3023,PRD0106,2025-04-23,7,266553.12,Cash on Delivery,Delivered
ORD06960,CST1056,PRD0401,2025-03-22,2,3225.61,UPI,Processing
ORD06961,CST3566,PRD0447,2025-11-14,5,344400.91,Net Banking,Shipped
ORD06962,CST0591,PRD0715,2025-03-04,7,94447.48,Cash on Delivery,Processing
ORD06963,CST0063,PRD0746,2025-12-01,5,325252.45,Net Banking,Cancelled
ORD06964,CST1590,PRD0332,2025-04-17,10,272249.32,Net Banking,Processing
ORD06965,CST0101,PRD0400,2025-05-09,4,236491.91,Credit Card,Processing
ORD06966,CST1595,PRD0416,2025-11-27,8,245397.38,Cash on Delivery,Delivered
ORD06967,CST2742,PRD0427,2025-08-26,10,62385.96,Debit Card,Shipped
ORD06968,CST2419,PRD0537,2025-08-03,7,130415.94,Debit Card,Shipped
ORD06969,CST3632,PRD0155,2025-02-13,3,311483.01,Net Banking,Cancelled
ORD06970,CST3706,PRD0891,2025-04-29,7,418594.65,Cash on Delivery,Cancelled
ORD06971,CST0421,PRD0337,2025-05-25,3,250697.44,Net Banking,Delivered
ORD06972,CST1393,PRD0803,2025-10-20,7,424917.53,Debit Card,Shipped
ORD06973,CST2222,PRD0590,2025-02-22,6,27079.31,Cash on Delivery,Delivered
ORD06974,CST2637,PRD0740,2025-01-27,8,456634.56,Credit Card,Processing
ORD06975,CST4462,PRD0149,2025-03-09,5,335999.71,UPI,Processing
ORD06976,CST0303,PRD0889,2025-10-17,1,6877.23,Debit Card,Delivered
ORD06977,CST2681,PRD0967,2025-08-01,4,280971.94,Cash on Delivery,Shipped
ORD06978,CST2708,PRD0152,2025-02-21,5,496559.29,Cash on Delivery,Cancelled
ORD06979,CST1372,PRD0375,2025-10-03,3,338428.64,Net Banking,Processing
ORD06980,CST3209,PRD0815,2025-03-17,3,415420.26,Debit Card,Shipped
ORD06981,CST4480,PRD0146,2025-09-08,4,404258.53,Net Banking,Cancelled
ORD06982,CST0533,PRD0861,2025-06-27,7,335567.25,Debit Card,Shipped
ORD06983,CST0040,PRD0866,2025-09-25,1,232224.0,Credit Card,Delivered
ORD06984,CST3443,PRD0832,2025-10-13,4,72199.23,Cash on Delivery,Processing
ORD06985,CST1031,PRD0607,2025-09-11,4,257511.87,Credit Card,Processing
ORD06986,CST2048,PRD0135,2025-05-20,9,338060.45,Net Banking,Cancelled
ORD06987,CST0120,PRD0692,2025-09-06,6,469275.27,Net Banking,Delivered
ORD06988,CST3118,PRD0924,2025-02-02,8,445303.78,Debit Card,Processing
ORD06989,CST0378,PRD0730,2025-05-18,10,133552.82,Credit Card,Processing
ORD06990,CST1844,PRD0539,2025-02-11,9,57940.75,UPI,Shipped
ORD06991,CST1002,PRD0750,2025-02-10,4,363202.4,Debit Card,Processing
ORD06992,CST1123,PRD0098,2025-01-07,10,91723.55,Net Banking,Processing
ORD06993,CST4805,PRD0276,2025-06-23,7,219495.98,Credit Card,Cancelled
ORD06994,CST3435,PRD0836,2025-09-18,5,399271.45,UPI,Delivered
ORD06995,CST4398,PRD0351,2025-07-12,7,213059.7,Net Banking,Shipped
ORD06996,CST0758,PRD0204,2025-03-27,4,176114.34,Debit Card,Processing
ORD06997,CST1380,PRD0648,2025-02-28,2,146050.1,Cash on Delivery,Shipped
ORD06998,CST2237,PRD0408,2025-12-17,9,379974.0,Cash on Delivery,Cancelled
ORD06999,CST2865,PRD0192,2025-03-08,6,427496.73,Debit Card,Delivered
ORD07000,CST4304,PRD0006,2025-08-21,6,248881.91,Cash on Delivery,Delivered
ORD07001,CST1736,PRD0976,2025-02-15,3,245373.68,Credit Card,Cancelled
ORD07002,CST3796,PRD0690,2025-08-15,3,82263.03,Debit Card,Cancelled
ORD07003,CST4942,PRD0673,2025-07-12,10,387197.85,Credit Card,Cancelled
ORD07004,CST3644,PRD0272,2025-09-17,3,288054.49,Debit Card,Processing
ORD07005,CST4427,PRD0232,2025-09-29,10,432129.02,Credit Card,Shipped
ORD07006,CST2200,PRD0496,2025-07-04,8,76825.62,Cash on Delivery,Shipped
ORD07007,CST2299,PRD0642,2025-02-22,10,18027.53,Debit Card,Processing
ORD07008,CST0615,PRD0810,2025-05-16,6,150869.36,Credit Card,Shipped
ORD07009,CST0644,PRD0746,2025-05-03,8,325252.45,Cash on Delivery,Processing
ORD07010,CST1362,PRD0658,2025-06-30,7,55260.32,Debit Card,Cancelled
ORD07011,CST2713,PRD0008,2025-11-09,5,132027.03,UPI,Processing
ORD07012,CST2427,PRD0287,2025-01-14,5,20378.33,UPI,Cancelled
ORD07013,CST2430,PRD0465,2025-11-06,8,449306.88,Cash on Delivery,Delivered
ORD07014,CST3116,PRD0490,2025-06-14,1,71859.02,Net Banking,Cancelled
ORD07015,CST3682,PRD0771,2025-02-06,2,136083.28,Cash on Delivery,Processing
ORD07016,CST4956,PRD0908,2025-01-28,1,413157.39,UPI,Delivered
ORD07017,CST4743,PRD0872,2025-11-29,5,429650.41,Net Banking,Cancelled
ORD07018,CST1623,PRD0491,2025-09-10,9,169339.24,UPI,Processing
ORD07019,CST3105,PRD0655,2025-08-22,10,268218.84,Cash on Delivery,Shipped
ORD07020,CST3967,PRD0863,2025-04-14,1,338633.51,UPI,Cancelled
ORD07021,CST1630,PRD0222,2025-03-04,8,495711.35,Cash on Delivery,Cancelled
ORD07022,CST1943,PRD0640,2025-09-16,9,61100.99,Net Banking,Cancelled
ORD07023,CST3438,PRD0151,2025-06-30,4,262566.67,Cash on Delivery,Cancelled
ORD07024,CST0405,PRD0790,2025-04-04,9,300129.97,UPI,Processing
ORD07025,CST1614,PRD0800,2025-04-28,6,429133.17,Net Banking,Cancelled
ORD07026,CST4670,PRD0808,2025-02-22,6,305918.21,Credit Card,Cancelled
ORD07027,CST2845,PRD0571,2025-07-17,4,476165.3,UPI,Shipped
ORD07028,CST0046,PRD0307,2025-05-01,6,126220.86,Credit Card,Cancelled
ORD07029,CST0766,PRD0854,2025-04-30,8,421187.49,UPI,Processing
ORD07030,CST0652,PRD0505,2025-10-07,6,261980.31,Net Banking,Delivered
ORD07031,CST2300,PRD0263,2025-09-15,4,325576.25,Debit Card,Cancelled
ORD07032,CST3854,PRD0302,2025-01-17,8,429435.64,UPI,Delivered
ORD07033,CST1294,PRD0722,2025-07-13,4,354547.31,Cash on Delivery,Cancelled
ORD07034,CST0254,PRD0228,2025-06-02,3,28490.37,Debit Card,Shipped
ORD07035,CST3088,PRD0344,2025-12-23,6,71241.49,Credit Card,Cancelled
ORD07036,CST0615,PRD0183,2025-07-10,4,442712.73,Cash on Delivery,Delivered
ORD07037,CST1818,PRD0736,2025-02-09,6,404198.05,Debit Card,Shipped
ORD07038,CST1295,PRD0494,2025-04-02,9,486472.9,Credit Card,Delivered
ORD07039,CST1509,PRD0190,2025-12-13,1,409175.78,Credit Card,Processing
ORD07040,CST2796,PRD0923,2025-08-03,1,144000.38,UPI,Delivered
ORD07041,CST2485,PRD0900,2025-10-15,6,96474.22,Net Banking,Cancelled
ORD07042,CST1783,PRD0346,2025-03-06,5,489236.03,Credit Card,Delivered
ORD07043,CST2605,PRD0398,2025-04-12,1,297600.12,Debit Card,Delivered
ORD07044,CST1923,PRD0225,2025-09-29,4,36390.54,UPI,Shipped
ORD07045,CST0761,PRD0930,2025-03-26,10,43094.6,Credit Card,Shipped
ORD07046,CST4829,PRD0040,2025-05-09,9,258289.75,UPI,Delivered
ORD07047,CST2473,PRD0728,2025-09-10,3,466065.61,Credit Card,Processing
ORD07048,CST2880,PRD0513,2025-11-03,4,20899.02,UPI,Shipped
ORD07049,CST2137,PRD0531,2025-08-25,10,128420.53,Debit Card,Shipped
ORD07050,CST1605,PRD0961,2025-03-23,9,486351.73,Credit Card,Shipped
ORD07051,CST1643,PRD0219,2025-08-17,2,315788.16,Credit Card,Shipped
ORD07052,CST0251,PRD0270,2025-11-08,1,59429.4,Cash on Delivery,Processing
ORD07053,CST1206,PRD0007,2025-09-24,6,56943.72,Credit Card,Delivered
ORD07054,CST3969,PRD0585,2025-02-15,9,403663.15,Cash on Delivery,Shipped
ORD07055,CST2860,PRD0610,2025-08-02,6,479504.43,Cash on Delivery,Delivered
ORD07056,CST1159,PRD0847,2025-02-02,8,30266.3,Debit Card,Delivered
ORD07057,CST1878,PRD0838,2025-06-15,3,212633.17,Credit Card,Cancelled
ORD07058,CST4109,PRD0146,2025-05-16,1,404258.53,Credit Card,Shipped
ORD07059,CST3805,PRD0484,2025-01-31,7,411674.03,Credit Card,Shipped
ORD07060,CST0111,PRD0805,2025-10-03,1,466760.39,UPI,Cancelled
ORD07061,CST0194,PRD0432,2025-07-30,9,108369.1,UPI,Processing
ORD07062,CST3197,PRD0747,2025-06-03,6,12216.72,Debit Card,Shipped
ORD07063,CST2198,PRD0433,2025-11-08,10,389553.4,Debit Card,Shipped
ORD07064,CST4906,PRD0972,2025-03-26,1,199305.11,Cash on Delivery,Shipped
ORD07065,CST1236,PRD0054,2025-06-10,5,403175.85,UPI,Processing
ORD07066,CST1744,PRD0561,2025-01-17,1,117963.58,Debit Card,Shipped
ORD07067,CST0892,PRD0742,2025-06-16,3,112459.93,Net Banking,Delivered
ORD07068,CST2475,PRD0970,2025-09-14,5,39467.04,Debit Card,Delivered
ORD07069,CST2515,PRD0719,2025-06-05,2,17231.59,Credit Card,Shipped
ORD07070,CST1136,PRD0540,2025-01-06,1,241914.95,UPI,Cancelled
ORD07071,CST0566,PRD0075,2025-07-11,6,178067.75,Cash on Delivery,Cancelled
ORD07072,CST2159,PRD0450,2025-07-07,5,418012.85,Debit Card,Delivered
ORD07073,CST3795,PRD0402,2025-10-10,2,257726.77,Debit Card,Cancelled
ORD07074,CST3229,PRD0941,2025-06-23,9,310246.04,UPI,Shipped
ORD07075,CST0432,PRD0450,2025-06-09,1,418012.85,Cash on Delivery,Cancelled
ORD07076,CST2638,PRD0047,2025-05-04,7,135167.95,UPI,Cancelled
ORD07077,CST1559,PRD0864,2025-09-24,4,314562.72,Debit Card,Delivered
ORD07078,CST1677,PRD0598,2025-06-01,9,307146.21,Net Banking,Processing
ORD07079,CST0754,PRD0743,2025-11-22,2,4504.46,Cash on Delivery,Shipped
ORD07080,CST3802,PRD0889,2025-01-09,8,6877.23,UPI,Shipped
ORD07081,CST3496,PRD0250,2025-08-14,9,213435.85,UPI,Delivered
ORD07082,CST1410,PRD0780,2025-11-22,8,184102.36,Cash on Delivery,Shipped
ORD07083,CST4364,PRD0257,2025-10-30,5,25097.81,Credit Card,Shipped
ORD07084,CST3309,PRD0166,2025-08-23,2,482339.14,Debit Card,Processing
ORD07085,CST2164,PRD0191,2025-12-26,1,341365.94,Net Banking,Delivered
ORD07086,CST3206,PRD0014,2025-04-08,2,456289.05,Net Banking,Shipped
ORD07087,CST4970,PRD0591,2025-10-03,10,278924.26,Credit Card,Cancelled
ORD07088,CST1779,PRD0754,2025-03-03,5,126509.66,Credit Card,Cancelled
ORD07089,CST4785,PRD0993,2025-10-31,10,96660.13,Cash on Delivery,Delivered
ORD07090,CST2147,PRD0884,2025-02-14,8,87645.2,Credit Card,Delivered
ORD07091,CST2233,PRD0490,2025-11-02,10,71859.02,Credit Card,Cancelled
ORD07092,CST3192,PRD0595,2025-08-18,7,68955.26,UPI,Delivered
ORD07093,CST1725,PRD0672,2025-06-11,5,269053.06,Credit Card,Delivered
ORD07094,CST2713,PRD0536,2025-12-13,1,311946.86,UPI,Processing
ORD07095,CST3982,PRD0799,2025-04-04,7,265235.57,Debit Card,Shipped
ORD07096,CST0706,PRD0495,2025-05-27,6,290468.87,Credit Card,Delivered
ORD07097,CST1785,PRD0415,2025-11-08,10,379456.13,Credit Card,Cancelled
ORD07098,CST1756,PRD0539,2025-07-15,8,57940.75,UPI,Processing
ORD07099,CST1432,PRD0942,2025-02-14,1,275839.78,Debit Card,Shipped
ORD07100,CST3605,PRD0496,2025-05-25,8,76825.62,Credit Card,Shipped
ORD07101,CST2980,PRD0602,2025-11-04,5,167614.67,Debit Card,Shipped
ORD07102,CST0460,PRD0896,2025-11-11,10,435081.93,Debit Card,Shipped
ORD07103,CST0960,PRD0225,2025-05-27,5,36390.54,Credit Card,Processing
ORD07104,CST0907,PRD0773,2025-09-29,5,105070.58,Net Banking,Processing
ORD07105,CST2788,PRD0895,2025-12-01,10,248626.16,Cash on Delivery,Delivered
ORD07106,CST3950,PRD0743,2025-09-21,4,4504.46,Credit Card,Delivered
ORD07107,CST3990,PRD0711,2025-05-13,2,80496.35,UPI,Shipped
ORD07108,CST1497,PRD0808,2025-09-24,1,305918.21,Cash on Delivery,Processing
ORD07109,CST0019,PRD0367,2025-07-12,4,259157.27,Debit Card,Processing
ORD07110,CST1368,PRD0169,2025-12-25,9,395469.1,UPI,Processing
ORD07111,CST1655,PRD0718,2025-12-09,4,276001.51,Cash on Delivery,Processing
ORD07112,CST0759,PRD0939,2025-10-09,10,137483.62,Debit Card,Cancelled
ORD07113,CST0092,PRD0667,2025-07-22,1,89269.08,Debit Card,Cancelled
ORD07114,CST0729,PRD0417,2025-11-21,8,320388.29,Debit Card,Processing
ORD07115,CST1042,PRD0280,2025-09-08,2,475659.52,Net Banking,Shipped
ORD07116,CST3100,PRD0010,2025-06-10,4,384455.08,UPI,Delivered
ORD07117,CST0301,PRD0906,2025-04-12,5,228989.54,Net Banking,Shipped
ORD07118,CST3955,PRD0788,2025-08-24,6,339219.05,Cash on Delivery,Processing
ORD07119,CST0946,PRD0551,2025-11-26,8,150040.96,Credit Card,Delivered
ORD07120,CST1548,PRD0627,2025-08-24,4,393537.09,UPI,Delivered
ORD07121,CST2868,PRD0625,2025-03-05,4,112489.78,Credit Card,Processing
ORD07122,CST4815,PRD0342,2025-08-05,7,284358.28,UPI,Cancelled
ORD07123,CST3713,PRD0959,2025-12-13,7,60127.04,UPI,Delivered
ORD07124,CST4712,PRD0572,2025-06-30,5,448724.27,UPI,Processing
ORD07125,CST2089,PRD0716,2025-02-03,9,340135.32,Cash on Delivery,Shipped
ORD07126,CST1788,PRD0637,2025-08-17,6,357349.95,Cash on Delivery,Shipped
ORD07127,CST0711,PRD0373,2025-06-09,8,129369.28,UPI,Shipped
ORD07128,CST2194,PRD0227,2025-10-29,7,233563.85,UPI,Shipped
ORD07129,CST4876,PRD0019,2025-01-15,6,189955.9,UPI,Cancelled
ORD07130,CST4098,PRD0989,2025-11-05,7,417438.58,Credit Card,Processing
ORD07131,CST1228,PRD0217,2025-01-23,6,291586.72,Net Banking,Cancelled
ORD07132,CST1127,PRD0786,2025-03-25,7,79605.99,UPI,Delivered
ORD07133,CST3823,PRD0412,2025-07-14,3,332209.89,Credit Card,Cancelled
ORD07134,CST2148,PRD0485,2025-08-10,9,32645.18,Net Banking,Shipped
ORD07135,CST1251,PRD0792,2025-11-06,7,219724.52,Cash on Delivery,Delivered
ORD07136,CST1051,PRD0788,2025-07-01,7,339219.05,Cash on Delivery,Delivered
ORD07137,CST4098,PRD0446,2025-01-01,9,2640.18,Net Banking,Shipped
ORD07138,CST2724,PRD0845,2025-04-20,10,228106.59,Cash on Delivery,Shipped
ORD07139,CST3804,PRD0631,2025-01-22,1,278500.79,UPI,Processing
ORD07140,CST2911,PRD0863,2025-09-22,5,338633.51,UPI,Processing
ORD07141,CST0647,PRD0317,2025-03-08,10,246252.59,Cash on Delivery,Delivered
ORD07142,CST4086,PRD0451,2025-05-03,2,381328.13,Net Banking,Cancelled
ORD07143,CST2852,PRD0625,2025-10-30,4,112489.78,Cash on Delivery,Shipped
ORD07144,CST4823,PRD0367,2025-04-11,4,259157.27,Debit Card,Delivered
ORD07145,CST3023,PRD0062,2025-05-19,4,7644.0,UPI,Shipped
ORD07146,CST0770,PRD0636,2025-12-16,1,342103.33,Credit Card,Processing
ORD07147,CST1991,PRD0839,2025-11-20,5,14178.61,UPI,Shipped
ORD07148,CST2042,PRD0454,2025-05-04,4,74767.36,Debit Card,Processing
ORD07149,CST3340,PRD0945,2025-07-20,3,350844.39,UPI,Delivered
ORD07150,CST4434,PRD0135,2025-05-01,4,338060.45,UPI,Delivered
ORD07151,CST4826,PRD0216,2025-03-13,5,499353.57,Net Banking,Shipped
ORD07152,CST0492,PRD0179,2025-02-07,6,266939.11,UPI,Shipped
ORD07153,CST3815,PRD0259,2025-11-21,5,158482.78,Debit Card,Shipped
ORD07154,CST2882,PRD0592,2025-03-14,1,289106.2,Debit Card,Delivered
ORD07155,CST3371,PRD0410,2025-08-09,5,375658.1,Cash on Delivery,Delivered
ORD07156,CST4314,PRD0365,2025-07-08,7,74809.6,Credit Card,Delivered
ORD07157,CST4997,PRD0138,2025-08-03,1,135488.73,UPI,Delivered
ORD07158,CST1312,PRD0211,2025-05-27,2,373727.86,UPI,Shipped
ORD07159,CST2848,PRD0379,2025-10-23,1,7566.07,Credit Card,Processing
ORD07160,CST1582,PRD0370,2025-06-04,3,394986.76,UPI,Delivered
ORD07161,CST2389,PRD0420,2025-02-17,5,151431.53,Debit Card,Cancelled
ORD07162,CST0282,PRD0353,2025-09-14,6,283640.21,Net Banking,Delivered
ORD07163,CST0772,PRD0548,2025-02-04,9,466203.13,Credit Card,Delivered
ORD07164,CST2461,PRD0560,2025-09-29,5,268038.22,Net Banking,Processing
ORD07165,CST1585,PRD0392,2025-05-10,3,249841.7,Debit Card,Processing
ORD07166,CST3799,PRD0480,2025-11-17,10,192534.51,Credit Card,Shipped
ORD07167,CST2593,PRD0463,2025-04-19,7,24303.03,Net Banking,Cancelled
ORD07168,CST0922,PRD0784,2025-01-24,8,32875.71,UPI,Delivered
ORD07169,CST2662,PRD0013,2025-10-29,4,291862.99,Cash on Delivery,Shipped
ORD07170,CST1817,PRD0531,2025-07-28,5,128420.53,UPI,Shipped
ORD07171,CST1309,PRD0746,2025-01-30,8,325252.45,Net Banking,Delivered
ORD07172,CST1095,PRD0985,2025-01-03,3,201601.85,Debit Card,Processing
ORD07173,CST2767,PRD0471,2025-01-25,2,216734.98,Net Banking,Delivered
ORD07174,CST1095,PRD0526,2025-11-04,1,341793.28,Credit Card,Cancelled
ORD07175,CST3876,PRD0831,2025-11-20,7,220638.31,Credit Card,Processing
ORD07176,CST3732,PRD0886,2025-06-19,9,149416.36,Debit Card,Shipped
ORD07177,CST1735,PRD0557,2025-04-22,8,145982.77,UPI,Processing
ORD07178,CST3261,PRD0251,2025-01-26,5,17635.27,Cash on Delivery,Delivered
ORD07179,CST4099,PRD0159,2025-09-10,3,486431.31,UPI,Shipped
ORD07180,CST3653,PRD0629,2025-03-10,3,197064.56,Cash on Delivery,Delivered
ORD07181,CST3418,PRD0840,2025-03-15,2,435333.59,Credit Card,Processing
ORD07182,CST0378,PRD0037,2025-03-09,7,19282.54,UPI,Shipped
ORD07183,CST0041,PRD0651,2025-08-17,2,6511.35,Cash on Delivery,Processing
ORD07184,CST3461,PRD0081,2025-12-10,1,422104.17,Cash on Delivery,Cancelled
ORD07185,CST0509,PRD0569,2025-07-06,6,131038.86,Credit Card,Cancelled
ORD07186,CST2918,PRD0816,2025-12-29,9,374296.8,Debit Card,Cancelled
ORD07187,CST0027,PRD0573,2025-06-15,1,175769.62,Net Banking,Processing
ORD07188,CST1148,PRD0979,2025-03-24,2,392765.58,Cash on Delivery,Shipped
ORD07189,CST1963,PRD0410,2025-10-08,6,375658.1,UPI,Cancelled
ORD07190,CST0308,PRD0255,2025-04-16,7,161716.33,Debit Card,Shipped
ORD07191,CST3297,PRD0684,2025-03-13,1,468185.59,Debit Card,Cancelled
ORD07192,CST2633,PRD0545,2025-01-09,9,287988.76,UPI,Delivered
ORD07193,CST3816,PRD0274,2025-08-23,7,26901.38,UPI,Processing
ORD07194,CST0362,PRD0450,2025-10-13,4,418012.85,Credit Card,Delivered
ORD07195,CST4135,PRD0444,2025-06-20,7,244857.38,UPI,Processing
ORD07196,CST3986,PRD0427,2025-03-18,6,62385.96,Cash on Delivery,Delivered
ORD07197,CST2664,PRD0165,2025-08-09,3,41259.55,Net Banking,Delivered
ORD07198,CST1194,PRD0927,2025-10-25,1,449252.77,Credit Card,Processing
ORD07199,CST2396,PRD0135,2025-01-14,2,338060.45,Net Banking,Processing
ORD07200,CST0174,PRD0623,2025-12-17,8,440872.68,Cash on Delivery,Shipped
ORD07201,CST1694,PRD0762,2025-07-22,1,380190.91,Debit Card,Processing
ORD07202,CST3275,PRD0856,2025-10-21,1,370444.62,Credit Card,Cancelled
ORD07203,CST3559,PRD0066,2025-04-08,7,312144.24,UPI,Processing
ORD07204,CST3157,PRD0775,2025-11-29,6,370470.97,UPI,Shipped
ORD07205,CST3082,PRD0962,2025-02-10,2,177543.33,Cash on Delivery,Shipped
ORD07206,CST0005,PRD0244,2025-12-23,8,253186.64,Credit Card,Delivered
ORD07207,CST2089,PRD0981,2025-08-29,10,245722.69,Cash on Delivery,Cancelled
ORD07208,CST2541,PRD0155,2025-06-08,1,311483.01,Credit Card,Cancelled
ORD07209,CST0918,PRD0023,2025-05-31,10,317209.45,Credit Card,Delivered
ORD07210,CST3134,PRD0966,2025-11-21,4,492739.35,Debit Card,Processing
ORD07211,CST0609,PRD0498,2025-10-31,1,137312.73,Credit Card,Cancelled
ORD07212,CST1382,PRD0949,2025-11-22,9,24389.77,Cash on Delivery,Processing
ORD07213,CST0797,PRD0106,2025-12-25,8,266553.12,Net Banking,Cancelled
ORD07214,CST3431,PRD0210,2025-06-12,2,417928.44,Debit Card,Cancelled
ORD07215,CST4080,PRD0242,2025-04-08,6,96910.37,Net Banking,Shipped
ORD07216,CST4092,PRD0045,2025-10-23,4,50894.14,Credit Card,Cancelled
ORD07217,CST4298,PRD0372,2025-04-01,8,11186.02,Debit Card,Processing
ORD07218,CST2503,PRD0491,2025-09-19,2,169339.24,Cash on Delivery,Processing
ORD07219,CST4750,PRD0948,2025-03-07,7,183460.79,Cash on Delivery,Shipped
ORD07220,CST4657,PRD0223,2025-05-22,8,463774.72,Debit Card,Cancelled
ORD07221,CST0920,PRD0294,2025-11-18,4,248756.76,Cash on Delivery,Shipped
ORD07222,CST4706,PRD0707,2025-04-03,8,269484.59,Cash on Delivery,Delivered
ORD07223,CST0434,PRD0754,2025-07-30,4,126509.66,Credit Card,Delivered
ORD07224,CST4075,PRD0044,2025-02-28,6,37639.26,Credit Card,Cancelled
ORD07225,CST2002,PRD0002,2025-12-31,10,200708.22,UPI,Processing
ORD07226,CST1339,PRD0328,2025-11-17,1,61902.25,Net Banking,Cancelled
ORD07227,CST1659,PRD0888,2025-11-01,8,325219.21,UPI,Processing
ORD07228,CST0842,PRD0567,2025-09-26,9,240435.35,Credit Card,Shipped
ORD07229,CST1360,PRD0875,2025-08-13,7,299797.18,Debit Card,Cancelled
ORD07230,CST2635,PRD0340,2025-02-05,8,61873.66,Credit Card,Delivered
ORD07231,CST0628,PRD0246,2025-03-30,6,244876.34,UPI,Cancelled
ORD07232,CST2575,PRD0589,2025-03-15,6,497145.92,Debit Card,Processing
ORD07233,CST3740,PRD0418,2025-12-10,4,14440.45,Debit Card,Cancelled
ORD07234,CST3178,PRD0716,2025-12-28,3,340135.32,Debit Card,Processing
ORD07235,CST2602,PRD0248,2025-05-26,5,293696.67,UPI,Cancelled
ORD07236,CST4343,PRD0740,2025-05-16,5,456634.56,Debit Card,Shipped
ORD07237,CST3041,PRD0530,2025-08-13,10,146632.15,Net Banking,Shipped
ORD07238,CST0513,PRD0878,2025-08-06,7,287146.69,UPI,Cancelled
ORD07239,CST3179,PRD0386,2025-05-25,1,381716.79,Debit Card,Cancelled
ORD07240,CST0889,PRD0090,2025-02-03,6,125416.0,Credit Card,Delivered
ORD07241,CST0481,PRD0946,2025-08-03,10,98554.47,Net Banking,Cancelled
ORD07242,CST4111,PRD0908,2025-10-15,1,413157.39,Debit Card,Delivered
ORD07243,CST3831,PRD0099,2025-02-04,5,130423.59,Credit Card,Shipped
ORD07244,CST4012,PRD0011,2025-02-21,7,50487.59,Net Banking,Processing
ORD07245,CST4857,PRD0070,2025-01-22,9,245276.45,Credit Card,Delivered
ORD07246,CST2203,PRD0754,2025-08-08,6,126509.66,UPI,Shipped
ORD07247,CST3357,PRD0509,2025-09-04,2,449794.29,UPI,Shipped
ORD07248,CST1190,PRD0634,2025-01-01,7,87769.43,Net Banking,Delivered
ORD07249,CST4659,PRD0037,2025-11-10,6,19282.54,UPI,Shipped
ORD07250,CST2443,PRD0389,2025-05-07,9,385961.68,UPI,Shipped
ORD07251,CST3916,PRD0598,2025-12-10,4,307146.21,Credit Card,Delivered
ORD07252,CST4753,PRD0685,2025-02-28,1,456765.97,Cash on Delivery,Processing
ORD07253,CST0590,PRD0105,2025-10-08,1,372421.86,Net Banking,Delivered
ORD07254,CST0210,PRD0420,2025-11-05,2,151431.53,Credit Card,Shipped
ORD07255,CST4802,PRD0626,2025-04-20,5,107714.25,Debit Card,Shipped
ORD07256,CST0683,PRD0730,2025-10-19,5,133552.82,Cash on Delivery,Processing
ORD07257,CST3886,PRD0827,2025-12-28,8,147831.09,UPI,Shipped
ORD07258,CST2387,PRD0489,2025-05-16,7,18581.92,UPI,Processing
ORD07259,CST1665,PRD0056,2025-04-27,9,375116.59,Credit Card,Delivered
ORD07260,CST4017,PRD0149,2025-12-22,10,335999.71,UPI,Shipped
ORD07261,CST4058,PRD0985,2025-10-04,4,201601.85,Net Banking,Processing
ORD07262,CST0794,PRD0826,2025-03-12,7,318147.75,Cash on Delivery,Delivered
ORD07263,CST4131,PRD0032,2025-01-05,8,440662.44,UPI,Shipped
ORD07264,CST3555,PRD0370,2025-09-25,3,394986.76,Credit Card,Shipped
ORD07265,CST1488,PRD0905,2025-12-16,9,425456.72,Credit Card,Processing
ORD07266,CST1965,PRD0990,2025-07-19,4,256089.23,Cash on Delivery,Shipped
ORD07267,CST2473,PRD0515,2025-10-06,2,140795.33,Credit Card,Shipped
ORD07268,CST2061,PRD0066,2025-03-26,4,312144.24,Credit Card,Delivered
ORD07269,CST2213,PRD0540,2025-10-18,8,241914.95,Credit Card,Shipped
ORD07270,CST0085,PRD0634,2025-08-15,7,87769.43,Credit Card,Shipped
ORD07271,CST2634,PRD0407,2025-11-17,7,112818.92,Net Banking,Processing
ORD07272,CST4454,PRD0517,2025-03-01,6,207791.06,Debit Card,Delivered
ORD07273,CST1448,PRD0022,2025-12-13,5,186224.28,Net Banking,Delivered
ORD07274,CST4810,PRD0620,2025-11-26,8,383111.41,Net Banking,Processing
ORD07275,CST3168,PRD0550,2025-07-25,9,449112.02,Credit Card,Shipped
ORD07276,CST4818,PRD0646,2025-10-20,8,352863.86,UPI,Shipped
ORD07277,CST1997,PRD0809,2025-08-02,8,108687.46,Cash on Delivery,Cancelled
ORD07278,CST4255,PRD0180,2025-05-01,6,110455.66,Net Banking,Shipped
ORD07279,CST1590,PRD0831,2025-08-27,10,220638.31,UPI,Shipped
ORD07280,CST4090,PRD0805,2025-12-14,2,466760.39,Cash on Delivery,Cancelled
ORD07281,CST1627,PRD0363,2025-12-27,6,332049.21,Net Banking,Delivered
ORD07282,CST4953,PRD0241,2025-01-09,7,313050.32,Cash on Delivery,Delivered
ORD07283,CST3317,PRD0805,2025-09-23,4,466760.39,UPI,Delivered
ORD07284,CST4586,PRD0131,2025-10-01,10,54831.73,UPI,Delivered
ORD07285,CST0808,PRD0148,2025-03-09,2,27874.16,Debit Card,Cancelled
ORD07286,CST3459,PRD0025,2025-05-28,5,229608.54,UPI,Cancelled
ORD07287,CST1458,PRD0728,2025-03-14,5,466065.61,Net Banking,Shipped
ORD07288,CST3733,PRD0737,2025-07-13,8,173564.73,Debit Card,Shipped
ORD07289,CST3861,PRD0283,2025-04-03,5,466806.55,Net Banking,Cancelled
ORD07290,CST4469,PRD0438,2025-08-16,1,185862.82,Debit Card,Cancelled
ORD07291,CST1584,PRD0835,2025-04-28,1,454163.09,Credit Card,Cancelled
ORD07292,CST2695,PRD0728,2025-11-21,5,466065.61,Credit Card,Cancelled
ORD07293,CST2943,PRD0792,2025-10-05,10,219724.52,Net Banking,Delivered
ORD07294,CST1602,PRD0655,2025-06-04,1,268218.84,Credit Card,Delivered
ORD07295,CST3909,PRD0263,2025-02-07,6,325576.25,Net Banking,Processing
ORD07296,CST1933,PRD0290,2025-07-14,6,319785.27,UPI,Cancelled
ORD07297,CST3254,PRD0174,2025-05-03,3,468347.49,Credit Card,Shipped
ORD07298,CST0507,PRD0504,2025-02-20,4,151643.81,Cash on Delivery,Processing
ORD07299,CST0803,PRD0555,2025-06-02,7,237730.62,Credit Card,Cancelled
ORD07300,CST2785,PRD0354,2025-12-18,5,484265.29,Credit Card,Processing
ORD07301,CST4707,PRD0489,2025-06-26,5,18581.92,Credit Card,Shipped
ORD07302,CST0042,PRD0085,2025-05-15,6,430414.2,Credit Card,Cancelled
ORD07303,CST0899,PRD0982,2025-11-05,6,227177.39,UPI,Shipped
ORD07304,CST4105,PRD0366,2025-09-28,9,325775.78,UPI,Shipped
ORD07305,CST1736,PRD0055,2025-01-16,10,144415.29,Credit Card,Cancelled
ORD07306,CST0058,PRD0814,2025-03-31,7,458300.48,UPI,Processing
ORD07307,CST1248,PRD0096,2025-02-07,8,279302.34,UPI,Delivered
ORD07308,CST4730,PRD0408,2025-04-19,3,379974.0,Credit Card,Shipped
ORD07309,CST2508,PRD0139,2025-07-24,5,157114.43,Cash on Delivery,Delivered
ORD07310,CST1583,PRD0078,2025-02-25,4,377438.99,Debit Card,Cancelled
ORD07311,CST0601,PRD0604,2025-06-10,7,55662.65,UPI,Processing
ORD07312,CST1027,PRD0754,2025-11-09,7,126509.66,UPI,Delivered
ORD07313,CST4438,PRD0393,2025-03-16,5,132764.27,UPI,Processing
ORD07314,CST1863,PRD0796,2025-02-17,1,188906.88,Cash on Delivery,Shipped
ORD07315,CST4143,PRD0480,2025-02-05,9,192534.51,Net Banking,Cancelled
ORD07316,CST1303,PRD0505,2025-10-23,4,261980.31,Credit Card,Shipped
ORD07317,CST1806,PRD0580,2025-12-04,3,391109.22,Cash on Delivery,Delivered
ORD07318,CST4137,PRD0699,2025-04-04,4,394615.9,Net Banking,Cancelled
ORD07319,CST1163,PRD0932,2025-10-31,9,429450.45,Credit Card,Cancelled
ORD07320,CST1698,PRD0301,2025-08-08,1,7480.96,Credit Card,Cancelled
ORD07321,CST0021,PRD0935,2025-11-01,7,55002.05,Debit Card,Processing
ORD07322,CST0088,PRD0357,2025-02-10,10,22283.08,Debit Card,Shipped
ORD07323,CST2553,PRD0138,2025-08-05,3,135488.73,Net Banking,Shipped
ORD07324,CST3457,PRD0655,2025-03-17,3,268218.84,Cash on Delivery,Shipped
ORD07325,CST4701,PRD0263,2025-10-11,2,325576.25,Credit Card,Shipped
ORD07326,CST2374,PRD0717,2025-01-11,9,184847.94,Debit Card,Cancelled
ORD07327,CST0771,PRD0635,2025-07-10,6,396531.33,Net Banking,Shipped
ORD07328,CST1413,PRD0027,2025-11-08,10,354586.07,Credit Card,Processing
ORD07329,CST1997,PRD0158,2025-03-26,3,167900.97,Credit Card,Cancelled
ORD07330,CST3746,PRD0658,2025-07-25,1,55260.32,UPI,Cancelled
ORD07331,CST3958,PRD0441,2025-06-04,5,402206.34,Debit Card,Shipped
ORD07332,CST0315,PRD0792,2025-02-16,10,219724.52,Credit Card,Shipped
ORD07333,CST3790,PRD0395,2025-04-25,7,499741.53,Net Banking,Shipped
ORD07334,CST0882,PRD0619,2025-06-19,9,237298.04,Net Banking,Shipped
ORD07335,CST0470,PRD0052,2025-11-01,2,5013.37,UPI,Shipped
ORD07336,CST0835,PRD0847,2025-05-21,10,30266.3,UPI,Shipped
ORD07337,CST1247,PRD0017,2025-09-23,8,60245.72,Net Banking,Cancelled
ORD07338,CST4977,PRD0631,2025-11-21,2,278500.79,UPI,Shipped
ORD07339,CST0140,PRD0403,2025-02-25,8,277773.89,UPI,Processing
ORD07340,CST1379,PRD0322,2025-10-05,1,11015.23,Credit Card,Cancelled
ORD07341,CST3669,PRD0088,2025-05-18,4,350575.13,UPI,Processing
ORD07342,CST4312,PRD0768,2025-06-23,4,200993.95,Debit Card,Delivered
ORD07343,CST0805,PRD0078,2025-05-09,3,377438.99,UPI,Processing
ORD07344,CST2184,PRD0832,2025-08-11,2,72199.23,Net Banking,Cancelled
ORD07345,CST3188,PRD0520,2025-07-18,7,42374.24,UPI,Processing
ORD07346,CST0354,PRD0407,2025-10-30,4,112818.92,Net Banking,Cancelled
ORD07347,CST0961,PRD0502,2025-09-29,4,38772.73,Debit Card,Delivered
ORD07348,CST1254,PRD0739,2025-01-25,6,473672.61,Cash on Delivery,Processing
ORD07349,CST4156,PRD0647,2025-10-28,1,358716.62,UPI,Shipped
ORD07350,CST4275,PRD0932,2025-06-17,10,429450.45,Credit Card,Cancelled
ORD07351,CST4037,PRD0253,2025-09-21,5,370166.52,UPI,Cancelled
ORD07352,CST2318,PRD0468,2025-08-31,7,464481.36,Debit Card,Shipped
ORD07353,CST4931,PRD0493,2025-11-05,1,463630.33,Debit Card,Cancelled
ORD07354,CST3220,PRD0701,2025-04-18,8,153776.2,Net Banking,Shipped
ORD07355,CST3489,PRD0575,2025-01-22,9,325253.23,Debit Card,Cancelled
ORD07356,CST1330,PRD0807,2025-07-10,9,66922.99,Credit Card,Shipped
ORD07357,CST1087,PRD0626,2025-03-14,4,107714.25,Cash on Delivery,Shipped
ORD07358,CST0939,PRD0245,2025-12-24,5,141293.88,Net Banking,Cancelled
ORD07359,CST1703,PRD0698,2025-09-02,2,492296.62,Net Banking,Delivered
ORD07360,CST2975,PRD0045,2025-09-05,1,50894.14,Cash on Delivery,Delivered
ORD07361,CST4283,PRD0556,2025-05-04,9,157872.38,Credit Card,Processing
ORD07362,CST1277,PRD0273,2025-06-01,7,254883.09,Cash on Delivery,Shipped
ORD07363,CST2478,PRD0993,2025-04-23,3,96660.13,Credit Card,Shipped
ORD07364,CST3086,PRD0506,2025-08-11,1,386595.81,Net Banking,Cancelled
ORD07365,CST4494,PRD0176,2025-08-03,6,62187.17,Cash on Delivery,Delivered
ORD07366,CST0137,PRD0965,2025-11-07,10,334344.01,Debit Card,Processing
ORD07367,CST2703,PRD0183,2025-06-13,6,442712.73,Net Banking,Delivered
ORD07368,CST2463,PRD0355,2025-01-02,3,328218.0,Cash on Delivery,Cancelled
ORD07369,CST0325,PRD0246,2025-11-14,2,244876.34,UPI,Shipped
ORD07370,CST4540,PRD0438,2025-12-03,2,185862.82,Debit Card,Delivered
ORD07371,CST3421,PRD0185,2025-09-02,5,382123.7,Credit Card,Delivered
ORD07372,CST3699,PRD0721,2025-10-27,8,8562.05,Credit Card,Processing
ORD07373,CST0676,PRD0496,2025-06-21,6,76825.62,Debit Card,Shipped
ORD07374,CST3193,PRD0492,2025-02-06,10,484004.12,Credit Card,Delivered
ORD07375,CST0113,PRD0685,2025-07-06,3,456765.97,Net Banking,Shipped
ORD07376,CST1210,PRD0679,2025-05-23,3,33679.85,UPI,Processing
ORD07377,CST1072,PRD0603,2025-10-19,8,338163.18,Debit Card,Delivered
ORD07378,CST0504,PRD0838,2025-12-28,2,212633.17,Cash on Delivery,Shipped
ORD07379,CST1444,PRD0858,2025-03-13,8,364896.12,Cash on Delivery,Processing
ORD07380,CST3267,PRD0979,2025-10-23,7,392765.58,Net Banking,Delivered
ORD07381,CST4029,PRD0559,2025-01-05,4,412806.94,Cash on Delivery,Processing
ORD07382,CST4343,PRD0178,2025-12-31,6,92916.82,Debit Card,Cancelled
ORD07383,CST0243,PRD0669,2025-03-21,4,291695.08,UPI,Cancelled
ORD07384,CST3134,PRD0157,2025-11-23,5,75831.01,Credit Card,Delivered
ORD07385,CST0996,PRD0312,2025-07-24,10,309777.57,Credit Card,Processing
ORD07386,CST2777,PRD0555,2025-08-30,3,237730.62,Net Banking,Delivered
ORD07387,CST0801,PRD0241,2025-07-01,8,313050.32,UPI,Delivered
ORD07388,CST3284,PRD0868,2025-08-27,1,264227.88,Cash on Delivery,Processing
ORD07389,CST2668,PRD0521,2025-05-29,2,353537.62,Credit Card,Shipped
ORD07390,CST2595,PRD0239,2025-09-26,4,308881.86,Credit Card,Cancelled
ORD07391,CST1485,PRD0973,2025-08-17,2,182634.21,Credit Card,Cancelled
ORD07392,CST1878,PRD0437,2025-10-21,9,278819.26,Debit Card,Cancelled
ORD07393,CST4955,PRD0827,2025-01-09,9,147831.09,Cash on Delivery,Cancelled
ORD07394,CST3422,PRD0790,2025-08-30,5,300129.97,UPI,Processing
ORD07395,CST0588,PRD0322,2025-10-27,5,11015.23,UPI,Delivered
ORD07396,CST4286,PRD0389,2025-01-26,7,385961.68,Debit Card,Cancelled
ORD07397,CST2558,PRD0005,2025-08-05,9,225689.16,Net Banking,Shipped
ORD07398,CST1903,PRD0793,2025-04-19,9,410776.66,Debit Card,Shipped
ORD07399,CST3153,PRD0626,2025-03-17,4,107714.25,Cash on Delivery,Shipped
ORD07400,CST0438,PRD0688,2025-03-04,4,84303.13,Cash on Delivery,Delivered
ORD07401,CST1674,PRD0460,2025-05-18,6,161927.39,Credit Card,Processing
ORD07402,CST2969,PRD0598,2025-06-27,6,307146.21,UPI,Shipped
ORD07403,CST1708,PRD0112,2025-03-19,10,413623.27,Net Banking,Shipped
ORD07404,CST2301,PRD0284,2025-03-08,6,309320.21,UPI,Shipped
ORD07405,CST3424,PRD0174,2025-10-16,5,468347.49,UPI,Processing
ORD07406,CST4830,PRD0224,2025-10-28,9,140719.79,UPI,Processing
ORD07407,CST4150,PRD0172,2025-04-12,3,391302.22,Net Banking,Cancelled
ORD07408,CST1402,PRD0038,2025-05-20,9,475755.84,Cash on Delivery,Cancelled
ORD07409,CST2133,PRD0749,2025-01-22,1,396097.6,Cash on Delivery,Processing
ORD07410,CST4514,PRD0846,2025-02-24,1,476384.69,Debit Card,Cancelled
ORD07411,CST4001,PRD0215,2025-01-04,2,424237.74,Net Banking,Processing
ORD07412,CST4290,PRD0003,2025-08-18,8,220983.37,UPI,Shipped
ORD07413,CST2520,PRD0686,2025-09-01,5,450728.25,Net Banking,Cancelled
ORD07414,CST1925,PRD0652,2025-12-30,6,49523.1,Net Banking,Delivered
ORD07415,CST4999,PRD0735,2025-01-01,3,219840.8,Credit Card,Processing
ORD07416,CST4045,PRD0303,2025-11-29,10,159069.03,Net Banking,Processing
ORD07417,CST2711,PRD0481,2025-06-29,2,259575.52,Net Banking,Shipped
ORD07418,CST3047,PRD0336,2025-11-06,10,304544.51,Net Banking,Cancelled
ORD07419,CST2961,PRD0016,2025-11-28,3,367901.61,Net Banking,Delivered
ORD07420,CST0180,PRD0268,2025-02-22,8,7811.36,UPI,Cancelled
ORD07421,CST2487,PRD0655,2025-11-21,10,268218.84,Cash on Delivery,Shipped
ORD07422,CST4760,PRD0688,2025-03-08,10,84303.13,Credit Card,Delivered
ORD07423,CST3985,PRD0283,2025-11-04,2,466806.55,Net Banking,Shipped
ORD07424,CST2150,PRD0482,2025-05-05,4,286000.13,Cash on Delivery,Cancelled
ORD07425,CST4786,PRD0537,2025-01-14,5,130415.94,Debit Card,Shipped
ORD07426,CST1211,PRD0130,2025-01-12,3,284873.13,Credit Card,Delivered
ORD07427,CST4011,PRD0530,2025-12-12,2,146632.15,Debit Card,Processing
ORD07428,CST4307,PRD0937,2025-07-15,1,12173.96,Credit Card,Delivered
ORD07429,CST0671,PRD0275,2025-02-24,5,377536.84,Debit Card,Delivered
ORD07430,CST0573,PRD0987,2025-06-17,10,447689.57,Credit Card,Processing
ORD07431,CST3253,PRD0339,2025-12-19,5,408007.41,Net Banking,Delivered
ORD07432,CST1243,PRD0290,2025-08-07,5,319785.27,Net Banking,Processing
ORD07433,CST4283,PRD0460,2025-06-09,4,161927.39,Debit Card,Shipped
ORD07434,CST4878,PRD0078,2025-06-11,1,377438.99,Cash on Delivery,Shipped
ORD07435,CST1147,PRD0705,2025-06-07,10,176989.83,UPI,Shipped
ORD07436,CST1683,PRD0505,2025-05-01,5,261980.31,Cash on Delivery,Shipped
ORD07437,CST4636,PRD0275,2025-11-08,3,377536.84,Credit Card,Processing
ORD07438,CST0107,PRD0398,2025-02-14,5,297600.12,UPI,Cancelled
ORD07439,CST2874,PRD0581,2025-07-28,8,181384.25,Debit Card,Cancelled
ORD07440,CST3624,PRD0811,2025-06-02,10,154268.56,Debit Card,Delivered
ORD07441,CST4800,PRD0296,2025-05-25,9,283660.66,UPI,Shipped
ORD07442,CST2432,PRD0579,2025-01-16,5,163261.73,Net Banking,Cancelled
ORD07443,CST1163,PRD0434,2025-06-04,5,354742.21,Credit Card,Delivered
ORD07444,CST4349,PRD0105,2025-06-16,7,372421.86,Debit Card,Processing
ORD07445,CST3683,PRD0551,2025-02-28,10,150040.96,UPI,Cancelled
ORD07446,CST2042,PRD0800,2025-01-24,5,429133.17,UPI,Shipped
ORD07447,CST0519,PRD0416,2025-10-28,6,245397.38,Debit Card,Shipped
ORD07448,CST4301,PRD0661,2025-02-05,10,451325.3,Net Banking,Cancelled
ORD07449,CST1738,PRD0649,2025-01-12,7,393228.12,Credit Card,Cancelled
ORD07450,CST3377,PRD0627,2025-01-17,3,393537.09,Credit Card,Delivered
ORD07451,CST4037,PRD0588,2025-12-21,7,116222.78,Net Banking,Processing
ORD07452,CST1484,PRD0779,2025-11-07,4,144619.96,Net Banking,Cancelled
ORD07453,CST0434,PRD0134,2025-01-14,3,320861.2,Net Banking,Cancelled
ORD07454,CST0330,PRD0524,2025-01-22,10,312738.42,UPI,Delivered
ORD07455,CST0274,PRD0676,2025-12-22,7,130881.15,Net Banking,Processing
ORD07456,CST3947,PRD0548,2025-10-27,5,466203.13,UPI,Shipped
ORD07457,CST3104,PRD0176,2025-04-19,2,62187.17,UPI,Delivered
ORD07458,CST3528,PRD0414,2025-02-11,8,404646.47,UPI,Cancelled
ORD07459,CST0155,PRD0461,2025-10-07,4,289926.23,Credit Card,Cancelled
ORD07460,CST4922,PRD0557,2025-07-11,4,145982.77,Net Banking,Cancelled
ORD07461,CST2603,PRD0151,2025-02-20,3,262566.67,Credit Card,Cancelled
ORD07462,CST0922,PRD0304,2025-01-09,7,150917.76,Net Banking,Shipped
ORD07463,CST3919,PRD0689,2025-09-21,6,236824.36,Debit Card,Processing
ORD07464,CST4468,PRD0784,2025-11-21,6,32875.71,Credit Card,Cancelled
ORD07465,CST1405,PRD0492,2025-11-03,2,484004.12,UPI,Processing
ORD07466,CST2383,PRD0825,2025-12-11,9,426105.92,Debit Card,Shipped
ORD07467,CST4087,PRD0004,2025-02-09,1,480235.53,Cash on Delivery,Cancelled
ORD07468,CST3803,PRD0926,2025-09-03,9,171867.63,Credit Card,Cancelled
ORD07469,CST1012,PRD0537,2025-04-30,8,130415.94,Debit Card,Cancelled
ORD07470,CST3723,PRD0133,2025-05-01,9,470196.95,Credit Card,Cancelled
ORD07471,CST4398,PRD0850,2025-05-25,1,313768.36,Net Banking,Processing
ORD07472,CST3873,PRD0350,2025-09-15,7,117146.45,UPI,Shipped
ORD07473,CST3153,PRD0096,2025-09-30,1,279302.34,Credit Card,Shipped
ORD07474,CST4996,PRD0715,2025-02-14,5,94447.48,Debit Card,Delivered
ORD07475,CST4631,PRD0756,2025-05-04,5,183854.89,Net Banking,Delivered
ORD07476,CST0269,PRD0461,2025-06-24,6,289926.23,Cash on Delivery,Delivered
ORD07477,CST4166,PRD0064,2025-08-05,4,353042.17,Credit Card,Shipped
ORD07478,CST1652,PRD0402,2025-06-11,3,257726.77,UPI,Cancelled
ORD07479,CST2176,PRD0954,2025-05-29,7,3228.8,UPI,Cancelled
ORD07480,CST0842,PRD0445,2025-07-01,6,432469.59,UPI,Processing
ORD07481,CST3818,PRD0039,2025-03-28,4,404.11,Debit Card,Cancelled
ORD07482,CST2121,PRD0478,2025-05-18,9,306836.42,UPI,Cancelled
ORD07483,CST4586,PRD0689,2025-10-25,10,236824.36,Cash on Delivery,Shipped
ORD07484,CST3315,PRD0352,2025-01-28,6,107362.57,Cash on Delivery,Cancelled
ORD07485,CST0097,PRD0464,2025-03-02,1,206183.16,Cash on Delivery,Delivered
ORD07486,CST4823,PRD0130,2025-05-01,8,284873.13,Debit Card,Delivered
ORD07487,CST2241,PRD0627,2025-09-29,1,393537.09,UPI,Delivered
ORD07488,CST1855,PRD0051,2025-06-10,3,481450.5,UPI,Delivered
ORD07489,CST2810,PRD0595,2025-01-10,5,68955.26,Net Banking,Cancelled
ORD07490,CST0168,PRD0743,2025-02-02,4,4504.46,Net Banking,Shipped
ORD07491,CST2653,PRD0244,2025-08-01,8,253186.64,UPI,Cancelled
ORD07492,CST0051,PRD0382,2025-03-05,2,457969.15,Credit Card,Cancelled
ORD07493,CST0490,PRD0042,2025-01-02,3,404782.24,UPI,Shipped
ORD07494,CST0706,PRD0906,2025-01-02,10,228989.54,Net Banking,Shipped
ORD07495,CST4705,PRD0156,2025-12-25,3,259678.66,Credit Card,Shipped
ORD07496,CST0095,PRD0347,2025-05-15,9,316813.1,Cash on Delivery,Shipped
ORD07497,CST3207,PRD0549,2025-06-18,3,278574.72,Net Banking,Processing
ORD07498,CST3018,PRD0838,2025-07-21,1,212633.17,Credit Card,Shipped
ORD07499,CST1755,PRD0248,2025-01-03,8,293696.67,Cash on Delivery,Processing
ORD07500,CST1401,PRD0456,2025-02-06,6,256185.33,Credit Card,Processing
ORD07501,CST0045,PRD0096,2025-09-10,1,279302.34,Debit Card,Processing
ORD07502,CST3739,PRD0297,2025-11-10,7,122519.49,UPI,Cancelled
ORD07503,CST0072,PRD0992,2025-05-10,10,394941.19,Credit Card,Delivered
ORD07504,CST4933,PRD0958,2025-09-13,6,95954.81,Debit Card,Delivered
ORD07505,CST0927,PRD0401,2025-02-15,10,3225.61,Cash on Delivery,Shipped
ORD07506,CST2341,PRD0514,2025-07-04,1,379261.29,Cash on Delivery,Shipped
ORD07507,CST0935,PRD0179,2025-02-18,6,266939.11,Debit Card,Shipped
ORD07508,CST4930,PRD0776,2025-08-10,1,269325.44,Cash on Delivery,Shipped
ORD07509,CST4690,PRD0340,2025-04-03,8,61873.66,UPI,Delivered
ORD07510,CST2025,PRD0263,2025-10-10,4,325576.25,UPI,Delivered
ORD07511,CST0876,PRD0933,2025-10-11,2,260456.45,Cash on Delivery,Cancelled
ORD07512,CST0925,PRD0911,2025-05-18,2,473498.03,Cash on Delivery,Shipped
ORD07513,CST2384,PRD0310,2025-03-19,1,91658.23,Net Banking,Processing
ORD07514,CST0499,PRD0636,2025-10-24,5,342103.33,Cash on Delivery,Processing
ORD07515,CST0993,PRD0855,2025-02-15,7,138698.66,Credit Card,Cancelled
ORD07516,CST1036,PRD0767,2025-01-26,6,333590.31,Cash on Delivery,Processing
ORD07517,CST1217,PRD0110,2025-02-18,3,476684.32,UPI,Delivered
ORD07518,CST1342,PRD0154,2025-03-17,5,209673.07,Cash on Delivery,Processing
ORD07519,CST0237,PRD0091,2025-11-23,1,252674.36,UPI,Delivered
ORD07520,CST1175,PRD0125,2025-10-11,7,118921.52,Cash on Delivery,Cancelled
ORD07521,CST2992,PRD0763,2025-08-06,8,46865.28,Debit Card,Shipped
ORD07522,CST0387,PRD0523,2025-10-17,9,59976.42,Debit Card,Cancelled
ORD07523,CST0305,PRD0002,2025-08-03,3,200708.22,Cash on Delivery,Shipped
ORD07524,CST3051,PRD0023,2025-10-11,3,317209.45,Credit Card,Processing
ORD07525,CST2180,PRD0366,2025-08-16,6,325775.78,Net Banking,Processing
ORD07526,CST0369,PRD0741,2025-07-18,2,138309.77,UPI,Cancelled
ORD07527,CST0221,PRD0815,2025-12-07,6,415420.26,Net Banking,Cancelled
ORD07528,CST3978,PRD0866,2025-03-28,4,232224.0,UPI,Cancelled
ORD07529,CST0773,PRD0372,2025-05-16,6,11186.02,Debit Card,Cancelled
ORD07530,CST2905,PRD0062,2025-11-04,5,7644.0,Credit Card,Processing
ORD07531,CST3770,PRD0789,2025-11-05,6,446137.04,Cash on Delivery,Shipped
ORD07532,CST0506,PRD0086,2025-07-27,8,29313.76,Debit Card,Shipped
ORD07533,CST0692,PRD0887,2025-02-10,8,82722.19,Debit Card,Cancelled
ORD07534,CST2844,PRD0571,2025-03-27,4,476165.3,UPI,Cancelled
ORD07535,CST1195,PRD0232,2025-09-10,9,432129.02,UPI,Cancelled
ORD07536,CST4139,PRD0554,2025-08-07,8,397170.23,Credit Card,Shipped
ORD07537,CST4580,PRD0639,2025-05-08,2,373533.47,Credit Card,Cancelled
ORD07538,CST1371,PRD0380,2025-03-18,2,287266.29,Debit Card,Delivered
ORD07539,CST1475,PRD0834,2025-08-16,8,259687.06,Debit Card,Delivered
ORD07540,CST2197,PRD0001,2025-04-25,2,442722.82,UPI,Shipped
ORD07541,CST3887,PRD0584,2025-01-07,3,336945.29,Net Banking,Shipped
ORD07542,CST1331,PRD0796,2025-02-06,3,188906.88,UPI,Shipped
ORD07543,CST2029,PRD0644,2025-03-04,5,363392.56,UPI,Delivered
ORD07544,CST2936,PRD0354,2025-02-01,3,484265.29,UPI,Shipped
ORD07545,CST2324,PRD0715,2025-08-08,7,94447.48,Debit Card,Cancelled
ORD07546,CST3748,PRD0439,2025-06-30,9,92425.6,Credit Card,Shipped
ORD07547,CST1124,PRD0206,2025-10-23,2,197179.77,Credit Card,Cancelled
ORD07548,CST0845,PRD0106,2025-01-15,6,266553.12,Credit Card,Processing
ORD07549,CST2720,PRD0816,2025-02-06,3,374296.8,Net Banking,Shipped
ORD07550,CST3827,PRD0750,2025-10-16,2,363202.4,Debit Card,Cancelled
ORD07551,CST2319,PRD0590,2025-11-01,8,27079.31,Debit Card,Shipped
ORD07552,CST1688,PRD0212,2025-09-02,1,251709.96,UPI,Shipped
ORD07553,CST1458,PRD0451,2025-07-01,1,381328.13,UPI,Processing
ORD07554,CST4013,PRD0686,2025-10-03,7,450728.25,Credit Card,Delivered
ORD07555,CST0692,PRD0208,2025-08-08,5,63766.87,UPI,Processing
ORD07556,CST4909,PRD0751,2025-10-24,2,272483.38,UPI,Cancelled
ORD07557,CST4575,PRD0352,2025-09-22,10,107362.57,Cash on Delivery,Processing
ORD07558,CST4519,PRD0904,2025-03-22,10,78739.38,Net Banking,Cancelled
ORD07559,CST1020,PRD0554,2025-03-07,3,397170.23,Net Banking,Processing
ORD07560,CST4351,PRD0862,2025-03-13,9,492770.38,Net Banking,Delivered
ORD07561,CST0776,PRD0183,2025-09-11,2,442712.73,Credit Card,Delivered
ORD07562,CST0739,PRD0580,2025-06-21,10,391109.22,UPI,Processing
ORD07563,CST0798,PRD0930,2025-06-11,8,43094.6,Cash on Delivery,Shipped
ORD07564,CST3171,PRD0389,2025-06-19,2,385961.68,Debit Card,Delivered
ORD07565,CST1563,PRD0134,2025-06-26,3,320861.2,Net Banking,Cancelled
ORD07566,CST2770,PRD0134,2025-08-09,9,320861.2,Net Banking,Shipped
ORD07567,CST0452,PRD0250,2025-09-28,9,213435.85,UPI,Shipped
ORD07568,CST2213,PRD0039,2025-04-01,4,404.11,Net Banking,Delivered
ORD07569,CST4776,PRD0328,2025-12-17,6,61902.25,Net Banking,Cancelled
ORD07570,CST4653,PRD0878,2025-10-01,3,287146.69,Net Banking,Processing
ORD07571,CST2259,PRD0359,2025-05-07,3,223411.48,Credit Card,Cancelled
ORD07572,CST2304,PRD0769,2025-04-05,8,16390.65,Debit Card,Cancelled
ORD07573,CST3692,PRD0775,2025-10-08,10,370470.97,Net Banking,Cancelled
ORD07574,CST3085,PRD0725,2025-06-04,7,197882.65,UPI,Shipped
ORD07575,CST3683,PRD0887,2025-12-15,7,82722.19,Credit Card,Delivered
ORD07576,CST1872,PRD0901,2025-07-11,10,439676.4,UPI,Shipped
ORD07577,CST2558,PRD0792,2025-03-24,5,219724.52,Net Banking,Processing
ORD07578,CST4738,PRD0102,2025-03-20,10,448601.47,Credit Card,Delivered
ORD07579,CST1872,PRD0105,2025-06-17,6,372421.86,Net Banking,Cancelled
ORD07580,CST0019,PRD0664,2025-09-06,9,212635.08,Net Banking,Shipped
ORD07581,CST0227,PRD0127,2025-08-17,1,497967.67,UPI,Cancelled
ORD07582,CST0175,PRD0747,2025-01-11,9,12216.72,Credit Card,Shipped
ORD07583,CST0100,PRD0672,2025-08-17,9,269053.06,UPI,Cancelled
ORD07584,CST1087,PRD0004,2025-10-24,6,480235.53,Net Banking,Cancelled
ORD07585,CST4686,PRD0416,2025-10-05,5,245397.38,Net Banking,Processing
ORD07586,CST3056,PRD0019,2025-07-21,8,189955.9,Credit Card,Cancelled
ORD07587,CST4405,PRD0986,2025-04-13,10,70647.16,Credit Card,Shipped
ORD07588,CST4371,PRD0468,2025-06-15,5,464481.36,Debit Card,Processing
ORD07589,CST2319,PRD0616,2025-07-07,4,19332.36,Net Banking,Cancelled
ORD07590,CST3425,PRD0282,2025-03-05,8,313838.55,UPI,Processing
ORD07591,CST3787,PRD0481,2025-10-06,7,259575.52,Net Banking,Processing
ORD07592,CST3693,PRD0863,2025-10-27,1,338633.51,Cash on Delivery,Delivered
ORD07593,CST0069,PRD0932,2025-06-14,8,429450.45,Debit Card,Shipped
ORD07594,CST2992,PRD0394,2025-07-20,1,278794.33,Credit Card,Cancelled
ORD07595,CST4099,PRD0587,2025-10-17,6,134463.91,Net Banking,Delivered
ORD07596,CST3060,PRD0583,2025-07-29,3,175824.78,UPI,Processing
ORD07597,CST1269,PRD0231,2025-07-05,7,212707.32,Net Banking,Delivered
ORD07598,CST3176,PRD0602,2025-05-14,3,167614.67,Net Banking,Shipped
ORD07599,CST4808,PRD0462,2025-05-14,9,156105.69,Cash on Delivery,Shipped
ORD07600,CST4843,PRD0877,2025-03-28,2,356637.62,Debit Card,Cancelled
ORD07601,CST2361,PRD0320,2025-02-04,1,34695.8,Net Banking,Delivered
ORD07602,CST2961,PRD0209,2025-01-20,4,428885.9,UPI,Cancelled
ORD07603,CST2836,PRD0782,2025-11-11,9,96160.12,Cash on Delivery,Delivered
ORD07604,CST1000,PRD0758,2025-07-02,8,17335.43,Net Banking,Delivered
ORD07605,CST4567,PRD0415,2025-09-11,8,379456.13,Debit Card,Shipped
ORD07606,CST3927,PRD0841,2025-12-01,5,388165.42,Net Banking,Processing
ORD07607,CST0184,PRD0252,2025-10-16,3,106677.12,Net Banking,Cancelled
ORD07608,CST1389,PRD0601,2025-12-30,9,188003.12,UPI,Cancelled
ORD07609,CST4947,PRD0079,2025-09-04,7,52375.45,Debit Card,Cancelled
ORD07610,CST4748,PRD0730,2025-07-31,9,133552.82,Cash on Delivery,Shipped
ORD07611,CST3271,PRD0789,2025-03-03,9,446137.04,Credit Card,Shipped
ORD07612,CST1610,PRD0965,2025-11-24,9,334344.01,Credit Card,Cancelled
ORD07613,CST0203,PRD0373,2025-04-18,8,129369.28,UPI,Cancelled
ORD07614,CST4846,PRD0275,2025-02-04,8,377536.84,Credit Card,Delivered
ORD07615,CST0195,PRD0291,2025-02-13,8,86034.61,Net Banking,Processing
ORD07616,CST2282,PRD0365,2025-02-04,8,74809.6,Net Banking,Processing
ORD07617,CST4991,PRD0468,2025-09-27,8,464481.36,Cash on Delivery,Cancelled
ORD07618,CST3767,PRD0556,2025-08-22,4,157872.38,Debit Card,Delivered
ORD07619,CST0002,PRD0065,2025-03-19,9,316183.24,Debit Card,Delivered
ORD07620,CST4461,PRD0027,2025-04-16,6,354586.07,Cash on Delivery,Cancelled
ORD07621,CST3428,PRD0877,2025-07-16,6,356637.62,Credit Card,Processing
ORD07622,CST0152,PRD0264,2025-03-09,4,284299.65,Credit Card,Processing
ORD07623,CST3680,PRD0357,2025-04-05,10,22283.08,Cash on Delivery,Processing
ORD07624,CST3820,PRD0229,2025-01-09,3,222489.98,Net Banking,Cancelled
ORD07625,CST2556,PRD0613,2025-09-22,10,34557.59,Net Banking,Delivered
ORD07626,CST1384,PRD0703,2025-11-02,8,100571.39,Credit Card,Processing
ORD07627,CST1897,PRD0566,2025-01-30,10,490663.38,UPI,Cancelled
ORD07628,CST3443,PRD0661,2025-07-25,7,451325.3,UPI,Shipped
ORD07629,CST2631,PRD0635,2025-11-15,10,396531.33,Credit Card,Processing
ORD07630,CST1331,PRD0273,2025-05-18,1,254883.09,UPI,Processing
ORD07631,CST1564,PRD0737,2025-11-01,2,173564.73,Debit Card,Shipped
ORD07632,CST3882,PRD0609,2025-11-19,3,461335.82,Debit Card,Shipped
ORD07633,CST3308,PRD0591,2025-12-31,5,278924.26,Credit Card,Shipped
ORD07634,CST3382,PRD0392,2025-10-25,1,249841.7,Credit Card,Delivered
ORD07635,CST3084,PRD0156,2025-01-16,1,259678.66,Credit Card,Cancelled
ORD07636,CST3994,PRD0207,2025-02-13,1,343998.24,Cash on Delivery,Processing
ORD07637,CST0380,PRD0961,2025-10-25,9,486351.73,Cash on Delivery,Shipped
ORD07638,CST0395,PRD0405,2025-04-30,9,171605.92,Cash on Delivery,Processing
ORD07639,CST0315,PRD0343,2025-04-25,4,39399.13,Cash on Delivery,Processing
ORD07640,CST2372,PRD0265,2025-02-14,9,276605.28,Cash on Delivery,Cancelled
ORD07641,CST3453,PRD0719,2025-08-03,8,17231.59,Cash on Delivery,Shipped
ORD07642,CST0009,PRD0036,2025-12-28,9,14285.8,UPI,Cancelled
ORD07643,CST4538,PRD0951,2025-11-13,2,444526.71,UPI,Cancelled
ORD07644,CST3198,PRD0247,2025-11-14,6,134623.99,UPI,Delivered
ORD07645,CST2578,PRD0711,2025-02-20,8,80496.35,Cash on Delivery,Delivered
ORD07646,CST3176,PRD0342,2025-07-10,8,284358.28,Debit Card,Delivered
ORD07647,CST4108,PRD0077,2025-03-16,5,46386.65,UPI,Processing
ORD07648,CST2650,PRD0743,2025-12-12,1,4504.46,Cash on Delivery,Processing
ORD07649,CST4185,PRD0711,2025-06-22,7,80496.35,Credit Card,Delivered
ORD07650,CST2688,PRD0161,2025-08-31,5,2513.58,UPI,Cancelled
ORD07651,CST4790,PRD0044,2025-03-15,8,37639.26,Net Banking,Cancelled
ORD07652,CST4498,PRD0604,2025-05-28,4,55662.65,Credit Card,Delivered
ORD07653,CST4210,PRD0981,2025-08-07,2,245722.69,Debit Card,Processing
ORD07654,CST3958,PRD0500,2025-07-10,7,127359.0,UPI,Cancelled
ORD07655,CST1660,PRD0939,2025-01-19,2,137483.62,Net Banking,Processing
ORD07656,CST0730,PRD0945,2025-05-02,10,350844.39,Credit Card,Processing
ORD07657,CST0371,PRD0425,2025-08-29,8,293030.07,Credit Card,Shipped
ORD07658,CST1157,PRD0337,2025-03-09,9,250697.44,Credit Card,Shipped
ORD07659,CST0036,PRD0468,2025-06-17,6,464481.36,Cash on Delivery,Cancelled
ORD07660,CST4127,PRD0575,2025-09-21,10,325253.23,Credit Card,Delivered
ORD07661,CST2629,PRD0205,2025-12-19,5,440932.13,Cash on Delivery,Processing
ORD07662,CST1067,PRD0359,2025-10-18,3,223411.48,UPI,Shipped
ORD07663,CST2973,PRD0804,2025-05-26,9,497620.57,Debit Card,Delivered
ORD07664,CST1230,PRD0185,2025-11-23,5,382123.7,Debit Card,Cancelled
ORD07665,CST3079,PRD0088,2025-12-14,9,350575.13,Credit Card,Shipped
ORD07666,CST1235,PRD0228,2025-11-20,1,28490.37,Debit Card,Processing
ORD07667,CST3441,PRD0881,2025-02-09,3,23942.0,UPI,Shipped
ORD07668,CST1998,PRD0267,2025-10-04,5,31656.61,UPI,Shipped
ORD07669,CST3389,PRD0262,2025-11-11,3,71701.07,Debit Card,Shipped
ORD07670,CST0072,PRD0714,2025-11-15,5,467189.58,Cash on Delivery,Shipped
ORD07671,CST1407,PRD0229,2025-01-03,3,222489.98,Cash on Delivery,Cancelled
ORD07672,CST3695,PRD0326,2025-08-25,3,420915.05,UPI,Delivered
ORD07673,CST4985,PRD0343,2025-10-14,4,39399.13,Net Banking,Shipped
ORD07674,CST1693,PRD0841,2025-11-04,5,388165.42,Cash on Delivery,Delivered
ORD07675,CST4098,PRD0245,2025-10-05,9,141293.88,Debit Card,Shipped
ORD07676,CST3289,PRD0213,2025-12-12,5,455938.82,Credit Card,Cancelled
ORD07677,CST4438,PRD0282,2025-01-03,1,313838.55,Debit Card,Cancelled
ORD07678,CST2333,PRD0435,2025-06-04,6,396485.92,Debit Card,Cancelled
ORD07679,CST0329,PRD0647,2025-12-09,4,358716.62,Net Banking,Cancelled
ORD07680,CST0260,PRD0064,2025-09-13,2,353042.17,UPI,Cancelled
ORD07681,CST0574,PRD0666,2025-11-12,1,3046.53,Net Banking,Processing
ORD07682,CST0791,PRD0183,2025-01-07,10,442712.73,Credit Card,Processing
ORD07683,CST1930,PRD0304,2025-03-12,5,150917.76,Debit Card,Shipped
ORD07684,CST2980,PRD0967,2025-01-07,5,280971.94,Cash on Delivery,Delivered
ORD07685,CST4549,PRD0725,2025-09-05,4,197882.65,Net Banking,Cancelled
ORD07686,CST2512,PRD0310,2025-10-29,7,91658.23,UPI,Delivered
ORD07687,CST1967,PRD0228,2025-03-08,9,28490.37,Net Banking,Cancelled
ORD07688,CST4909,PRD0358,2025-03-01,4,56119.57,Credit Card,Processing
ORD07689,CST1560,PRD0532,2025-03-14,5,111402.44,Cash on Delivery,Delivered
ORD07690,CST4193,PRD0075,2025-04-30,4,178067.75,UPI,Processing
ORD07691,CST3396,PRD0893,2025-11-08,6,493962.8,Net Banking,Shipped
ORD07692,CST4290,PRD0621,2025-12-04,7,467827.37,Net Banking,Processing
ORD07693,CST4958,PRD0142,2025-10-30,4,276351.39,Debit Card,Processing
ORD07694,CST4688,PRD0657,2025-03-21,4,392866.18,Cash on Delivery,Shipped
ORD07695,CST3768,PRD0289,2025-11-10,8,484419.64,Net Banking,Shipped
ORD07696,CST2881,PRD0078,2025-12-11,7,377438.99,Cash on Delivery,Processing
ORD07697,CST2386,PRD0150,2025-03-05,2,346198.44,Credit Card,Shipped
ORD07698,CST4235,PRD0210,2025-06-06,9,417928.44,Net Banking,Delivered
ORD07699,CST3276,PRD0571,2025-10-03,3,476165.3,Net Banking,Shipped
ORD07700,CST2846,PRD0054,2025-01-28,8,403175.85,Debit Card,Shipped
ORD07701,CST1127,PRD0516,2025-08-01,9,499874.45,Credit Card,Delivered
ORD07702,CST4180,PRD0182,2025-03-05,9,384713.55,Debit Card,Cancelled
ORD07703,CST2269,PRD0203,2025-07-26,2,17047.79,Net Banking,Delivered
ORD07704,CST2610,PRD0784,2025-05-22,7,32875.71,Debit Card,Shipped
ORD07705,CST3136,PRD0708,2025-05-29,4,464842.07,Credit Card,Shipped
ORD07706,CST1217,PRD0151,2025-02-21,10,262566.67,Cash on Delivery,Cancelled
ORD07707,CST1380,PRD0280,2025-10-19,1,475659.52,UPI,Shipped
ORD07708,CST3365,PRD0675,2025-12-23,1,298321.19,UPI,Delivered
ORD07709,CST0078,PRD0051,2025-09-18,4,481450.5,UPI,Delivered
ORD07710,CST4701,PRD0074,2025-09-26,1,365866.1,Cash on Delivery,Delivered
ORD07711,CST3493,PRD0161,2025-04-11,5,2513.58,Net Banking,Cancelled
ORD07712,CST2313,PRD0661,2025-10-29,5,451325.3,UPI,Delivered
ORD07713,CST4214,PRD0652,2025-07-16,3,49523.1,Credit Card,Shipped
ORD07714,CST0548,PRD0338,2025-03-06,6,195645.41,Debit Card,Processing
ORD07715,CST1385,PRD0639,2025-01-02,6,373533.47,Debit Card,Processing
ORD07716,CST0147,PRD0767,2025-02-06,3,333590.31,Cash on Delivery,Delivered
ORD07717,CST1203,PRD0820,2025-04-04,9,278988.57,Cash on Delivery,Processing
ORD07718,CST4826,PRD0335,2025-05-17,9,120356.18,Credit Card,Cancelled
ORD07719,CST1800,PRD0409,2025-08-15,5,141151.06,Cash on Delivery,Processing
ORD07720,CST4477,PRD0481,2025-03-26,10,259575.52,UPI,Processing
ORD07721,CST2812,PRD0684,2025-05-27,6,468185.59,Net Banking,Shipped
ORD07722,CST1128,PRD0878,2025-07-17,5,287146.69,Cash on Delivery,Delivered
ORD07723,CST0092,PRD0656,2025-06-24,4,235339.8,Cash on Delivery,Processing
ORD07724,CST4634,PRD0316,2025-06-05,2,418760.08,Cash on Delivery,Cancelled
ORD07725,CST0886,PRD0346,2025-11-03,2,489236.03,Debit Card,Delivered
ORD07726,CST4468,PRD0396,2025-01-20,2,389374.75,UPI,Shipped
ORD07727,CST0691,PRD0948,2025-01-23,8,183460.79,Debit Card,Cancelled
ORD07728,CST0338,PRD0283,2025-02-18,6,466806.55,UPI,Shipped
ORD07729,CST0852,PRD0357,2025-07-28,9,22283.08,Net Banking,Cancelled
ORD07730,CST1975,PRD0105,2025-03-09,2,372421.86,Credit Card,Shipped
ORD07731,CST3993,PRD0454,2025-07-26,3,74767.36,Cash on Delivery,Delivered
ORD07732,CST4464,PRD0448,2025-09-26,2,314809.29,Credit Card,Processing
ORD07733,CST4227,PRD0636,2025-06-10,5,342103.33,UPI,Shipped
ORD07734,CST4960,PRD0337,2025-12-11,8,250697.44,Net Banking,Cancelled
ORD07735,CST4446,PRD0429,2025-05-11,2,84478.67,Credit Card,Cancelled
ORD07736,CST0599,PRD0567,2025-11-30,8,240435.35,Credit Card,Processing
ORD07737,CST4560,PRD0836,2025-12-28,7,399271.45,UPI,Delivered
ORD07738,CST0393,PRD0521,2025-01-30,1,353537.62,Cash on Delivery,Shipped
ORD07739,CST2507,PRD0993,2025-11-06,6,96660.13,Credit Card,Cancelled
ORD07740,CST3457,PRD0434,2025-05-30,2,354742.21,Net Banking,Delivered
ORD07741,CST0899,PRD0160,2025-06-28,6,252632.65,Cash on Delivery,Shipped
ORD07742,CST2978,PRD0461,2025-12-26,6,289926.23,Net Banking,Delivered
ORD07743,CST4010,PRD0503,2025-11-19,1,116478.25,Cash on Delivery,Processing
ORD07744,CST1739,PRD0389,2025-09-18,4,385961.68,Net Banking,Delivered
ORD07745,CST3238,PRD0368,2025-04-17,1,41428.07,Credit Card,Shipped
ORD07746,CST4577,PRD0145,2025-04-25,5,453082.61,Debit Card,Delivered
ORD07747,CST2525,PRD0539,2025-08-18,6,57940.75,Net Banking,Shipped
ORD07748,CST4247,PRD0209,2025-07-17,2,428885.9,UPI,Cancelled
ORD07749,CST0552,PRD0937,2025-01-16,9,12173.96,Debit Card,Delivered
ORD07750,CST4234,PRD0196,2025-04-29,9,154052.13,Debit Card,Shipped
ORD07751,CST2461,PRD0686,2025-06-02,3,450728.25,Cash on Delivery,Processing
ORD07752,CST2667,PRD0023,2025-07-01,4,317209.45,Debit Card,Cancelled
ORD07753,CST1762,PRD0685,2025-10-11,3,456765.97,UPI,Processing
ORD07754,CST3396,PRD0668,2025-09-10,10,487946.19,UPI,Processing
ORD07755,CST0030,PRD0343,2025-03-02,5,39399.13,Net Banking,Shipped
ORD07756,CST3256,PRD0613,2025-04-18,2,34557.59,Net Banking,Processing
ORD07757,CST1775,PRD0955,2025-03-18,1,148075.82,Debit Card,Delivered
ORD07758,CST1160,PRD0834,2025-05-08,6,259687.06,Net Banking,Cancelled
ORD07759,CST0817,PRD0526,2025-09-30,6,341793.28,Credit Card,Cancelled
ORD07760,CST3123,PRD0331,2025-08-16,3,268421.48,Net Banking,Cancelled
ORD07761,CST1749,PRD0037,2025-03-13,7,19282.54,Cash on Delivery,Shipped
ORD07762,CST2697,PRD0039,2025-07-25,6,404.11,Debit Card,Cancelled
ORD07763,CST1852,PRD0919,2025-09-22,4,490508.58,UPI,Cancelled
ORD07764,CST3543,PRD0708,2025-10-17,4,464842.07,Cash on Delivery,Processing
ORD07765,CST4966,PRD0048,2025-03-21,1,388284.84,Cash on Delivery,Processing
ORD07766,CST3828,PRD0341,2025-11-14,1,328048.48,UPI,Delivered
ORD07767,CST0379,PRD0572,2025-10-03,5,448724.27,Credit Card,Shipped
ORD07768,CST3039,PRD0072,2025-05-08,8,177782.5,Net Banking,Cancelled
ORD07769,CST2910,PRD0281,2025-06-27,2,43878.01,Credit Card,Shipped
ORD07770,CST2144,PRD0656,2025-12-01,6,235339.8,Cash on Delivery,Processing
ORD07771,CST0876,PRD0069,2025-02-25,6,12944.23,Credit Card,Shipped
ORD07772,CST2742,PRD0021,2025-06-19,4,72082.89,Credit Card,Delivered
ORD07773,CST4337,PRD0167,2025-12-05,1,187116.23,Credit Card,Shipped
ORD07774,CST4519,PRD0398,2025-05-07,9,297600.12,Cash on Delivery,Delivered
ORD07775,CST2158,PRD0766,2025-12-27,5,17048.03,Debit Card,Cancelled
ORD07776,CST2683,PRD0366,2025-10-22,4,325775.78,Cash on Delivery,Delivered
ORD07777,CST0148,PRD0463,2025-05-15,1,24303.03,Credit Card,Shipped
ORD07778,CST1715,PRD0153,2025-12-29,1,333176.44,Credit Card,Cancelled
ORD07779,CST4288,PRD0908,2025-05-21,6,413157.39,Net Banking,Delivered
ORD07780,CST2992,PRD0596,2025-07-06,2,194895.06,Net Banking,Delivered
ORD07781,CST2164,PRD0130,2025-05-14,5,284873.13,Cash on Delivery,Cancelled
ORD07782,CST4260,PRD0752,2025-12-09,6,482253.43,Debit Card,Shipped
ORD07783,CST3434,PRD0921,2025-04-19,6,328293.69,Debit Card,Delivered
ORD07784,CST4905,PRD0079,2025-09-25,6,52375.45,Cash on Delivery,Processing
ORD07785,CST3352,PRD0201,2025-06-14,4,183966.16,Credit Card,Cancelled
ORD07786,CST3851,PRD0951,2025-10-12,10,444526.71,Net Banking,Cancelled
ORD07787,CST1548,PRD0100,2025-07-15,3,274137.65,Net Banking,Cancelled
ORD07788,CST4275,PRD0513,2025-05-03,3,20899.02,Credit Card,Processing
ORD07789,CST3724,PRD0319,2025-01-03,3,418577.73,UPI,Shipped
ORD07790,CST4674,PRD0718,2025-01-28,7,276001.51,UPI,Shipped
ORD07791,CST2506,PRD0381,2025-07-29,9,418034.68,UPI,Processing
ORD07792,CST0647,PRD0718,2025-11-23,5,276001.51,Net Banking,Cancelled
ORD07793,CST0670,PRD0663,2025-11-06,2,356385.74,Debit Card,Processing
ORD07794,CST0090,PRD0741,2025-05-17,3,138309.77,Net Banking,Shipped
ORD07795,CST2016,PRD0548,2025-12-22,8,466203.13,Credit Card,Shipped
ORD07796,CST2416,PRD0321,2025-05-28,4,37465.87,Net Banking,Shipped
ORD07797,CST2444,PRD0074,2025-07-08,4,365866.1,Cash on Delivery,Delivered
ORD07798,CST4560,PRD0393,2025-03-10,8,132764.27,Cash on Delivery,Delivered
ORD07799,CST4830,PRD0088,2025-11-29,2,350575.13,Debit Card,Cancelled
ORD07800,CST1329,PRD0088,2025-07-09,9,350575.13,UPI,Cancelled
ORD07801,CST1479,PRD0642,2025-08-21,1,18027.53,Cash on Delivery,Shipped
ORD07802,CST2370,PRD0456,2025-05-24,2,256185.33,Cash on Delivery,Delivered
ORD07803,CST2580,PRD0611,2025-03-08,6,193493.54,Debit Card,Cancelled
ORD07804,CST1689,PRD0161,2025-05-16,4,2513.58,UPI,Shipped
ORD07805,CST3153,PRD0307,2025-06-22,4,126220.86,Debit Card,Shipped
ORD07806,CST4170,PRD0651,2025-11-09,4,6511.35,Cash on Delivery,Cancelled
ORD07807,CST0312,PRD0254,2025-01-01,2,401443.93,Credit Card,Processing
ORD07808,CST4400,PRD0432,2025-09-11,10,108369.1,Net Banking,Processing
ORD07809,CST3642,PRD0956,2025-11-15,10,224543.72,Debit Card,Processing
ORD07810,CST0872,PRD0392,2025-04-19,9,249841.7,Debit Card,Delivered
ORD07811,CST3149,PRD0570,2025-09-05,1,251170.4,Cash on Delivery,Shipped
ORD07812,CST4967,PRD0342,2025-10-14,9,284358.28,Credit Card,Delivered
ORD07813,CST1591,PRD0709,2025-05-19,5,58944.78,UPI,Processing
ORD07814,CST2041,PRD0604,2025-06-21,2,55662.65,UPI,Delivered
ORD07815,CST4387,PRD0679,2025-06-17,2,33679.85,Net Banking,Processing
ORD07816,CST4067,PRD0454,2025-12-04,2,74767.36,Credit Card,Processing
ORD07817,CST2543,PRD0692,2025-06-30,10,469275.27,Cash on Delivery,Delivered
ORD07818,CST1288,PRD0856,2025-04-07,6,370444.62,Credit Card,Shipped
ORD07819,CST2023,PRD0076,2025-08-11,9,408837.17,Net Banking,Delivered
ORD07820,CST1310,PRD0247,2025-04-02,5,134623.99,Credit Card,Processing
ORD07821,CST4531,PRD0786,2025-03-10,2,79605.99,Debit Card,Delivered
ORD07822,CST2064,PRD0044,2025-12-13,8,37639.26,Credit Card,Shipped
ORD07823,CST1572,PRD0527,2025-02-02,8,81723.08,Debit Card,Shipped
ORD07824,CST0038,PRD0020,2025-01-23,4,62425.19,Debit Card,Shipped
ORD07825,CST2526,PRD0657,2025-08-05,1,392866.18,Net Banking,Cancelled
ORD07826,CST0611,PRD0662,2025-09-19,4,382925.6,Credit Card,Delivered
ORD07827,CST0797,PRD0179,2025-09-21,3,266939.11,Debit Card,Shipped
ORD07828,CST1803,PRD0462,2025-08-25,8,156105.69,UPI,Processing
ORD07829,CST3191,PRD0462,2025-06-11,1,156105.69,Credit Card,Processing
ORD07830,CST4744,PRD0136,2025-11-03,7,417077.04,Cash on Delivery,Cancelled
ORD07831,CST0774,PRD0679,2025-06-23,8,33679.85,Debit Card,Cancelled
ORD07832,CST4811,PRD0779,2025-06-19,1,144619.96,Debit Card,Shipped
ORD07833,CST2732,PRD0662,2025-08-07,1,382925.6,Net Banking,Delivered
ORD07834,CST1403,PRD0561,2025-02-20,7,117963.58,Cash on Delivery,Processing
ORD07835,CST3737,PRD0771,2025-06-01,5,136083.28,UPI,Cancelled
ORD07836,CST0787,PRD0341,2025-08-26,4,328048.48,Net Banking,Delivered
ORD07837,CST3376,PRD0231,2025-03-16,3,212707.32,Credit Card,Cancelled
ORD07838,CST2228,PRD0390,2025-06-17,3,401986.29,Cash on Delivery,Cancelled
ORD07839,CST2785,PRD0634,2025-06-16,1,87769.43,Cash on Delivery,Cancelled
ORD07840,CST3080,PRD0342,2025-11-21,7,284358.28,UPI,Processing
ORD07841,CST2718,PRD0378,2025-11-07,4,293062.88,Net Banking,Cancelled
ORD07842,CST3585,PRD0076,2025-07-29,5,408837.17,Debit Card,Delivered
ORD07843,CST2063,PRD0521,2025-06-05,2,353537.62,Cash on Delivery,Delivered
ORD07844,CST2520,PRD0634,2025-06-19,4,87769.43,Credit Card,Processing
ORD07845,CST1911,PRD0760,2025-06-14,7,373507.95,UPI,Cancelled
ORD07846,CST1531,PRD0790,2025-03-07,3,300129.97,UPI,Shipped
ORD07847,CST0118,PRD0539,2025-08-30,4,57940.75,Net Banking,Delivered
ORD07848,CST0022,PRD0822,2025-05-05,2,460505.79,Cash on Delivery,Processing
ORD07849,CST3637,PRD0436,2025-09-01,4,8224.67,UPI,Shipped
ORD07850,CST4823,PRD0767,2025-04-03,3,333590.31,Credit Card,Shipped
ORD07851,CST4351,PRD0548,2025-08-15,8,466203.13,UPI,Delivered
ORD07852,CST4202,PRD0262,2025-12-29,6,71701.07,Debit Card,Cancelled
ORD07853,CST4261,PRD0097,2025-09-30,4,20682.57,Debit Card,Cancelled
ORD07854,CST1443,PRD0458,2025-08-18,6,204299.89,UPI,Cancelled
ORD07855,CST2528,PRD0717,2025-12-31,2,184847.94,Debit Card,Delivered
ORD07856,CST3256,PRD0020,2025-06-10,7,62425.19,Cash on Delivery,Shipped
ORD07857,CST0132,PRD0619,2025-03-13,6,237298.04,Cash on Delivery,Processing
ORD07858,CST0548,PRD0886,2025-09-02,8,149416.36,UPI,Delivered
ORD07859,CST3235,PRD0663,2025-03-29,3,356385.74,Debit Card,Cancelled
ORD07860,CST3188,PRD0963,2025-11-07,10,363912.08,Debit Card,Shipped
ORD07861,CST0214,PRD0249,2025-09-18,5,486760.78,Cash on Delivery,Processing
ORD07862,CST0417,PRD0248,2025-05-09,7,293696.67,Credit Card,Processing
ORD07863,CST3536,PRD0675,2025-04-19,9,298321.19,Net Banking,Cancelled
ORD07864,CST3314,PRD0927,2025-11-14,2,449252.77,Credit Card,Shipped
ORD07865,CST0595,PRD0687,2025-04-27,3,358030.85,Credit Card,Delivered
ORD07866,CST2167,PRD0823,2025-06-09,3,357967.29,Net Banking,Delivered
ORD07867,CST1840,PRD0122,2025-03-05,2,58233.85,Debit Card,Cancelled
ORD07868,CST0988,PRD0790,2025-04-02,6,300129.97,Debit Card,Shipped
ORD07869,CST3828,PRD0653,2025-01-14,8,134033.29,Credit Card,Delivered
ORD07870,CST4815,PRD0460,2025-07-10,2,161927.39,Cash on Delivery,Processing
ORD07871,CST4235,PRD0595,2025-10-10,9,68955.26,Net Banking,Cancelled
ORD07872,CST1929,PRD0998,2025-11-23,4,13465.51,UPI,Processing
ORD07873,CST3872,PRD0186,2025-07-30,1,153989.47,Cash on Delivery,Cancelled
ORD07874,CST1360,PRD0588,2025-09-18,5,116222.78,Debit Card,Shipped
ORD07875,CST4165,PRD0690,2025-05-14,8,82263.03,Cash on Delivery,Shipped
ORD07876,CST4497,PRD0150,2025-06-19,1,346198.44,Net Banking,Delivered
ORD07877,CST1803,PRD0380,2025-05-06,8,287266.29,Credit Card,Delivered
ORD07878,CST0644,PRD0127,2025-11-03,4,497967.67,Debit Card,Shipped
ORD07879,CST3617,PRD0763,2025-12-22,8,46865.28,UPI,Shipped
ORD07880,CST4823,PRD0400,2025-06-22,7,236491.91,UPI,Cancelled
ORD07881,CST0495,PRD0502,2025-09-09,10,38772.73,Debit Card,Shipped
ORD07882,CST1281,PRD0068,2025-10-01,10,396547.89,Debit Card,Shipped
ORD07883,CST2406,PRD0185,2025-10-18,1,382123.7,Net Banking,Delivered
ORD07884,CST2764,PRD0873,2025-08-31,3,236000.43,Net Banking,Cancelled
ORD07885,CST0268,PRD0313,2025-09-22,8,248044.63,UPI,Shipped
ORD07886,CST3463,PRD0048,2025-06-03,9,388284.84,UPI,Cancelled
ORD07887,CST1129,PRD0648,2025-03-17,3,146050.1,UPI,Processing
ORD07888,CST1121,PRD0137,2025-11-22,6,446911.84,Net Banking,Cancelled
ORD07889,CST2718,PRD0816,2025-08-27,6,374296.8,Debit Card,Processing
ORD07890,CST4037,PRD0981,2025-10-24,8,245722.69,Debit Card,Delivered
ORD07891,CST1194,PRD0105,2025-03-24,5,372421.86,Debit Card,Delivered
ORD07892,CST0783,PRD0409,2025-12-20,10,141151.06,UPI,Processing
ORD07893,CST3968,PRD0380,2025-06-27,8,287266.29,Credit Card,Cancelled
ORD07894,CST2600,PRD0686,2025-03-24,2,450728.25,Debit Card,Shipped
ORD07895,CST3882,PRD0413,2025-07-21,10,219284.56,UPI,Cancelled
ORD07896,CST4969,PRD0164,2025-11-18,10,21192.22,Credit Card,Delivered
ORD07897,CST3597,PRD0255,2025-04-21,5,161716.33,UPI,Cancelled
ORD07898,CST2696,PRD0494,2025-07-10,1,486472.9,UPI,Shipped
ORD07899,CST0364,PRD0052,2025-01-02,5,5013.37,Debit Card,Delivered
ORD07900,CST1954,PRD0926,2025-08-25,2,171867.63,UPI,Delivered
ORD07901,CST3399,PRD0039,2025-09-30,5,404.11,Debit Card,Cancelled
ORD07902,CST1659,PRD0070,2025-08-08,9,245276.45,Debit Card,Cancelled
ORD07903,CST4376,PRD0257,2025-08-03,7,25097.81,Credit Card,Shipped
ORD07904,CST3739,PRD0520,2025-01-31,8,42374.24,Debit Card,Delivered
ORD07905,CST1742,PRD0257,2025-01-18,9,25097.81,Cash on Delivery,Delivered
ORD07906,CST4545,PRD0226,2025-03-31,5,473556.93,Credit Card,Delivered
ORD07907,CST1535,PRD0715,2025-10-24,9,94447.48,Debit Card,Delivered
ORD07908,CST2507,PRD0256,2025-10-19,9,469841.46,UPI,Cancelled
ORD07909,CST3481,PRD0684,2025-06-20,5,468185.59,Net Banking,Cancelled
ORD07910,CST2787,PRD0668,2025-08-30,7,487946.19,Credit Card,Shipped
ORD07911,CST2819,PRD0765,2025-01-04,5,490611.22,Net Banking,Shipped
ORD07912,CST0849,PRD0320,2025-10-25,5,34695.8,Credit Card,Processing
ORD07913,CST4734,PRD0841,2025-07-04,6,388165.42,Debit Card,Delivered
ORD07914,CST2782,PRD0865,2025-06-27,5,470825.36,UPI,Delivered
ORD07915,CST3068,PRD0716,2025-06-10,1,340135.32,Debit Card,Delivered
ORD07916,CST1526,PRD0968,2025-05-31,6,475811.38,Cash on Delivery,Delivered
ORD07917,CST2129,PRD0920,2025-05-01,7,317825.42,Credit Card,Delivered
ORD07918,CST4867,PRD0864,2025-09-27,3,314562.72,Credit Card,Cancelled
ORD07919,CST2891,PRD0348,2025-03-21,9,49503.5,Credit Card,Delivered
ORD07920,CST1215,PRD0875,2025-03-15,8,299797.18,Debit Card,Processing
ORD07921,CST2874,PRD0955,2025-02-16,3,148075.82,Net Banking,Processing
ORD07922,CST4200,PRD0785,2025-12-08,10,234786.7,Net Banking,Delivered
ORD07923,CST4685,PRD0994,2025-09-28,7,482813.95,Debit Card,Shipped
ORD07924,CST2255,PRD0241,2025-11-13,10,313050.32,Net Banking,Shipped
ORD07925,CST3500,PRD0150,2025-08-26,3,346198.44,Net Banking,Cancelled
ORD07926,CST4623,PRD0959,2025-06-09,6,60127.04,Net Banking,Delivered
ORD07927,CST3177,PRD0845,2025-10-31,8,228106.59,Debit Card,Cancelled
ORD07928,CST4604,PRD0724,2025-07-26,6,312430.82,Net Banking,Delivered
ORD07929,CST1793,PRD0324,2025-11-05,5,437135.04,Credit Card,Delivered
ORD07930,CST1512,PRD0034,2025-01-25,1,481216.6,UPI,Shipped
ORD07931,CST1972,PRD0302,2025-08-17,4,429435.64,Net Banking,Shipped
ORD07932,CST4086,PRD0893,2025-02-17,4,493962.8,Net Banking,Shipped
ORD07933,CST3884,PRD0741,2025-02-05,1,138309.77,Cash on Delivery,Delivered
ORD07934,CST1688,PRD0651,2025-12-06,4,6511.35,Credit Card,Processing
ORD07935,CST0251,PRD0249,2025-09-19,7,486760.78,Cash on Delivery,Shipped
ORD07936,CST0056,PRD0530,2025-11-10,10,146632.15,Debit Card,Processing
ORD07937,CST1049,PRD0416,2025-12-25,2,245397.38,UPI,Delivered
ORD07938,CST3794,PRD0239,2025-10-16,9,308881.86,UPI,Processing
ORD07939,CST1197,PRD0315,2025-11-28,1,67666.1,Cash on Delivery,Shipped
ORD07940,CST1813,PRD0110,2025-04-17,6,476684.32,Credit Card,Delivered
ORD07941,CST2852,PRD0279,2025-11-21,3,367611.96,Cash on Delivery,Cancelled
ORD07942,CST3307,PRD0654,2025-03-27,8,204830.02,Credit Card,Cancelled
ORD07943,CST2516,PRD0200,2025-08-23,1,447222.3,Net Banking,Delivered
ORD07944,CST2818,PRD0587,2025-12-12,5,134463.91,Debit Card,Cancelled
ORD07945,CST0596,PRD0005,2025-01-16,8,225689.16,Cash on Delivery,Processing
ORD07946,CST2004,PRD0115,2025-12-04,3,375816.78,UPI,Cancelled
ORD07947,CST1380,PRD0270,2025-10-14,7,59429.4,Cash on Delivery,Shipped
ORD07948,CST2357,PRD0388,2025-10-18,3,212794.03,Cash on Delivery,Processing
ORD07949,CST0324,PRD0968,2025-09-28,6,475811.38,Cash on Delivery,Processing
ORD07950,CST2368,PRD0299,2025-04-10,1,323143.26,Credit Card,Cancelled
ORD07951,CST4247,PRD0358,2025-02-03,7,56119.57,Cash on Delivery,Cancelled
ORD07952,CST3335,PRD0684,2025-12-29,7,468185.59,Debit Card,Processing
ORD07953,CST4819,PRD0549,2025-03-30,9,278574.72,Credit Card,Delivered
ORD07954,CST4193,PRD0563,2025-03-19,7,481029.59,Net Banking,Cancelled
ORD07955,CST2592,PRD0736,2025-02-27,8,404198.05,Debit Card,Cancelled
ORD07956,CST1727,PRD0817,2025-09-22,2,389232.75,Credit Card,Processing
ORD07957,CST3308,PRD0856,2025-12-20,7,370444.62,Net Banking,Processing
ORD07958,CST4744,PRD0819,2025-07-27,7,149969.04,Debit Card,Shipped
ORD07959,CST1149,PRD0023,2025-04-06,1,317209.45,Debit Card,Cancelled
ORD07960,CST2259,PRD0178,2025-01-24,4,92916.82,Debit Card,Delivered
ORD07961,CST2811,PRD0374,2025-11-26,8,182867.71,Debit Card,Cancelled
ORD07962,CST2983,PRD0581,2025-09-30,6,181384.25,UPI,Cancelled
ORD07963,CST3593,PRD0262,2025-09-10,6,71701.07,UPI,Cancelled
ORD07964,CST1840,PRD0714,2025-05-22,5,467189.58,Net Banking,Processing
ORD07965,CST0893,PRD0723,2025-01-24,10,30682.04,Cash on Delivery,Delivered
ORD07966,CST3282,PRD0669,2025-11-15,3,291695.08,UPI,Cancelled
ORD07967,CST3332,PRD0025,2025-03-25,9,229608.54,Cash on Delivery,Processing
ORD07968,CST2676,PRD0941,2025-07-26,7,310246.04,Credit Card,Delivered
ORD07969,CST1582,PRD0220,2025-12-29,7,217566.6,Credit Card,Processing
ORD07970,CST3528,PRD0178,2025-09-01,9,92916.82,UPI,Processing
ORD07971,CST2828,PRD0706,2025-01-02,8,340203.49,Credit Card,Processing
ORD07972,CST2083,PRD0860,2025-10-10,8,185401.93,Credit Card,Processing
ORD07973,CST0372,PRD0061,2025-02-08,2,280078.39,Cash on Delivery,Shipped
ORD07974,CST1877,PRD0548,2025-07-09,10,466203.13,Credit Card,Shipped
ORD07975,CST4458,PRD0430,2025-07-22,7,100459.99,Cash on Delivery,Shipped
ORD07976,CST3362,PRD0315,2025-04-05,2,67666.1,Net Banking,Shipped
ORD07977,CST2180,PRD0227,2025-06-12,1,233563.85,Debit Card,Cancelled
ORD07978,CST2333,PRD0198,2025-02-14,2,126993.94,Debit Card,Processing
ORD07979,CST3862,PRD0544,2025-04-02,1,351498.63,Net Banking,Processing
ORD07980,CST0284,PRD0730,2025-03-06,5,133552.82,UPI,Shipped
ORD07981,CST0528,PRD0239,2025-11-28,6,308881.86,Cash on Delivery,Cancelled
ORD07982,CST0312,PRD0731,2025-07-15,5,440236.74,Credit Card,Cancelled
ORD07983,CST0118,PRD0739,2025-05-05,6,473672.61,Debit Card,Cancelled
ORD07984,CST1048,PRD0273,2025-04-29,5,254883.09,Net Banking,Cancelled
ORD07985,CST1028,PRD0613,2025-09-07,10,34557.59,Net Banking,Processing
ORD07986,CST0202,PRD0144,2025-05-21,5,365322.18,Cash on Delivery,Shipped
ORD07987,CST0176,PRD0218,2025-05-14,4,80392.41,Credit Card,Delivered
ORD07988,CST3698,PRD0661,2025-11-15,2,451325.3,Net Banking,Cancelled
ORD07989,CST3746,PRD0030,2025-05-17,7,135855.72,Credit Card,Processing
ORD07990,CST4013,PRD0218,2025-09-01,2,80392.41,UPI,Shipped
ORD07991,CST1281,PRD0370,2025-06-03,5,394986.76,Credit Card,Processing
ORD07992,CST3354,PRD0118,2025-11-08,5,283836.47,Credit Card,Shipped
ORD07993,CST0715,PRD0672,2025-08-26,7,269053.06,Credit Card,Shipped
ORD07994,CST1074,PRD0647,2025-05-06,3,358716.62,Net Banking,Delivered
ORD07995,CST1932,PRD0204,2025-03-15,9,176114.34,Debit Card,Delivered
ORD07996,CST3997,PRD0461,2025-01-12,8,289926.23,Net Banking,Processing
ORD07997,CST4389,PRD0809,2025-11-25,2,108687.46,Debit Card,Delivered
ORD07998,CST4329,PRD0017,2025-06-07,9,60245.72,UPI,Delivered
ORD07999,CST0625,PRD0876,2025-11-09,4,166829.84,UPI,Processing
ORD08000,CST0149,PRD0749,2025-04-05,10,396097.6,Debit Card,Processing
ORD08001,CST0223,PRD0117,2025-07-30,6,233957.85,Credit Card,Processing
ORD08002,CST1199,PRD0786,2025-06-05,10,79605.99,Credit Card,Delivered
ORD08003,CST3564,PRD0191,2025-11-29,3,341365.94,Net Banking,Processing
ORD08004,CST1959,PRD0229,2025-02-21,10,222489.98,Net Banking,Shipped
ORD08005,CST0385,PRD0099,2025-12-17,8,130423.59,UPI,Cancelled
ORD08006,CST2416,PRD0014,2025-11-18,2,456289.05,Credit Card,Processing
ORD08007,CST0367,PRD0160,2025-12-27,3,252632.65,Net Banking,Delivered
ORD08008,CST3442,PRD0407,2025-03-26,9,112818.92,Debit Card,Cancelled
ORD08009,CST1958,PRD0697,2025-05-24,1,362110.12,Cash on Delivery,Processing
ORD08010,CST2474,PRD0032,2025-02-14,7,440662.44,Net Banking,Processing
ORD08011,CST3601,PRD0699,2025-02-17,5,394615.9,Debit Card,Shipped
ORD08012,CST4941,PRD0926,2025-10-15,4,171867.63,Credit Card,Processing
ORD08013,CST3423,PRD0477,2025-04-05,6,229713.94,Cash on Delivery,Shipped
ORD08014,CST2618,PRD0716,2025-12-11,3,340135.32,UPI,Shipped
ORD08015,CST3235,PRD0644,2025-06-15,1,363392.56,Net Banking,Cancelled
ORD08016,CST2829,PRD0268,2025-01-31,5,7811.36,UPI,Delivered
ORD08017,CST3705,PRD0961,2025-10-31,8,486351.73,Credit Card,Shipped
ORD08018,CST0575,PRD0885,2025-10-12,7,408180.23,Credit Card,Processing
ORD08019,CST2046,PRD0113,2025-02-10,1,480366.85,Credit Card,Shipped
ORD08020,CST0157,PRD0085,2025-03-10,8,430414.2,Credit Card,Processing
ORD08021,CST2556,PRD0975,2025-02-03,2,440094.91,Net Banking,Cancelled
ORD08022,CST0408,PRD0334,2025-02-05,8,395182.8,Net Banking,Processing
ORD08023,CST2223,PRD0279,2025-01-18,7,367611.96,Net Banking,Delivered
ORD08024,CST4447,PRD0243,2025-03-13,10,126540.73,Cash on Delivery,Shipped
ORD08025,CST0611,PRD0441,2025-10-28,7,402206.34,Cash on Delivery,Delivered
ORD08026,CST1478,PRD0748,2025-05-30,5,198355.08,Debit Card,Delivered
ORD08027,CST4609,PRD0436,2025-05-12,1,8224.67,Net Banking,Delivered
ORD08028,CST4459,PRD0192,2025-09-29,2,427496.73,UPI,Delivered
ORD08029,CST2475,PRD0008,2025-02-07,5,132027.03,UPI,Delivered
ORD08030,CST2976,PRD0429,2025-04-29,9,84478.67,Credit Card,Shipped
ORD08031,CST1716,PRD0699,2025-08-27,9,394615.9,Debit Card,Processing
ORD08032,CST0265,PRD0503,2025-02-19,4,116478.25,UPI,Processing
ORD08033,CST0301,PRD0382,2025-02-12,5,457969.15,Credit Card,Cancelled
ORD08034,CST2386,PRD0733,2025-12-24,8,245927.76,Credit Card,Processing
ORD08035,CST4277,PRD0603,2025-05-18,1,338163.18,Net Banking,Delivered
ORD08036,CST2992,PRD0899,2025-07-29,2,470538.02,Credit Card,Processing
ORD08037,CST1314,PRD0831,2025-07-21,8,220638.31,UPI,Processing
ORD08038,CST4600,PRD0012,2025-11-06,8,423350.6,Net Banking,Delivered
ORD08039,CST4995,PRD0156,2025-11-14,4,259678.66,Credit Card,Processing
ORD08040,CST0987,PRD0892,2025-12-28,7,79816.41,Credit Card,Processing
ORD08041,CST0008,PRD0571,2025-08-08,3,476165.3,UPI,Processing
ORD08042,CST2608,PRD0597,2025-09-20,3,63537.83,Debit Card,Delivered
ORD08043,CST1675,PRD0946,2025-11-15,9,98554.47,Net Banking,Processing
ORD08044,CST0419,PRD0267,2025-03-17,9,31656.61,Cash on Delivery,Processing
ORD08045,CST1067,PRD0864,2025-05-22,9,314562.72,Net Banking,Processing
ORD08046,CST2952,PRD0492,2025-04-05,3,484004.12,Cash on Delivery,Cancelled
ORD08047,CST3289,PRD0031,2025-01-27,6,309375.26,Credit Card,Delivered
ORD08048,CST2706,PRD0896,2025-10-15,7,435081.93,Net Banking,Cancelled
ORD08049,CST4228,PRD0221,2025-09-27,8,497286.65,UPI,Delivered
ORD08050,CST1435,PRD0209,2025-01-28,5,428885.9,UPI,Delivered
ORD08051,CST3103,PRD0412,2025-09-14,10,332209.89,UPI,Shipped
ORD08052,CST1018,PRD0442,2025-07-09,2,465783.01,UPI,Cancelled
ORD08053,CST2080,PRD0924,2025-10-07,9,445303.78,Debit Card,Shipped
ORD08054,CST4720,PRD0074,2025-10-02,8,365866.1,Cash on Delivery,Shipped
ORD08055,CST2510,PRD0569,2025-05-26,1,131038.86,UPI,Processing
ORD08056,CST2282,PRD0846,2025-10-12,10,476384.69,Debit Card,Shipped
ORD08057,CST3549,PRD0333,2025-08-16,8,251005.81,Net Banking,Shipped
ORD08058,CST1302,PRD0342,2025-10-28,1,284358.28,Credit Card,Shipped
ORD08059,CST0910,PRD0925,2025-09-26,2,145643.55,Debit Card,Delivered
ORD08060,CST0573,PRD0706,2025-08-24,6,340203.49,Debit Card,Processing
ORD08061,CST0092,PRD0007,2025-11-09,6,56943.72,Credit Card,Cancelled
ORD08062,CST3530,PRD0612,2025-04-22,5,357151.54,Cash on Delivery,Cancelled
ORD08063,CST2204,PRD0878,2025-07-13,6,287146.69,Debit Card,Cancelled
ORD08064,CST0695,PRD0724,2025-05-08,8,312430.82,Net Banking,Delivered
ORD08065,CST4148,PRD0948,2025-12-15,10,183460.79,Credit Card,Cancelled
ORD08066,CST4358,PRD0142,2025-10-07,2,276351.39,Credit Card,Processing
ORD08067,CST0292,PRD0646,2025-01-22,3,352863.86,Credit Card,Cancelled
ORD08068,CST3989,PRD0382,2025-10-07,2,457969.15,UPI,Processing
ORD08069,CST0410,PRD0566,2025-08-09,1,490663.38,Credit Card,Shipped
ORD08070,CST4070,PRD0421,2025-12-05,4,119515.57,Debit Card,Cancelled
ORD08071,CST4160,PRD0925,2025-02-02,2,145643.55,Cash on Delivery,Shipped
ORD08072,CST4553,PRD0478,2025-12-29,3,306836.42,Net Banking,Delivered
ORD08073,CST1893,PRD0103,2025-03-12,2,477670.48,Debit Card,Cancelled
ORD08074,CST2809,PRD0574,2025-01-18,7,402163.07,UPI,Cancelled
ORD08075,CST4205,PRD0647,2025-09-29,9,358716.62,Debit Card,Cancelled
ORD08076,CST1482,PRD0458,2025-08-12,1,204299.89,Debit Card,Delivered
ORD08077,CST2499,PRD0223,2025-09-03,4,463774.72,Credit Card,Processing
ORD08078,CST1215,PRD0240,2025-03-10,1,134506.53,Cash on Delivery,Shipped
ORD08079,CST2376,PRD0636,2025-08-26,4,342103.33,Cash on Delivery,Shipped
ORD08080,CST1862,PRD0619,2025-09-09,1,237298.04,UPI,Cancelled
ORD08081,CST3325,PRD0475,2025-05-30,1,187942.29,Debit Card,Shipped
ORD08082,CST1808,PRD0433,2025-02-13,5,389553.4,Cash on Delivery,Cancelled
ORD08083,CST1962,PRD0258,2025-03-24,1,120169.47,Debit Card,Cancelled
ORD08084,CST2933,PRD0025,2025-10-14,1,229608.54,Debit Card,Shipped
ORD08085,CST3969,PRD0947,2025-09-06,8,221512.92,Debit Card,Cancelled
ORD08086,CST1547,PRD0548,2025-06-05,4,466203.13,Credit Card,Shipped
ORD08087,CST4802,PRD0844,2025-05-29,2,490284.24,Credit Card,Delivered
ORD08088,CST0360,PRD0214,2025-07-24,10,336553.54,Credit Card,Delivered
ORD08089,CST2976,PRD0276,2025-05-13,5,219495.98,Net Banking,Shipped
ORD08090,CST2530,PRD0671,2025-12-02,2,299559.74,Net Banking,Processing
ORD08091,CST2336,PRD0610,2025-05-28,3,479504.43,Cash on Delivery,Cancelled
ORD08092,CST0827,PRD0301,2025-02-15,2,7480.96,Net Banking,Cancelled
ORD08093,CST0520,PRD0595,2025-08-15,2,68955.26,Credit Card,Cancelled
ORD08094,CST3082,PRD0617,2025-03-28,5,272889.15,Debit Card,Cancelled
ORD08095,CST0265,PRD0580,2025-09-08,10,391109.22,Cash on Delivery,Processing
ORD08096,CST2327,PRD0821,2025-09-26,5,83099.07,Cash on Delivery,Cancelled
ORD08097,CST3137,PRD0194,2025-05-06,2,446793.8,Cash on Delivery,Cancelled
ORD08098,CST3660,PRD0145,2025-10-31,7,453082.61,Cash on Delivery,Processing
ORD08099,CST3431,PRD0605,2025-12-17,8,264670.42,Credit Card,Delivered
ORD08100,CST4906,PRD0172,2025-08-13,9,391302.22,UPI,Delivered
ORD08101,CST4988,PRD0636,2025-10-07,5,342103.33,UPI,Cancelled
ORD08102,CST1461,PRD0426,2025-02-03,5,455425.53,Credit Card,Processing
ORD08103,CST2408,PRD0527,2025-10-31,5,81723.08,Net Banking,Shipped
ORD08104,CST3658,PRD0973,2025-02-04,6,182634.21,Debit Card,Processing
ORD08105,CST2246,PRD0668,2025-08-13,8,487946.19,Credit Card,Shipped
ORD08106,CST4756,PRD0345,2025-04-10,2,481363.4,Net Banking,Shipped
ORD08107,CST3517,PRD0495,2025-05-14,3,290468.87,Net Banking,Delivered
ORD08108,CST1355,PRD0848,2025-07-30,9,334862.88,Debit Card,Processing
ORD08109,CST4946,PRD0935,2025-11-30,1,55002.05,Net Banking,Cancelled
ORD08110,CST4805,PRD0745,2025-01-22,7,189639.44,Credit Card,Cancelled
ORD08111,CST2489,PRD0597,2025-02-26,3,63537.83,Debit Card,Cancelled
ORD08112,CST4214,PRD0224,2025-03-18,1,140719.79,UPI,Processing
ORD08113,CST3211,PRD0714,2025-11-22,1,467189.58,Cash on Delivery,Delivered
ORD08114,CST2245,PRD0960,2025-03-30,8,137594.88,Cash on Delivery,Delivered
ORD08115,CST2587,PRD0639,2025-08-27,3,373533.47,Net Banking,Processing
ORD08116,CST3363,PRD0560,2025-04-05,9,268038.22,Credit Card,Processing
ORD08117,CST3566,PRD0409,2025-08-28,10,141151.06,Cash on Delivery,Processing
ORD08118,CST2092,PRD0499,2025-08-03,5,115477.15,Cash on Delivery,Cancelled
ORD08119,CST1378,PRD0856,2025-01-10,3,370444.62,Net Banking,Delivered
ORD08120,CST1180,PRD0654,2025-05-17,3,204830.02,Credit Card,Shipped
ORD08121,CST2354,PRD0867,2025-12-22,5,131817.83,Net Banking,Processing
ORD08122,CST1170,PRD0708,2025-06-11,8,464842.07,Cash on Delivery,Cancelled
ORD08123,CST0158,PRD0567,2025-06-21,2,240435.35,Cash on Delivery,Cancelled
ORD08124,CST4268,PRD0009,2025-04-22,1,343974.7,Credit Card,Cancelled
ORD08125,CST1581,PRD0200,2025-01-15,3,447222.3,Debit Card,Delivered
ORD08126,CST1175,PRD0654,2025-10-19,7,204830.02,Cash on Delivery,Processing
ORD08127,CST1182,PRD0699,2025-11-15,1,394615.9,Net Banking,Delivered
ORD08128,CST0264,PRD0660,2025-07-30,5,443002.56,Net Banking,Shipped
ORD08129,CST3686,PRD0113,2025-12-14,4,480366.85,Debit Card,Cancelled
ORD08130,CST1904,PRD0481,2025-05-10,8,259575.52,Cash on Delivery,Cancelled
ORD08131,CST4742,PRD0295,2025-07-02,6,248395.69,UPI,Delivered
ORD08132,CST3940,PRD0120,2025-10-29,5,280532.71,UPI,Cancelled
ORD08133,CST2418,PRD0079,2025-09-03,8,52375.45,Debit Card,Cancelled
ORD08134,CST2787,PRD0983,2025-08-02,9,270040.45,Debit Card,Processing
ORD08135,CST1270,PRD0812,2025-07-05,2,170808.44,Net Banking,Delivered
ORD08136,CST1715,PRD0347,2025-05-23,5,316813.1,Credit Card,Delivered
ORD08137,CST1808,PRD0928,2025-03-23,6,42509.79,Net Banking,Delivered
ORD08138,CST3059,PRD0873,2025-08-03,4,236000.43,Net Banking,Cancelled
ORD08139,CST0244,PRD0891,2025-08-07,8,418594.65,UPI,Delivered
ORD08140,CST4075,PRD0555,2025-06-10,2,237730.62,Credit Card,Shipped
ORD08141,CST4631,PRD0198,2025-06-09,1,126993.94,Credit Card,Shipped
ORD08142,CST3657,PRD0740,2025-11-24,4,456634.56,Credit Card,Cancelled
ORD08143,CST4860,PRD0496,2025-07-12,8,76825.62,Cash on Delivery,Processing
ORD08144,CST0366,PRD0545,2025-09-25,5,287988.76,Cash on Delivery,Shipped
ORD08145,CST0371,PRD0966,2025-04-12,4,492739.35,UPI,Delivered
ORD08146,CST3981,PRD0829,2025-04-17,7,273143.16,UPI,Shipped
ORD08147,CST4681,PRD0372,2025-03-24,8,11186.02,UPI,Cancelled
ORD08148,CST1161,PRD0482,2025-07-13,9,286000.13,UPI,Cancelled
ORD08149,CST0412,PRD0557,2025-11-09,5,145982.77,Debit Card,Shipped
ORD08150,CST4712,PRD0290,2025-06-24,1,319785.27,Cash on Delivery,Delivered
ORD08151,CST2093,PRD0029,2025-09-12,5,254739.05,Net Banking,Processing
ORD08152,CST4753,PRD0677,2025-09-18,8,446295.41,Cash on Delivery,Delivered
ORD08153,CST1063,PRD0623,2025-02-10,8,440872.68,Net Banking,Delivered
ORD08154,CST4309,PRD0123,2025-11-16,3,404763.53,Net Banking,Delivered
ORD08155,CST3500,PRD0070,2025-04-20,1,245276.45,Credit Card,Shipped
ORD08156,CST3962,PRD0558,2025-12-01,9,387479.9,UPI,Delivered
ORD08157,CST4861,PRD0412,2025-06-20,6,332209.89,UPI,Cancelled
ORD08158,CST1529,PRD0698,2025-01-11,7,492296.62,Net Banking,Delivered
ORD08159,CST3791,PRD0748,2025-09-06,10,198355.08,Debit Card,Shipped
ORD08160,CST2142,PRD0340,2025-05-03,6,61873.66,Cash on Delivery,Processing
ORD08161,CST1888,PRD0257,2025-07-01,4,25097.81,Cash on Delivery,Processing
ORD08162,CST4761,PRD0048,2025-05-25,6,388284.84,Net Banking,Delivered
ORD08163,CST4333,PRD0107,2025-02-19,5,234275.96,Cash on Delivery,Shipped
ORD08164,CST0416,PRD0374,2025-12-14,7,182867.71,Debit Card,Processing
ORD08165,CST1873,PRD0440,2025-02-05,3,13976.0,Net Banking,Cancelled
ORD08166,CST1493,PRD0131,2025-03-06,3,54831.73,Cash on Delivery,Delivered
ORD08167,CST3738,PRD0358,2025-04-10,5,56119.57,Credit Card,Processing
ORD08168,CST0898,PRD0924,2025-04-01,8,445303.78,Credit Card,Processing
ORD08169,CST1459,PRD0914,2025-09-17,6,463191.53,Cash on Delivery,Processing
ORD08170,CST0960,PRD0731,2025-09-19,9,440236.74,Net Banking,Cancelled
ORD08171,CST3204,PRD0135,2025-08-23,6,338060.45,Cash on Delivery,Shipped
ORD08172,CST3921,PRD0347,2025-07-13,4,316813.1,UPI,Shipped
ORD08173,CST4576,PRD0844,2025-05-11,8,490284.24,Cash on Delivery,Cancelled
ORD08174,CST0782,PRD0182,2025-06-30,8,384713.55,Credit Card,Cancelled
ORD08175,CST2455,PRD0719,2025-07-25,6,17231.59,Debit Card,Processing
ORD08176,CST4102,PRD0614,2025-06-08,1,111501.9,Debit Card,Delivered
ORD08177,CST3432,PRD0301,2025-11-07,8,7480.96,UPI,Cancelled
ORD08178,CST3923,PRD0101,2025-06-09,5,167119.54,Cash on Delivery,Shipped
ORD08179,CST3606,PRD0366,2025-06-22,4,325775.78,Cash on Delivery,Delivered
ORD08180,CST2243,PRD0223,2025-11-19,2,463774.72,Net Banking,Delivered
ORD08181,CST4582,PRD0704,2025-06-21,1,133128.92,Cash on Delivery,Processing
ORD08182,CST4340,PRD0927,2025-08-08,4,449252.77,Credit Card,Shipped
ORD08183,CST2005,PRD0205,2025-02-12,6,440932.13,Cash on Delivery,Shipped
ORD08184,CST2795,PRD0956,2025-01-16,6,224543.72,Net Banking,Processing
ORD08185,CST2322,PRD0510,2025-06-01,7,343463.54,Net Banking,Shipped
ORD08186,CST2540,PRD0827,2025-12-14,3,147831.09,Credit Card,Shipped
ORD08187,CST2356,PRD0892,2025-11-18,2,79816.41,Credit Card,Cancelled
ORD08188,CST4011,PRD0943,2025-05-02,8,470076.43,Cash on Delivery,Processing
ORD08189,CST1891,PRD0838,2025-09-11,8,212633.17,Net Banking,Processing
ORD08190,CST0111,PRD0491,2025-04-12,5,169339.24,Cash on Delivery,Cancelled
ORD08191,CST1636,PRD0672,2025-09-19,5,269053.06,Cash on Delivery,Shipped
ORD08192,CST1634,PRD0935,2025-11-21,6,55002.05,UPI,Cancelled
ORD08193,CST3650,PRD0223,2025-10-03,3,463774.72,UPI,Cancelled
ORD08194,CST0767,PRD0232,2025-06-14,6,432129.02,Net Banking,Delivered
ORD08195,CST2808,PRD0287,2025-10-07,9,20378.33,Net Banking,Shipped
ORD08196,CST4671,PRD0766,2025-05-09,6,17048.03,Credit Card,Shipped
ORD08197,CST0922,PRD0023,2025-06-19,2,317209.45,Cash on Delivery,Shipped
ORD08198,CST1936,PRD0275,2025-03-05,6,377536.84,UPI,Shipped
ORD08199,CST1889,PRD0106,2025-09-15,8,266553.12,Credit Card,Shipped
ORD08200,CST3727,PRD0484,2025-05-26,5,411674.03,Debit Card,Delivered
ORD08201,CST3811,PRD0554,2025-09-04,10,397170.23,Cash on Delivery,Delivered
ORD08202,CST1052,PRD0375,2025-07-26,1,338428.64,Debit Card,Delivered
ORD08203,CST1568,PRD0229,2025-10-16,2,222489.98,UPI,Cancelled
ORD08204,CST2877,PRD0850,2025-01-21,10,313768.36,Cash on Delivery,Shipped
ORD08205,CST2579,PRD0605,2025-07-23,5,264670.42,Debit Card,Shipped
ORD08206,CST4116,PRD0060,2025-08-24,6,201975.51,Cash on Delivery,Shipped
ORD08207,CST3390,PRD0731,2025-01-01,2,440236.74,UPI,Processing
ORD08208,CST0713,PRD0706,2025-01-11,1,340203.49,Debit Card,Processing
ORD08209,CST2147,PRD0167,2025-03-12,4,187116.23,UPI,Cancelled
ORD08210,CST4621,PRD0030,2025-02-14,6,135855.72,UPI,Shipped
ORD08211,CST4121,PRD0776,2025-04-10,1,269325.44,Credit Card,Cancelled
ORD08212,CST1596,PRD0728,2025-04-20,9,466065.61,Cash on Delivery,Processing
ORD08213,CST2597,PRD0925,2025-06-10,7,145643.55,Credit Card,Cancelled
ORD08214,CST3156,PRD0289,2025-07-12,8,484419.64,Debit Card,Delivered
ORD08215,CST3783,PRD0370,2025-11-05,8,394986.76,UPI,Processing
ORD08216,CST0195,PRD0735,2025-06-26,6,219840.8,Credit Card,Shipped
ORD08217,CST3680,PRD0544,2025-05-01,8,351498.63,Net Banking,Delivered
ORD08218,CST2566,PRD0790,2025-01-18,3,300129.97,Cash on Delivery,Delivered
ORD08219,CST3215,PRD0568,2025-02-12,4,289859.5,Debit Card,Delivered
ORD08220,CST3722,PRD0761,2025-07-29,8,358469.67,Credit Card,Shipped
ORD08221,CST2268,PRD0955,2025-09-21,8,148075.82,Cash on Delivery,Delivered
ORD08222,CST4562,PRD0309,2025-05-03,5,36029.14,Credit Card,Delivered
ORD08223,CST3625,PRD0770,2025-11-21,5,380657.0,Credit Card,Cancelled
ORD08224,CST2340,PRD0864,2025-08-18,2,314562.72,UPI,Shipped
ORD08225,CST1978,PRD0433,2025-12-09,6,389553.4,Net Banking,Shipped
ORD08226,CST4577,PRD0342,2025-01-05,4,284358.28,Cash on Delivery,Delivered
ORD08227,CST0470,PRD0532,2025-05-24,6,111402.44,Debit Card,Processing
ORD08228,CST4213,PRD0138,2025-06-22,10,135488.73,Net Banking,Shipped
ORD08229,CST1583,PRD0284,2025-08-02,3,309320.21,UPI,Delivered
ORD08230,CST3493,PRD0086,2025-05-23,5,29313.76,Cash on Delivery,Delivered
ORD08231,CST2153,PRD0761,2025-03-03,9,358469.67,Credit Card,Processing
ORD08232,CST2454,PRD0023,2025-02-21,3,317209.45,Net Banking,Shipped
ORD08233,CST3108,PRD0721,2025-05-05,10,8562.05,Debit Card,Cancelled
ORD08234,CST2932,PRD0234,2025-11-04,6,43067.33,Credit Card,Shipped
ORD08235,CST3461,PRD0603,2025-02-28,3,338163.18,Net Banking,Delivered
ORD08236,CST1176,PRD0394,2025-08-19,9,278794.33,Debit Card,Processing
ORD08237,CST2349,PRD0811,2025-12-07,1,154268.56,Debit Card,Processing
ORD08238,CST4076,PRD0557,2025-03-27,2,145982.77,Debit Card,Processing
ORD08239,CST1392,PRD0953,2025-10-30,3,336157.84,Debit Card,Delivered
ORD08240,CST2679,PRD0383,2025-05-27,3,419182.0,Net Banking,Shipped
ORD08241,CST1007,PRD0957,2025-03-26,1,335001.37,Credit Card,Delivered
ORD08242,CST3457,PRD0710,2025-06-25,8,402633.23,Credit Card,Delivered
ORD08243,CST3318,PRD0706,2025-09-24,1,340203.49,UPI,Shipped
ORD08244,CST1234,PRD0276,2025-01-13,4,219495.98,Net Banking,Cancelled
ORD08245,CST3300,PRD0440,2025-03-05,6,13976.0,UPI,Delivered
ORD08246,CST2207,PRD0387,2025-09-01,2,369271.77,Cash on Delivery,Cancelled
ORD08247,CST1100,PRD0774,2025-10-08,9,193169.88,UPI,Delivered
ORD08248,CST0379,PRD0370,2025-08-18,6,394986.76,Cash on Delivery,Cancelled
ORD08249,CST2731,PRD0233,2025-11-08,5,444388.32,Debit Card,Cancelled
ORD08250,CST1288,PRD0590,2025-12-20,7,27079.31,Cash on Delivery,Delivered
ORD08251,CST1446,PRD0818,2025-04-14,5,220601.84,Net Banking,Delivered
ORD08252,CST1598,PRD0133,2025-09-12,8,470196.95,Credit Card,Shipped
ORD08253,CST4349,PRD0244,2025-07-28,4,253186.64,Net Banking,Processing
ORD08254,CST0638,PRD0146,2025-08-12,10,404258.53,Net Banking,Processing
ORD08255,CST3071,PRD0801,2025-09-28,4,397473.03,Cash on Delivery,Cancelled
ORD08256,CST2546,PRD0432,2025-03-08,7,108369.1,Credit Card,Shipped
ORD08257,CST2792,PRD0682,2025-05-27,9,213214.35,UPI,Delivered
ORD08258,CST1171,PRD0374,2025-07-02,4,182867.71,Credit Card,Shipped
ORD08259,CST2188,PRD0737,2025-12-22,5,173564.73,Credit Card,Processing
ORD08260,CST1357,PRD0109,2025-09-07,1,265195.53,Debit Card,Shipped
ORD08261,CST0738,PRD0977,2025-05-17,4,451766.81,Debit Card,Shipped
ORD08262,CST0668,PRD0764,2025-11-23,9,445630.8,Net Banking,Delivered
ORD08263,CST1569,PRD0231,2025-08-16,4,212707.32,UPI,Delivered
ORD08264,CST4930,PRD0722,2025-08-11,10,354547.31,Net Banking,Delivered
ORD08265,CST2335,PRD0304,2025-05-28,10,150917.76,Cash on Delivery,Delivered
ORD08266,CST3449,PRD0718,2025-02-06,5,276001.51,UPI,Processing
ORD08267,CST1495,PRD0716,2025-03-31,10,340135.32,Debit Card,Shipped
ORD08268,CST0623,PRD0765,2025-10-31,4,490611.22,Credit Card,Delivered
ORD08269,CST4297,PRD0669,2025-03-03,2,291695.08,UPI,Cancelled
ORD08270,CST3892,PRD0732,2025-03-25,6,143168.86,UPI,Delivered
ORD08271,CST0803,PRD0358,2025-04-07,5,56119.57,Net Banking,Delivered
ORD08272,CST3290,PRD0392,2025-01-09,10,249841.7,UPI,Processing
ORD08273,CST1843,PRD0094,2025-10-05,8,193799.52,Credit Card,Delivered
ORD08274,CST0783,PRD0988,2025-08-19,4,269507.5,Cash on Delivery,Processing
ORD08275,CST2232,PRD0023,2025-09-26,5,317209.45,UPI,Processing
ORD08276,CST1219,PRD0839,2025-12-05,9,14178.61,UPI,Processing
ORD08277,CST2410,PRD0193,2025-08-11,9,367591.73,Net Banking,Delivered
ORD08278,CST2986,PRD0446,2025-12-18,4,2640.18,Credit Card,Shipped
ORD08279,CST3944,PRD0751,2025-07-07,2,272483.38,Credit Card,Delivered
ORD08280,CST2440,PRD0955,2025-06-28,8,148075.82,Net Banking,Cancelled
ORD08281,CST2182,PRD0345,2025-08-24,2,481363.4,Cash on Delivery,Shipped
ORD08282,CST4605,PRD0973,2025-07-09,4,182634.21,Net Banking,Cancelled
ORD08283,CST0648,PRD0602,2025-06-28,10,167614.67,Credit Card,Processing
ORD08284,CST2369,PRD0649,2025-01-02,8,393228.12,Debit Card,Shipped
ORD08285,CST0017,PRD0429,2025-04-16,7,84478.67,Net Banking,Delivered
ORD08286,CST4118,PRD0640,2025-08-26,6,61100.99,UPI,Processing
ORD08287,CST2903,PRD0081,2025-04-16,10,422104.17,UPI,Delivered
ORD08288,CST2434,PRD0662,2025-02-21,6,382925.6,UPI,Shipped
ORD08289,CST3093,PRD0737,2025-12-18,9,173564.73,Cash on Delivery,Processing
ORD08290,CST2842,PRD0477,2025-01-21,4,229713.94,UPI,Processing
ORD08291,CST1633,PRD0218,2025-12-04,2,80392.41,Net Banking,Delivered
ORD08292,CST0318,PRD0632,2025-07-31,4,185425.93,Cash on Delivery,Shipped
ORD08293,CST1139,PRD0089,2025-07-09,4,305458.21,Net Banking,Processing
ORD08294,CST0096,PRD0210,2025-09-17,1,417928.44,UPI,Cancelled
ORD08295,CST4746,PRD0258,2025-03-24,2,120169.47,UPI,Processing
ORD08296,CST4283,PRD0914,2025-04-25,4,463191.53,Debit Card,Shipped
ORD08297,CST1773,PRD0533,2025-10-05,6,296250.41,UPI,Delivered
ORD08298,CST4952,PRD0781,2025-03-15,6,401973.77,UPI,Cancelled
ORD08299,CST2818,PRD0636,2025-01-07,7,342103.33,Debit Card,Shipped
ORD08300,CST2483,PRD0769,2025-05-11,2,16390.65,Debit Card,Cancelled
ORD08301,CST0798,PRD0572,2025-01-06,3,448724.27,UPI,Delivered
ORD08302,CST1918,PRD0981,2025-10-31,1,245722.69,Credit Card,Processing
ORD08303,CST3413,PRD0796,2025-01-11,4,188906.88,Debit Card,Processing
ORD08304,CST3631,PRD0133,2025-10-01,1,470196.95,UPI,Cancelled
ORD08305,CST2671,PRD0961,2025-11-23,4,486351.73,Debit Card,Cancelled
ORD08306,CST3532,PRD0111,2025-04-26,5,203119.11,Credit Card,Cancelled
ORD08307,CST4662,PRD0935,2025-12-02,4,55002.05,UPI,Cancelled
ORD08308,CST2428,PRD0275,2025-04-23,5,377536.84,Debit Card,Delivered
ORD08309,CST3341,PRD0480,2025-03-15,4,192534.51,Credit Card,Shipped
ORD08310,CST0045,PRD0291,2025-01-15,7,86034.61,Credit Card,Processing
ORD08311,CST1746,PRD0053,2025-06-20,6,219816.79,UPI,Shipped
ORD08312,CST0108,PRD0302,2025-05-30,9,429435.64,Net Banking,Processing
ORD08313,CST0859,PRD0840,2025-11-12,3,435333.59,Net Banking,Delivered
ORD08314,CST4463,PRD0950,2025-01-05,10,376344.04,Debit Card,Processing
ORD08315,CST1344,PRD0188,2025-05-21,3,319504.96,Debit Card,Processing
ORD08316,CST2774,PRD0651,2025-09-01,4,6511.35,UPI,Cancelled
ORD08317,CST3577,PRD0581,2025-11-07,2,181384.25,Debit Card,Shipped
ORD08318,CST2675,PRD0243,2025-12-28,6,126540.73,Debit Card,Shipped
ORD08319,CST4651,PRD0174,2025-09-24,5,468347.49,Debit Card,Processing
ORD08320,CST2073,PRD0889,2025-04-09,2,6877.23,Net Banking,Cancelled
ORD08321,CST3819,PRD0474,2025-07-19,9,228298.1,UPI,Delivered
ORD08322,CST4134,PRD0407,2025-10-11,2,112818.92,Net Banking,Shipped
ORD08323,CST0133,PRD0946,2025-06-07,2,98554.47,Net Banking,Processing
ORD08324,CST4304,PRD0109,2025-02-02,5,265195.53,Net Banking,Delivered
ORD08325,CST2149,PRD0245,2025-02-15,6,141293.88,Debit Card,Cancelled
ORD08326,CST3845,PRD0684,2025-03-18,6,468185.59,Cash on Delivery,Cancelled
ORD08327,CST1724,PRD0447,2025-01-24,10,344400.91,Net Banking,Cancelled
ORD08328,CST2264,PRD0222,2025-11-16,9,495711.35,Debit Card,Delivered
ORD08329,CST0991,PRD0302,2025-08-16,6,429435.64,UPI,Processing
ORD08330,CST1846,PRD0273,2025-10-14,8,254883.09,UPI,Shipped
ORD08331,CST0202,PRD0756,2025-10-02,5,183854.89,Net Banking,Processing
ORD08332,CST3976,PRD0196,2025-07-13,5,154052.13,Credit Card,Shipped
ORD08333,CST2753,PRD0819,2025-02-18,8,149969.04,Net Banking,Shipped
ORD08334,CST1684,PRD0393,2025-08-03,7,132764.27,Credit Card,Delivered
ORD08335,CST4679,PRD0173,2025-08-26,8,203316.2,UPI,Processing
ORD08336,CST3541,PRD0697,2025-01-31,8,362110.12,Net Banking,Delivered
ORD08337,CST4554,PRD0156,2025-09-09,2,259678.66,Credit Card,Shipped
ORD08338,CST0434,PRD0876,2025-05-30,7,166829.84,Cash on Delivery,Processing
ORD08339,CST1986,PRD0884,2025-12-06,2,87645.2,Debit Card,Processing
ORD08340,CST3166,PRD0473,2025-07-09,1,479726.66,Debit Card,Delivered
ORD08341,CST4992,PRD0641,2025-10-27,10,8698.24,Credit Card,Cancelled
ORD08342,CST0170,PRD0659,2025-05-16,2,138334.77,Net Banking,Cancelled
ORD08343,CST3332,PRD0984,2025-11-02,2,292739.92,Net Banking,Cancelled
ORD08344,CST1292,PRD0905,2025-06-25,6,425456.72,Cash on Delivery,Processing
ORD08345,CST1914,PRD0375,2025-12-23,10,338428.64,Cash on Delivery,Processing
ORD08346,CST3634,PRD0568,2025-06-14,5,289859.5,UPI,Processing
ORD08347,CST1352,PRD0512,2025-11-09,9,387150.71,Credit Card,Processing
ORD08348,CST3252,PRD0096,2025-02-17,7,279302.34,Debit Card,Processing
ORD08349,CST3985,PRD0628,2025-01-01,2,273070.51,Cash on Delivery,Shipped
ORD08350,CST3777,PRD0152,2025-05-01,2,496559.29,UPI,Delivered
ORD08351,CST2236,PRD0036,2025-11-04,7,14285.8,UPI,Processing
ORD08352,CST3395,PRD0352,2025-07-02,7,107362.57,Credit Card,Shipped
ORD08353,CST4818,PRD0914,2025-01-08,7,463191.53,UPI,Shipped
ORD08354,CST3748,PRD0058,2025-08-31,3,274202.64,Debit Card,Processing
ORD08355,CST3796,PRD0546,2025-10-26,2,20751.92,UPI,Shipped
ORD08356,CST3960,PRD0566,2025-05-30,1,490663.38,UPI,Processing
ORD08357,CST2139,PRD0863,2025-10-29,3,338633.51,Cash on Delivery,Processing
ORD08358,CST3796,PRD0786,2025-12-28,7,79605.99,Cash on Delivery,Cancelled
ORD08359,CST3070,PRD0831,2025-10-26,9,220638.31,Debit Card,Delivered
ORD08360,CST1319,PRD0403,2025-03-22,10,277773.89,Debit Card,Processing
ORD08361,CST2907,PRD0971,2025-06-13,7,267389.88,Cash on Delivery,Shipped
ORD08362,CST3435,PRD0419,2025-07-30,8,440720.8,Net Banking,Cancelled
ORD08363,CST2929,PRD0738,2025-11-12,9,247683.34,Credit Card,Processing
ORD08364,CST3295,PRD0579,2025-09-29,2,163261.73,UPI,Delivered
ORD08365,CST3731,PRD0052,2025-07-09,5,5013.37,Debit Card,Shipped
ORD08366,CST3028,PRD0358,2025-07-16,3,56119.57,Credit Card,Delivered
ORD08367,CST2736,PRD0546,2025-04-30,5,20751.92,UPI,Cancelled
ORD08368,CST1596,PRD0945,2025-09-20,2,350844.39,Cash on Delivery,Cancelled
ORD08369,CST2080,PRD0411,2025-03-09,5,314582.0,Net Banking,Cancelled
ORD08370,CST4700,PRD0314,2025-12-16,5,145467.21,Credit Card,Delivered
ORD08371,CST4705,PRD0693,2025-01-15,8,140415.56,Net Banking,Cancelled
ORD08372,CST3713,PRD0016,2025-07-06,2,367901.61,Debit Card,Shipped
ORD08373,CST1871,PRD0944,2025-12-26,6,368941.44,Net Banking,Shipped
ORD08374,CST0309,PRD0796,2025-11-10,10,188906.88,Credit Card,Processing
ORD08375,CST4805,PRD0857,2025-01-03,2,341133.99,Debit Card,Cancelled
ORD08376,CST2050,PRD0530,2025-05-26,8,146632.15,Credit Card,Processing
ORD08377,CST2977,PRD0424,2025-08-21,2,244732.68,Net Banking,Cancelled
ORD08378,CST0680,PRD0780,2025-02-09,10,184102.36,Debit Card,Shipped
ORD08379,CST2936,PRD0458,2025-09-18,3,204299.89,Debit Card,Delivered
ORD08380,CST2381,PRD0170,2025-07-23,1,304034.45,Net Banking,Cancelled
ORD08381,CST3191,PRD0001,2025-02-06,10,442722.82,Net Banking,Delivered
ORD08382,CST2304,PRD0814,2025-12-03,6,458300.48,UPI,Processing
ORD08383,CST3709,PRD0760,2025-02-03,8,373507.95,Credit Card,Processing
ORD08384,CST1864,PRD0812,2025-03-30,4,170808.44,Cash on Delivery,Cancelled
ORD08385,CST3963,PRD0780,2025-03-09,3,184102.36,Net Banking,Processing
ORD08386,CST1029,PRD0464,2025-04-19,10,206183.16,Cash on Delivery,Cancelled
ORD08387,CST2039,PRD0719,2025-07-22,5,17231.59,Credit Card,Delivered
ORD08388,CST3340,PRD0580,2025-05-30,5,391109.22,Net Banking,Delivered
ORD08389,CST2645,PRD0492,2025-10-15,10,484004.12,Net Banking,Cancelled
ORD08390,CST1025,PRD0773,2025-04-30,1,105070.58,Credit Card,Delivered
ORD08391,CST3741,PRD0322,2025-04-05,1,11015.23,Debit Card,Processing
ORD08392,CST2116,PRD0395,2025-05-29,8,499741.53,Net Banking,Processing
ORD08393,CST3812,PRD0729,2025-01-28,8,239751.24,Cash on Delivery,Processing
ORD08394,CST3647,PRD0945,2025-05-24,2,350844.39,Credit Card,Processing
ORD08395,CST4641,PRD0271,2025-05-10,10,482671.43,UPI,Cancelled
ORD08396,CST4944,PRD0859,2025-04-06,6,117694.09,Cash on Delivery,Delivered
ORD08397,CST3234,PRD0274,2025-03-10,3,26901.38,Debit Card,Delivered
ORD08398,CST4947,PRD0626,2025-06-24,10,107714.25,UPI,Cancelled
ORD08399,CST3030,PRD0396,2025-12-14,8,389374.75,UPI,Shipped
ORD08400,CST1487,PRD0189,2025-06-04,6,292337.81,Cash on Delivery,Shipped
ORD08401,CST3918,PRD0025,2025-06-28,3,229608.54,UPI,Cancelled
ORD08402,CST2783,PRD0002,2025-03-06,2,200708.22,UPI,Cancelled
ORD08403,CST1850,PRD0969,2025-01-12,4,315284.44,Credit Card,Shipped
ORD08404,CST2947,PRD0514,2025-04-06,6,379261.29,UPI,Shipped
ORD08405,CST3526,PRD0836,2025-10-04,4,399271.45,Net Banking,Delivered
ORD08406,CST4130,PRD0035,2025-06-09,8,435053.37,Cash on Delivery,Cancelled
ORD08407,CST0292,PRD0094,2025-08-25,10,193799.52,Credit Card,Cancelled
ORD08408,CST0389,PRD0902,2025-11-17,9,430847.47,Net Banking,Cancelled
ORD08409,CST1915,PRD0349,2025-04-07,7,347263.57,Debit Card,Cancelled
ORD08410,CST4726,PRD0967,2025-08-24,5,280971.94,Cash on Delivery,Processing
ORD08411,CST3772,PRD0172,2025-10-28,8,391302.22,Credit Card,Cancelled
ORD08412,CST1486,PRD0476,2025-09-26,10,133928.89,UPI,Processing
ORD08413,CST1371,PRD0143,2025-09-26,7,320682.49,Credit Card,Shipped
ORD08414,CST0050,PRD0657,2025-01-12,1,392866.18,Net Banking,Delivered
ORD08415,CST1136,PRD0099,2025-01-15,6,130423.59,Credit Card,Cancelled
ORD08416,CST3301,PRD0963,2025-08-12,2,363912.08,Cash on Delivery,Delivered
ORD08417,CST4526,PRD0833,2025-06-09,5,25768.5,Debit Card,Delivered
ORD08418,CST2870,PRD0313,2025-12-09,3,248044.63,UPI,Delivered
ORD08419,CST1305,PRD0658,2025-12-09,6,55260.32,Credit Card,Shipped
ORD08420,CST3972,PRD0636,2025-08-28,4,342103.33,UPI,Shipped
ORD08421,CST1006,PRD0810,2025-12-05,3,150869.36,Credit Card,Delivered
ORD08422,CST0622,PRD0438,2025-05-31,2,185862.82,Cash on Delivery,Delivered
ORD08423,CST4249,PRD0768,2025-12-17,2,200993.95,UPI,Delivered
ORD08424,CST4668,PRD0201,2025-08-11,2,183966.16,Credit Card,Shipped
ORD08425,CST0264,PRD0414,2025-09-26,5,404646.47,Credit Card,Delivered
ORD08426,CST4895,PRD0673,2025-10-07,2,387197.85,Net Banking,Shipped
ORD08427,CST2454,PRD0072,2025-04-21,9,177782.5,Credit Card,Cancelled
ORD08428,CST1664,PRD0766,2025-04-16,9,17048.03,Credit Card,Processing
ORD08429,CST4424,PRD0513,2025-08-18,2,20899.02,Cash on Delivery,Shipped
ORD08430,CST1892,PRD0699,2025-10-11,8,394615.9,UPI,Shipped
ORD08431,CST4354,PRD0358,2025-06-03,10,56119.57,Debit Card,Processing
ORD08432,CST0441,PRD0389,2025-02-11,2,385961.68,UPI,Delivered
ORD08433,CST3331,PRD0781,2025-12-27,4,401973.77,Cash on Delivery,Delivered
ORD08434,CST0614,PRD0025,2025-06-30,4,229608.54,Debit Card,Cancelled
ORD08435,CST4440,PRD0795,2025-03-08,3,85392.09,Debit Card,Processing
ORD08436,CST4334,PRD0143,2025-05-11,5,320682.49,Net Banking,Delivered
ORD08437,CST0805,PRD0148,2025-03-30,3,27874.16,Credit Card,Cancelled
ORD08438,CST3993,PRD0126,2025-09-09,5,349206.68,Cash on Delivery,Processing
ORD08439,CST2638,PRD0596,2025-05-16,6,194895.06,Cash on Delivery,Shipped
ORD08440,CST1253,PRD0283,2025-12-11,10,466806.55,Cash on Delivery,Processing
ORD08441,CST1834,PRD0867,2025-09-12,10,131817.83,Cash on Delivery,Cancelled
ORD08442,CST0800,PRD0849,2025-10-16,9,300765.22,Credit Card,Cancelled
ORD08443,CST1387,PRD0101,2025-11-10,7,167119.54,Cash on Delivery,Shipped
ORD08444,CST2171,PRD0454,2025-10-24,7,74767.36,Debit Card,Shipped
ORD08445,CST3142,PRD0922,2025-08-11,3,219694.88,Debit Card,Shipped
ORD08446,CST3073,PRD0424,2025-04-02,9,244732.68,Cash on Delivery,Cancelled
ORD08447,CST2334,PRD0002,2025-11-15,8,200708.22,Cash on Delivery,Delivered
ORD08448,CST1540,PRD0601,2025-02-21,9,188003.12,Cash on Delivery,Delivered
ORD08449,CST3955,PRD0483,2025-07-14,7,457217.05,Cash on Delivery,Cancelled
ORD08450,CST2808,PRD0490,2025-08-16,1,71859.02,UPI,Cancelled
ORD08451,CST4516,PRD0628,2025-11-03,2,273070.51,Debit Card,Delivered
ORD08452,CST2147,PRD0230,2025-02-03,7,51870.69,Cash on Delivery,Shipped
ORD08453,CST4778,PRD0471,2025-04-28,3,216734.98,Debit Card,Cancelled
ORD08454,CST2781,PRD0686,2025-01-30,8,450728.25,UPI,Delivered
ORD08455,CST4137,PRD0075,2025-09-25,4,178067.75,Cash on Delivery,Cancelled
ORD08456,CST3514,PRD0476,2025-12-08,9,133928.89,Debit Card,Shipped
ORD08457,CST2025,PRD0642,2025-09-18,5,18027.53,Debit Card,Processing
ORD08458,CST1419,PRD0230,2025-01-01,9,51870.69,Net Banking,Cancelled
ORD08459,CST3796,PRD0779,2025-03-22,3,144619.96,Debit Card,Delivered
ORD08460,CST0614,PRD0794,2025-12-12,5,218172.91,Credit Card,Cancelled
ORD08461,CST2363,PRD0074,2025-12-30,3,365866.1,Debit Card,Cancelled
ORD08462,CST2437,PRD0277,2025-10-05,2,219021.68,Cash on Delivery,Shipped
ORD08463,CST3559,PRD0171,2025-02-03,10,244653.73,Net Banking,Processing
ORD08464,CST1458,PRD0211,2025-03-26,9,373727.86,Debit Card,Processing
ORD08465,CST0774,PRD0067,2025-09-26,10,285269.76,Debit Card,Shipped
ORD08466,CST2842,PRD0292,2025-05-10,2,470579.02,Net Banking,Cancelled
ORD08467,CST4197,PRD0775,2025-07-10,10,370470.97,UPI,Cancelled
ORD08468,CST3797,PRD0795,2025-09-27,6,85392.09,Credit Card,Delivered
ORD08469,CST1091,PRD0497,2025-11-29,2,407483.68,UPI,Cancelled
ORD08470,CST3273,PRD0204,2025-05-08,6,176114.34,Credit Card,Delivered
ORD08471,CST0588,PRD0502,2025-08-25,1,38772.73,UPI,Cancelled
ORD08472,CST1592,PRD0528,2025-07-17,5,320836.96,Credit Card,Cancelled
ORD08473,CST1420,PRD0348,2025-03-20,3,49503.5,Net Banking,Cancelled
ORD08474,CST4049,PRD0043,2025-12-19,5,267712.35,Net Banking,Cancelled
ORD08475,CST1985,PRD0994,2025-01-06,10,482813.95,Credit Card,Cancelled
ORD08476,CST1045,PRD0650,2025-08-01,9,269438.6,Cash on Delivery,Delivered
ORD08477,CST0154,PRD0136,2025-07-07,3,417077.04,Net Banking,Cancelled
ORD08478,CST2226,PRD0490,2025-08-26,9,71859.02,Net Banking,Processing
ORD08479,CST4802,PRD0941,2025-05-18,5,310246.04,Debit Card,Shipped
ORD08480,CST4069,PRD0335,2025-06-15,1,120356.18,Cash on Delivery,Cancelled
ORD08481,CST2820,PRD0418,2025-01-31,8,14440.45,Cash on Delivery,Processing
ORD08482,CST3861,PRD0903,2025-03-17,1,337342.57,UPI,Cancelled
ORD08483,CST3975,PRD0518,2025-04-11,8,474169.56,Credit Card,Processing
ORD08484,CST1871,PRD0125,2025-08-05,3,118921.52,Cash on Delivery,Delivered
ORD08485,CST0778,PRD0691,2025-04-27,7,364853.04,UPI,Delivered
ORD08486,CST3380,PRD0359,2025-07-07,3,223411.48,UPI,Shipped
ORD08487,CST1373,PRD0440,2025-05-10,9,13976.0,Credit Card,Cancelled
ORD08488,CST2772,PRD0590,2025-03-31,8,27079.31,Debit Card,Cancelled
ORD08489,CST1609,PRD0143,2025-11-15,3,320682.49,Net Banking,Processing
ORD08490,CST0734,PRD0810,2025-03-19,5,150869.36,UPI,Shipped
ORD08491,CST2197,PRD0664,2025-09-10,9,212635.08,Net Banking,Delivered
ORD08492,CST1861,PRD0849,2025-06-29,1,300765.22,Debit Card,Shipped
ORD08493,CST1647,PRD0525,2025-01-24,1,26009.09,Cash on Delivery,Delivered
ORD08494,CST0096,PRD0517,2025-07-02,4,207791.06,Debit Card,Cancelled
ORD08495,CST3996,PRD0918,2025-02-02,7,181510.8,Net Banking,Cancelled
ORD08496,CST2342,PRD0055,2025-07-08,10,144415.29,Net Banking,Cancelled
ORD08497,CST0859,PRD0310,2025-09-21,7,91658.23,Cash on Delivery,Delivered
ORD08498,CST2495,PRD0628,2025-02-16,5,273070.51,Credit Card,Processing
ORD08499,CST0677,PRD0456,2025-12-03,9,256185.33,UPI,Delivered
ORD08500,CST1743,PRD0433,2025-07-06,10,389553.4,Cash on Delivery,Shipped
ORD08501,CST4607,PRD0329,2025-03-01,6,40263.52,Credit Card,Processing
ORD08502,CST4203,PRD0936,2025-02-13,10,260392.6,Cash on Delivery,Cancelled
ORD08503,CST0897,PRD0378,2025-10-18,1,293062.88,Cash on Delivery,Shipped
ORD08504,CST2738,PRD0279,2025-03-31,2,367611.96,Debit Card,Processing
ORD08505,CST4093,PRD0634,2025-03-15,6,87769.43,Debit Card,Shipped
ORD08506,CST4357,PRD0428,2025-08-28,6,80981.76,Credit Card,Delivered
ORD08507,CST0983,PRD0770,2025-10-27,3,380657.0,UPI,Delivered
ORD08508,CST3382,PRD0142,2025-05-24,2,276351.39,Cash on Delivery,Cancelled
ORD08509,CST0718,PRD0283,2025-03-07,2,466806.55,Net Banking,Shipped
ORD08510,CST1941,PRD0076,2025-01-10,3,408837.17,Debit Card,Cancelled
ORD08511,CST4767,PRD0473,2025-10-01,7,479726.66,Credit Card,Processing
ORD08512,CST4269,PRD0220,2025-01-12,4,217566.6,Net Banking,Processing
ORD08513,CST0870,PRD0749,2025-07-04,5,396097.6,Credit Card,Shipped
ORD08514,CST4112,PRD0562,2025-09-20,7,372541.47,UPI,Shipped
ORD08515,CST4211,PRD0268,2025-10-18,2,7811.36,UPI,Cancelled
ORD08516,CST3258,PRD0838,2025-10-27,6,212633.17,UPI,Cancelled
ORD08517,CST3687,PRD0029,2025-11-09,8,254739.05,Cash on Delivery,Delivered
ORD08518,CST0013,PRD0076,2025-12-26,10,408837.17,Debit Card,Delivered
ORD08519,CST4089,PRD0605,2025-10-10,4,264670.42,Credit Card,Delivered
ORD08520,CST1583,PRD0384,2025-09-03,8,402804.3,Credit Card,Processing
ORD08521,CST4278,PRD0618,2025-02-07,8,205782.42,Debit Card,Shipped
ORD08522,CST1251,PRD0868,2025-06-18,1,264227.88,Debit Card,Delivered
ORD08523,CST1769,PRD0187,2025-03-17,8,459959.6,Credit Card,Cancelled
ORD08524,CST1493,PRD0264,2025-04-12,8,284299.65,Debit Card,Shipped
ORD08525,CST0695,PRD0774,2025-09-29,2,193169.88,Net Banking,Shipped
ORD08526,CST4418,PRD0216,2025-10-29,5,499353.57,Net Banking,Processing
ORD08527,CST3967,PRD0572,2025-11-17,10,448724.27,UPI,Shipped
ORD08528,CST2980,PRD0899,2025-10-01,2,470538.02,Cash on Delivery,Cancelled
ORD08529,CST1757,PRD0888,2025-06-24,9,325219.21,Credit Card,Cancelled
ORD08530,CST1272,PRD0603,2025-01-06,2,338163.18,Cash on Delivery,Processing
ORD08531,CST4495,PRD0742,2025-10-31,1,112459.93,Debit Card,Processing
ORD08532,CST0781,PRD0542,2025-08-02,8,376244.05,Net Banking,Delivered
ORD08533,CST3516,PRD0108,2025-10-26,6,457847.87,Credit Card,Processing
ORD08534,CST0051,PRD0358,2025-08-06,10,56119.57,Credit Card,Shipped
ORD08535,CST1148,PRD0051,2025-01-03,9,481450.5,UPI,Shipped
ORD08536,CST1270,PRD0866,2025-10-14,1,232224.0,Net Banking,Shipped
ORD08537,CST2473,PRD0788,2025-11-29,1,339219.05,Debit Card,Cancelled
ORD08538,CST0123,PRD0941,2025-01-31,1,310246.04,Credit Card,Delivered
ORD08539,CST3993,PRD0034,2025-06-07,9,481216.6,Cash on Delivery,Processing
ORD08540,CST4539,PRD0603,2025-09-25,4,338163.18,Debit Card,Shipped
ORD08541,CST0973,PRD0530,2025-08-17,1,146632.15,UPI,Shipped
ORD08542,CST0612,PRD0407,2025-11-27,4,112818.92,UPI,Shipped
ORD08543,CST2647,PRD0945,2025-05-21,1,350844.39,UPI,Cancelled
ORD08544,CST2961,PRD0697,2025-07-30,1,362110.12,Cash on Delivery,Shipped
ORD08545,CST3506,PRD0424,2025-12-07,5,244732.68,UPI,Shipped
ORD08546,CST3768,PRD0125,2025-12-01,7,118921.52,Cash on Delivery,Processing
ORD08547,CST1055,PRD0871,2025-08-05,3,29060.59,Cash on Delivery,Shipped
ORD08548,CST4630,PRD0598,2025-11-26,1,307146.21,Cash on Delivery,Processing
ORD08549,CST0733,PRD0115,2025-01-03,2,375816.78,Cash on Delivery,Shipped
ORD08550,CST4462,PRD0897,2025-02-16,10,185949.46,Net Banking,Processing
ORD08551,CST4577,PRD0366,2025-01-29,9,325775.78,Cash on Delivery,Processing
ORD08552,CST0706,PRD0339,2025-05-30,3,408007.41,UPI,Processing
ORD08553,CST0894,PRD0062,2025-09-19,1,7644.0,UPI,Shipped
ORD08554,CST2608,PRD0676,2025-01-25,5,130881.15,Net Banking,Processing
ORD08555,CST2019,PRD0142,2025-07-12,9,276351.39,Debit Card,Shipped
ORD08556,CST3888,PRD0743,2025-11-10,5,4504.46,Credit Card,Delivered
ORD08557,CST1678,PRD0984,2025-06-08,10,292739.92,Cash on Delivery,Processing
ORD08558,CST3699,PRD0468,2025-03-23,10,464481.36,Cash on Delivery,Shipped
ORD08559,CST0443,PRD0693,2025-10-17,9,140415.56,Credit Card,Delivered
ORD08560,CST3216,PRD0161,2025-10-05,6,2513.58,Credit Card,Cancelled
ORD08561,CST2938,PRD0041,2025-07-13,8,386068.92,Cash on Delivery,Delivered
ORD08562,CST3546,PRD0618,2025-02-12,1,205782.42,Debit Card,Delivered
ORD08563,CST3693,PRD0475,2025-08-19,8,187942.29,Debit Card,Cancelled
ORD08564,CST3817,PRD0688,2025-06-22,5,84303.13,Cash on Delivery,Shipped
ORD08565,CST4569,PRD0114,2025-03-27,5,112637.36,Net Banking,Shipped
ORD08566,CST3091,PRD0549,2025-10-30,1,278574.72,UPI,Shipped
ORD08567,CST1375,PRD0720,2025-11-02,10,380535.49,Net Banking,Delivered
ORD08568,CST1640,PRD0212,2025-11-18,3,251709.96,Debit Card,Processing
ORD08569,CST1112,PRD0893,2025-12-04,8,493962.8,Cash on Delivery,Shipped
ORD08570,CST4720,PRD0874,2025-02-18,8,406067.33,Cash on Delivery,Delivered
ORD08571,CST1464,PRD0742,2025-10-16,10,112459.93,Credit Card,Cancelled
ORD08572,CST4835,PRD0362,2025-10-19,8,486036.29,Cash on Delivery,Shipped
ORD08573,CST3764,PRD0672,2025-08-10,6,269053.06,Cash on Delivery,Delivered
ORD08574,CST4766,PRD0957,2025-04-17,4,335001.37,Cash on Delivery,Delivered
ORD08575,CST4744,PRD0070,2025-02-11,3,245276.45,Net Banking,Processing
ORD08576,CST2158,PRD0335,2025-06-17,10,120356.18,Debit Card,Delivered
ORD08577,CST4223,PRD0877,2025-11-16,6,356637.62,Debit Card,Processing
ORD08578,CST1769,PRD0025,2025-01-07,9,229608.54,Cash on Delivery,Delivered
ORD08579,CST4335,PRD0404,2025-06-07,2,28934.96,Credit Card,Delivered
ORD08580,CST1575,PRD0543,2025-11-03,2,113918.93,Cash on Delivery,Cancelled
ORD08581,CST3576,PRD0241,2025-05-16,1,313050.32,Cash on Delivery,Cancelled
ORD08582,CST3404,PRD0776,2025-01-31,10,269325.44,Net Banking,Shipped
ORD08583,CST4699,PRD0267,2025-07-13,10,31656.61,Debit Card,Processing
ORD08584,CST1580,PRD0624,2025-05-31,4,16372.79,Cash on Delivery,Shipped
ORD08585,CST4784,PRD0898,2025-01-03,1,488851.36,Cash on Delivery,Shipped
ORD08586,CST3861,PRD0337,2025-12-13,10,250697.44,Net Banking,Cancelled
ORD08587,CST3365,PRD0350,2025-08-01,8,117146.45,Cash on Delivery,Shipped
ORD08588,CST0238,PRD0651,2025-05-03,7,6511.35,Cash on Delivery,Delivered
ORD08589,CST4434,PRD0704,2025-08-29,4,133128.92,Cash on Delivery,Cancelled
ORD08590,CST2049,PRD0205,2025-09-09,7,440932.13,Net Banking,Processing
ORD08591,CST4595,PRD0085,2025-05-22,2,430414.2,Debit Card,Delivered
ORD08592,CST2662,PRD0332,2025-03-13,3,272249.32,Net Banking,Processing
ORD08593,CST0782,PRD0807,2025-04-14,4,66922.99,Credit Card,Delivered
ORD08594,CST3216,PRD0018,2025-07-05,4,253744.03,UPI,Processing
ORD08595,CST4093,PRD0901,2025-05-22,5,439676.4,Debit Card,Shipped
ORD08596,CST4992,PRD0104,2025-11-30,8,343413.97,Credit Card,Processing
ORD08597,CST1412,PRD0604,2025-04-19,7,55662.65,Cash on Delivery,Processing
ORD08598,CST0655,PRD0978,2025-08-27,3,262067.23,Cash on Delivery,Cancelled
ORD08599,CST0914,PRD0688,2025-07-13,2,84303.13,Debit Card,Shipped
ORD08600,CST1737,PRD0619,2025-04-07,2,237298.04,UPI,Shipped
ORD08601,CST1916,PRD0830,2025-07-24,2,69014.21,Debit Card,Cancelled
ORD08602,CST0573,PRD0353,2025-07-05,1,283640.21,Net Banking,Delivered
ORD08603,CST1337,PRD0406,2025-01-28,3,383243.16,Credit Card,Delivered
ORD08604,CST0968,PRD0583,2025-10-22,6,175824.78,Net Banking,Cancelled
ORD08605,CST0040,PRD0910,2025-01-13,2,289331.06,Debit Card,Shipped
ORD08606,CST0456,PRD0084,2025-11-04,6,349448.73,Credit Card,Delivered
ORD08607,CST4585,PRD0439,2025-09-02,8,92425.6,Debit Card,Shipped
ORD08608,CST3323,PRD0174,2025-03-11,5,468347.49,Net Banking,Cancelled
ORD08609,CST4061,PRD0174,2025-06-09,5,468347.49,Net Banking,Processing
ORD08610,CST2403,PRD0118,2025-12-27,9,283836.47,Credit Card,Delivered
ORD08611,CST2680,PRD0638,2025-03-13,9,205679.69,UPI,Cancelled
ORD08612,CST3420,PRD0749,2025-12-22,9,396097.6,Debit Card,Shipped
ORD08613,CST1424,PRD0390,2025-02-11,1,401986.29,Credit Card,Shipped
ORD08614,CST4910,PRD0429,2025-12-12,5,84478.67,Cash on Delivery,Processing
ORD08615,CST1196,PRD0763,2025-08-25,3,46865.28,Debit Card,Cancelled
ORD08616,CST4175,PRD0200,2025-10-22,6,447222.3,UPI,Processing
ORD08617,CST1673,PRD0822,2025-08-02,7,460505.79,Debit Card,Processing
ORD08618,CST3887,PRD0966,2025-05-01,1,492739.35,Net Banking,Shipped
ORD08619,CST1222,PRD0610,2025-08-23,3,479504.43,Cash on Delivery,Shipped
ORD08620,CST3616,PRD0777,2025-10-17,5,225979.16,UPI,Shipped
ORD08621,CST4811,PRD0682,2025-11-30,1,213214.35,Net Banking,Shipped
ORD08622,CST2649,PRD0991,2025-01-05,3,372709.84,Cash on Delivery,Shipped
ORD08623,CST4649,PRD0435,2025-01-03,7,396485.92,Cash on Delivery,Processing
ORD08624,CST3987,PRD0619,2025-07-12,4,237298.04,Credit Card,Processing
ORD08625,CST1757,PRD0376,2025-01-19,7,50601.95,Debit Card,Delivered
ORD08626,CST3081,PRD0255,2025-05-22,2,161716.33,Credit Card,Processing
ORD08627,CST0702,PRD0005,2025-01-05,10,225689.16,Credit Card,Cancelled
ORD08628,CST4012,PRD0023,2025-03-30,10,317209.45,Credit Card,Cancelled
ORD08629,CST4574,PRD0119,2025-09-25,8,203981.61,Debit Card,Delivered
ORD08630,CST4191,PRD0067,2025-03-07,1,285269.76,Credit Card,Delivered
ORD08631,CST1015,PRD0633,2025-03-22,3,284414.07,Credit Card,Delivered
ORD08632,CST3551,PRD0915,2025-11-28,6,459840.95,Cash on Delivery,Delivered
ORD08633,CST4242,PRD0158,2025-07-09,5,167900.97,Debit Card,Cancelled
ORD08634,CST0833,PRD0911,2025-06-05,3,473498.03,Credit Card,Shipped
ORD08635,CST4865,PRD0615,2025-03-17,10,309771.57,Credit Card,Delivered
ORD08636,CST4295,PRD0980,2025-06-16,3,163280.99,Cash on Delivery,Cancelled
ORD08637,CST3639,PRD0259,2025-05-11,5,158482.78,Cash on Delivery,Delivered
ORD08638,CST1636,PRD0983,2025-01-03,5,270040.45,Cash on Delivery,Delivered
ORD08639,CST2390,PRD0121,2025-04-05,6,275088.86,Net Banking,Shipped
ORD08640,CST2983,PRD0137,2025-03-02,4,446911.84,Net Banking,Shipped
ORD08641,CST3078,PRD0406,2025-07-22,2,383243.16,Credit Card,Processing
ORD08642,CST1925,PRD0189,2025-12-20,5,292337.81,Net Banking,Processing
ORD08643,CST2209,PRD0261,2025-01-22,10,262484.66,UPI,Cancelled
ORD08644,CST2494,PRD0033,2025-07-14,9,46608.17,Net Banking,Delivered
ORD08645,CST0373,PRD0539,2025-07-16,8,57940.75,Debit Card,Shipped
ORD08646,CST4274,PRD0035,2025-04-24,5,435053.37,Credit Card,Processing
ORD08647,CST2585,PRD0028,2025-04-22,9,389595.07,Credit Card,Shipped
ORD08648,CST3689,PRD0358,2025-10-10,10,56119.57,Debit Card,Cancelled
ORD08649,CST0987,PRD0910,2025-06-16,8,289331.06,UPI,Processing
ORD08650,CST1671,PRD0236,2025-09-07,5,91060.8,Debit Card,Processing
ORD08651,CST1170,PRD0660,2025-09-26,1,443002.56,UPI,Cancelled
ORD08652,CST3159,PRD0252,2025-03-03,9,106677.12,Credit Card,Cancelled
ORD08653,CST0485,PRD0359,2025-07-27,6,223411.48,Debit Card,Delivered
ORD08654,CST3129,PRD0667,2025-02-10,3,89269.08,Cash on Delivery,Shipped
ORD08655,CST4022,PRD0868,2025-10-04,9,264227.88,UPI,Delivered
ORD08656,CST3687,PRD0566,2025-11-12,8,490663.38,Debit Card,Cancelled
ORD08657,CST1417,PRD0468,2025-12-06,5,464481.36,Debit Card,Processing
ORD08658,CST0298,PRD0261,2025-03-16,8,262484.66,Credit Card,Delivered
ORD08659,CST2461,PRD0068,2025-04-07,7,396547.89,Debit Card,Cancelled
ORD08660,CST0771,PRD0841,2025-07-04,4,388165.42,UPI,Shipped
ORD08661,CST4880,PRD0271,2025-04-13,10,482671.43,Cash on Delivery,Processing
ORD08662,CST3476,PRD0041,2025-05-04,2,386068.92,Debit Card,Delivered
ORD08663,CST1361,PRD0808,2025-04-01,3,305918.21,Debit Card,Delivered
ORD08664,CST3923,PRD0553,2025-10-11,6,110626.35,UPI,Processing
ORD08665,CST3146,PRD0313,2025-02-11,7,248044.63,Cash on Delivery,Delivered
ORD08666,CST1159,PRD0897,2025-02-16,9,185949.46,Credit Card,Processing
ORD08667,CST2619,PRD0611,2025-10-19,9,193493.54,Net Banking,Processing
ORD08668,CST4827,PRD0672,2025-06-18,1,269053.06,Net Banking,Cancelled
ORD08669,CST2418,PRD0129,2025-01-04,7,48659.49,Cash on Delivery,Cancelled
ORD08670,CST3782,PRD0207,2025-06-19,6,343998.24,Cash on Delivery,Shipped
ORD08671,CST1334,PRD0897,2025-10-14,1,185949.46,Cash on Delivery,Cancelled
ORD08672,CST4749,PRD0152,2025-11-02,10,496559.29,Debit Card,Cancelled
ORD08673,CST0221,PRD0193,2025-10-19,5,367591.73,Debit Card,Shipped
ORD08674,CST3069,PRD0040,2025-12-07,1,258289.75,Debit Card,Cancelled
ORD08675,CST4491,PRD0479,2025-01-03,2,382492.46,Debit Card,Cancelled
ORD08676,CST3660,PRD0908,2025-01-01,7,413157.39,Cash on Delivery,Delivered
ORD08677,CST4592,PRD0446,2025-05-24,3,2640.18,Credit Card,Cancelled
ORD08678,CST1745,PRD0240,2025-11-27,6,134506.53,Net Banking,Delivered
ORD08679,CST0988,PRD0686,2025-04-03,10,450728.25,Cash on Delivery,Cancelled
ORD08680,CST2443,PRD0079,2025-10-05,5,52375.45,Debit Card,Shipped
ORD08681,CST3396,PRD0731,2025-09-23,4,440236.74,UPI,Delivered
ORD08682,CST2036,PRD0631,2025-08-25,8,278500.79,Net Banking,Delivered
ORD08683,CST1512,PRD0145,2025-02-15,5,453082.61,Cash on Delivery,Processing
ORD08684,CST1499,PRD0102,2025-04-25,6,448601.47,Credit Card,Shipped
ORD08685,CST3488,PRD0638,2025-05-28,9,205679.69,Net Banking,Processing
ORD08686,CST1717,PRD0830,2025-05-03,5,69014.21,UPI,Shipped
ORD08687,CST0142,PRD0488,2025-10-26,4,113006.67,Net Banking,Cancelled
ORD08688,CST1992,PRD0134,2025-02-13,6,320861.2,Debit Card,Cancelled
ORD08689,CST2499,PRD0063,2025-10-05,1,392027.06,Net Banking,Cancelled
ORD08690,CST2927,PRD0992,2025-02-02,2,394941.19,Cash on Delivery,Delivered
ORD08691,CST4684,PRD0364,2025-08-14,6,327801.04,Net Banking,Shipped
ORD08692,CST3511,PRD0242,2025-01-17,9,96910.37,Cash on Delivery,Cancelled
ORD08693,CST3344,PRD0461,2025-10-20,5,289926.23,UPI,Cancelled
ORD08694,CST0519,PRD0116,2025-01-13,4,405121.15,UPI,Shipped
ORD08695,CST0314,PRD0846,2025-01-29,8,476384.69,Debit Card,Shipped
ORD08696,CST4313,PRD0753,2025-07-10,1,405386.83,Debit Card,Delivered
ORD08697,CST3597,PRD0838,2025-03-17,4,212633.17,UPI,Shipped
ORD08698,CST0735,PRD0463,2025-09-02,3,24303.03,Debit Card,Processing
ORD08699,CST1245,PRD0799,2025-04-14,8,265235.57,Net Banking,Shipped
ORD08700,CST3692,PRD0537,2025-09-22,9,130415.94,UPI,Processing
ORD08701,CST1844,PRD0364,2025-06-28,2,327801.04,Debit Card,Cancelled
ORD08702,CST2566,PRD0732,2025-06-02,3,143168.86,Debit Card,Processing
ORD08703,CST4212,PRD0689,2025-10-21,10,236824.36,Net Banking,Cancelled
ORD08704,CST2984,PRD0217,2025-09-28,6,291586.72,Debit Card,Shipped
ORD08705,CST3875,PRD0291,2025-06-25,1,86034.61,Credit Card,Processing
ORD08706,CST3618,PRD0636,2025-10-27,7,342103.33,Debit Card,Cancelled
ORD08707,CST0688,PRD0639,2025-07-20,6,373533.47,Cash on Delivery,Shipped
ORD08708,CST1715,PRD0395,2025-11-16,10,499741.53,Debit Card,Shipped
ORD08709,CST2917,PRD0388,2025-08-29,4,212794.03,Cash on Delivery,Shipped
ORD08710,CST2127,PRD0023,2025-02-12,2,317209.45,Credit Card,Processing
ORD08711,CST3365,PRD0933,2025-07-26,2,260456.45,Net Banking,Cancelled
ORD08712,CST1261,PRD0277,2025-05-23,1,219021.68,UPI,Shipped
ORD08713,CST3508,PRD0317,2025-06-17,4,246252.59,UPI,Delivered
ORD08714,CST0951,PRD0230,2025-06-02,3,51870.69,Debit Card,Shipped
ORD08715,CST2427,PRD0428,2025-08-29,2,80981.76,UPI,Processing
ORD08716,CST2905,PRD0850,2025-02-19,4,313768.36,Net Banking,Cancelled
ORD08717,CST0052,PRD0244,2025-08-27,8,253186.64,UPI,Cancelled
ORD08718,CST0526,PRD0097,2025-10-28,8,20682.57,Debit Card,Cancelled
ORD08719,CST4683,PRD0115,2025-05-29,9,375816.78,Cash on Delivery,Shipped
ORD08720,CST3184,PRD0113,2025-12-27,10,480366.85,Net Banking,Delivered
ORD08721,CST2740,PRD0476,2025-01-18,3,133928.89,Credit Card,Processing
ORD08722,CST1418,PRD0936,2025-06-29,7,260392.6,Credit Card,Cancelled
ORD08723,CST4793,PRD0378,2025-09-08,7,293062.88,Credit Card,Delivered
ORD08724,CST0975,PRD0570,2025-08-10,3,251170.4,Net Banking,Cancelled
ORD08725,CST1490,PRD0150,2025-03-18,5,346198.44,Cash on Delivery,Shipped
ORD08726,CST4662,PRD0027,2025-03-26,3,354586.07,Cash on Delivery,Processing
ORD08727,CST0637,PRD0949,2025-08-09,7,24389.77,Net Banking,Processing
ORD08728,CST3907,PRD0391,2025-05-24,5,126891.71,Debit Card,Delivered
ORD08729,CST1376,PRD0407,2025-06-11,1,112818.92,Debit Card,Cancelled
ORD08730,CST1208,PRD0036,2025-10-10,8,14285.8,Cash on Delivery,Delivered
ORD08731,CST2679,PRD0720,2025-02-15,4,380535.49,Debit Card,Delivered
ORD08732,CST4538,PRD0890,2025-12-09,8,56950.1,Debit Card,Delivered
ORD08733,CST1561,PRD0788,2025-06-09,4,339219.05,Credit Card,Delivered
ORD08734,CST0870,PRD0474,2025-03-21,10,228298.1,Net Banking,Processing
ORD08735,CST0945,PRD0326,2025-06-13,6,420915.05,UPI,Shipped
ORD08736,CST3226,PRD0372,2025-03-03,7,11186.02,Debit Card,Processing
ORD08737,CST4466,PRD0517,2025-05-16,3,207791.06,UPI,Processing
ORD08738,CST1924,PRD0658,2025-05-19,2,55260.32,Cash on Delivery,Processing
ORD08739,CST0080,PRD0602,2025-03-13,5,167614.67,Net Banking,Delivered
ORD08740,CST2631,PRD0879,2025-01-20,10,169342.3,Net Banking,Cancelled
ORD08741,CST3499,PRD0579,2025-07-16,7,163261.73,Credit Card,Shipped
ORD08742,CST0339,PRD0065,2025-12-20,1,316183.24,Cash on Delivery,Processing
ORD08743,CST2764,PRD0150,2025-12-12,9,346198.44,Net Banking,Shipped
ORD08744,CST2654,PRD0425,2025-12-23,2,293030.07,UPI,Shipped
ORD08745,CST1148,PRD0140,2025-07-05,2,431390.62,Credit Card,Cancelled
ORD08746,CST2144,PRD0418,2025-09-15,8,14440.45,UPI,Cancelled
ORD08747,CST0542,PRD0505,2025-12-18,1,261980.31,Net Banking,Shipped
ORD08748,CST1595,PRD0737,2025-07-04,5,173564.73,UPI,Shipped
ORD08749,CST0912,PRD0619,2025-04-01,8,237298.04,Cash on Delivery,Delivered
ORD08750,CST3312,PRD0491,2025-01-14,6,169339.24,Cash on Delivery,Delivered
ORD08751,CST0717,PRD0615,2025-04-28,1,309771.57,Debit Card,Shipped
ORD08752,CST2576,PRD0637,2025-02-10,3,357349.95,Credit Card,Processing
ORD08753,CST1533,PRD0915,2025-12-12,8,459840.95,Credit Card,Shipped
ORD08754,CST4917,PRD0398,2025-05-06,6,297600.12,Credit Card,Cancelled
ORD08755,CST3249,PRD0450,2025-05-22,9,418012.85,Debit Card,Shipped
ORD08756,CST4773,PRD0342,2025-11-13,6,284358.28,Debit Card,Cancelled
ORD08757,CST4883,PRD0988,2025-11-11,8,269507.5,Net Banking,Shipped
ORD08758,CST1313,PRD0803,2025-07-04,6,424917.53,Credit Card,Shipped
ORD08759,CST4167,PRD0354,2025-01-22,9,484265.29,Debit Card,Cancelled
ORD08760,CST2757,PRD0131,2025-05-15,10,54831.73,UPI,Processing
ORD08761,CST0133,PRD0339,2025-09-18,6,408007.41,UPI,Delivered
ORD08762,CST0633,PRD0868,2025-12-28,3,264227.88,Cash on Delivery,Processing
ORD08763,CST3580,PRD0386,2025-11-05,3,381716.79,Credit Card,Shipped
ORD08764,CST4878,PRD0888,2025-10-28,10,325219.21,UPI,Shipped
ORD08765,CST2362,PRD0022,2025-04-29,10,186224.28,Credit Card,Shipped
ORD08766,CST3981,PRD0302,2025-05-13,5,429435.64,Cash on Delivery,Cancelled
ORD08767,CST3238,PRD0326,2025-01-12,7,420915.05,Debit Card,Processing
ORD08768,CST1682,PRD0736,2025-06-13,6,404198.05,Cash on Delivery,Shipped
ORD08769,CST1402,PRD0130,2025-01-25,3,284873.13,Debit Card,Delivered
ORD08770,CST2766,PRD0820,2025-12-23,4,278988.57,Net Banking,Cancelled
ORD08771,CST0915,PRD0879,2025-02-19,8,169342.3,Credit Card,Shipped
ORD08772,CST2772,PRD0943,2025-11-12,6,470076.43,Debit Card,Shipped
ORD08773,CST3086,PRD0677,2025-06-29,2,446295.41,Cash on Delivery,Delivered
ORD08774,CST3392,PRD0259,2025-03-29,2,158482.78,Credit Card,Delivered
ORD08775,CST3525,PRD0340,2025-05-28,7,61873.66,UPI,Shipped
ORD08776,CST2742,PRD0933,2025-12-03,8,260456.45,Credit Card,Processing
ORD08777,CST4949,PRD0396,2025-03-27,9,389374.75,UPI,Shipped
ORD08778,CST2319,PRD0194,2025-01-21,7,446793.8,Credit Card,Processing
ORD08779,CST1706,PRD0453,2025-03-29,3,262280.87,Credit Card,Shipped
ORD08780,CST1976,PRD0472,2025-05-15,7,432456.94,UPI,Delivered
ORD08781,CST2557,PRD0658,2025-05-28,3,55260.32,Credit Card,Cancelled
ORD08782,CST0935,PRD0428,2025-11-01,6,80981.76,UPI,Cancelled
ORD08783,CST1748,PRD0197,2025-10-04,8,217469.36,Credit Card,Cancelled
ORD08784,CST1975,PRD0617,2025-10-10,5,272889.15,Debit Card,Cancelled
ORD08785,CST1294,PRD0783,2025-01-01,9,18194.12,Cash on Delivery,Delivered
ORD08786,CST3421,PRD0297,2025-07-31,9,122519.49,Cash on Delivery,Processing
ORD08787,CST3712,PRD0967,2025-05-24,10,280971.94,UPI,Cancelled
ORD08788,CST0869,PRD0714,2025-10-16,5,467189.58,UPI,Delivered
ORD08789,CST0117,PRD0339,2025-12-20,9,408007.41,UPI,Delivered
ORD08790,CST3197,PRD0223,2025-06-01,8,463774.72,Credit Card,Processing
ORD08791,CST4077,PRD0758,2025-09-05,6,17335.43,Cash on Delivery,Shipped
ORD08792,CST4842,PRD0119,2025-08-11,3,203981.61,Credit Card,Processing
ORD08793,CST0524,PRD0851,2025-04-24,3,246081.75,Debit Card,Delivered
ORD08794,CST4252,PRD0953,2025-03-31,8,336157.84,UPI,Cancelled
ORD08795,CST0621,PRD0664,2025-07-29,3,212635.08,Credit Card,Shipped
ORD08796,CST4116,PRD0623,2025-11-08,10,440872.68,Net Banking,Shipped
ORD08797,CST2892,PRD0042,2025-06-02,5,404782.24,Net Banking,Cancelled
ORD08798,CST0031,PRD0118,2025-07-24,9,283836.47,Debit Card,Cancelled
ORD08799,CST0518,PRD0493,2025-07-08,1,463630.33,Credit Card,Delivered
ORD08800,CST2524,PRD0998,2025-06-16,1,13465.51,Credit Card,Shipped
ORD08801,CST0760,PRD0575,2025-10-31,3,325253.23,Debit Card,Delivered
ORD08802,CST2654,PRD0833,2025-07-29,4,25768.5,Net Banking,Processing
ORD08803,CST1604,PRD0483,2025-02-25,3,457217.05,Net Banking,Delivered
ORD08804,CST0624,PRD0330,2025-07-16,1,206797.76,UPI,Cancelled
ORD08805,CST3353,PRD0339,2025-12-31,4,408007.41,Debit Card,Shipped
ORD08806,CST4271,PRD0162,2025-02-26,10,359243.43,Cash on Delivery,Delivered
ORD08807,CST0241,PRD0539,2025-09-29,7,57940.75,Debit Card,Cancelled
ORD08808,CST0735,PRD0418,2025-04-10,5,14440.45,Net Banking,Cancelled
ORD08809,CST4248,PRD0006,2025-12-30,7,248881.91,Credit Card,Cancelled
ORD08810,CST2661,PRD0991,2025-11-02,3,372709.84,Credit Card,Delivered
ORD08811,CST1353,PRD0176,2025-05-21,8,62187.17,Net Banking,Processing
ORD08812,CST4538,PRD0030,2025-12-26,5,135855.72,Net Banking,Shipped
ORD08813,CST1669,PRD0634,2025-05-08,9,87769.43,Credit Card,Cancelled
ORD08814,CST3522,PRD0299,2025-05-30,4,323143.26,Debit Card,Delivered
ORD08815,CST1892,PRD0147,2025-04-19,2,368957.79,Net Banking,Processing
ORD08816,CST4384,PRD0608,2025-06-16,3,283793.04,Net Banking,Delivered
ORD08817,CST0718,PRD0150,2025-12-30,5,346198.44,Cash on Delivery,Cancelled
ORD08818,CST0072,PRD0999,2025-12-01,2,497952.63,Net Banking,Delivered
ORD08819,CST1390,PRD0228,2025-11-13,7,28490.37,Debit Card,Delivered
ORD08820,CST1619,PRD0581,2025-01-20,5,181384.25,Debit Card,Delivered
ORD08821,CST3661,PRD0362,2025-04-17,1,486036.29,Credit Card,Delivered
ORD08822,CST1665,PRD0638,2025-04-26,3,205679.69,Credit Card,Processing
ORD08823,CST3133,PRD0390,2025-09-07,9,401986.29,Cash on Delivery,Processing
ORD08824,CST4413,PRD0752,2025-08-10,5,482253.43,Net Banking,Delivered
ORD08825,CST2972,PRD0251,2025-12-05,1,17635.27,Credit Card,Shipped
ORD08826,CST0074,PRD0669,2025-02-06,2,291695.08,UPI,Delivered
ORD08827,CST2265,PRD0128,2025-08-04,8,488283.83,Net Banking,Cancelled
ORD08828,CST3089,PRD0200,2025-01-31,8,447222.3,Net Banking,Delivered
ORD08829,CST2467,PRD0094,2025-08-24,10,193799.52,Net Banking,Shipped
ORD08830,CST1929,PRD0289,2025-12-06,3,484419.64,Cash on Delivery,Cancelled
ORD08831,CST4494,PRD0421,2025-01-25,2,119515.57,Cash on Delivery,Cancelled
ORD08832,CST0687,PRD0203,2025-09-12,7,17047.79,Cash on Delivery,Processing
ORD08833,CST2538,PRD0181,2025-10-21,10,182672.1,UPI,Cancelled
ORD08834,CST2182,PRD0253,2025-04-27,9,370166.52,Debit Card,Shipped
ORD08835,CST4159,PRD0095,2025-04-06,2,223259.72,UPI,Delivered
ORD08836,CST2139,PRD0225,2025-01-13,3,36390.54,Credit Card,Cancelled
ORD08837,CST0877,PRD0823,2025-10-14,6,357967.29,Cash on Delivery,Shipped
ORD08838,CST4153,PRD0201,2025-10-26,5,183966.16,Credit Card,Processing
ORD08839,CST2978,PRD0152,2025-03-18,9,496559.29,UPI,Shipped
ORD08840,CST4599,PRD0427,2025-06-01,7,62385.96,UPI,Cancelled
ORD08841,CST1899,PRD0552,2025-11-23,4,342875.2,Debit Card,Cancelled
ORD08842,CST3437,PRD0166,2025-03-09,8,482339.14,UPI,Delivered
ORD08843,CST2626,PRD0254,2025-07-18,2,401443.93,Credit Card,Shipped
ORD08844,CST4849,PRD0055,2025-11-21,9,144415.29,Debit Card,Processing
ORD08845,CST4250,PRD0645,2025-09-07,8,276590.34,Net Banking,Cancelled
ORD08846,CST2478,PRD0589,2025-04-04,7,497145.92,Credit Card,Cancelled
ORD08847,CST4527,PRD0826,2025-06-14,2,318147.75,UPI,Shipped
ORD08848,CST2052,PRD0294,2025-10-12,3,248756.76,Net Banking,Cancelled
ORD08849,CST3093,PRD0136,2025-01-24,2,417077.04,Credit Card,Processing
ORD08850,CST0762,PRD0714,2025-03-31,3,467189.58,Debit Card,Delivered
ORD08851,CST4312,PRD0928,2025-12-13,6,42509.79,Credit Card,Shipped
ORD08852,CST2147,PRD0652,2025-10-21,6,49523.1,UPI,Processing
ORD08853,CST2077,PRD0545,2025-03-18,3,287988.76,UPI,Shipped
ORD08854,CST4733,PRD0359,2025-10-07,10,223411.48,Debit Card,Delivered
ORD08855,CST4419,PRD0799,2025-06-19,4,265235.57,UPI,Cancelled
ORD08856,CST4259,PRD0167,2025-04-28,7,187116.23,Credit Card,Processing
ORD08857,CST2845,PRD0402,2025-05-29,3,257726.77,Debit Card,Processing
ORD08858,CST0183,PRD0366,2025-11-08,2,325775.78,Net Banking,Processing
ORD08859,CST2831,PRD0476,2025-04-29,7,133928.89,Credit Card,Delivered
ORD08860,CST1041,PRD0729,2025-08-16,5,239751.24,Credit Card,Delivered
ORD08861,CST1878,PRD0944,2025-12-28,4,368941.44,Credit Card,Delivered
ORD08862,CST2730,PRD0821,2025-06-19,5,83099.07,Credit Card,Processing
ORD08863,CST4195,PRD0234,2025-12-08,4,43067.33,Cash on Delivery,Shipped
ORD08864,CST4509,PRD0169,2025-12-08,7,395469.1,Net Banking,Shipped
ORD08865,CST4264,PRD0622,2025-11-25,4,94697.55,UPI,Delivered
ORD08866,CST2441,PRD0779,2025-06-23,4,144619.96,Cash on Delivery,Cancelled
ORD08867,CST3548,PRD0004,2025-08-11,8,480235.53,Cash on Delivery,Processing
ORD08868,CST1843,PRD0552,2025-05-10,3,342875.2,Net Banking,Cancelled
ORD08869,CST1564,PRD0145,2025-06-24,1,453082.61,Credit Card,Delivered
ORD08870,CST3882,PRD0181,2025-08-04,8,182672.1,UPI,Cancelled
ORD08871,CST2921,PRD0921,2025-07-10,2,328293.69,Credit Card,Shipped
ORD08872,CST1119,PRD0305,2025-04-26,4,28514.31,Debit Card,Processing
ORD08873,CST2818,PRD0430,2025-02-02,5,100459.99,UPI,Cancelled
ORD08874,CST2534,PRD0111,2025-11-29,8,203119.11,Debit Card,Cancelled
ORD08875,CST3287,PRD0747,2025-07-24,9,12216.72,UPI,Cancelled
ORD08876,CST4079,PRD0158,2025-02-27,4,167900.97,Debit Card,Shipped
ORD08877,CST3079,PRD0739,2025-09-20,8,473672.61,UPI,Shipped
ORD08878,CST0910,PRD0828,2025-08-01,10,49709.0,UPI,Delivered
ORD08879,CST3745,PRD0648,2025-05-12,10,146050.1,UPI,Cancelled
ORD08880,CST1482,PRD0118,2025-11-21,1,283836.47,Debit Card,Processing
ORD08881,CST3217,PRD0284,2025-04-05,5,309320.21,Cash on Delivery,Shipped
ORD08882,CST2377,PRD0045,2025-11-28,3,50894.14,Cash on Delivery,Shipped
ORD08883,CST3604,PRD0896,2025-02-08,6,435081.93,Debit Card,Delivered
ORD08884,CST4459,PRD0748,2025-04-09,9,198355.08,Cash on Delivery,Cancelled
ORD08885,CST4261,PRD0615,2025-06-24,9,309771.57,Net Banking,Processing
ORD08886,CST4846,PRD0946,2025-07-06,8,98554.47,Cash on Delivery,Shipped
ORD08887,CST2484,PRD0804,2025-10-08,2,497620.57,Credit Card,Shipped
ORD08888,CST0695,PRD0645,2025-06-28,1,276590.34,UPI,Shipped
ORD08889,CST0090,PRD0146,2025-01-22,10,404258.53,UPI,Cancelled
ORD08890,CST4949,PRD0596,2025-08-15,4,194895.06,Cash on Delivery,Cancelled
ORD08891,CST2040,PRD0338,2025-12-29,9,195645.41,Credit Card,Delivered
ORD08892,CST3413,PRD0639,2025-03-03,7,373533.47,Net Banking,Processing
ORD08893,CST2208,PRD0137,2025-07-31,1,446911.84,Credit Card,Processing
ORD08894,CST3081,PRD0863,2025-06-22,6,338633.51,Debit Card,Delivered
ORD08895,CST1250,PRD0583,2025-01-02,8,175824.78,Credit Card,Cancelled
ORD08896,CST1260,PRD0551,2025-04-15,1,150040.96,Debit Card,Processing
ORD08897,CST2132,PRD0585,2025-09-30,4,403663.15,Debit Card,Cancelled
ORD08898,CST4734,PRD0604,2025-02-09,9,55662.65,Cash on Delivery,Processing
ORD08899,CST3362,PRD0135,2025-01-17,1,338060.45,UPI,Processing
ORD08900,CST1165,PRD0669,2025-10-04,7,291695.08,Credit Card,Shipped
ORD08901,CST2485,PRD0664,2025-04-13,9,212635.08,UPI,Delivered
ORD08902,CST2269,PRD0047,2025-02-28,5,135167.95,UPI,Cancelled
ORD08903,CST4468,PRD0824,2025-03-12,3,182628.31,Debit Card,Cancelled
ORD08904,CST2805,PRD0706,2025-04-28,9,340203.49,UPI,Processing
ORD08905,CST0510,PRD0564,2025-02-13,1,429791.63,Credit Card,Cancelled
ORD08906,CST0636,PRD0534,2025-01-20,10,76076.88,Debit Card,Cancelled
ORD08907,CST3736,PRD0706,2025-12-16,6,340203.49,Net Banking,Delivered
ORD08908,CST2996,PRD0451,2025-03-18,1,381328.13,Debit Card,Delivered
ORD08909,CST2251,PRD0749,2025-09-05,9,396097.6,Credit Card,Processing
ORD08910,CST3345,PRD0967,2025-08-22,5,280971.94,Debit Card,Shipped
ORD08911,CST3467,PRD0688,2025-08-16,3,84303.13,Credit Card,Delivered
ORD08912,CST1115,PRD0796,2025-10-07,7,188906.88,UPI,Processing
ORD08913,CST3753,PRD0801,2025-08-13,8,397473.03,Debit Card,Processing
ORD08914,CST2719,PRD0540,2025-08-29,4,241914.95,Debit Card,Cancelled
ORD08915,CST3525,PRD0883,2025-03-08,3,40801.61,Debit Card,Processing
ORD08916,CST4410,PRD0968,2025-02-04,5,475811.38,Credit Card,Shipped
ORD08917,CST2591,PRD0426,2025-08-01,1,455425.53,Net Banking,Delivered
ORD08918,CST2444,PRD0510,2025-08-23,9,343463.54,Net Banking,Processing
ORD08919,CST3384,PRD0505,2025-03-27,4,261980.31,Cash on Delivery,Cancelled
ORD08920,CST1895,PRD0053,2025-04-27,4,219816.79,Credit Card,Shipped
ORD08921,CST0956,PRD0395,2025-11-13,9,499741.53,Debit Card,Processing
ORD08922,CST1306,PRD0473,2025-03-17,9,479726.66,Debit Card,Delivered
ORD08923,CST4687,PRD0876,2025-09-01,9,166829.84,Debit Card,Cancelled
ORD08924,CST0366,PRD0901,2025-04-14,5,439676.4,Credit Card,Delivered
ORD08925,CST3686,PRD0848,2025-01-09,9,334862.88,Net Banking,Shipped
ORD08926,CST0530,PRD0069,2025-06-30,5,12944.23,Debit Card,Shipped
ORD08927,CST3782,PRD0564,2025-04-13,9,429791.63,UPI,Shipped
ORD08928,CST0393,PRD0482,2025-11-03,4,286000.13,Credit Card,Cancelled
ORD08929,CST1544,PRD0498,2025-08-26,10,137312.73,Net Banking,Shipped
ORD08930,CST4968,PRD0462,2025-12-31,5,156105.69,UPI,Processing
ORD08931,CST4875,PRD0533,2025-08-17,3,296250.41,Cash on Delivery,Cancelled
ORD08932,CST1773,PRD0108,2025-06-28,1,457847.87,Net Banking,Processing
ORD08933,CST1285,PRD0167,2025-08-25,3,187116.23,Net Banking,Shipped
ORD08934,CST3409,PRD0724,2025-04-23,8,312430.82,Credit Card,Shipped
ORD08935,CST3910,PRD0715,2025-07-28,5,94447.48,Credit Card,Shipped
ORD08936,CST0508,PRD0834,2025-03-20,2,259687.06,Net Banking,Delivered
ORD08937,CST4874,PRD0247,2025-12-28,10,134623.99,UPI,Cancelled
ORD08938,CST4430,PRD0088,2025-10-06,9,350575.13,Cash on Delivery,Cancelled
ORD08939,CST2594,PRD0954,2025-07-26,2,3228.8,UPI,Cancelled
ORD08940,CST3490,PRD0360,2025-10-26,4,288846.93,Debit Card,Cancelled
ORD08941,CST2758,PRD0058,2025-03-29,4,274202.64,Credit Card,Shipped
ORD08942,CST2015,PRD0761,2025-09-23,4,358469.67,Debit Card,Cancelled
ORD08943,CST0889,PRD0059,2025-03-12,6,69890.6,UPI,Processing
ORD08944,CST0758,PRD0729,2025-12-03,1,239751.24,UPI,Shipped
ORD08945,CST4237,PRD0298,2025-12-21,1,319795.91,Debit Card,Processing
ORD08946,CST4375,PRD0995,2025-12-21,7,431144.63,Debit Card,Delivered
ORD08947,CST3151,PRD0616,2025-11-13,1,19332.36,UPI,Delivered
ORD08948,CST2297,PRD0276,2025-07-19,8,219495.98,Debit Card,Processing
ORD08949,CST1259,PRD0718,2025-11-29,9,276001.51,UPI,Delivered
ORD08950,CST1535,PRD0063,2025-06-01,8,392027.06,Net Banking,Delivered
ORD08951,CST4173,PRD0219,2025-08-08,10,315788.16,Debit Card,Cancelled
ORD08952,CST1336,PRD0788,2025-07-05,3,339219.05,Debit Card,Shipped
ORD08953,CST0863,PRD0178,2025-12-01,7,92916.82,Net Banking,Processing
ORD08954,CST4379,PRD0707,2025-03-07,2,269484.59,Credit Card,Delivered
ORD08955,CST3105,PRD0358,2025-12-02,10,56119.57,Cash on Delivery,Delivered
ORD08956,CST0338,PRD0794,2025-06-19,5,218172.91,Net Banking,Delivered
ORD08957,CST3253,PRD0542,2025-01-17,6,376244.05,UPI,Shipped
ORD08958,CST4420,PRD0163,2025-11-30,1,396894.78,Debit Card,Processing
ORD08959,CST4724,PRD0165,2025-10-21,4,41259.55,Debit Card,Processing
ORD08960,CST3066,PRD0799,2025-09-26,7,265235.57,Credit Card,Shipped
ORD08961,CST3230,PRD0723,2025-06-22,4,30682.04,UPI,Shipped
ORD08962,CST0779,PRD0692,2025-10-21,5,469275.27,Cash on Delivery,Processing
ORD08963,CST2597,PRD0596,2025-10-27,3,194895.06,UPI,Cancelled
ORD08964,CST4080,PRD0435,2025-07-21,1,396485.92,Net Banking,Delivered
ORD08965,CST3214,PRD0146,2025-04-01,3,404258.53,Cash on Delivery,Cancelled
ORD08966,CST3168,PRD0309,2025-04-20,6,36029.14,UPI,Delivered
ORD08967,CST1277,PRD0760,2025-06-18,6,373507.95,Credit Card,Cancelled
ORD08968,CST4958,PRD0408,2025-12-12,10,379974.0,Debit Card,Shipped
ORD08969,CST4131,PRD0185,2025-09-06,10,382123.7,Net Banking,Processing
ORD08970,CST0980,PRD0111,2025-06-21,8,203119.11,Cash on Delivery,Delivered
ORD08971,CST0442,PRD0896,2025-08-11,8,435081.93,UPI,Processing
ORD08972,CST0838,PRD0401,2025-07-09,6,3225.61,Credit Card,Delivered
ORD08973,CST3023,PRD0690,2025-06-11,9,82263.03,Debit Card,Shipped
ORD08974,CST0918,PRD0922,2025-06-17,1,219694.88,UPI,Delivered
ORD08975,CST4089,PRD0386,2025-06-27,9,381716.79,Net Banking,Processing
ORD08976,CST3471,PRD0328,2025-11-12,9,61902.25,Credit Card,Cancelled
ORD08977,CST0090,PRD0884,2025-02-26,8,87645.2,Net Banking,Shipped
ORD08978,CST1998,PRD0517,2025-05-02,6,207791.06,Debit Card,Processing
ORD08979,CST0011,PRD0009,2025-03-26,3,343974.7,Net Banking,Delivered
ORD08980,CST3976,PRD0598,2025-08-07,4,307146.21,UPI,Delivered
ORD08981,CST4213,PRD0956,2025-06-25,4,224543.72,Debit Card,Shipped
ORD08982,CST4149,PRD0186,2025-08-31,2,153989.47,Credit Card,Cancelled
ORD08983,CST4461,PRD0968,2025-12-06,10,475811.38,Cash on Delivery,Cancelled
ORD08984,CST3580,PRD0713,2025-07-15,5,85332.13,Debit Card,Processing
ORD08985,CST1243,PRD0910,2025-06-18,7,289331.06,Net Banking,Delivered
ORD08986,CST1817,PRD0711,2025-11-14,2,80496.35,Cash on Delivery,Delivered
ORD08987,CST1931,PRD0544,2025-12-27,2,351498.63,Net Banking,Shipped
ORD08988,CST1965,PRD0094,2025-04-06,6,193799.52,Credit Card,Delivered
ORD08989,CST2310,PRD0916,2025-06-28,1,388891.05,Debit Card,Processing
ORD08990,CST1593,PRD0528,2025-05-22,9,320836.96,UPI,Delivered
ORD08991,CST0610,PRD0447,2025-04-27,10,344400.91,Credit Card,Shipped
ORD08992,CST3673,PRD0818,2025-11-05,10,220601.84,Cash on Delivery,Shipped
ORD08993,CST1437,PRD0876,2025-09-24,6,166829.84,Credit Card,Processing
ORD08994,CST0312,PRD0506,2025-03-11,1,386595.81,UPI,Processing
ORD08995,CST2568,PRD0118,2025-03-07,9,283836.47,Credit Card,Shipped
ORD08996,CST3777,PRD0079,2025-05-25,10,52375.45,Credit Card,Delivered
ORD08997,CST1756,PRD0216,2025-12-07,3,499353.57,Cash on Delivery,Shipped
ORD08998,CST1664,PRD0602,2025-03-02,10,167614.67,Debit Card,Shipped
ORD08999,CST1551,PRD0991,2025-12-12,9,372709.84,Debit Card,Cancelled
ORD09000,CST3400,PRD0195,2025-12-17,6,291033.01,Debit Card,Cancelled
ORD09001,CST0895,PRD0484,2025-11-14,4,411674.03,Credit Card,Processing
ORD09002,CST3241,PRD0040,2025-02-15,3,258289.75,Cash on Delivery,Cancelled
ORD09003,CST3841,PRD0707,2025-12-09,9,269484.59,Credit Card,Processing
ORD09004,CST1699,PRD0035,2025-10-30,4,435053.37,Debit Card,Delivered
ORD09005,CST1189,PRD0159,2025-08-22,5,486431.31,Cash on Delivery,Shipped
ORD09006,CST1297,PRD0054,2025-05-18,3,403175.85,Debit Card,Processing
ORD09007,CST1582,PRD0347,2025-10-29,6,316813.1,Credit Card,Shipped
ORD09008,CST1161,PRD0077,2025-10-02,6,46386.65,Net Banking,Delivered
ORD09009,CST4719,PRD0539,2025-10-24,4,57940.75,Credit Card,Delivered
ORD09010,CST1992,PRD0224,2025-08-25,1,140719.79,Debit Card,Cancelled
ORD09011,CST3679,PRD0189,2025-02-22,5,292337.81,Net Banking,Cancelled
ORD09012,CST4941,PRD0099,2025-08-15,4,130423.59,Debit Card,Cancelled
ORD09013,CST0395,PRD0974,2025-12-15,1,1374.39,UPI,Delivered
ORD09014,CST4691,PRD0787,2025-03-06,3,196082.64,UPI,Processing
ORD09015,CST2484,PRD0598,2025-10-19,6,307146.21,Cash on Delivery,Processing
ORD09016,CST3907,PRD0040,2025-06-05,1,258289.75,Cash on Delivery,Processing
ORD09017,CST3566,PRD0682,2025-12-18,7,213214.35,Net Banking,Cancelled
ORD09018,CST1229,PRD0860,2025-02-25,6,185401.93,Net Banking,Cancelled
ORD09019,CST1333,PRD0408,2025-08-09,10,379974.0,Cash on Delivery,Delivered
ORD09020,CST4157,PRD0069,2025-04-09,10,12944.23,Credit Card,Shipped
ORD09021,CST2814,PRD0263,2025-10-29,6,325576.25,Debit Card,Shipped
ORD09022,CST4035,PRD0576,2025-01-19,6,113811.56,Credit Card,Cancelled
ORD09023,CST2219,PRD0619,2025-04-25,6,237298.04,Debit Card,Shipped
ORD09024,CST1509,PRD0431,2025-10-31,8,180900.9,Net Banking,Delivered
ORD09025,CST0337,PRD0080,2025-05-21,7,289579.01,Debit Card,Cancelled
ORD09026,CST3784,PRD0071,2025-06-06,7,336412.37,UPI,Cancelled
ORD09027,CST2551,PRD0113,2025-02-12,4,480366.85,Credit Card,Shipped
ORD09028,CST4045,PRD0021,2025-10-07,4,72082.89,Debit Card,Processing
ORD09029,CST2591,PRD0532,2025-01-16,6,111402.44,UPI,Cancelled
ORD09030,CST0702,PRD0825,2025-08-24,7,426105.92,Credit Card,Shipped
ORD09031,CST0205,PRD0424,2025-07-17,6,244732.68,Credit Card,Delivered
ORD09032,CST3293,PRD0669,2025-12-27,7,291695.08,Cash on Delivery,Processing
ORD09033,CST3346,PRD0315,2025-03-24,4,67666.1,UPI,Cancelled
ORD09034,CST0635,PRD0644,2025-01-04,1,363392.56,Debit Card,Cancelled
ORD09035,CST4113,PRD0432,2025-03-30,2,108369.1,Credit Card,Cancelled
ORD09036,CST1329,PRD0034,2025-06-07,5,481216.6,Cash on Delivery,Shipped
ORD09037,CST4150,PRD0220,2025-04-07,9,217566.6,Debit Card,Processing
ORD09038,CST1003,PRD0883,2025-08-18,6,40801.61,UPI,Cancelled
ORD09039,CST2804,PRD0272,2025-02-17,3,288054.49,Credit Card,Shipped
ORD09040,CST3329,PRD0154,2025-08-28,8,209673.07,Credit Card,Processing
ORD09041,CST1419,PRD0041,2025-02-12,3,386068.92,Net Banking,Processing
ORD09042,CST0814,PRD0439,2025-11-04,6,92425.6,Net Banking,Delivered
ORD09043,CST4978,PRD0679,2025-05-11,4,33679.85,Debit Card,Delivered
ORD09044,CST3529,PRD0877,2025-03-28,2,356637.62,Debit Card,Cancelled
ORD09045,CST0047,PRD0501,2025-07-09,9,174065.87,UPI,Shipped
ORD09046,CST3027,PRD0026,2025-07-25,8,332620.96,Net Banking,Shipped
ORD09047,CST1024,PRD0365,2025-08-30,6,74809.6,Net Banking,Processing
ORD09048,CST0222,PRD0254,2025-09-01,6,401443.93,Credit Card,Cancelled
ORD09049,CST2314,PRD0406,2025-10-12,10,383243.16,UPI,Shipped
ORD09050,CST0930,PRD0822,2025-12-22,7,460505.79,Debit Card,Shipped
ORD09051,CST2613,PRD0769,2025-03-10,3,16390.65,Debit Card,Cancelled
ORD09052,CST3040,PRD0459,2025-09-21,7,423565.32,UPI,Shipped
ORD09053,CST3250,PRD0293,2025-09-08,2,132001.56,Credit Card,Processing
ORD09054,CST3439,PRD0703,2025-07-19,7,100571.39,Net Banking,Cancelled
ORD09055,CST3881,PRD0583,2025-09-09,1,175824.78,UPI,Cancelled
ORD09056,CST1664,PRD0931,2025-05-03,5,222034.09,Cash on Delivery,Shipped
ORD09057,CST1008,PRD0084,2025-02-10,2,349448.73,Debit Card,Shipped
ORD09058,CST3437,PRD0543,2025-10-16,6,113918.93,Cash on Delivery,Processing
ORD09059,CST1898,PRD0125,2025-02-24,5,118921.52,Credit Card,Shipped
ORD09060,CST2201,PRD0020,2025-05-08,5,62425.19,UPI,Cancelled
ORD09061,CST4273,PRD0124,2025-01-25,2,32354.36,Credit Card,Processing
ORD09062,CST0350,PRD0626,2025-12-23,10,107714.25,Cash on Delivery,Delivered
ORD09063,CST3863,PRD0561,2025-05-13,9,117963.58,Debit Card,Cancelled
ORD09064,CST4065,PRD0411,2025-09-29,1,314582.0,UPI,Cancelled
ORD09065,CST0286,PRD0907,2025-02-05,1,403605.91,UPI,Delivered
ORD09066,CST3863,PRD0030,2025-03-13,1,135855.72,Cash on Delivery,Delivered
ORD09067,CST2213,PRD0745,2025-08-28,9,189639.44,Debit Card,Cancelled
ORD09068,CST0382,PRD0489,2025-02-19,1,18581.92,Credit Card,Shipped
ORD09069,CST2314,PRD0858,2025-01-01,10,364896.12,Debit Card,Processing
ORD09070,CST4922,PRD0746,2025-05-03,10,325252.45,UPI,Delivered
ORD09071,CST3486,PRD0303,2025-03-24,5,159069.03,UPI,Cancelled
ORD09072,CST2997,PRD0253,2025-10-06,6,370166.52,Cash on Delivery,Delivered
ORD09073,CST3718,PRD0219,2025-07-31,6,315788.16,UPI,Shipped
ORD09074,CST2055,PRD0187,2025-08-25,9,459959.6,Net Banking,Shipped
ORD09075,CST2548,PRD0900,2025-10-28,9,96474.22,Debit Card,Processing
ORD09076,CST4344,PRD0248,2025-09-11,8,293696.67,Credit Card,Delivered
ORD09077,CST0543,PRD0156,2025-06-19,2,259678.66,UPI,Processing
ORD09078,CST4696,PRD0675,2025-09-09,3,298321.19,UPI,Delivered
ORD09079,CST4868,PRD0324,2025-02-01,7,437135.04,Net Banking,Cancelled
ORD09080,CST4891,PRD0873,2025-06-02,6,236000.43,UPI,Shipped
ORD09081,CST0885,PRD0757,2025-12-19,1,417195.69,Credit Card,Shipped
ORD09082,CST4331,PRD0889,2025-06-18,10,6877.23,Debit Card,Delivered
ORD09083,CST1401,PRD0644,2025-03-05,6,363392.56,UPI,Cancelled
ORD09084,CST0498,PRD0353,2025-05-13,8,283640.21,UPI,Cancelled
ORD09085,CST1475,PRD0881,2025-06-19,8,23942.0,UPI,Delivered
ORD09086,CST4967,PRD0127,2025-01-07,5,497967.67,Cash on Delivery,Processing
ORD09087,CST3599,PRD0820,2025-05-04,2,278988.57,Debit Card,Cancelled
ORD09088,CST2701,PRD0137,2025-05-19,1,446911.84,UPI,Processing
ORD09089,CST1117,PRD0946,2025-09-24,5,98554.47,Net Banking,Delivered
ORD09090,CST2584,PRD0272,2025-02-25,10,288054.49,Cash on Delivery,Delivered
ORD09091,CST2707,PRD0958,2025-03-24,6,95954.81,Net Banking,Processing
ORD09092,CST0473,PRD0053,2025-10-02,3,219816.79,Debit Card,Shipped
ORD09093,CST1265,PRD0424,2025-11-13,3,244732.68,UPI,Processing
ORD09094,CST1152,PRD0571,2025-12-14,3,476165.3,Debit Card,Shipped
ORD09095,CST4258,PRD0792,2025-09-05,8,219724.52,Cash on Delivery,Processing
ORD09096,CST2866,PRD0394,2025-05-07,9,278794.33,Cash on Delivery,Shipped
ORD09097,CST0021,PRD0061,2025-11-21,6,280078.39,Debit Card,Delivered
ORD09098,CST1126,PRD0315,2025-03-02,8,67666.1,UPI,Delivered
ORD09099,CST0529,PRD0901,2025-06-22,1,439676.4,Credit Card,Processing
ORD09100,CST3043,PRD0229,2025-01-31,10,222489.98,Credit Card,Cancelled
ORD09101,CST0067,PRD0776,2025-01-02,2,269325.44,UPI,Delivered
ORD09102,CST3126,PRD0820,2025-11-16,7,278988.57,Net Banking,Delivered
ORD09103,CST2721,PRD0779,2025-03-15,2,144619.96,Net Banking,Cancelled
ORD09104,CST2220,PRD0163,2025-04-23,2,396894.78,Cash on Delivery,Cancelled
ORD09105,CST2190,PRD0369,2025-11-28,10,217054.57,Debit Card,Processing
ORD09106,CST3022,PRD0939,2025-05-03,2,137483.62,Debit Card,Shipped
ORD09107,CST4947,PRD0110,2025-10-18,8,476684.32,Net Banking,Processing
ORD09108,CST1627,PRD0427,2025-03-04,6,62385.96,Debit Card,Delivered
ORD09109,CST3836,PRD0492,2025-08-30,7,484004.12,Credit Card,Cancelled
ORD09110,CST4170,PRD0417,2025-03-05,1,320388.29,Credit Card,Delivered
ORD09111,CST3520,PRD0986,2025-07-27,1,70647.16,Credit Card,Shipped
ORD09112,CST0282,PRD0498,2025-09-05,6,137312.73,UPI,Processing
ORD09113,CST4105,PRD0461,2025-12-20,7,289926.23,UPI,Delivered
ORD09114,CST3428,PRD0160,2025-08-27,2,252632.65,Cash on Delivery,Delivered
ORD09115,CST4263,PRD0698,2025-02-18,2,492296.62,Cash on Delivery,Cancelled
ORD09116,CST0984,PRD0308,2025-09-24,3,70787.83,Cash on Delivery,Processing
ORD09117,CST1899,PRD0068,2025-09-03,10,396547.89,Cash on Delivery,Delivered
ORD09118,CST0612,PRD0858,2025-01-01,2,364896.12,Debit Card,Cancelled
ORD09119,CST2870,PRD0482,2025-09-17,10,286000.13,Cash on Delivery,Delivered
ORD09120,CST3663,PRD0203,2025-11-29,3,17047.79,Cash on Delivery,Delivered
ORD09121,CST0930,PRD0664,2025-09-01,1,212635.08,UPI,Delivered
ORD09122,CST2536,PRD0638,2025-05-16,7,205679.69,Debit Card,Cancelled
ORD09123,CST3771,PRD0739,2025-08-13,10,473672.61,Credit Card,Delivered
ORD09124,CST4649,PRD0682,2025-12-25,1,213214.35,Net Banking,Shipped
ORD09125,CST4747,PRD0818,2025-04-29,3,220601.84,UPI,Delivered
ORD09126,CST0079,PRD0592,2025-04-18,5,289106.2,Debit Card,Shipped
ORD09127,CST2502,PRD0188,2025-12-17,3,319504.96,Debit Card,Shipped
ORD09128,CST1861,PRD0764,2025-09-17,7,445630.8,Debit Card,Cancelled
ORD09129,CST0667,PRD0011,2025-07-11,7,50487.59,Credit Card,Processing
ORD09130,CST4167,PRD0806,2025-05-17,7,58673.67,Debit Card,Shipped
ORD09131,CST4916,PRD0078,2025-11-23,8,377438.99,Debit Card,Shipped
ORD09132,CST1661,PRD0406,2025-09-21,5,383243.16,Credit Card,Delivered
ORD09133,CST2302,PRD0486,2025-12-26,4,333995.37,Debit Card,Delivered
ORD09134,CST2060,PRD0466,2025-06-30,4,135125.57,UPI,Shipped
ORD09135,CST0074,PRD0113,2025-07-12,3,480366.85,Debit Card,Processing
ORD09136,CST2467,PRD0741,2025-05-26,8,138309.77,UPI,Processing
ORD09137,CST2067,PRD0434,2025-10-06,4,354742.21,Debit Card,Cancelled
ORD09138,CST3767,PRD0277,2025-07-27,3,219021.68,Net Banking,Delivered
ORD09139,CST2331,PRD0716,2025-06-03,9,340135.32,Cash on Delivery,Processing
ORD09140,CST2465,PRD0742,2025-05-18,9,112459.93,Debit Card,Shipped
ORD09141,CST2826,PRD0515,2025-10-01,10,140795.33,Net Banking,Shipped
ORD09142,CST4441,PRD0236,2025-12-18,3,91060.8,Credit Card,Processing
ORD09143,CST3252,PRD0370,2025-01-03,4,394986.76,Debit Card,Cancelled
ORD09144,CST0998,PRD0209,2025-03-14,2,428885.9,UPI,Delivered
ORD09145,CST0190,PRD0504,2025-05-03,10,151643.81,Cash on Delivery,Delivered
ORD09146,CST3479,PRD0676,2025-11-06,1,130881.15,Debit Card,Cancelled
ORD09147,CST2930,PRD0390,2025-10-17,4,401986.29,Debit Card,Cancelled
ORD09148,CST2541,PRD0539,2025-01-21,1,57940.75,Credit Card,Cancelled
ORD09149,CST4582,PRD0994,2025-08-05,5,482813.95,Cash on Delivery,Delivered
ORD09150,CST1533,PRD0748,2025-12-14,9,198355.08,UPI,Shipped
ORD09151,CST2347,PRD0557,2025-11-23,10,145982.77,Debit Card,Processing
ORD09152,CST4015,PRD0586,2025-08-02,8,454851.53,Credit Card,Shipped
ORD09153,CST3996,PRD0204,2025-10-07,5,176114.34,Debit Card,Delivered
ORD09154,CST2090,PRD0366,2025-03-07,3,325775.78,Net Banking,Processing
ORD09155,CST1031,PRD0316,2025-04-24,1,418760.08,Debit Card,Shipped
ORD09156,CST1546,PRD0863,2025-05-18,3,338633.51,UPI,Cancelled
ORD09157,CST0365,PRD0104,2025-12-29,3,343413.97,Net Banking,Delivered
ORD09158,CST1528,PRD0739,2025-04-26,1,473672.61,Credit Card,Cancelled
ORD09159,CST4739,PRD0254,2025-03-22,4,401443.93,Cash on Delivery,Shipped
ORD09160,CST2289,PRD0883,2025-06-12,4,40801.61,Net Banking,Delivered
ORD09161,CST3936,PRD0945,2025-04-09,8,350844.39,Cash on Delivery,Shipped
ORD09162,CST3535,PRD0333,2025-01-02,8,251005.81,Net Banking,Processing
ORD09163,CST1514,PRD0127,2025-05-11,9,497967.67,Cash on Delivery,Processing
ORD09164,CST3371,PRD0426,2025-07-17,9,455425.53,Debit Card,Delivered
ORD09165,CST4756,PRD0109,2025-12-23,5,265195.53,UPI,Cancelled
ORD09166,CST3517,PRD0382,2025-02-04,6,457969.15,UPI,Processing
ORD09167,CST0880,PRD0755,2025-03-31,9,338717.02,Credit Card,Cancelled
ORD09168,CST2145,PRD0129,2025-06-29,10,48659.49,Cash on Delivery,Processing
ORD09169,CST4441,PRD0520,2025-03-18,7,42374.24,Cash on Delivery,Processing
ORD09170,CST3530,PRD0810,2025-02-21,8,150869.36,Cash on Delivery,Shipped
ORD09171,CST4223,PRD0861,2025-08-27,6,335567.25,Cash on Delivery,Delivered
ORD09172,CST0100,PRD0244,2025-01-31,3,253186.64,Debit Card,Shipped
ORD09173,CST0783,PRD0149,2025-05-01,4,335999.71,Cash on Delivery,Cancelled
ORD09174,CST1506,PRD0052,2025-04-22,6,5013.37,Net Banking,Cancelled
ORD09175,CST3662,PRD0430,2025-06-23,1,100459.99,Credit Card,Cancelled
ORD09176,CST1666,PRD0597,2025-06-01,8,63537.83,Net Banking,Processing
ORD09177,CST2932,PRD0480,2025-01-13,7,192534.51,Net Banking,Cancelled
ORD09178,CST0190,PRD0775,2025-12-29,5,370470.97,Credit Card,Processing
ORD09179,CST2869,PRD0889,2025-04-07,5,6877.23,Debit Card,Processing
ORD09180,CST1624,PRD0784,2025-03-29,10,32875.71,UPI,Shipped
ORD09181,CST3334,PRD0113,2025-06-13,2,480366.85,UPI,Delivered
ORD09182,CST3116,PRD0703,2025-08-11,2,100571.39,Credit Card,Cancelled
ORD09183,CST1386,PRD0620,2025-10-28,2,383111.41,Credit Card,Cancelled
ORD09184,CST0107,PRD0562,2025-01-22,2,372541.47,Debit Card,Cancelled
ORD09185,CST2337,PRD0592,2025-02-15,6,289106.2,UPI,Cancelled
ORD09186,CST2418,PRD0583,2025-08-20,9,175824.78,Debit Card,Processing
ORD09187,CST4479,PRD0569,2025-09-20,3,131038.86,Debit Card,Delivered
ORD09188,CST1692,PRD0376,2025-09-08,1,50601.95,UPI,Delivered
ORD09189,CST2460,PRD0552,2025-03-24,6,342875.2,UPI,Shipped
ORD09190,CST0294,PRD0726,2025-01-19,4,123657.51,Credit Card,Processing
ORD09191,CST0470,PRD0882,2025-07-26,5,51336.94,Net Banking,Shipped
ORD09192,CST1841,PRD0284,2025-11-26,1,309320.21,UPI,Delivered
ORD09193,CST1539,PRD0608,2025-01-27,1,283793.04,Net Banking,Processing
ORD09194,CST0180,PRD0924,2025-06-17,6,445303.78,Credit Card,Processing
ORD09195,CST2140,PRD0945,2025-08-23,7,350844.39,UPI,Processing
ORD09196,CST3551,PRD0930,2025-04-06,1,43094.6,Debit Card,Processing
ORD09197,CST0327,PRD0648,2025-11-20,8,146050.1,Debit Card,Cancelled
ORD09198,CST1803,PRD0739,2025-08-11,9,473672.61,UPI,Shipped
ORD09199,CST1162,PRD0728,2025-10-29,6,466065.61,Credit Card,Cancelled
ORD09200,CST2271,PRD0669,2025-01-16,8,291695.08,Net Banking,Delivered
ORD09201,CST2296,PRD0570,2025-12-29,9,251170.4,Credit Card,Delivered
ORD09202,CST0559,PRD0242,2025-01-06,9,96910.37,Net Banking,Shipped
ORD09203,CST1073,PRD0507,2025-09-24,6,191744.36,Cash on Delivery,Shipped
ORD09204,CST0928,PRD0568,2025-02-21,6,289859.5,Debit Card,Cancelled
ORD09205,CST3277,PRD0540,2025-01-20,5,241914.95,UPI,Shipped
ORD09206,CST0348,PRD0310,2025-08-30,8,91658.23,UPI,Processing
ORD09207,CST4107,PRD0441,2025-02-11,8,402206.34,Credit Card,Cancelled
ORD09208,CST1402,PRD0861,2025-10-12,9,335567.25,Net Banking,Processing
ORD09209,CST2376,PRD0739,2025-06-16,10,473672.61,Debit Card,Processing
ORD09210,CST2223,PRD0747,2025-07-13,7,12216.72,Net Banking,Shipped
ORD09211,CST3235,PRD0315,2025-02-08,10,67666.1,Cash on Delivery,Cancelled
ORD09212,CST3349,PRD0550,2025-04-17,1,449112.02,Cash on Delivery,Shipped
ORD09213,CST1336,PRD0024,2025-02-14,9,115848.13,UPI,Shipped
ORD09214,CST4731,PRD0608,2025-12-24,1,283793.04,Credit Card,Cancelled
ORD09215,CST1940,PRD0282,2025-03-18,2,313838.55,Debit Card,Cancelled
ORD09216,CST0693,PRD0398,2025-05-18,3,297600.12,Credit Card,Delivered
ORD09217,CST3949,PRD0850,2025-09-01,8,313768.36,Cash on Delivery,Delivered
ORD09218,CST4932,PRD0318,2025-12-27,6,13345.53,Credit Card,Processing
ORD09219,CST3949,PRD0460,2025-05-08,1,161927.39,UPI,Cancelled
ORD09220,CST1108,PRD0408,2025-04-22,4,379974.0,UPI,Delivered
ORD09221,CST4304,PRD0894,2025-01-03,2,153484.23,Credit Card,Processing
ORD09222,CST2663,PRD0067,2025-08-21,1,285269.76,Credit Card,Shipped
ORD09223,CST4987,PRD0254,2025-11-20,4,401443.93,Cash on Delivery,Processing
ORD09224,CST1411,PRD0196,2025-10-20,1,154052.13,Net Banking,Delivered
ORD09225,CST0637,PRD0854,2025-10-27,3,421187.49,UPI,Cancelled
ORD09226,CST3327,PRD0624,2025-08-31,6,16372.79,Debit Card,Delivered
ORD09227,CST3859,PRD0911,2025-01-28,1,473498.03,Net Banking,Shipped
ORD09228,CST1878,PRD0900,2025-01-09,7,96474.22,Net Banking,Shipped
ORD09229,CST2188,PRD0231,2025-11-24,7,212707.32,Credit Card,Processing
ORD09230,CST3113,PRD0254,2025-12-03,4,401443.93,Net Banking,Delivered
ORD09231,CST3647,PRD0819,2025-03-31,6,149969.04,Cash on Delivery,Cancelled
ORD09232,CST2951,PRD0405,2025-05-12,6,171605.92,Debit Card,Processing
ORD09233,CST0582,PRD0984,2025-06-07,5,292739.92,UPI,Delivered
ORD09234,CST0799,PRD0300,2025-07-07,2,417802.54,Debit Card,Shipped
ORD09235,CST3781,PRD0619,2025-10-24,8,237298.04,Debit Card,Cancelled
ORD09236,CST0282,PRD0535,2025-09-21,5,159300.04,UPI,Processing
ORD09237,CST2380,PRD0543,2025-09-29,1,113918.93,Net Banking,Cancelled
ORD09238,CST0619,PRD0107,2025-05-15,10,234275.96,Credit Card,Processing
ORD09239,CST2177,PRD0014,2025-06-04,9,456289.05,UPI,Shipped
ORD09240,CST0466,PRD0522,2025-05-15,7,328180.65,Net Banking,Processing
ORD09241,CST1900,PRD0603,2025-01-25,5,338163.18,Net Banking,Delivered
ORD09242,CST1606,PRD0848,2025-09-09,4,334862.88,Net Banking,Delivered
ORD09243,CST4355,PRD0470,2025-01-24,4,282322.76,Debit Card,Shipped
ORD09244,CST2548,PRD0662,2025-07-16,6,382925.6,Net Banking,Processing
ORD09245,CST0193,PRD0170,2025-01-25,5,304034.45,Debit Card,Processing
ORD09246,CST1361,PRD0671,2025-04-22,10,299559.74,Cash on Delivery,Delivered
ORD09247,CST2939,PRD0729,2025-01-29,6,239751.24,Net Banking,Processing
ORD09248,CST1198,PRD0162,2025-07-13,7,359243.43,Debit Card,Delivered
ORD09249,CST4762,PRD0563,2025-05-06,8,481029.59,Credit Card,Shipped
ORD09250,CST1834,PRD0537,2025-07-16,8,130415.94,Debit Card,Delivered
ORD09251,CST2606,PRD0830,2025-07-12,7,69014.21,Net Banking,Processing
ORD09252,CST3906,PRD0187,2025-03-23,3,459959.6,UPI,Cancelled
ORD09253,CST0640,PRD0425,2025-08-06,1,293030.07,Debit Card,Cancelled
ORD09254,CST1396,PRD0073,2025-02-17,9,207272.6,Debit Card,Shipped
ORD09255,CST3080,PRD0193,2025-08-10,6,367591.73,Credit Card,Shipped
ORD09256,CST2651,PRD0416,2025-10-25,6,245397.38,Debit Card,Processing
ORD09257,CST1856,PRD0853,2025-06-01,4,20006.07,Cash on Delivery,Shipped
ORD09258,CST3174,PRD0472,2025-10-22,8,432456.94,Credit Card,Delivered
ORD09259,CST1153,PRD0216,2025-05-16,3,499353.57,Cash on Delivery,Shipped
ORD09260,CST2277,PRD0007,2025-07-17,4,56943.72,UPI,Shipped
ORD09261,CST4334,PRD0938,2025-02-12,9,418105.61,Cash on Delivery,Shipped
ORD09262,CST3327,PRD0238,2025-03-27,1,208151.04,Net Banking,Processing
ORD09263,CST1913,PRD0385,2025-08-20,3,282887.49,Credit Card,Processing
ORD09264,CST2514,PRD0701,2025-04-27,9,153776.2,UPI,Processing
ORD09265,CST2167,PRD0087,2025-02-17,4,391867.7,UPI,Shipped
ORD09266,CST3567,PRD0001,2025-03-09,3,442722.82,UPI,Delivered
ORD09267,CST3604,PRD0600,2025-01-17,7,381581.84,Cash on Delivery,Shipped
ORD09268,CST0177,PRD0027,2025-04-12,5,354586.07,Credit Card,Shipped
ORD09269,CST3052,PRD0741,2025-05-11,7,138309.77,Credit Card,Shipped
ORD09270,CST4773,PRD0120,2025-12-17,9,280532.71,Net Banking,Shipped
ORD09271,CST4819,PRD0191,2025-05-08,1,341365.94,Debit Card,Delivered
ORD09272,CST1256,PRD0011,2025-04-22,9,50487.59,Credit Card,Processing
ORD09273,CST2231,PRD0393,2025-06-27,5,132764.27,UPI,Shipped
ORD09274,CST3188,PRD0363,2025-03-12,1,332049.21,Debit Card,Delivered
ORD09275,CST0833,PRD0560,2025-12-20,10,268038.22,Debit Card,Delivered
ORD09276,CST3392,PRD0020,2025-08-16,3,62425.19,Credit Card,Processing
ORD09277,CST1977,PRD0804,2025-03-14,2,497620.57,UPI,Cancelled
ORD09278,CST3408,PRD0146,2025-04-23,8,404258.53,Net Banking,Shipped
ORD09279,CST1778,PRD0526,2025-12-15,8,341793.28,Credit Card,Delivered
ORD09280,CST1899,PRD0938,2025-01-17,4,418105.61,Debit Card,Cancelled
ORD09281,CST2266,PRD0232,2025-11-19,9,432129.02,UPI,Processing
ORD09282,CST3111,PRD0747,2025-01-20,4,12216.72,Cash on Delivery,Delivered
ORD09283,CST0930,PRD0772,2025-04-05,2,435091.54,Net Banking,Cancelled
ORD09284,CST3505,PRD0461,2025-04-26,9,289926.23,UPI,Shipped
ORD09285,CST1487,PRD0322,2025-01-09,10,11015.23,Credit Card,Processing
ORD09286,CST4427,PRD0368,2025-01-03,10,41428.07,Credit Card,Delivered
ORD09287,CST4054,PRD0414,2025-01-27,3,404646.47,Credit Card,Cancelled
ORD09288,CST2586,PRD0816,2025-06-15,6,374296.8,Debit Card,Delivered
ORD09289,CST0018,PRD0416,2025-11-08,3,245397.38,UPI,Cancelled
ORD09290,CST1436,PRD0939,2025-09-09,9,137483.62,UPI,Cancelled
ORD09291,CST2586,PRD0337,2025-06-02,9,250697.44,Cash on Delivery,Delivered
ORD09292,CST3865,PRD0314,2025-01-20,2,145467.21,Cash on Delivery,Cancelled
ORD09293,CST2069,PRD0452,2025-01-26,10,304815.69,UPI,Cancelled
ORD09294,CST3707,PRD0518,2025-09-09,3,474169.56,Debit Card,Cancelled
ORD09295,CST3651,PRD0685,2025-04-30,9,456765.97,Debit Card,Cancelled
ORD09296,CST4792,PRD0534,2025-06-10,3,76076.88,Debit Card,Shipped
ORD09297,CST0798,PRD0457,2025-05-03,4,450517.49,Cash on Delivery,Cancelled
ORD09298,CST2774,PRD0110,2025-01-01,5,476684.32,Debit Card,Delivered
ORD09299,CST4950,PRD0147,2025-01-17,10,368957.79,Net Banking,Cancelled
ORD09300,CST2125,PRD0251,2025-03-06,3,17635.27,UPI,Cancelled
ORD09301,CST4849,PRD0284,2025-04-08,7,309320.21,UPI,Delivered
ORD09302,CST3115,PRD0416,2025-08-31,7,245397.38,Cash on Delivery,Shipped
ORD09303,CST1828,PRD0281,2025-09-08,9,43878.01,Cash on Delivery,Shipped
ORD09304,CST0618,PRD0587,2025-02-21,7,134463.91,UPI,Delivered
ORD09305,CST3179,PRD0054,2025-07-30,9,403175.85,Cash on Delivery,Cancelled
ORD09306,CST0990,PRD0908,2025-11-18,10,413157.39,Debit Card,Processing
ORD09307,CST3168,PRD0287,2025-01-15,5,20378.33,Net Banking,Shipped
ORD09308,CST0440,PRD0745,2025-05-17,2,189639.44,Cash on Delivery,Processing
ORD09309,CST0589,PRD0336,2025-11-06,8,304544.51,Cash on Delivery,Shipped
ORD09310,CST2593,PRD0727,2025-06-10,9,367187.83,UPI,Delivered
ORD09311,CST0666,PRD0087,2025-08-05,7,391867.7,Debit Card,Cancelled
ORD09312,CST3845,PRD0934,2025-01-01,2,376068.76,UPI,Cancelled
ORD09313,CST1516,PRD0253,2025-02-18,6,370166.52,Debit Card,Delivered
ORD09314,CST0654,PRD0856,2025-01-03,10,370444.62,Debit Card,Shipped
ORD09315,CST1449,PRD0581,2025-05-05,9,181384.25,Debit Card,Processing
ORD09316,CST2105,PRD0590,2025-12-18,4,27079.31,UPI,Processing
ORD09317,CST1157,PRD0358,2025-08-18,2,56119.57,Net Banking,Delivered
ORD09318,CST1595,PRD0160,2025-10-06,7,252632.65,Credit Card,Processing
ORD09319,CST2360,PRD0419,2025-05-07,4,440720.8,Cash on Delivery,Cancelled
ORD09320,CST3715,PRD0008,2025-11-12,8,132027.03,Net Banking,Shipped
ORD09321,CST1633,PRD0803,2025-07-04,5,424917.53,Net Banking,Processing
ORD09322,CST1519,PRD0558,2025-09-30,5,387479.9,Cash on Delivery,Processing
ORD09323,CST4813,PRD0740,2025-06-15,1,456634.56,UPI,Cancelled
ORD09324,CST4184,PRD0114,2025-11-17,1,112637.36,Net Banking,Processing
ORD09325,CST4814,PRD0203,2025-07-29,6,17047.79,Cash on Delivery,Delivered
ORD09326,CST1174,PRD0371,2025-05-12,9,80295.28,Debit Card,Processing
ORD09327,CST0182,PRD0857,2025-06-30,5,341133.99,Net Banking,Processing
ORD09328,CST1039,PRD0400,2025-08-23,1,236491.91,Net Banking,Cancelled
ORD09329,CST1327,PRD0834,2025-02-17,7,259687.06,Credit Card,Processing
ORD09330,CST0795,PRD0994,2025-08-25,5,482813.95,UPI,Processing
ORD09331,CST3132,PRD0586,2025-08-07,2,454851.53,Credit Card,Processing
ORD09332,CST4457,PRD0327,2025-03-19,7,127706.45,Debit Card,Delivered
ORD09333,CST4614,PRD0773,2025-02-11,2,105070.58,UPI,Shipped
ORD09334,CST1121,PRD0028,2025-01-16,3,389595.07,Net Banking,Shipped
ORD09335,CST4269,PRD0696,2025-04-11,3,228766.83,Debit Card,Processing
ORD09336,CST2636,PRD0585,2025-10-06,3,403663.15,UPI,Cancelled
ORD09337,CST1304,PRD0193,2025-01-14,10,367591.73,Net Banking,Processing
ORD09338,CST4180,PRD0250,2025-10-12,10,213435.85,Credit Card,Delivered
ORD09339,CST1903,PRD0627,2025-11-02,3,393537.09,Credit Card,Processing
ORD09340,CST3202,PRD0603,2025-01-31,2,338163.18,Credit Card,Delivered
ORD09341,CST0053,PRD0131,2025-09-06,2,54831.73,UPI,Processing
ORD09342,CST3830,PRD0765,2025-06-08,5,490611.22,Cash on Delivery,Delivered
ORD09343,CST2236,PRD0953,2025-04-02,6,336157.84,Net Banking,Cancelled
ORD09344,CST4780,PRD0885,2025-04-09,8,408180.23,Debit Card,Shipped
ORD09345,CST1719,PRD0228,2025-11-19,7,28490.37,Net Banking,Cancelled
ORD09346,CST4081,PRD0861,2025-06-20,1,335567.25,Credit Card,Shipped
ORD09347,CST4044,PRD0302,2025-04-14,6,429435.64,Cash on Delivery,Delivered
ORD09348,CST1843,PRD0466,2025-03-30,1,135125.57,UPI,Cancelled
ORD09349,CST4895,PRD0331,2025-12-09,8,268421.48,Net Banking,Processing
ORD09350,CST2514,PRD0636,2025-10-18,3,342103.33,Credit Card,Delivered
ORD09351,CST3772,PRD0088,2025-03-27,8,350575.13,Credit Card,Processing
ORD09352,CST2382,PRD0575,2025-10-07,5,325253.23,UPI,Delivered
ORD09353,CST2444,PRD0298,2025-04-15,9,319795.91,Credit Card,Shipped
ORD09354,CST1617,PRD0189,2025-11-03,2,292337.81,UPI,Processing
ORD09355,CST2441,PRD0851,2025-01-27,10,246081.75,Credit Card,Processing
ORD09356,CST3171,PRD0503,2025-11-21,1,116478.25,Credit Card,Shipped
ORD09357,CST1863,PRD0795,2025-06-23,3,85392.09,UPI,Shipped
ORD09358,CST1008,PRD0137,2025-01-21,9,446911.84,Net Banking,Delivered
ORD09359,CST0390,PRD0128,2025-11-29,1,488283.83,UPI,Processing
ORD09360,CST4077,PRD0740,2025-09-30,6,456634.56,Net Banking,Cancelled
ORD09361,CST0938,PRD0759,2025-11-11,1,456922.95,Debit Card,Delivered
ORD09362,CST0646,PRD0584,2025-09-28,9,336945.29,Cash on Delivery,Delivered
ORD09363,CST3582,PRD0572,2025-02-01,5,448724.27,Credit Card,Cancelled
ORD09364,CST1981,PRD0446,2025-11-22,1,2640.18,Credit Card,Cancelled
ORD09365,CST1868,PRD0414,2025-01-16,3,404646.47,Credit Card,Shipped
ORD09366,CST4304,PRD0110,2025-10-23,8,476684.32,Net Banking,Shipped
ORD09367,CST2308,PRD0705,2025-03-13,10,176989.83,UPI,Delivered
ORD09368,CST2749,PRD0522,2025-12-11,5,328180.65,Debit Card,Delivered
ORD09369,CST0867,PRD0449,2025-03-10,1,369055.1,UPI,Cancelled
ORD09370,CST0932,PRD0683,2025-12-17,8,465400.22,Cash on Delivery,Cancelled
ORD09371,CST2831,PRD0030,2025-11-25,10,135855.72,Cash on Delivery,Shipped
ORD09372,CST2545,PRD0668,2025-02-19,1,487946.19,Net Banking,Shipped
ORD09373,CST0691,PRD0961,2025-05-24,2,486351.73,Cash on Delivery,Cancelled
ORD09374,CST0780,PRD0628,2025-03-23,6,273070.51,UPI,Processing
ORD09375,CST1967,PRD0042,2025-10-31,7,404782.24,Credit Card,Cancelled
ORD09376,CST1755,PRD0058,2025-04-15,5,274202.64,Cash on Delivery,Cancelled
ORD09377,CST4582,PRD0313,2025-07-13,4,248044.63,Credit Card,Processing
ORD09378,CST3703,PRD0027,2025-11-01,7,354586.07,Credit Card,Delivered
ORD09379,CST0099,PRD0619,2025-10-05,5,237298.04,Credit Card,Cancelled
ORD09380,CST2432,PRD0631,2025-10-23,9,278500.79,Cash on Delivery,Shipped
ORD09381,CST4219,PRD0761,2025-03-02,8,358469.67,Cash on Delivery,Delivered
ORD09382,CST1806,PRD0507,2025-04-20,5,191744.36,Debit Card,Delivered
ORD09383,CST0834,PRD0570,2025-09-16,8,251170.4,UPI,Cancelled
ORD09384,CST0463,PRD0475,2025-04-16,10,187942.29,Debit Card,Shipped
ORD09385,CST2298,PRD0648,2025-01-03,4,146050.1,UPI,Delivered
ORD09386,CST3711,PRD0757,2025-03-19,1,417195.69,Credit Card,Cancelled
ORD09387,CST0499,PRD0454,2025-02-19,10,74767.36,UPI,Processing
ORD09388,CST3216,PRD0722,2025-05-14,8,354547.31,Net Banking,Shipped
ORD09389,CST3583,PRD0562,2025-07-25,3,372541.47,Debit Card,Processing
ORD09390,CST2896,PRD0420,2025-08-21,2,151431.53,Net Banking,Processing
ORD09391,CST0036,PRD0526,2025-06-09,3,341793.28,UPI,Cancelled
ORD09392,CST3170,PRD0097,2025-06-08,8,20682.57,Credit Card,Delivered
ORD09393,CST1465,PRD0544,2025-10-15,6,351498.63,Debit Card,Processing
ORD09394,CST1950,PRD0908,2025-01-03,6,413157.39,UPI,Delivered
ORD09395,CST1179,PRD0377,2025-11-21,5,174466.08,Credit Card,Processing
ORD09396,CST0621,PRD0211,2025-11-12,3,373727.86,UPI,Delivered
ORD09397,CST2214,PRD0738,2025-04-09,1,247683.34,UPI,Shipped
ORD09398,CST4137,PRD0263,2025-08-31,3,325576.25,Debit Card,Cancelled
ORD09399,CST2234,PRD0693,2025-08-19,4,140415.56,Debit Card,Cancelled
ORD09400,CST2145,PRD0257,2025-08-16,2,25097.81,Debit Card,Delivered
ORD09401,CST0670,PRD0448,2025-07-30,6,314809.29,Credit Card,Delivered
ORD09402,CST2683,PRD0979,2025-10-10,1,392765.58,Cash on Delivery,Delivered
ORD09403,CST3656,PRD0983,2025-05-10,9,270040.45,Cash on Delivery,Shipped
ORD09404,CST3447,PRD0635,2025-07-18,5,396531.33,Debit Card,Cancelled
ORD09405,CST1757,PRD0832,2025-06-26,4,72199.23,UPI,Delivered
ORD09406,CST2974,PRD0988,2025-12-01,1,269507.5,Debit Card,Delivered
ORD09407,CST1759,PRD0088,2025-01-16,8,350575.13,Credit Card,Processing
ORD09408,CST2296,PRD0701,2025-12-13,6,153776.2,Net Banking,Processing
ORD09409,CST3939,PRD0433,2025-03-07,5,389553.4,Cash on Delivery,Processing
ORD09410,CST0262,PRD0823,2025-01-07,2,357967.29,UPI,Shipped
ORD09411,CST2008,PRD0946,2025-02-20,8,98554.47,UPI,Cancelled
ORD09412,CST2545,PRD0033,2025-09-11,6,46608.17,Credit Card,Processing
ORD09413,CST2816,PRD0025,2025-12-29,9,229608.54,Debit Card,Processing
ORD09414,CST1608,PRD0217,2025-02-10,8,291586.72,UPI,Shipped
ORD09415,CST3595,PRD0621,2025-01-29,2,467827.37,Credit Card,Processing
ORD09416,CST4465,PRD0069,2025-11-17,2,12944.23,Debit Card,Cancelled
ORD09417,CST3274,PRD0251,2025-08-16,10,17635.27,Cash on Delivery,Processing
ORD09418,CST4058,PRD0057,2025-11-25,9,436271.34,Credit Card,Processing
ORD09419,CST2950,PRD0500,2025-10-07,6,127359.0,Cash on Delivery,Processing
ORD09420,CST2208,PRD0466,2025-12-31,9,135125.57,Net Banking,Processing
ORD09421,CST4865,PRD0690,2025-11-16,6,82263.03,Cash on Delivery,Shipped
ORD09422,CST2793,PRD0447,2025-05-22,1,344400.91,Cash on Delivery,Delivered
ORD09423,CST0606,PRD0900,2025-04-19,4,96474.22,Net Banking,Delivered
ORD09424,CST4366,PRD0639,2025-06-30,1,373533.47,Cash on Delivery,Cancelled
ORD09425,CST4976,PRD0256,2025-04-29,5,469841.46,Debit Card,Cancelled
ORD09426,CST0970,PRD0638,2025-07-14,9,205679.69,Cash on Delivery,Processing
ORD09427,CST4421,PRD0521,2025-04-11,4,353537.62,UPI,Delivered
ORD09428,CST1071,PRD0056,2025-05-24,1,375116.59,Debit Card,Processing
ORD09429,CST0099,PRD0248,2025-09-17,2,293696.67,Debit Card,Cancelled
ORD09430,CST2624,PRD0296,2025-07-11,5,283660.66,UPI,Delivered
ORD09431,CST0340,PRD0288,2025-01-25,1,159225.07,Credit Card,Cancelled
ORD09432,CST3737,PRD0719,2025-03-20,4,17231.59,Net Banking,Processing
ORD09433,CST1252,PRD0584,2025-01-27,10,336945.29,Cash on Delivery,Delivered
ORD09434,CST1583,PRD0096,2025-08-13,10,279302.34,UPI,Processing
ORD09435,CST4302,PRD0623,2025-01-04,4,440872.68,Net Banking,Delivered
ORD09436,CST3152,PRD0136,2025-01-29,8,417077.04,Cash on Delivery,Cancelled
ORD09437,CST0457,PRD0331,2025-08-19,10,268421.48,Credit Card,Processing
ORD09438,CST1475,PRD0441,2025-03-21,1,402206.34,Net Banking,Processing
ORD09439,CST2740,PRD0535,2025-04-08,9,159300.04,Net Banking,Shipped
ORD09440,CST0515,PRD0727,2025-01-23,8,367187.83,Credit Card,Delivered
ORD09441,CST4163,PRD0738,2025-11-20,10,247683.34,UPI,Delivered
ORD09442,CST0957,PRD0009,2025-02-02,10,343974.7,Credit Card,Processing
ORD09443,CST1065,PRD0676,2025-06-10,1,130881.15,UPI,Cancelled
ORD09444,CST4084,PRD0163,2025-10-04,9,396894.78,UPI,Shipped
ORD09445,CST4617,PRD0530,2025-12-19,1,146632.15,Credit Card,Shipped
ORD09446,CST1078,PRD0801,2025-05-04,4,397473.03,UPI,Shipped
ORD09447,CST0081,PRD0576,2025-09-11,1,113811.56,Credit Card,Delivered
ORD09448,CST4016,PRD0931,2025-06-30,10,222034.09,Net Banking,Shipped
ORD09449,CST2002,PRD0587,2025-10-29,10,134463.91,Cash on Delivery,Shipped
ORD09450,CST3865,PRD0008,2025-03-26,10,132027.03,Cash on Delivery,Shipped
ORD09451,CST3712,PRD0650,2025-10-28,1,269438.6,UPI,Cancelled
ORD09452,CST2809,PRD0253,2025-01-23,9,370166.52,UPI,Processing
ORD09453,CST0349,PRD0901,2025-03-22,4,439676.4,UPI,Processing
ORD09454,CST0276,PRD0015,2025-07-01,6,77541.35,Net Banking,Delivered
ORD09455,CST0496,PRD0774,2025-01-05,9,193169.88,UPI,Cancelled
ORD09456,CST2293,PRD0997,2025-10-13,2,202580.02,Debit Card,Processing
ORD09457,CST0133,PRD0970,2025-02-13,4,39467.04,Credit Card,Delivered
ORD09458,CST0415,PRD0513,2025-05-30,4,20899.02,Debit Card,Shipped
ORD09459,CST3990,PRD0617,2025-08-28,8,272889.15,Cash on Delivery,Shipped
ORD09460,CST4177,PRD0604,2025-11-05,10,55662.65,Net Banking,Cancelled
ORD09461,CST4852,PRD0801,2025-11-11,1,397473.03,Debit Card,Shipped
ORD09462,CST3992,PRD0702,2025-05-14,2,198303.77,Cash on Delivery,Shipped
ORD09463,CST0061,PRD0743,2025-06-16,10,4504.46,Net Banking,Cancelled
ORD09464,CST4075,PRD0996,2025-02-23,2,263832.1,Debit Card,Cancelled
ORD09465,CST4954,PRD0799,2025-10-28,5,265235.57,UPI,Processing
ORD09466,CST4116,PRD0267,2025-09-29,4,31656.61,Debit Card,Shipped
ORD09467,CST1241,PRD0938,2025-10-02,9,418105.61,Cash on Delivery,Processing
ORD09468,CST0432,PRD0652,2025-03-06,9,49523.1,Net Banking,Processing
ORD09469,CST2830,PRD0533,2025-02-11,4,296250.41,Debit Card,Processing
ORD09470,CST3820,PRD0748,2025-03-02,1,198355.08,Cash on Delivery,Shipped
ORD09471,CST3900,PRD0238,2025-11-09,2,208151.04,Cash on Delivery,Delivered
ORD09472,CST3456,PRD0522,2025-01-20,4,328180.65,Net Banking,Cancelled
ORD09473,CST1550,PRD0816,2025-09-28,2,374296.8,Debit Card,Cancelled
ORD09474,CST3195,PRD0572,2025-09-02,3,448724.27,Cash on Delivery,Cancelled
ORD09475,CST0138,PRD0079,2025-04-13,2,52375.45,UPI,Cancelled
ORD09476,CST4629,PRD0268,2025-09-03,6,7811.36,Debit Card,Delivered
ORD09477,CST2719,PRD0141,2025-04-15,7,65583.44,Credit Card,Delivered
ORD09478,CST2681,PRD0945,2025-02-19,3,350844.39,Debit Card,Cancelled
ORD09479,CST4272,PRD0390,2025-11-28,2,401986.29,Credit Card,Processing
ORD09480,CST1280,PRD0754,2025-09-28,4,126509.66,Cash on Delivery,Cancelled
ORD09481,CST3341,PRD0239,2025-12-01,8,308881.86,Credit Card,Processing
ORD09482,CST4297,PRD0158,2025-04-17,6,167900.97,Cash on Delivery,Shipped
ORD09483,CST4785,PRD0112,2025-11-20,10,413623.27,UPI,Shipped
ORD09484,CST4451,PRD0979,2025-11-09,6,392765.58,Debit Card,Cancelled
ORD09485,CST3770,PRD0624,2025-03-27,4,16372.79,Net Banking,Cancelled
ORD09486,CST0772,PRD0837,2025-10-27,2,454982.05,UPI,Processing
ORD09487,CST3750,PRD0976,2025-05-10,4,245373.68,Cash on Delivery,Processing
ORD09488,CST1355,PRD0249,2025-05-05,9,486760.78,Cash on Delivery,Delivered
ORD09489,CST3902,PRD0847,2025-03-11,7,30266.3,Cash on Delivery,Processing
ORD09490,CST4004,PRD0903,2025-07-12,3,337342.57,Net Banking,Cancelled
ORD09491,CST4461,PRD0852,2025-02-18,9,335708.72,Net Banking,Shipped
ORD09492,CST1643,PRD0331,2025-12-09,5,268421.48,Debit Card,Processing
ORD09493,CST0306,PRD0805,2025-07-21,1,466760.39,Credit Card,Cancelled
ORD09494,CST1348,PRD0994,2025-08-06,6,482813.95,Net Banking,Delivered
ORD09495,CST3597,PRD0277,2025-02-08,8,219021.68,Cash on Delivery,Shipped
ORD09496,CST4238,PRD0858,2025-09-23,7,364896.12,Debit Card,Delivered
ORD09497,CST4451,PRD0929,2025-10-15,1,389459.45,Debit Card,Delivered
ORD09498,CST2518,PRD0041,2025-04-29,9,386068.92,UPI,Cancelled
ORD09499,CST1998,PRD0777,2025-11-02,3,225979.16,Net Banking,Cancelled
ORD09500,CST4270,PRD0792,2025-06-19,8,219724.52,UPI,Delivered
ORD09501,CST1598,PRD0432,2025-11-12,2,108369.1,Cash on Delivery,Cancelled
ORD09502,CST0084,PRD0268,2025-05-21,8,7811.36,Credit Card,Cancelled
ORD09503,CST4366,PRD0647,2025-11-24,9,358716.62,UPI,Cancelled
ORD09504,CST3124,PRD0963,2025-03-22,7,363912.08,Debit Card,Cancelled
ORD09505,CST0206,PRD0589,2025-02-09,1,497145.92,Net Banking,Delivered
ORD09506,CST2283,PRD0812,2025-01-10,7,170808.44,Credit Card,Delivered
ORD09507,CST1068,PRD0891,2025-09-20,7,418594.65,Debit Card,Shipped
ORD09508,CST3319,PRD0191,2025-04-27,2,341365.94,Cash on Delivery,Cancelled
ORD09509,CST3107,PRD0248,2025-04-13,5,293696.67,Net Banking,Shipped
ORD09510,CST0505,PRD0642,2025-05-12,3,18027.53,Cash on Delivery,Shipped
ORD09511,CST1634,PRD0286,2025-08-23,9,271113.95,Credit Card,Cancelled
ORD09512,CST0484,PRD0251,2025-07-08,5,17635.27,Net Banking,Delivered
ORD09513,CST0642,PRD0431,2025-11-28,2,180900.9,Cash on Delivery,Processing
ORD09514,CST4361,PRD0937,2025-04-16,5,12173.96,Credit Card,Processing
ORD09515,CST0851,PRD0219,2025-08-12,9,315788.16,Credit Card,Processing
ORD09516,CST4522,PRD0430,2025-06-26,3,100459.99,UPI,Cancelled
ORD09517,CST1481,PRD0816,2025-11-16,1,374296.8,Cash on Delivery,Shipped
ORD09518,CST4433,PRD0198,2025-07-29,7,126993.94,Credit Card,Shipped
ORD09519,CST1199,PRD0684,2025-12-01,3,468185.59,Cash on Delivery,Cancelled
ORD09520,CST0965,PRD0906,2025-06-07,9,228989.54,Debit Card,Shipped
ORD09521,CST1302,PRD0459,2025-11-27,9,423565.32,Credit Card,Shipped
ORD09522,CST2927,PRD0271,2025-01-08,7,482671.43,UPI,Processing
ORD09523,CST3851,PRD0622,2025-08-04,4,94697.55,Cash on Delivery,Processing
ORD09524,CST2599,PRD0893,2025-05-21,6,493962.8,Net Banking,Shipped
ORD09525,CST0549,PRD0241,2025-06-25,1,313050.32,Net Banking,Shipped
ORD09526,CST2245,PRD0842,2025-09-07,6,48063.13,UPI,Processing
ORD09527,CST2136,PRD0219,2025-07-06,4,315788.16,Cash on Delivery,Shipped
ORD09528,CST3826,PRD0208,2025-01-27,8,63766.87,Debit Card,Cancelled
ORD09529,CST3864,PRD0696,2025-06-06,4,228766.83,Cash on Delivery,Cancelled
ORD09530,CST4191,PRD0713,2025-04-07,2,85332.13,Net Banking,Cancelled
ORD09531,CST2844,PRD0678,2025-12-05,6,49411.74,Credit Card,Delivered
ORD09532,CST2707,PRD0621,2025-10-16,6,467827.37,Net Banking,Shipped
ORD09533,CST0752,PRD0184,2025-10-08,4,199268.22,Debit Card,Cancelled
ORD09534,CST4957,PRD0021,2025-08-07,6,72082.89,Credit Card,Delivered
ORD09535,CST1207,PRD0853,2025-11-30,2,20006.07,UPI,Cancelled
ORD09536,CST0076,PRD0437,2025-07-22,2,278819.26,UPI,Processing
ORD09537,CST1991,PRD0770,2025-11-19,5,380657.0,Credit Card,Delivered
ORD09538,CST3106,PRD0664,2025-01-07,6,212635.08,Credit Card,Shipped
ORD09539,CST1846,PRD0662,2025-04-18,10,382925.6,UPI,Delivered
ORD09540,CST1986,PRD0153,2025-04-02,1,333176.44,Cash on Delivery,Delivered
ORD09541,CST2048,PRD0305,2025-01-25,8,28514.31,Debit Card,Cancelled
ORD09542,CST4751,PRD0677,2025-07-17,6,446295.41,UPI,Shipped
ORD09543,CST0776,PRD0138,2025-09-30,5,135488.73,UPI,Cancelled
ORD09544,CST1921,PRD0262,2025-10-04,6,71701.07,UPI,Cancelled
ORD09545,CST2360,PRD0151,2025-08-03,10,262566.67,Net Banking,Delivered
ORD09546,CST4037,PRD0264,2025-01-01,8,284299.65,Debit Card,Shipped
ORD09547,CST2372,PRD0238,2025-01-05,6,208151.04,UPI,Cancelled
ORD09548,CST2831,PRD0818,2025-02-27,3,220601.84,Credit Card,Shipped
ORD09549,CST4138,PRD0653,2025-12-24,2,134033.29,Net Banking,Delivered
ORD09550,CST0577,PRD0697,2025-07-31,2,362110.12,Cash on Delivery,Delivered
ORD09551,CST4169,PRD0529,2025-08-15,10,178140.65,Debit Card,Shipped
ORD09552,CST2583,PRD0559,2025-06-03,2,412806.94,Credit Card,Shipped
ORD09553,CST1861,PRD0630,2025-04-06,5,186659.87,Cash on Delivery,Processing
ORD09554,CST0074,PRD0053,2025-06-03,8,219816.79,Net Banking,Cancelled
ORD09555,CST4439,PRD0657,2025-09-07,6,392866.18,Cash on Delivery,Delivered
ORD09556,CST0311,PRD0877,2025-03-14,10,356637.62,UPI,Processing
ORD09557,CST4253,PRD0374,2025-01-27,7,182867.71,Debit Card,Processing
ORD09558,CST1639,PRD0907,2025-09-05,8,403605.91,UPI,Processing
ORD09559,CST3025,PRD0461,2025-05-27,9,289926.23,UPI,Processing
ORD09560,CST2800,PRD0882,2025-06-30,9,51336.94,Debit Card,Processing
ORD09561,CST3243,PRD0293,2025-06-03,5,132001.56,UPI,Processing
ORD09562,CST4777,PRD0910,2025-07-02,1,289331.06,Cash on Delivery,Shipped
ORD09563,CST0559,PRD0272,2025-08-05,9,288054.49,Cash on Delivery,Cancelled
ORD09564,CST3768,PRD0876,2025-11-19,6,166829.84,Net Banking,Processing
ORD09565,CST1092,PRD0959,2025-09-20,9,60127.04,Credit Card,Processing
ORD09566,CST1476,PRD0893,2025-08-15,5,493962.8,Debit Card,Shipped
ORD09567,CST2256,PRD0856,2025-08-02,4,370444.62,Credit Card,Shipped
ORD09568,CST4078,PRD0728,2025-09-13,5,466065.61,Cash on Delivery,Processing
ORD09569,CST3643,PRD0844,2025-09-15,3,490284.24,UPI,Cancelled
ORD09570,CST1823,PRD0546,2025-07-04,7,20751.92,Cash on Delivery,Cancelled
ORD09571,CST4200,PRD0901,2025-03-31,10,439676.4,Net Banking,Shipped
ORD09572,CST1198,PRD0724,2025-12-09,4,312430.82,Credit Card,Cancelled
ORD09573,CST2622,PRD0294,2025-09-09,8,248756.76,Cash on Delivery,Processing
ORD09574,CST3899,PRD0240,2025-09-04,6,134506.53,Net Banking,Cancelled
ORD09575,CST4508,PRD0041,2025-11-24,7,386068.92,UPI,Delivered
ORD09576,CST0055,PRD0684,2025-04-11,2,468185.59,UPI,Cancelled
ORD09577,CST3215,PRD0919,2025-08-04,3,490508.58,Debit Card,Cancelled
ORD09578,CST4372,PRD0990,2025-07-20,9,256089.23,UPI,Shipped
ORD09579,CST0519,PRD0608,2025-06-12,1,283793.04,Debit Card,Processing
ORD09580,CST3915,PRD0878,2025-02-08,1,287146.69,Credit Card,Cancelled
ORD09581,CST4341,PRD0798,2025-06-18,7,116128.41,Net Banking,Delivered
ORD09582,CST4699,PRD0981,2025-03-19,3,245722.69,UPI,Cancelled
ORD09583,CST2632,PRD0048,2025-11-12,8,388284.84,UPI,Shipped
ORD09584,CST0646,PRD0758,2025-07-01,4,17335.43,Cash on Delivery,Processing
ORD09585,CST1710,PRD0495,2025-02-15,3,290468.87,Debit Card,Shipped
ORD09586,CST4335,PRD0169,2025-11-18,2,395469.1,Credit Card,Shipped
ORD09587,CST2721,PRD0074,2025-03-21,4,365866.1,Net Banking,Processing
ORD09588,CST4374,PRD0112,2025-04-10,4,413623.27,Credit Card,Cancelled
ORD09589,CST1674,PRD0345,2025-07-23,6,481363.4,Debit Card,Delivered
ORD09590,CST2674,PRD0700,2025-02-24,10,454233.66,Net Banking,Delivered
ORD09591,CST2530,PRD0721,2025-09-10,7,8562.05,UPI,Cancelled
ORD09592,CST3026,PRD0326,2025-07-28,4,420915.05,Cash on Delivery,Processing
ORD09593,CST0051,PRD0811,2025-11-19,1,154268.56,Credit Card,Delivered
ORD09594,CST4162,PRD0326,2025-01-18,3,420915.05,UPI,Shipped
ORD09595,CST0998,PRD0138,2025-09-18,2,135488.73,Cash on Delivery,Processing
ORD09596,CST1868,PRD0914,2025-09-08,9,463191.53,Debit Card,Processing
ORD09597,CST3867,PRD0850,2025-12-31,4,313768.36,Debit Card,Delivered
ORD09598,CST0077,PRD0039,2025-03-05,1,404.11,Cash on Delivery,Shipped
ORD09599,CST0951,PRD0019,2025-08-06,7,189955.9,Credit Card,Cancelled
ORD09600,CST2422,PRD0670,2025-01-20,3,186336.51,Net Banking,Cancelled
ORD09601,CST2329,PRD0490,2025-12-06,2,71859.02,Debit Card,Shipped
ORD09602,CST2965,PRD0827,2025-12-23,6,147831.09,Credit Card,Shipped
ORD09603,CST3339,PRD0864,2025-11-14,1,314562.72,Net Banking,Processing
ORD09604,CST1750,PRD0543,2025-10-20,5,113918.93,Net Banking,Delivered
ORD09605,CST0043,PRD0910,2025-12-10,6,289331.06,UPI,Shipped
ORD09606,CST4018,PRD0258,2025-01-09,3,120169.47,Cash on Delivery,Shipped
ORD09607,CST1374,PRD0573,2025-06-27,8,175769.62,Net Banking,Cancelled
ORD09608,CST0961,PRD0734,2025-08-06,9,41897.86,Debit Card,Processing
ORD09609,CST4381,PRD0601,2025-09-28,9,188003.12,UPI,Shipped
ORD09610,CST3885,PRD0952,2025-07-29,4,489910.94,UPI,Shipped
ORD09611,CST1659,PRD0100,2025-02-15,3,274137.65,Credit Card,Cancelled
ORD09612,CST0436,PRD0471,2025-08-21,7,216734.98,Cash on Delivery,Cancelled
ORD09613,CST2905,PRD0998,2025-02-28,8,13465.51,Debit Card,Processing
ORD09614,CST3143,PRD0956,2025-06-26,8,224543.72,Cash on Delivery,Delivered
ORD09615,CST0098,PRD0536,2025-07-08,5,311946.86,Cash on Delivery,Delivered
ORD09616,CST4700,PRD0168,2025-07-25,6,322768.56,Credit Card,Shipped
ORD09617,CST4118,PRD0898,2025-11-06,4,488851.36,Debit Card,Cancelled
ORD09618,CST1461,PRD0618,2025-09-16,8,205782.42,Credit Card,Processing
ORD09619,CST4734,PRD0767,2025-07-03,3,333590.31,Debit Card,Delivered
ORD09620,CST2014,PRD0988,2025-10-22,2,269507.5,UPI,Shipped
ORD09621,CST0199,PRD0080,2025-01-01,3,289579.01,UPI,Delivered
ORD09622,CST3412,PRD0114,2025-06-03,10,112637.36,Debit Card,Shipped
ORD09623,CST3642,PRD0105,2025-06-24,8,372421.86,Cash on Delivery,Cancelled
ORD09624,CST4605,PRD0109,2025-05-22,1,265195.53,Cash on Delivery,Shipped
ORD09625,CST4334,PRD0405,2025-11-06,7,171605.92,Credit Card,Shipped
ORD09626,CST2174,PRD0534,2025-08-22,8,76076.88,Net Banking,Processing
ORD09627,CST0643,PRD0185,2025-10-08,3,382123.7,UPI,Shipped
ORD09628,CST3513,PRD0330,2025-08-15,6,206797.76,Debit Card,Cancelled
ORD09629,CST3602,PRD0619,2025-05-15,8,237298.04,Debit Card,Processing
ORD09630,CST1874,PRD0005,2025-03-13,8,225689.16,Debit Card,Processing
ORD09631,CST0370,PRD0366,2025-01-01,4,325775.78,Credit Card,Processing
ORD09632,CST2283,PRD0206,2025-03-23,8,197179.77,Debit Card,Processing
ORD09633,CST1745,PRD0899,2025-01-15,10,470538.02,Credit Card,Processing
ORD09634,CST0132,PRD0285,2025-02-10,5,53234.0,UPI,Cancelled
ORD09635,CST4917,PRD0495,2025-05-04,9,290468.87,Cash on Delivery,Cancelled
ORD09636,CST2831,PRD0543,2025-02-01,5,113918.93,Cash on Delivery,Processing
ORD09637,CST2274,PRD0825,2025-12-16,6,426105.92,Debit Card,Cancelled
ORD09638,CST1155,PRD0932,2025-09-28,2,429450.45,Credit Card,Processing
ORD09639,CST1196,PRD0758,2025-03-10,6,17335.43,Net Banking,Processing
ORD09640,CST1488,PRD0966,2025-04-21,10,492739.35,Credit Card,Processing
ORD09641,CST3365,PRD0472,2025-02-04,2,432456.94,Cash on Delivery,Cancelled
ORD09642,CST1102,PRD0364,2025-05-14,10,327801.04,Debit Card,Delivered
ORD09643,CST2178,PRD0272,2025-10-12,8,288054.49,Credit Card,Processing
ORD09644,CST4158,PRD0276,2025-05-20,9,219495.98,Cash on Delivery,Delivered
ORD09645,CST2352,PRD0916,2025-03-05,5,388891.05,Cash on Delivery,Shipped
ORD09646,CST2198,PRD0805,2025-01-02,6,466760.39,Net Banking,Cancelled
ORD09647,CST3712,PRD0707,2025-09-15,10,269484.59,Net Banking,Processing
ORD09648,CST1494,PRD0139,2025-11-10,4,157114.43,Cash on Delivery,Shipped
ORD09649,CST0682,PRD0985,2025-05-13,9,201601.85,Credit Card,Cancelled
ORD09650,CST4464,PRD0795,2025-04-25,2,85392.09,Debit Card,Processing
ORD09651,CST3045,PRD1000,2025-04-10,6,378391.72,UPI,Processing
ORD09652,CST3066,PRD0004,2025-11-14,1,480235.53,Credit Card,Delivered
ORD09653,CST2328,PRD0736,2025-06-30,5,404198.05,Net Banking,Processing
ORD09654,CST4101,PRD0640,2025-05-28,2,61100.99,Credit Card,Shipped
ORD09655,CST3301,PRD0623,2025-09-22,5,440872.68,Credit Card,Delivered
ORD09656,CST1812,PRD0586,2025-05-16,3,454851.53,Credit Card,Cancelled
ORD09657,CST3490,PRD0897,2025-11-17,4,185949.46,Net Banking,Cancelled
ORD09658,CST3633,PRD0347,2025-08-23,5,316813.1,Credit Card,Processing
ORD09659,CST3552,PRD0909,2025-06-10,2,278679.94,UPI,Processing
ORD09660,CST0809,PRD0459,2025-08-07,5,423565.32,UPI,Processing
ORD09661,CST0511,PRD0905,2025-07-31,9,425456.72,Net Banking,Shipped
ORD09662,CST3685,PRD0974,2025-10-11,5,1374.39,Net Banking,Shipped
ORD09663,CST0703,PRD0920,2025-06-17,7,317825.42,Cash on Delivery,Cancelled
ORD09664,CST4207,PRD0462,2025-10-28,5,156105.69,Debit Card,Processing
ORD09665,CST4372,PRD0453,2025-11-06,7,262280.87,Cash on Delivery,Cancelled
ORD09666,CST4683,PRD0013,2025-10-29,10,291862.99,Net Banking,Cancelled
ORD09667,CST3970,PRD0703,2025-06-17,9,100571.39,Credit Card,Delivered
ORD09668,CST2183,PRD0825,2025-07-14,2,426105.92,Net Banking,Delivered
ORD09669,CST0311,PRD0480,2025-10-11,10,192534.51,UPI,Shipped
ORD09670,CST2517,PRD0987,2025-10-17,6,447689.57,UPI,Processing
ORD09671,CST3915,PRD0822,2025-01-13,6,460505.79,UPI,Cancelled
ORD09672,CST1759,PRD0941,2025-08-29,10,310246.04,Credit Card,Processing
ORD09673,CST4973,PRD0612,2025-05-08,10,357151.54,Cash on Delivery,Processing
ORD09674,CST4209,PRD0603,2025-02-12,5,338163.18,Debit Card,Cancelled
ORD09675,CST2300,PRD0027,2025-05-10,10,354586.07,Cash on Delivery,Cancelled
ORD09676,CST1825,PRD0529,2025-02-19,4,178140.65,UPI,Cancelled
ORD09677,CST2615,PRD0646,2025-09-09,1,352863.86,Cash on Delivery,Cancelled
ORD09678,CST4234,PRD0284,2025-06-24,10,309320.21,UPI,Cancelled
ORD09679,CST4824,PRD0678,2025-02-27,4,49411.74,Credit Card,Shipped
ORD09680,CST4697,PRD0992,2025-12-09,7,394941.19,Credit Card,Processing
ORD09681,CST1867,PRD0686,2025-03-21,4,450728.25,Debit Card,Shipped
ORD09682,CST2152,PRD0134,2025-06-05,3,320861.2,UPI,Cancelled
ORD09683,CST2491,PRD0753,2025-09-24,5,405386.83,Credit Card,Processing
ORD09684,CST3971,PRD0826,2025-10-01,10,318147.75,Net Banking,Delivered
ORD09685,CST1632,PRD0350,2025-03-17,2,117146.45,Cash on Delivery,Processing
ORD09686,CST1371,PRD0692,2025-08-03,4,469275.27,UPI,Processing
ORD09687,CST3517,PRD0965,2025-05-08,7,334344.01,Cash on Delivery,Processing
ORD09688,CST2591,PRD0359,2025-09-23,9,223411.48,UPI,Processing
ORD09689,CST2887,PRD0436,2025-04-15,6,8224.67,Cash on Delivery,Cancelled
ORD09690,CST2941,PRD0558,2025-08-09,5,387479.9,Net Banking,Cancelled
ORD09691,CST2551,PRD0385,2025-07-19,3,282887.49,UPI,Delivered
ORD09692,CST1362,PRD0687,2025-11-20,4,358030.85,UPI,Shipped
ORD09693,CST4989,PRD0406,2025-12-25,5,383243.16,Credit Card,Cancelled
ORD09694,CST0897,PRD0097,2025-01-26,6,20682.57,UPI,Delivered
ORD09695,CST4533,PRD0937,2025-02-18,1,12173.96,UPI,Shipped
ORD09696,CST2911,PRD0506,2025-08-05,6,386595.81,UPI,Delivered
ORD09697,CST4046,PRD0118,2025-10-04,9,283836.47,Net Banking,Delivered
ORD09698,CST3131,PRD0922,2025-09-09,6,219694.88,Credit Card,Processing
ORD09699,CST3275,PRD0859,2025-10-17,8,117694.09,Net Banking,Shipped
ORD09700,CST4923,PRD0492,2025-01-08,8,484004.12,Cash on Delivery,Processing
ORD09701,CST1456,PRD0039,2025-07-24,8,404.11,Net Banking,Cancelled
ORD09702,CST0907,PRD0223,2025-03-01,7,463774.72,Debit Card,Delivered
ORD09703,CST1348,PRD0120,2025-11-04,4,280532.71,Debit Card,Delivered
ORD09704,CST2868,PRD0291,2025-08-29,4,86034.61,Net Banking,Delivered
ORD09705,CST0662,PRD0861,2025-03-28,7,335567.25,UPI,Processing
ORD09706,CST2205,PRD0078,2025-05-29,9,377438.99,Net Banking,Processing
ORD09707,CST1731,PRD0137,2025-05-30,9,446911.84,Credit Card,Delivered
ORD09708,CST4712,PRD0974,2025-03-04,6,1374.39,UPI,Cancelled
ORD09709,CST4713,PRD0568,2025-05-07,1,289859.5,Cash on Delivery,Shipped
ORD09710,CST0278,PRD0134,2025-08-08,9,320861.2,UPI,Delivered
ORD09711,CST0801,PRD0456,2025-06-16,9,256185.33,Cash on Delivery,Processing
ORD09712,CST4338,PRD0594,2025-12-24,1,416705.86,UPI,Processing
ORD09713,CST0445,PRD0733,2025-01-20,7,245927.76,Debit Card,Delivered
ORD09714,CST0392,PRD0521,2025-11-06,1,353537.62,Credit Card,Delivered
ORD09715,CST2536,PRD0770,2025-11-22,1,380657.0,Cash on Delivery,Delivered
ORD09716,CST3397,PRD0235,2025-05-24,8,184210.51,Debit Card,Processing
ORD09717,CST3154,PRD0443,2025-05-17,9,450257.21,Credit Card,Cancelled
ORD09718,CST4537,PRD0686,2025-07-18,10,450728.25,UPI,Processing
ORD09719,CST1427,PRD0405,2025-05-06,1,171605.92,Debit Card,Shipped
ORD09720,CST4766,PRD0450,2025-05-13,4,418012.85,Net Banking,Cancelled
ORD09721,CST1864,PRD0226,2025-09-17,3,473556.93,UPI,Cancelled
ORD09722,CST4176,PRD0719,2025-09-19,4,17231.59,Debit Card,Processing
ORD09723,CST4748,PRD0817,2025-04-04,10,389232.75,Net Banking,Cancelled
ORD09724,CST1723,PRD0421,2025-10-03,1,119515.57,Net Banking,Delivered
ORD09725,CST2109,PRD0927,2025-04-23,10,449252.77,UPI,Cancelled
ORD09726,CST4969,PRD0317,2025-03-12,2,246252.59,Debit Card,Delivered
ORD09727,CST2985,PRD0621,2025-05-26,1,467827.37,UPI,Processing
ORD09728,CST4100,PRD0481,2025-10-16,10,259575.52,UPI,Shipped
ORD09729,CST0498,PRD0606,2025-03-19,4,58545.66,Net Banking,Cancelled
ORD09730,CST1977,PRD0749,2025-07-05,10,396097.6,UPI,Processing
ORD09731,CST1113,PRD0268,2025-09-27,10,7811.36,Cash on Delivery,Delivered
ORD09732,CST3906,PRD0134,2025-08-29,8,320861.2,Credit Card,Cancelled
ORD09733,CST4457,PRD1000,2025-09-01,3,378391.72,Debit Card,Delivered
ORD09734,CST2943,PRD0483,2025-06-13,6,457217.05,Debit Card,Processing
ORD09735,CST1555,PRD0666,2025-07-23,2,3046.53,Cash on Delivery,Shipped
ORD09736,CST2214,PRD0670,2025-12-19,4,186336.51,Debit Card,Cancelled
ORD09737,CST4895,PRD0858,2025-06-26,3,364896.12,Debit Card,Shipped
ORD09738,CST4184,PRD0319,2025-03-17,9,418577.73,Credit Card,Delivered
ORD09739,CST4989,PRD0362,2025-12-08,4,486036.29,UPI,Processing
ORD09740,CST1019,PRD0566,2025-10-24,6,490663.38,Cash on Delivery,Cancelled
ORD09741,CST2614,PRD0578,2025-02-20,2,494167.71,Debit Card,Processing
ORD09742,CST2260,PRD0110,2025-11-20,5,476684.32,Credit Card,Shipped
ORD09743,CST3509,PRD0238,2025-11-21,10,208151.04,Net Banking,Processing
ORD09744,CST3252,PRD0036,2025-03-24,3,14285.8,UPI,Cancelled
ORD09745,CST1551,PRD0380,2025-12-12,8,287266.29,Credit Card,Shipped
ORD09746,CST1189,PRD0409,2025-02-08,4,141151.06,UPI,Delivered
ORD09747,CST0256,PRD0977,2025-02-06,9,451766.81,Cash on Delivery,Cancelled
ORD09748,CST1937,PRD0519,2025-01-16,2,281491.29,UPI,Delivered
ORD09749,CST4375,PRD0482,2025-10-15,2,286000.13,Cash on Delivery,Shipped
ORD09750,CST3826,PRD0160,2025-10-12,4,252632.65,Credit Card,Shipped
ORD09751,CST4429,PRD0077,2025-11-12,10,46386.65,Debit Card,Cancelled
ORD09752,CST3458,PRD0750,2025-08-05,5,363202.4,Cash on Delivery,Shipped
ORD09753,CST1295,PRD0967,2025-10-17,10,280971.94,Cash on Delivery,Processing
ORD09754,CST4225,PRD0649,2025-02-20,2,393228.12,Credit Card,Shipped
ORD09755,CST4551,PRD0946,2025-01-30,9,98554.47,Credit Card,Delivered
ORD09756,CST0934,PRD0860,2025-11-03,3,185401.93,Cash on Delivery,Shipped
ORD09757,CST1533,PRD0661,2025-08-18,1,451325.3,Net Banking,Delivered
ORD09758,CST4610,PRD0862,2025-06-22,10,492770.38,Credit Card,Cancelled
ORD09759,CST2104,PRD0185,2025-04-08,4,382123.7,Cash on Delivery,Shipped
ORD09760,CST0074,PRD0596,2025-11-25,5,194895.06,Cash on Delivery,Shipped
ORD09761,CST1493,PRD0905,2025-05-17,3,425456.72,UPI,Processing
ORD09762,CST1869,PRD0598,2025-01-23,7,307146.21,Cash on Delivery,Delivered
ORD09763,CST2516,PRD0123,2025-01-16,1,404763.53,Cash on Delivery,Cancelled
ORD09764,CST3419,PRD0348,2025-06-26,4,49503.5,Cash on Delivery,Delivered
ORD09765,CST0205,PRD0407,2025-07-07,7,112818.92,Cash on Delivery,Delivered
ORD09766,CST2106,PRD0880,2025-02-05,1,63863.81,Net Banking,Delivered
ORD09767,CST3334,PRD0447,2025-05-22,7,344400.91,UPI,Shipped
ORD09768,CST1694,PRD0477,2025-08-01,2,229713.94,Net Banking,Cancelled
ORD09769,CST4076,PRD0521,2025-10-11,8,353537.62,Debit Card,Delivered
ORD09770,CST4220,PRD0934,2025-03-13,3,376068.76,Credit Card,Delivered
ORD09771,CST1774,PRD0200,2025-10-06,3,447222.3,Debit Card,Cancelled
ORD09772,CST3578,PRD0404,2025-09-13,8,28934.96,Net Banking,Shipped
ORD09773,CST4788,PRD0664,2025-11-13,8,212635.08,UPI,Cancelled
ORD09774,CST0112,PRD0685,2025-07-28,6,456765.97,Cash on Delivery,Shipped
ORD09775,CST4022,PRD0133,2025-07-24,9,470196.95,Cash on Delivery,Shipped
ORD09776,CST2972,PRD0609,2025-05-02,8,461335.82,Debit Card,Cancelled
ORD09777,CST0475,PRD0041,2025-10-13,3,386068.92,Debit Card,Processing
ORD09778,CST3609,PRD0891,2025-01-12,6,418594.65,UPI,Delivered
ORD09779,CST4179,PRD0709,2025-11-16,5,58944.78,UPI,Shipped
ORD09780,CST1742,PRD0084,2025-07-10,7,349448.73,UPI,Delivered
ORD09781,CST1632,PRD0481,2025-07-17,9,259575.52,Cash on Delivery,Cancelled
ORD09782,CST0983,PRD0179,2025-10-22,4,266939.11,Debit Card,Delivered
ORD09783,CST3710,PRD0438,2025-12-17,3,185862.82,Cash on Delivery,Shipped
ORD09784,CST1473,PRD0138,2025-08-28,10,135488.73,UPI,Processing
ORD09785,CST0402,PRD0852,2025-07-12,3,335708.72,Debit Card,Processing
ORD09786,CST0806,PRD0150,2025-08-10,3,346198.44,UPI,Delivered
ORD09787,CST4081,PRD0619,2025-11-16,4,237298.04,Credit Card,Processing
ORD09788,CST4941,PRD0450,2025-05-21,3,418012.85,Debit Card,Delivered
ORD09789,CST0542,PRD0147,2025-04-13,2,368957.79,UPI,Delivered
ORD09790,CST1849,PRD0959,2025-10-13,1,60127.04,Credit Card,Delivered
ORD09791,CST2358,PRD0739,2025-09-10,9,473672.61,Credit Card,Shipped
ORD09792,CST3533,PRD0696,2025-02-18,1,228766.83,Debit Card,Shipped
ORD09793,CST1381,PRD0111,2025-07-28,4,203119.11,Debit Card,Delivered
ORD09794,CST4257,PRD0182,2025-09-07,2,384713.55,Debit Card,Delivered
ORD09795,CST3428,PRD0446,2025-07-01,9,2640.18,Credit Card,Delivered
ORD09796,CST4382,PRD0773,2025-08-22,1,105070.58,Cash on Delivery,Cancelled
ORD09797,CST1183,PRD0606,2025-04-21,3,58545.66,UPI,Delivered
ORD09798,CST1358,PRD0400,2025-08-03,1,236491.91,Cash on Delivery,Cancelled
ORD09799,CST4855,PRD0888,2025-08-12,5,325219.21,Cash on Delivery,Shipped
ORD09800,CST0836,PRD0335,2025-08-08,8,120356.18,Debit Card,Cancelled
ORD09801,CST3454,PRD0075,2025-02-19,2,178067.75,Debit Card,Shipped
ORD09802,CST1303,PRD0096,2025-09-27,9,279302.34,Net Banking,Shipped
ORD09803,CST3122,PRD0927,2025-07-31,9,449252.77,UPI,Processing
ORD09804,CST0778,PRD0961,2025-12-26,1,486351.73,UPI,Cancelled
ORD09805,CST3609,PRD0955,2025-06-19,3,148075.82,Net Banking,Delivered
ORD09806,CST1255,PRD0141,2025-03-11,4,65583.44,UPI,Processing
ORD09807,CST4719,PRD0536,2025-01-10,4,311946.86,Credit Card,Delivered
ORD09808,CST4982,PRD0563,2025-08-03,2,481029.59,Net Banking,Delivered
ORD09809,CST2297,PRD0425,2025-10-03,8,293030.07,Credit Card,Shipped
ORD09810,CST1757,PRD0312,2025-01-21,3,309777.57,Credit Card,Shipped
ORD09811,CST1043,PRD0335,2025-07-23,7,120356.18,Credit Card,Shipped
ORD09812,CST2191,PRD0758,2025-06-05,2,17335.43,Credit Card,Processing
ORD09813,CST0393,PRD0703,2025-08-04,5,100571.39,UPI,Delivered
ORD09814,CST1717,PRD0502,2025-05-30,3,38772.73,Cash on Delivery,Shipped
ORD09815,CST0278,PRD0431,2025-09-19,6,180900.9,Net Banking,Processing
ORD09816,CST4393,PRD0945,2025-09-22,6,350844.39,Net Banking,Processing
ORD09817,CST2317,PRD0449,2025-05-31,4,369055.1,Net Banking,Cancelled
ORD09818,CST4480,PRD0733,2025-11-23,8,245927.76,Cash on Delivery,Shipped
ORD09819,CST3077,PRD0653,2025-03-20,9,134033.29,Cash on Delivery,Processing
ORD09820,CST0223,PRD0767,2025-12-11,9,333590.31,UPI,Shipped
ORD09821,CST1132,PRD0566,2025-10-20,9,490663.38,Debit Card,Delivered
ORD09822,CST3811,PRD0300,2025-10-26,4,417802.54,Debit Card,Shipped
ORD09823,CST2795,PRD0999,2025-09-18,3,497952.63,Net Banking,Processing
ORD09824,CST2864,PRD0404,2025-02-18,6,28934.96,Debit Card,Cancelled
ORD09825,CST4859,PRD0233,2025-12-08,7,444388.32,Credit Card,Processing
ORD09826,CST1603,PRD0409,2025-04-09,3,141151.06,Credit Card,Delivered
ORD09827,CST3345,PRD0960,2025-10-03,8,137594.88,Credit Card,Shipped
ORD09828,CST1430,PRD0940,2025-08-07,10,467460.43,Credit Card,Shipped
ORD09829,CST4618,PRD0778,2025-02-12,2,310002.95,Cash on Delivery,Shipped
ORD09830,CST2905,PRD0357,2025-11-26,5,22283.08,UPI,Delivered
ORD09831,CST2001,PRD0619,2025-09-26,6,237298.04,Net Banking,Delivered
ORD09832,CST3448,PRD0084,2025-11-22,2,349448.73,Net Banking,Cancelled
ORD09833,CST1719,PRD0458,2025-12-10,5,204299.89,Cash on Delivery,Shipped
ORD09834,CST4959,PRD0199,2025-12-21,7,450827.42,Debit Card,Delivered
ORD09835,CST3352,PRD0270,2025-04-30,2,59429.4,Credit Card,Shipped
ORD09836,CST1659,PRD0301,2025-05-24,3,7480.96,Debit Card,Shipped
ORD09837,CST1456,PRD0159,2025-07-07,8,486431.31,Net Banking,Cancelled
ORD09838,CST1949,PRD0857,2025-06-20,2,341133.99,Net Banking,Delivered
ORD09839,CST2800,PRD0946,2025-05-17,2,98554.47,UPI,Shipped
ORD09840,CST0375,PRD0168,2025-05-14,5,322768.56,UPI,Cancelled
ORD09841,CST1554,PRD0024,2025-01-05,8,115848.13,Debit Card,Cancelled
ORD09842,CST0152,PRD0550,2025-02-16,1,449112.02,Net Banking,Processing
ORD09843,CST3906,PRD0257,2025-12-09,6,25097.81,Net Banking,Delivered
ORD09844,CST2756,PRD0158,2025-03-20,5,167900.97,Debit Card,Shipped
ORD09845,CST3356,PRD0937,2025-01-12,2,12173.96,Cash on Delivery,Delivered
ORD09846,CST0496,PRD0026,2025-12-15,9,332620.96,Net Banking,Cancelled
ORD09847,CST2982,PRD0231,2025-07-11,6,212707.32,Net Banking,Cancelled
ORD09848,CST1452,PRD0893,2025-02-26,4,493962.8,UPI,Shipped
ORD09849,CST2986,PRD0907,2025-07-31,3,403605.91,Net Banking,Processing
ORD09850,CST4467,PRD0692,2025-04-27,3,469275.27,Credit Card,Processing
ORD09851,CST4949,PRD0441,2025-05-28,6,402206.34,UPI,Shipped
ORD09852,CST1212,PRD0244,2025-04-17,7,253186.64,UPI,Processing
ORD09853,CST4723,PRD0528,2025-04-19,9,320836.96,Credit Card,Cancelled
ORD09854,CST2627,PRD0768,2025-04-16,1,200993.95,Credit Card,Delivered
ORD09855,CST3567,PRD0548,2025-04-16,5,466203.13,Debit Card,Shipped
ORD09856,CST1980,PRD0907,2025-08-13,7,403605.91,Cash on Delivery,Shipped
ORD09857,CST1032,PRD0742,2025-09-13,7,112459.93,Cash on Delivery,Cancelled
ORD09858,CST0367,PRD0925,2025-04-01,5,145643.55,Credit Card,Delivered
ORD09859,CST2363,PRD0254,2025-09-23,8,401443.93,Debit Card,Shipped
ORD09860,CST3936,PRD0719,2025-02-24,10,17231.59,Credit Card,Cancelled
ORD09861,CST2002,PRD0667,2025-03-15,10,89269.08,UPI,Cancelled
ORD09862,CST3138,PRD0184,2025-09-17,6,199268.22,Debit Card,Delivered
ORD09863,CST3932,PRD0684,2025-09-16,1,468185.59,Credit Card,Shipped
ORD09864,CST3781,PRD0237,2025-08-23,7,45392.84,Cash on Delivery,Delivered
ORD09865,CST1863,PRD0470,2025-12-26,5,282322.76,Net Banking,Cancelled
ORD09866,CST3312,PRD0046,2025-11-16,5,299475.4,Debit Card,Processing
ORD09867,CST0035,PRD0868,2025-02-20,7,264227.88,Credit Card,Delivered
ORD09868,CST0158,PRD0526,2025-06-24,6,341793.28,Net Banking,Cancelled
ORD09869,CST3130,PRD0690,2025-06-02,1,82263.03,UPI,Delivered
ORD09870,CST3414,PRD0101,2025-10-14,7,167119.54,Credit Card,Shipped
ORD09871,CST0401,PRD0933,2025-11-20,9,260456.45,Net Banking,Shipped
ORD09872,CST3458,PRD0341,2025-03-21,4,328048.48,Debit Card,Shipped
ORD09873,CST0197,PRD0782,2025-10-05,5,96160.12,Cash on Delivery,Cancelled
ORD09874,CST4066,PRD0912,2025-10-28,9,3636.86,Net Banking,Processing
ORD09875,CST4244,PRD0527,2025-12-12,9,81723.08,Cash on Delivery,Shipped
ORD09876,CST1736,PRD0425,2025-09-25,9,293030.07,Net Banking,Processing
ORD09877,CST3402,PRD0425,2025-02-15,1,293030.07,Debit Card,Cancelled
ORD09878,CST0376,PRD0716,2025-06-22,6,340135.32,Cash on Delivery,Processing
ORD09879,CST4307,PRD0183,2025-06-04,2,442712.73,Cash on Delivery,Processing
ORD09880,CST2996,PRD0748,2025-05-25,1,198355.08,Credit Card,Cancelled
ORD09881,CST4482,PRD0216,2025-10-20,10,499353.57,Credit Card,Delivered
ORD09882,CST1696,PRD0600,2025-12-20,5,381581.84,Credit Card,Delivered
ORD09883,CST0067,PRD0884,2025-02-19,2,87645.2,UPI,Delivered
ORD09884,CST2539,PRD0604,2025-05-11,10,55662.65,Cash on Delivery,Shipped
ORD09885,CST0874,PRD0507,2025-04-03,2,191744.36,UPI,Processing
ORD09886,CST0935,PRD0777,2025-12-21,10,225979.16,Cash on Delivery,Processing
ORD09887,CST3767,PRD0862,2025-03-15,1,492770.38,Net Banking,Cancelled
ORD09888,CST0086,PRD0529,2025-01-19,9,178140.65,UPI,Delivered
ORD09889,CST3032,PRD0132,2025-11-19,9,428887.21,Cash on Delivery,Delivered
ORD09890,CST1393,PRD0736,2025-09-18,5,404198.05,Net Banking,Shipped
ORD09891,CST1248,PRD0181,2025-03-20,4,182672.1,Net Banking,Cancelled
ORD09892,CST3155,PRD0493,2025-06-29,6,463630.33,Net Banking,Delivered
ORD09893,CST3932,PRD0700,2025-05-29,3,454233.66,Net Banking,Shipped
ORD09894,CST4601,PRD0122,2025-12-30,1,58233.85,Cash on Delivery,Processing
ORD09895,CST0423,PRD0570,2025-12-15,8,251170.4,Cash on Delivery,Shipped
ORD09896,CST0292,PRD0869,2025-09-14,5,357955.67,UPI,Processing
ORD09897,CST2249,PRD0770,2025-01-28,4,380657.0,UPI,Delivered
ORD09898,CST3899,PRD0828,2025-06-14,5,49709.0,Cash on Delivery,Delivered
ORD09899,CST2079,PRD0014,2025-11-18,6,456289.05,Credit Card,Delivered
ORD09900,CST3166,PRD0438,2025-04-22,8,185862.82,Credit Card,Cancelled
ORD09901,CST3478,PRD0109,2025-10-08,9,265195.53,UPI,Shipped
ORD09902,CST1243,PRD0872,2025-06-12,1,429650.41,UPI,Delivered
ORD09903,CST1872,PRD0693,2025-08-30,3,140415.56,Cash on Delivery,Delivered
ORD09904,CST2931,PRD0155,2025-07-23,2,311483.01,Net Banking,Delivered
ORD09905,CST4223,PRD0227,2025-10-05,3,233563.85,Credit Card,Delivered
ORD09906,CST4167,PRD0024,2025-12-13,10,115848.13,Net Banking,Shipped
ORD09907,CST1535,PRD0865,2025-06-13,9,470825.36,UPI,Cancelled
ORD09908,CST3203,PRD0378,2025-06-12,6,293062.88,Net Banking,Processing
ORD09909,CST4199,PRD0708,2025-09-23,7,464842.07,Cash on Delivery,Processing
ORD09910,CST3786,PRD0840,2025-05-29,9,435333.59,Net Banking,Cancelled
ORD09911,CST3258,PRD0471,2025-05-23,4,216734.98,Debit Card,Cancelled
ORD09912,CST2927,PRD0002,2025-06-29,2,200708.22,Debit Card,Delivered
ORD09913,CST0491,PRD0437,2025-03-07,8,278819.26,Net Banking,Cancelled
ORD09914,CST2412,PRD0735,2025-05-04,1,219840.8,UPI,Processing
ORD09915,CST2169,PRD0234,2025-09-02,2,43067.33,Credit Card,Delivered
ORD09916,CST4735,PRD0080,2025-04-26,6,289579.01,UPI,Processing
ORD09917,CST1532,PRD0328,2025-01-10,7,61902.25,Cash on Delivery,Processing
ORD09918,CST4083,PRD0329,2025-03-09,10,40263.52,Net Banking,Cancelled
ORD09919,CST0700,PRD0513,2025-01-05,10,20899.02,Debit Card,Cancelled
ORD09920,CST1735,PRD0318,2025-01-14,6,13345.53,Net Banking,Delivered
ORD09921,CST0335,PRD0376,2025-11-30,10,50601.95,UPI,Cancelled
ORD09922,CST4865,PRD0360,2025-10-28,5,288846.93,Debit Card,Cancelled
ORD09923,CST0970,PRD0256,2025-01-27,7,469841.46,Net Banking,Cancelled
ORD09924,CST4143,PRD0774,2025-04-10,10,193169.88,UPI,Delivered
ORD09925,CST3439,PRD0449,2025-09-01,7,369055.1,Cash on Delivery,Delivered
ORD09926,CST3101,PRD0344,2025-02-13,9,71241.49,Credit Card,Processing
ORD09927,CST3985,PRD0860,2025-10-21,6,185401.93,Credit Card,Processing
ORD09928,CST0297,PRD0696,2025-07-03,6,228766.83,Cash on Delivery,Processing
ORD09929,CST0989,PRD0009,2025-05-29,9,343974.7,Net Banking,Shipped
ORD09930,CST2157,PRD0038,2025-04-12,4,475755.84,Debit Card,Delivered
ORD09931,CST1681,PRD0737,2025-12-20,4,173564.73,Cash on Delivery,Cancelled
ORD09932,CST0352,PRD0302,2025-09-12,8,429435.64,Credit Card,Shipped
ORD09933,CST3655,PRD0590,2025-05-31,4,27079.31,UPI,Processing
ORD09934,CST4298,PRD0555,2025-02-05,3,237730.62,UPI,Cancelled
ORD09935,CST0826,PRD0529,2025-07-01,10,178140.65,Credit Card,Processing
ORD09936,CST0260,PRD0548,2025-12-06,4,466203.13,Net Banking,Shipped
ORD09937,CST4753,PRD0263,2025-10-01,10,325576.25,Net Banking,Processing
ORD09938,CST1598,PRD0426,2025-01-29,10,455425.53,Debit Card,Processing
ORD09939,CST2317,PRD0213,2025-09-10,8,455938.82,Net Banking,Processing
ORD09940,CST1701,PRD0713,2025-08-17,9,85332.13,Cash on Delivery,Processing
ORD09941,CST1478,PRD0447,2025-03-14,10,344400.91,UPI,Cancelled
ORD09942,CST0857,PRD0380,2025-08-06,7,287266.29,Credit Card,Delivered
ORD09943,CST2865,PRD0769,2025-01-10,7,16390.65,Cash on Delivery,Cancelled
ORD09944,CST2382,PRD0350,2025-01-09,10,117146.45,Credit Card,Delivered
ORD09945,CST2607,PRD0729,2025-09-07,3,239751.24,Debit Card,Cancelled
ORD09946,CST4934,PRD0329,2025-01-09,2,40263.52,Credit Card,Cancelled
ORD09947,CST0119,PRD0632,2025-02-02,3,185425.93,Net Banking,Shipped
ORD09948,CST0213,PRD0921,2025-04-16,3,328293.69,Net Banking,Cancelled
ORD09949,CST1868,PRD0658,2025-02-19,2,55260.32,Debit Card,Shipped
ORD09950,CST2532,PRD0373,2025-11-13,2,129369.28,Debit Card,Cancelled
ORD09951,CST2300,PRD0962,2025-06-02,4,177543.33,Debit Card,Processing
ORD09952,CST0630,PRD0014,2025-04-08,6,456289.05,Cash on Delivery,Cancelled
ORD09953,CST4745,PRD0138,2025-08-13,1,135488.73,Credit Card,Cancelled
ORD09954,CST1907,PRD0420,2025-08-23,2,151431.53,Debit Card,Delivered
ORD09955,CST3654,PRD0016,2025-05-13,10,367901.61,Credit Card,Shipped
ORD09956,CST3411,PRD0862,2025-07-26,1,492770.38,Cash on Delivery,Processing
ORD09957,CST0503,PRD0331,2025-01-09,10,268421.48,Net Banking,Shipped
ORD09958,CST3829,PRD0802,2025-03-21,7,86930.19,Net Banking,Shipped
ORD09959,CST4050,PRD0641,2025-01-27,8,8698.24,Credit Card,Shipped
ORD09960,CST1246,PRD0428,2025-09-23,7,80981.76,Net Banking,Cancelled
ORD09961,CST0688,PRD0247,2025-04-03,8,134623.99,Credit Card,Delivered
ORD09962,CST2605,PRD0554,2025-05-10,3,397170.23,UPI,Delivered
ORD09963,CST4036,PRD0592,2025-06-29,9,289106.2,UPI,Delivered
ORD09964,CST0625,PRD0084,2025-08-31,9,349448.73,Credit Card,Shipped
ORD09965,CST0961,PRD0739,2025-08-31,3,473672.61,Debit Card,Processing
ORD09966,CST3528,PRD0300,2025-03-01,1,417802.54,Net Banking,Delivered
ORD09967,CST1695,PRD0228,2025-04-05,4,28490.37,Credit Card,Delivered
ORD09968,CST4307,PRD0788,2025-04-10,8,339219.05,Cash on Delivery,Delivered
ORD09969,CST4110,PRD0472,2025-03-29,10,432456.94,Debit Card,Delivered
ORD09970,CST2292,PRD0795,2025-05-29,10,85392.09,UPI,Cancelled
ORD09971,CST0119,PRD0923,2025-08-10,3,144000.38,Credit Card,Delivered
ORD09972,CST3116,PRD0881,2025-09-02,5,23942.0,UPI,Shipped
ORD09973,CST4519,PRD0495,2025-09-26,9,290468.87,UPI,Cancelled
ORD09974,CST1502,PRD0007,2025-08-25,9,56943.72,Net Banking,Processing
ORD09975,CST2389,PRD0280,2025-09-26,5,475659.52,Cash on Delivery,Delivered
ORD09976,CST1939,PRD0090,2025-03-05,2,125416.0,Debit Card,Delivered
ORD09977,CST1622,PRD0907,2025-04-25,1,403605.91,Debit Card,Cancelled
ORD09978,CST2685,PRD0534,2025-10-23,9,76076.88,Net Banking,Delivered
ORD09979,CST0411,PRD0132,2025-06-03,4,428887.21,Cash on Delivery,Delivered
ORD09980,CST3812,PRD0086,2025-08-06,8,29313.76,Credit Card,Cancelled
ORD09981,CST1351,PRD0589,2025-06-19,3,497145.92,Debit Card,Delivered
ORD09982,CST4365,PRD0573,2025-01-27,10,175769.62,Debit Card,Processing
ORD09983,CST4386,PRD0588,2025-12-22,3,116222.78,Cash on Delivery,Cancelled
ORD09984,CST2740,PRD0393,2025-05-03,4,132764.27,Debit Card,Delivered
ORD09985,CST1651,PRD0268,2025-12-06,10,7811.36,UPI,Cancelled
ORD09986,CST0393,PRD0639,2025-02-25,6,373533.47,Net Banking,Delivered
ORD09987,CST3268,PRD0583,2025-09-02,4,175824.78,UPI,Processing
ORD09988,CST1850,PRD0889,2025-05-10,4,6877.23,Debit Card,Cancelled
ORD09989,CST3175,PRD0022,2025-04-06,1,186224.28,UPI,Processing
ORD09990,CST3284,PRD0125,2025-08-01,8,118921.52,UPI,Shipped
ORD09991,CST2673,PRD0821,2025-02-06,5,83099.07,Debit Card,Processing
ORD09992,CST0189,PRD0719,2025-01-07,2,17231.59,Net Banking,Processing
ORD09993,CST0238,PRD0133,2025-04-26,9,470196.95,Cash on Delivery,Processing
ORD09994,CST3416,PRD0899,2025-08-11,10,470538.02,Debit Card,Processing
ORD09995,CST2444,PRD0716,2025-06-23,2,340135.32,Cash on Delivery,Cancelled
ORD09996,CST4447,PRD0634,2025-08-18,8,87769.43,Debit Card,Processing
ORD09997,CST0994,PRD0415,2025-10-21,6,379456.13,UPI,Cancelled
ORD09998,CST3631,PRD0269,2025-12-21,3,399155.98,Debit Card,Cancelled
ORD09999,CST4738,PRD0775,2025-01-28,4,370470.97,Debit Card,Processing
ORD10000,CST2723,PRD0833,2025-11-23,9,25768.5,Credit Card,Delivered
